f866872b-8f68-4b6e-930f-749fe9aa79c0;2024-11-27T04:02:00Z;33.885;33.885;33.885;33.885;200;
f866872b-8f68-4b6e-930f-749fe9aa79c0;2024-11-27T04:03:00Z;34;34.05;34.05;34;12;
f866872b-8f68-4b6e-930f-749fe9aa79c0;2024-11-27T04:09:00Z;33.89;33.89;33.89;33.89;14;
f866872b-8f68-4b6e-930f-749fe9aa79c0;2024-11-27T04:10:00Z;33.89;33.885;33.89;33.885;3;
f866872b-8f68-4b6e-930f-749fe9aa79c0;2024-11-27T04:11:00Z;33.885;33.885;33.885;33.885;14;
f866872b-8f68-4b6e-930f-749fe9aa79c0;2024-11-27T04:12:00Z;33.88;33.88;33.88;33.88;2;
f866872b-8f68-4b6e-930f-749fe9aa79c0;2024-11-27T04:14:00Z;33.88;33.88;33.88;33.88;5;
f866872b-8f68-4b6e-930f-749fe9aa79c0;2024-11-27T04:15:00Z;33.88;33.88;33.88;33.88;1;
f866872b-8f68-4b6e-930f-749fe9aa79c0;2024-11-27T04:16:00Z;33.88;33.88;33.88;33.88;150;
f866872b-8f68-4b6e-930f-749fe9aa79c0;2024-11-27T04:17:00Z;33.88;33.805;33.88;33.805;44;
f866872b-8f68-4b6e-930f-749fe9aa79c0;2024-11-27T04:20:00Z;33.78;33.7;33.78;33.7;60;
f866872b-8f68-4b6e-930f-749fe9aa79c0;2024-11-27T04:21:00Z;33.7;33.7;33.7;33.7;1;
f866872b-8f68-4b6e-930f-749fe9aa79c0;2024-11-27T04:27:00Z;33.7;33.7;33.7;33.7;1;
f866872b-8f68-4b6e-930f-749fe9aa79c0;2024-11-27T04:29:00Z;33.795;33.795;33.795;33.795;1;
f866872b-8f68-4b6e-930f-749fe9aa79c0;2024-11-27T04:32:00Z;33.795;33.7;33.795;33.7;112;
f866872b-8f68-4b6e-930f-749fe9aa79c0;2024-11-27T04:33:00Z;33.705;33.695;33.705;33.695;90;
f866872b-8f68-4b6e-930f-749fe9aa79c0;2024-11-27T04:34:00Z;33.65;33.695;33.695;33.65;11;
f866872b-8f68-4b6e-930f-749fe9aa79c0;2024-11-27T04:39:00Z;33.62;33.53;33.62;33.53;6;
f866872b-8f68-4b6e-930f-749fe9aa79c0;2024-11-27T04:41:00Z;33.69;33.69;33.69;33.69;6;
f866872b-8f68-4b6e-930f-749fe9aa79c0;2024-11-27T04:45:00Z;33.69;33.695;33.695;33.69;15;
f866872b-8f68-4b6e-930f-749fe9aa79c0;2024-11-27T04:46:00Z;33.695;33.695;33.695;33.695;25;
f866872b-8f68-4b6e-930f-749fe9aa79c0;2024-11-27T04:48:00Z;33.695;33.695;33.695;33.695;100;
f866872b-8f68-4b6e-930f-749fe9aa79c0;2024-11-27T04:49:00Z;33.695;33.695;33.695;33.69;87;
f866872b-8f68-4b6e-930f-749fe9aa79c0;2024-11-27T04:51:00Z;33.69;33.69;33.69;33.69;2;
f866872b-8f68-4b6e-930f-749fe9aa79c0;2024-11-27T04:55:00Z;33.695;33.695;33.695;33.695;3;
f866872b-8f68-4b6e-930f-749fe9aa79c0;2024-11-27T04:58:00Z;33.69;33.69;33.69;33.69;10;
f866872b-8f68-4b6e-930f-749fe9aa79c0;2024-11-27T05:04:00Z;33.695;33.69;33.695;33.69;2;
f866872b-8f68-4b6e-930f-749fe9aa79c0;2024-11-27T05:06:00Z;33.695;33.795;33.795;33.695;131;
f866872b-8f68-4b6e-930f-749fe9aa79c0;2024-11-27T05:12:00Z;33.795;33.795;33.795;33.795;17;
f866872b-8f68-4b6e-930f-749fe9aa79c0;2024-11-27T05:15:00Z;33.79;33.79;33.79;33.79;1;
f866872b-8f68-4b6e-930f-749fe9aa79c0;2024-11-27T05:23:00Z;33.7;33.7;33.7;33.7;1;
f866872b-8f68-4b6e-930f-749fe9aa79c0;2024-11-27T05:24:00Z;33.785;33.785;33.785;33.785;3;
f866872b-8f68-4b6e-930f-749fe9aa79c0;2024-11-27T05:27:00Z;33.785;33.785;33.785;33.785;10;
f866872b-8f68-4b6e-930f-749fe9aa79c0;2024-11-27T05:31:00Z;33.785;33.72;33.785;33.72;24;
f866872b-8f68-4b6e-930f-749fe9aa79c0;2024-11-27T05:36:00Z;33.785;33.785;33.785;33.785;2;
f866872b-8f68-4b6e-930f-749fe9aa79c0;2024-11-27T05:37:00Z;33.785;33.785;33.785;33.785;3;
f866872b-8f68-4b6e-930f-749fe9aa79c0;2024-11-27T05:38:00Z;33.785;33.785;33.785;33.785;1;
f866872b-8f68-4b6e-930f-749fe9aa79c0;2024-11-27T05:41:00Z;33.78;33.78;33.78;33.78;1;
f866872b-8f68-4b6e-930f-749fe9aa79c0;2024-11-27T05:42:00Z;33.78;33.78;33.78;33.78;32;
f866872b-8f68-4b6e-930f-749fe9aa79c0;2024-11-27T05:44:00Z;33.78;33.78;33.78;33.78;60;
f866872b-8f68-4b6e-930f-749fe9aa79c0;2024-11-27T05:45:00Z;33.785;33.79;33.79;33.785;24;
f866872b-8f68-4b6e-930f-749fe9aa79c0;2024-11-27T05:46:00Z;33.79;33.79;33.79;33.79;81;
f866872b-8f68-4b6e-930f-749fe9aa79c0;2024-11-27T05:47:00Z;33.79;33.8;33.8;33.79;49;
f866872b-8f68-4b6e-930f-749fe9aa79c0;2024-11-27T05:51:00Z;33.78;33.78;33.78;33.78;1;
f866872b-8f68-4b6e-930f-749fe9aa79c0;2024-11-27T05:53:00Z;33.795;33.795;33.795;33.795;11;
f866872b-8f68-4b6e-930f-749fe9aa79c0;2024-11-27T05:54:00Z;33.795;33.8;33.8;33.795;750;
f866872b-8f68-4b6e-930f-749fe9aa79c0;2024-11-27T05:55:00Z;33.73;33.73;33.73;33.73;1;
f866872b-8f68-4b6e-930f-749fe9aa79c0;2024-11-27T05:57:00Z;33.795;33.8;33.8;33.795;430;
f866872b-8f68-4b6e-930f-749fe9aa79c0;2024-11-27T05:58:00Z;33.8;33.8;33.8;33.8;86;
f866872b-8f68-4b6e-930f-749fe9aa79c0;2024-11-27T06:04:00Z;33.73;33.73;33.73;33.73;5;
f866872b-8f68-4b6e-930f-749fe9aa79c0;2024-11-27T06:05:00Z;33.795;33.725;33.795;33.725;21;
f866872b-8f68-4b6e-930f-749fe9aa79c0;2024-11-27T06:06:00Z;33.73;33.72;33.73;33.72;76;
f866872b-8f68-4b6e-930f-749fe9aa79c0;2024-11-27T06:08:00Z;33.795;33.795;33.795;33.795;2;
f866872b-8f68-4b6e-930f-749fe9aa79c0;2024-11-27T06:09:00Z;33.725;33.72;33.725;33.72;7;
f866872b-8f68-4b6e-930f-749fe9aa79c0;2024-11-27T06:10:00Z;33.72;33.72;33.72;33.72;1;
f866872b-8f68-4b6e-930f-749fe9aa79c0;2024-11-27T06:12:00Z;33.79;33.79;33.79;33.79;1;
f866872b-8f68-4b6e-930f-749fe9aa79c0;2024-11-27T06:15:00Z;33.79;33.795;33.795;33.79;30;
f866872b-8f68-4b6e-930f-749fe9aa79c0;2024-11-27T06:16:00Z;33.795;33.72;33.795;33.72;213;
f866872b-8f68-4b6e-930f-749fe9aa79c0;2024-11-27T06:19:00Z;33.79;33.795;33.795;33.79;14;
f866872b-8f68-4b6e-930f-749fe9aa79c0;2024-11-27T06:20:00Z;33.795;33.795;33.795;33.795;27;
f866872b-8f68-4b6e-930f-749fe9aa79c0;2024-11-27T06:21:00Z;33.795;33.795;33.795;33.795;9;
f866872b-8f68-4b6e-930f-749fe9aa79c0;2024-11-27T06:22:00Z;33.725;33.725;33.725;33.725;10;
f866872b-8f68-4b6e-930f-749fe9aa79c0;2024-11-27T06:25:00Z;33.79;33.79;33.79;33.79;1;
f866872b-8f68-4b6e-930f-749fe9aa79c0;2024-11-27T06:26:00Z;33.795;33.8;33.8;33.795;300;
f866872b-8f68-4b6e-930f-749fe9aa79c0;2024-11-27T06:27:00Z;33.8;33.8;33.8;33.8;496;
f866872b-8f68-4b6e-930f-749fe9aa79c0;2024-11-27T06:28:00Z;33.805;33.805;33.805;33.805;1;
f866872b-8f68-4b6e-930f-749fe9aa79c0;2024-11-27T06:31:00Z;33.87;33.87;33.87;33.87;4;
f866872b-8f68-4b6e-930f-749fe9aa79c0;2024-11-27T06:33:00Z;33.81;33.81;33.81;33.81;1;
f866872b-8f68-4b6e-930f-749fe9aa79c0;2024-11-27T06:35:00Z;33.87;33.875;33.875;33.87;25;
f866872b-8f68-4b6e-930f-749fe9aa79c0;2024-11-27T06:36:00Z;33.875;33.875;33.875;33.875;34;
f866872b-8f68-4b6e-930f-749fe9aa79c0;2024-11-27T06:37:00Z;33.875;33.875;33.875;33.875;12;
f866872b-8f68-4b6e-930f-749fe9aa79c0;2024-11-27T06:38:00Z;33.875;33.75;33.875;33.75;30;
f866872b-8f68-4b6e-930f-749fe9aa79c0;2024-11-27T06:39:00Z;33.87;33.87;33.87;33.87;4;
f866872b-8f68-4b6e-930f-749fe9aa79c0;2024-11-27T06:59:00Z;34.05;34.05;34.05;34.05;11150;
f866872b-8f68-4b6e-930f-749fe9aa79c0;2024-11-27T07:00:00Z;34;33.98;34.05;33.835;9078;
f866872b-8f68-4b6e-930f-749fe9aa79c0;2024-11-27T07:01:00Z;33.875;33.855;33.94;33.84;1014;
f866872b-8f68-4b6e-930f-749fe9aa79c0;2024-11-27T07:02:00Z;33.865;33.915;33.92;33.84;5101;
f866872b-8f68-4b6e-930f-749fe9aa79c0;2024-11-27T07:03:00Z;33.915;33.98;33.98;33.91;5915;
f866872b-8f68-4b6e-930f-749fe9aa79c0;2024-11-27T07:04:00Z;33.98;34.02;34.05;33.975;8200;
f866872b-8f68-4b6e-930f-749fe9aa79c0;2024-11-27T07:05:00Z;34.015;33.91;34.015;33.82;15840;
f866872b-8f68-4b6e-930f-749fe9aa79c0;2024-11-27T07:06:00Z;33.905;33.825;33.975;33.73;14458;
f866872b-8f68-4b6e-930f-749fe9aa79c0;2024-11-27T07:07:00Z;33.85;33.655;33.875;33.615;13264;
f866872b-8f68-4b6e-930f-749fe9aa79c0;2024-11-27T07:08:00Z;33.655;33.65;33.655;33.595;5022;
f866872b-8f68-4b6e-930f-749fe9aa79c0;2024-11-27T07:09:00Z;33.63;33.72;33.855;33.62;19521;
f866872b-8f68-4b6e-930f-749fe9aa79c0;2024-11-27T07:10:00Z;33.715;33.705;33.73;33.68;1496;
f866872b-8f68-4b6e-930f-749fe9aa79c0;2024-11-27T07:11:00Z;33.71;33.735;33.74;33.69;288;
f866872b-8f68-4b6e-930f-749fe9aa79c0;2024-11-27T07:12:00Z;33.765;33.75;33.78;33.685;4155;
f866872b-8f68-4b6e-930f-749fe9aa79c0;2024-11-27T07:13:00Z;33.735;33.695;33.785;33.685;5349;
f866872b-8f68-4b6e-930f-749fe9aa79c0;2024-11-27T07:14:00Z;33.695;33.635;33.695;33.635;6521;
f866872b-8f68-4b6e-930f-749fe9aa79c0;2024-11-27T07:15:00Z;33.615;33.595;33.615;33.575;7982;
f866872b-8f68-4b6e-930f-749fe9aa79c0;2024-11-27T07:16:00Z;33.575;33.775;33.775;33.575;5422;
f866872b-8f68-4b6e-930f-749fe9aa79c0;2024-11-27T07:17:00Z;33.77;33.615;33.77;33.575;3783;
f866872b-8f68-4b6e-930f-749fe9aa79c0;2024-11-27T07:18:00Z;33.565;33.635;33.685;33.56;3216;
f866872b-8f68-4b6e-930f-749fe9aa79c0;2024-11-27T07:19:00Z;33.595;33.66;33.66;33.595;5384;
f866872b-8f68-4b6e-930f-749fe9aa79c0;2024-11-27T07:20:00Z;33.665;33.58;33.725;33.58;15997;
f866872b-8f68-4b6e-930f-749fe9aa79c0;2024-11-27T07:21:00Z;33.58;33.5;33.595;33.5;3061;
f866872b-8f68-4b6e-930f-749fe9aa79c0;2024-11-27T07:22:00Z;33.5;33.485;33.505;33.45;11275;
f866872b-8f68-4b6e-930f-749fe9aa79c0;2024-11-27T07:23:00Z;33.475;33.485;33.53;33.465;13340;
f866872b-8f68-4b6e-930f-749fe9aa79c0;2024-11-27T07:24:00Z;33.5;33.455;33.555;33.45;2298;
f866872b-8f68-4b6e-930f-749fe9aa79c0;2024-11-27T07:25:00Z;33.455;33.615;33.62;33.455;10556;
f866872b-8f68-4b6e-930f-749fe9aa79c0;2024-11-27T07:26:00Z;33.605;33.575;33.62;33.5;16329;
f866872b-8f68-4b6e-930f-749fe9aa79c0;2024-11-27T07:27:00Z;33.58;33.58;33.58;33.545;657;
f866872b-8f68-4b6e-930f-749fe9aa79c0;2024-11-27T07:28:00Z;33.595;33.55;33.6;33.54;6743;
f866872b-8f68-4b6e-930f-749fe9aa79c0;2024-11-27T07:29:00Z;33.535;33.52;33.57;33.465;7356;
f866872b-8f68-4b6e-930f-749fe9aa79c0;2024-11-27T07:30:00Z;33.48;33.495;33.525;33.4;10510;
f866872b-8f68-4b6e-930f-749fe9aa79c0;2024-11-27T07:31:00Z;33.49;33.565;33.59;33.42;9161;
f866872b-8f68-4b6e-930f-749fe9aa79c0;2024-11-27T07:32:00Z;33.565;33.55;33.59;33.49;2914;
f866872b-8f68-4b6e-930f-749fe9aa79c0;2024-11-27T07:33:00Z;33.535;33.57;33.59;33.515;2215;
f866872b-8f68-4b6e-930f-749fe9aa79c0;2024-11-27T07:34:00Z;33.57;33.56;33.57;33.555;1424;
f866872b-8f68-4b6e-930f-749fe9aa79c0;2024-11-27T07:35:00Z;33.57;33.78;33.785;33.565;20632;
f866872b-8f68-4b6e-930f-749fe9aa79c0;2024-11-27T07:36:00Z;33.75;33.66;33.75;33.66;962;
f866872b-8f68-4b6e-930f-749fe9aa79c0;2024-11-27T07:37:00Z;33.655;33.59;33.695;33.59;6071;
f866872b-8f68-4b6e-930f-749fe9aa79c0;2024-11-27T07:38:00Z;33.59;33.55;33.6;33.55;5229;
f866872b-8f68-4b6e-930f-749fe9aa79c0;2024-11-27T07:39:00Z;33.565;33.565;33.575;33.55;1435;
f866872b-8f68-4b6e-930f-749fe9aa79c0;2024-11-27T07:40:00Z;33.565;33.57;33.57;33.55;7481;
f866872b-8f68-4b6e-930f-749fe9aa79c0;2024-11-27T07:41:00Z;33.57;33.61;33.625;33.56;2553;
f866872b-8f68-4b6e-930f-749fe9aa79c0;2024-11-27T07:42:00Z;33.605;33.655;33.665;33.585;2528;
f866872b-8f68-4b6e-930f-749fe9aa79c0;2024-11-27T07:43:00Z;33.63;33.63;33.63;33.585;2129;
f866872b-8f68-4b6e-930f-749fe9aa79c0;2024-11-27T07:44:00Z;33.635;33.515;33.635;33.515;10264;
f866872b-8f68-4b6e-930f-749fe9aa79c0;2024-11-27T07:45:00Z;33.525;33.495;33.525;33.465;3633;
f866872b-8f68-4b6e-930f-749fe9aa79c0;2024-11-27T07:46:00Z;33.48;33.445;33.5;33.445;13768;
f866872b-8f68-4b6e-930f-749fe9aa79c0;2024-11-27T07:47:00Z;33.42;33.44;33.475;33.405;7369;
f866872b-8f68-4b6e-930f-749fe9aa79c0;2024-11-27T07:48:00Z;33.435;33.42;33.455;33.4;1111;
f866872b-8f68-4b6e-930f-749fe9aa79c0;2024-11-27T07:49:00Z;33.405;33.38;33.405;33.36;5414;
f866872b-8f68-4b6e-930f-749fe9aa79c0;2024-11-27T07:50:00Z;33.375;33.395;33.49;33.365;6538;
f866872b-8f68-4b6e-930f-749fe9aa79c0;2024-11-27T07:51:00Z;33.395;33.38;33.405;33.36;7052;
f866872b-8f68-4b6e-930f-749fe9aa79c0;2024-11-27T07:52:00Z;33.385;33.405;33.405;33.38;4847;
f866872b-8f68-4b6e-930f-749fe9aa79c0;2024-11-27T07:53:00Z;33.4;33.365;33.46;33.35;7673;
f866872b-8f68-4b6e-930f-749fe9aa79c0;2024-11-27T07:54:00Z;33.37;33.35;33.385;33.35;10213;
f866872b-8f68-4b6e-930f-749fe9aa79c0;2024-11-27T07:55:00Z;33.35;33.42;33.43;33.35;4723;
f866872b-8f68-4b6e-930f-749fe9aa79c0;2024-11-27T07:56:00Z;33.43;33.445;33.45;33.4;3040;
f866872b-8f68-4b6e-930f-749fe9aa79c0;2024-11-27T07:57:00Z;33.44;33.47;33.495;33.435;2360;
f866872b-8f68-4b6e-930f-749fe9aa79c0;2024-11-27T07:58:00Z;33.455;33.47;33.495;33.425;3153;
f866872b-8f68-4b6e-930f-749fe9aa79c0;2024-11-27T07:59:00Z;33.435;33.425;33.44;33.4;1674;
f866872b-8f68-4b6e-930f-749fe9aa79c0;2024-11-27T08:00:00Z;33.44;33.43;33.485;33.43;1611;
f866872b-8f68-4b6e-930f-749fe9aa79c0;2024-11-27T08:01:00Z;33.405;33.51;33.51;33.405;1751;
f866872b-8f68-4b6e-930f-749fe9aa79c0;2024-11-27T08:02:00Z;33.46;33.53;33.55;33.46;3714;
f866872b-8f68-4b6e-930f-749fe9aa79c0;2024-11-27T08:03:00Z;33.545;33.55;33.6;33.545;4143;
f866872b-8f68-4b6e-930f-749fe9aa79c0;2024-11-27T08:04:00Z;33.55;33.545;33.59;33.545;810;
f866872b-8f68-4b6e-930f-749fe9aa79c0;2024-11-27T08:05:00Z;33.56;33.55;33.565;33.52;1410;
f866872b-8f68-4b6e-930f-749fe9aa79c0;2024-11-27T08:06:00Z;33.555;33.525;33.555;33.44;11169;
f866872b-8f68-4b6e-930f-749fe9aa79c0;2024-11-27T08:07:00Z;33.505;33.715;33.715;33.505;9709;
f866872b-8f68-4b6e-930f-749fe9aa79c0;2024-11-27T08:08:00Z;33.7;33.73;33.73;33.7;2158;
f866872b-8f68-4b6e-930f-749fe9aa79c0;2024-11-27T08:09:00Z;33.73;33.795;33.82;33.72;20875;
f866872b-8f68-4b6e-930f-749fe9aa79c0;2024-11-27T08:10:00Z;33.81;33.8;33.83;33.795;1320;
f866872b-8f68-4b6e-930f-749fe9aa79c0;2024-11-27T08:11:00Z;33.805;33.695;33.805;33.675;1519;
f866872b-8f68-4b6e-930f-749fe9aa79c0;2024-11-27T08:12:00Z;33.685;33.7;33.7;33.67;530;
f866872b-8f68-4b6e-930f-749fe9aa79c0;2024-11-27T08:13:00Z;33.7;33.75;33.78;33.7;389;
f866872b-8f68-4b6e-930f-749fe9aa79c0;2024-11-27T08:14:00Z;33.75;33.795;33.8;33.715;1210;
f866872b-8f68-4b6e-930f-749fe9aa79c0;2024-11-27T08:15:00Z;33.79;33.75;33.79;33.7;5192;
f866872b-8f68-4b6e-930f-749fe9aa79c0;2024-11-27T08:16:00Z;33.75;33.75;33.765;33.745;720;
f866872b-8f68-4b6e-930f-749fe9aa79c0;2024-11-27T08:17:00Z;33.75;33.77;33.77;33.72;3339;
f866872b-8f68-4b6e-930f-749fe9aa79c0;2024-11-27T08:18:00Z;33.735;33.755;33.76;33.735;177;
f866872b-8f68-4b6e-930f-749fe9aa79c0;2024-11-27T08:19:00Z;33.755;33.745;33.76;33.745;1414;
f866872b-8f68-4b6e-930f-749fe9aa79c0;2024-11-27T08:20:00Z;33.75;33.75;33.75;33.745;684;
f866872b-8f68-4b6e-930f-749fe9aa79c0;2024-11-27T08:21:00Z;33.75;33.75;33.75;33.745;76;
f866872b-8f68-4b6e-930f-749fe9aa79c0;2024-11-27T08:22:00Z;33.75;33.75;33.775;33.745;4789;
f866872b-8f68-4b6e-930f-749fe9aa79c0;2024-11-27T08:23:00Z;33.745;33.73;33.745;33.62;4896;
f866872b-8f68-4b6e-930f-749fe9aa79c0;2024-11-27T08:24:00Z;33.745;33.755;33.775;33.72;1059;
f866872b-8f68-4b6e-930f-749fe9aa79c0;2024-11-27T08:25:00Z;33.74;33.765;33.77;33.74;1065;
f866872b-8f68-4b6e-930f-749fe9aa79c0;2024-11-27T08:26:00Z;33.76;33.66;33.76;33.61;2902;
f866872b-8f68-4b6e-930f-749fe9aa79c0;2024-11-27T08:27:00Z;33.66;33.66;33.66;33.66;2;
f866872b-8f68-4b6e-930f-749fe9aa79c0;2024-11-27T08:28:00Z;33.66;33.66;33.66;33.615;768;
f866872b-8f68-4b6e-930f-749fe9aa79c0;2024-11-27T08:29:00Z;33.63;33.655;33.66;33.63;111;
f866872b-8f68-4b6e-930f-749fe9aa79c0;2024-11-27T08:30:00Z;33.655;33.635;33.655;33.63;396;
f866872b-8f68-4b6e-930f-749fe9aa79c0;2024-11-27T08:31:00Z;33.655;33.655;33.66;33.65;1773;
f866872b-8f68-4b6e-930f-749fe9aa79c0;2024-11-27T08:32:00Z;33.655;33.66;33.66;33.635;164;
f866872b-8f68-4b6e-930f-749fe9aa79c0;2024-11-27T08:33:00Z;33.65;33.62;33.65;33.62;76;
f866872b-8f68-4b6e-930f-749fe9aa79c0;2024-11-27T08:34:00Z;33.63;33.555;33.63;33.555;1435;
f866872b-8f68-4b6e-930f-749fe9aa79c0;2024-11-27T08:35:00Z;33.55;33.58;33.61;33.55;3769;
f866872b-8f68-4b6e-930f-749fe9aa79c0;2024-11-27T08:36:00Z;33.59;33.56;33.595;33.55;1881;
f866872b-8f68-4b6e-930f-749fe9aa79c0;2024-11-27T08:37:00Z;33.545;33.58;33.58;33.53;476;
f866872b-8f68-4b6e-930f-749fe9aa79c0;2024-11-27T08:38:00Z;33.555;33.54;33.565;33.54;118;
f866872b-8f68-4b6e-930f-749fe9aa79c0;2024-11-27T08:39:00Z;33.55;33.57;33.59;33.55;268;
f866872b-8f68-4b6e-930f-749fe9aa79c0;2024-11-27T08:40:00Z;33.59;33.61;33.61;33.58;1407;
f866872b-8f68-4b6e-930f-749fe9aa79c0;2024-11-27T08:41:00Z;33.6;33.6;33.61;33.59;749;
f866872b-8f68-4b6e-930f-749fe9aa79c0;2024-11-27T08:42:00Z;33.61;33.61;33.61;33.58;1027;
f866872b-8f68-4b6e-930f-749fe9aa79c0;2024-11-27T08:43:00Z;33.615;33.59;33.62;33.59;1758;
f866872b-8f68-4b6e-930f-749fe9aa79c0;2024-11-27T08:44:00Z;33.59;33.58;33.59;33.58;180;
f866872b-8f68-4b6e-930f-749fe9aa79c0;2024-11-27T08:45:00Z;33.59;33.59;33.59;33.58;30;
f866872b-8f68-4b6e-930f-749fe9aa79c0;2024-11-27T08:46:00Z;33.59;33.6;33.685;33.58;7744;
f866872b-8f68-4b6e-930f-749fe9aa79c0;2024-11-27T08:47:00Z;33.61;33.63;33.63;33.6;60;
f866872b-8f68-4b6e-930f-749fe9aa79c0;2024-11-27T08:48:00Z;33.63;33.63;33.63;33.63;211;
f866872b-8f68-4b6e-930f-749fe9aa79c0;2024-11-27T08:49:00Z;33.63;33.655;33.655;33.62;841;
f866872b-8f68-4b6e-930f-749fe9aa79c0;2024-11-27T08:50:00Z;33.66;33.635;33.685;33.635;2781;
f866872b-8f68-4b6e-930f-749fe9aa79c0;2024-11-27T08:51:00Z;33.635;33.635;33.635;33.63;657;
f866872b-8f68-4b6e-930f-749fe9aa79c0;2024-11-27T08:52:00Z;33.635;33.635;33.635;33.635;271;
f866872b-8f68-4b6e-930f-749fe9aa79c0;2024-11-27T08:53:00Z;33.635;33.635;33.635;33.6;2328;
f866872b-8f68-4b6e-930f-749fe9aa79c0;2024-11-27T08:54:00Z;33.6;33.61;33.61;33.6;950;
f866872b-8f68-4b6e-930f-749fe9aa79c0;2024-11-27T08:55:00Z;33.61;33.585;33.63;33.575;816;
f866872b-8f68-4b6e-930f-749fe9aa79c0;2024-11-27T08:56:00Z;33.585;33.62;33.62;33.565;506;
f866872b-8f68-4b6e-930f-749fe9aa79c0;2024-11-27T08:57:00Z;33.62;33.605;33.635;33.605;254;
f866872b-8f68-4b6e-930f-749fe9aa79c0;2024-11-27T08:58:00Z;33.605;33.61;33.61;33.605;973;
f866872b-8f68-4b6e-930f-749fe9aa79c0;2024-11-27T08:59:00Z;33.61;33.75;33.75;33.61;10876;
f866872b-8f68-4b6e-930f-749fe9aa79c0;2024-11-27T09:00:00Z;33.75;33.705;33.765;33.705;15053;
f866872b-8f68-4b6e-930f-749fe9aa79c0;2024-11-27T09:01:00Z;33.74;33.745;33.76;33.725;511;
f866872b-8f68-4b6e-930f-749fe9aa79c0;2024-11-27T09:02:00Z;33.74;33.735;33.75;33.735;220;
f866872b-8f68-4b6e-930f-749fe9aa79c0;2024-11-27T09:03:00Z;33.745;33.72;33.75;33.72;626;
f866872b-8f68-4b6e-930f-749fe9aa79c0;2024-11-27T09:04:00Z;33.745;33.715;33.755;33.715;1657;
f866872b-8f68-4b6e-930f-749fe9aa79c0;2024-11-27T09:05:00Z;33.715;33.73;33.74;33.705;1050;
f866872b-8f68-4b6e-930f-749fe9aa79c0;2024-11-27T09:06:00Z;33.75;33.79;33.795;33.75;5216;
f866872b-8f68-4b6e-930f-749fe9aa79c0;2024-11-27T09:07:00Z;33.79;33.835;33.85;33.79;11240;
f866872b-8f68-4b6e-930f-749fe9aa79c0;2024-11-27T09:08:00Z;33.825;33.85;33.85;33.805;1493;
f866872b-8f68-4b6e-930f-749fe9aa79c0;2024-11-27T09:09:00Z;33.85;33.92;33.92;33.82;10469;
f866872b-8f68-4b6e-930f-749fe9aa79c0;2024-11-27T09:10:00Z;33.885;33.885;33.91;33.88;1863;
f866872b-8f68-4b6e-930f-749fe9aa79c0;2024-11-27T09:11:00Z;33.89;33.915;33.915;33.87;2536;
f866872b-8f68-4b6e-930f-749fe9aa79c0;2024-11-27T09:12:00Z;33.915;33.975;33.98;33.915;22169;
f866872b-8f68-4b6e-930f-749fe9aa79c0;2024-11-27T09:13:00Z;33.98;34.085;34.105;33.92;46617;
f866872b-8f68-4b6e-930f-749fe9aa79c0;2024-11-27T09:14:00Z;34.095;34.09;34.12;34.07;7871;
f866872b-8f68-4b6e-930f-749fe9aa79c0;2024-11-27T09:15:00Z;34.075;34.045;34.105;34.035;5122;
f866872b-8f68-4b6e-930f-749fe9aa79c0;2024-11-27T09:16:00Z;34.035;34.005;34.035;34.005;2267;
f866872b-8f68-4b6e-930f-749fe9aa79c0;2024-11-27T09:17:00Z;34.01;34.02;34.02;34;6345;
f866872b-8f68-4b6e-930f-749fe9aa79c0;2024-11-27T09:18:00Z;34.025;34.015;34.03;34;9134;
f866872b-8f68-4b6e-930f-749fe9aa79c0;2024-11-27T09:19:00Z;34.02;34;34.03;34;5603;
f866872b-8f68-4b6e-930f-749fe9aa79c0;2024-11-27T09:20:00Z;34;34.005;34.02;34;597;
f866872b-8f68-4b6e-930f-749fe9aa79c0;2024-11-27T09:21:00Z;34;34.02;34.03;34;6575;
f866872b-8f68-4b6e-930f-749fe9aa79c0;2024-11-27T09:22:00Z;34.025;34.025;34.035;34;5238;
f866872b-8f68-4b6e-930f-749fe9aa79c0;2024-11-27T09:23:00Z;34.025;34.025;34.03;34;5157;
f866872b-8f68-4b6e-930f-749fe9aa79c0;2024-11-27T09:24:00Z;34.025;34.115;34.115;34.025;14511;
f866872b-8f68-4b6e-930f-749fe9aa79c0;2024-11-27T09:25:00Z;34.105;34.2;34.2;34.08;13890;
f866872b-8f68-4b6e-930f-749fe9aa79c0;2024-11-27T09:26:00Z;34.2;34.15;34.23;34.125;16769;
f866872b-8f68-4b6e-930f-749fe9aa79c0;2024-11-27T09:27:00Z;34.145;34.135;34.155;34.13;648;
f866872b-8f68-4b6e-930f-749fe9aa79c0;2024-11-27T09:28:00Z;34.13;34.16;34.16;34.13;5606;
f866872b-8f68-4b6e-930f-749fe9aa79c0;2024-11-27T09:29:00Z;34.16;34.195;34.2;34.155;7946;
f866872b-8f68-4b6e-930f-749fe9aa79c0;2024-11-27T09:30:00Z;34.195;34.19;34.195;34.155;12616;
f866872b-8f68-4b6e-930f-749fe9aa79c0;2024-11-27T09:31:00Z;34.18;34.265;34.395;34.18;37226;
f866872b-8f68-4b6e-930f-749fe9aa79c0;2024-11-27T09:32:00Z;34.255;34.27;34.27;34.215;1987;
f866872b-8f68-4b6e-930f-749fe9aa79c0;2024-11-27T09:33:00Z;34.285;34.405;34.445;34.285;9635;
f866872b-8f68-4b6e-930f-749fe9aa79c0;2024-11-27T09:34:00Z;34.41;34.425;34.45;34.41;13396;
f866872b-8f68-4b6e-930f-749fe9aa79c0;2024-11-27T09:35:00Z;34.435;34.5;34.5;34.435;53162;
f866872b-8f68-4b6e-930f-749fe9aa79c0;2024-11-27T09:36:00Z;34.495;34.38;34.55;34.38;66396;
f866872b-8f68-4b6e-930f-749fe9aa79c0;2024-11-27T09:37:00Z;34.39;34.325;34.43;34.29;10474;
f866872b-8f68-4b6e-930f-749fe9aa79c0;2024-11-27T09:38:00Z;34.33;34.365;34.37;34.33;2715;
f866872b-8f68-4b6e-930f-749fe9aa79c0;2024-11-27T09:39:00Z;34.37;34.375;34.415;34.365;2584;
f866872b-8f68-4b6e-930f-749fe9aa79c0;2024-11-27T09:40:00Z;34.37;34.35;34.375;34.345;5552;
f866872b-8f68-4b6e-930f-749fe9aa79c0;2024-11-27T09:41:00Z;34.35;34.32;34.395;34.27;13292;
f866872b-8f68-4b6e-930f-749fe9aa79c0;2024-11-27T09:42:00Z;34.33;34.425;34.425;34.32;1235;
f866872b-8f68-4b6e-930f-749fe9aa79c0;2024-11-27T09:43:00Z;34.44;34.495;34.495;34.425;2548;
f866872b-8f68-4b6e-930f-749fe9aa79c0;2024-11-27T09:44:00Z;34.495;34.495;34.505;34.475;827;
f866872b-8f68-4b6e-930f-749fe9aa79c0;2024-11-27T09:45:00Z;34.48;34.465;34.485;34.465;3153;
f866872b-8f68-4b6e-930f-749fe9aa79c0;2024-11-27T09:46:00Z;34.465;34.43;34.47;34.42;1040;
f866872b-8f68-4b6e-930f-749fe9aa79c0;2024-11-27T09:47:00Z;34.43;34.51;34.53;34.42;21985;
f866872b-8f68-4b6e-930f-749fe9aa79c0;2024-11-27T09:48:00Z;34.51;34.525;34.53;34.51;2242;
f866872b-8f68-4b6e-930f-749fe9aa79c0;2024-11-27T09:49:00Z;34.52;34.55;34.55;34.51;9853;
f866872b-8f68-4b6e-930f-749fe9aa79c0;2024-11-27T09:50:00Z;34.55;34.54;34.55;34.54;2103;
f866872b-8f68-4b6e-930f-749fe9aa79c0;2024-11-27T09:51:00Z;34.545;34.51;34.55;34.51;4683;
f866872b-8f68-4b6e-930f-749fe9aa79c0;2024-11-27T09:52:00Z;34.51;34.565;34.62;34.51;15377;
f866872b-8f68-4b6e-930f-749fe9aa79c0;2024-11-27T09:53:00Z;34.565;34.515;34.575;34.51;1241;
f866872b-8f68-4b6e-930f-749fe9aa79c0;2024-11-27T09:54:00Z;34.51;34.53;34.645;34.51;26394;
f866872b-8f68-4b6e-930f-749fe9aa79c0;2024-11-27T09:55:00Z;34.595;34.565;34.595;34.565;1067;
f866872b-8f68-4b6e-930f-749fe9aa79c0;2024-11-27T09:56:00Z;34.58;34.565;34.665;34.565;40973;
f866872b-8f68-4b6e-930f-749fe9aa79c0;2024-11-27T09:57:00Z;34.555;34.515;34.57;34.515;6508;
f866872b-8f68-4b6e-930f-749fe9aa79c0;2024-11-27T09:58:00Z;34.515;34.655;34.655;34.515;3123;
f866872b-8f68-4b6e-930f-749fe9aa79c0;2024-11-27T09:59:00Z;34.66;34.605;34.66;34.59;2208;
f866872b-8f68-4b6e-930f-749fe9aa79c0;2024-11-27T10:00:00Z;34.59;34.62;34.655;34.59;1489;
f866872b-8f68-4b6e-930f-749fe9aa79c0;2024-11-27T10:01:00Z;34.635;34.65;34.675;34.63;3340;
f866872b-8f68-4b6e-930f-749fe9aa79c0;2024-11-27T10:02:00Z;34.675;34.625;34.675;34.62;6673;
f866872b-8f68-4b6e-930f-749fe9aa79c0;2024-11-27T10:03:00Z;34.63;34.675;34.675;34.625;4359;
f866872b-8f68-4b6e-930f-749fe9aa79c0;2024-11-27T10:04:00Z;34.675;34.67;34.7;34.665;16826;
f866872b-8f68-4b6e-930f-749fe9aa79c0;2024-11-27T10:05:00Z;34.68;34.595;34.69;34.585;6316;
f866872b-8f68-4b6e-930f-749fe9aa79c0;2024-11-27T10:06:00Z;34.635;34.695;34.695;34.615;934;
f866872b-8f68-4b6e-930f-749fe9aa79c0;2024-11-27T10:07:00Z;34.69;34.695;34.7;34.645;3452;
f866872b-8f68-4b6e-930f-749fe9aa79c0;2024-11-27T10:08:00Z;34.695;34.66;34.695;34.615;6645;
f866872b-8f68-4b6e-930f-749fe9aa79c0;2024-11-27T10:09:00Z;34.635;34.56;34.66;34.56;2158;
f866872b-8f68-4b6e-930f-749fe9aa79c0;2024-11-27T10:10:00Z;34.56;34.545;34.57;34.535;3303;
f866872b-8f68-4b6e-930f-749fe9aa79c0;2024-11-27T10:11:00Z;34.535;34.51;34.55;34.51;13760;
f866872b-8f68-4b6e-930f-749fe9aa79c0;2024-11-27T10:12:00Z;34.51;34.4;34.51;34.38;6672;
f866872b-8f68-4b6e-930f-749fe9aa79c0;2024-11-27T10:13:00Z;34.4;34.485;34.5;34.4;3112;
f866872b-8f68-4b6e-930f-749fe9aa79c0;2024-11-27T10:14:00Z;34.47;34.41;34.47;34.4;6967;
f866872b-8f68-4b6e-930f-749fe9aa79c0;2024-11-27T10:15:00Z;34.4;34.4;34.42;34.395;14806;
f866872b-8f68-4b6e-930f-749fe9aa79c0;2024-11-27T10:16:00Z;34.4;34.4;34.4;34.395;7517;
f866872b-8f68-4b6e-930f-749fe9aa79c0;2024-11-27T10:17:00Z;34.395;34.355;34.4;34.355;3894;
f866872b-8f68-4b6e-930f-749fe9aa79c0;2024-11-27T10:18:00Z;34.375;34.38;34.4;34.36;2389;
f866872b-8f68-4b6e-930f-749fe9aa79c0;2024-11-27T10:19:00Z;34.38;34.395;34.4;34.38;3152;
f866872b-8f68-4b6e-930f-749fe9aa79c0;2024-11-27T10:20:00Z;34.39;34.39;34.4;34.38;252;
f866872b-8f68-4b6e-930f-749fe9aa79c0;2024-11-27T10:21:00Z;34.39;34.48;34.51;34.355;18924;
f866872b-8f68-4b6e-930f-749fe9aa79c0;2024-11-27T10:22:00Z;34.485;34.405;34.495;34.4;4678;
f866872b-8f68-4b6e-930f-749fe9aa79c0;2024-11-27T10:23:00Z;34.405;34.4;34.405;34.4;2259;
f866872b-8f68-4b6e-930f-749fe9aa79c0;2024-11-27T10:24:00Z;34.4;34.405;34.405;34.4;500;
f866872b-8f68-4b6e-930f-749fe9aa79c0;2024-11-27T10:25:00Z;34.405;34.415;34.415;34.4;827;
f866872b-8f68-4b6e-930f-749fe9aa79c0;2024-11-27T10:26:00Z;34.415;34.405;34.415;34.405;51;
f866872b-8f68-4b6e-930f-749fe9aa79c0;2024-11-27T10:27:00Z;34.415;34.405;34.415;34.4;6216;
f866872b-8f68-4b6e-930f-749fe9aa79c0;2024-11-27T10:28:00Z;34.41;34.44;34.45;34.405;565;
f866872b-8f68-4b6e-930f-749fe9aa79c0;2024-11-27T10:29:00Z;34.41;34.4;34.41;34.4;17016;
f866872b-8f68-4b6e-930f-749fe9aa79c0;2024-11-27T10:30:00Z;34.405;34.405;34.425;34.4;2221;
f866872b-8f68-4b6e-930f-749fe9aa79c0;2024-11-27T10:31:00Z;34.41;34.445;34.445;34.41;217;
f866872b-8f68-4b6e-930f-749fe9aa79c0;2024-11-27T10:32:00Z;34.42;34.405;34.445;34.405;13;
f866872b-8f68-4b6e-930f-749fe9aa79c0;2024-11-27T10:33:00Z;34.42;34.405;34.435;34.4;592;
f866872b-8f68-4b6e-930f-749fe9aa79c0;2024-11-27T10:34:00Z;34.41;34.415;34.415;34.41;185;
f866872b-8f68-4b6e-930f-749fe9aa79c0;2024-11-27T10:35:00Z;34.415;34.405;34.44;34.4;6374;
f866872b-8f68-4b6e-930f-749fe9aa79c0;2024-11-27T10:36:00Z;34.4;34.28;34.41;34.245;13186;
f866872b-8f68-4b6e-930f-749fe9aa79c0;2024-11-27T10:37:00Z;34.305;34.44;34.44;34.305;18669;
f866872b-8f68-4b6e-930f-749fe9aa79c0;2024-11-27T10:38:00Z;34.41;34.51;34.565;34.41;7761;
f866872b-8f68-4b6e-930f-749fe9aa79c0;2024-11-27T10:39:00Z;34.53;34.445;34.54;34.405;1595;
f866872b-8f68-4b6e-930f-749fe9aa79c0;2024-11-27T10:40:00Z;34.425;34.42;34.52;34.42;973;
f866872b-8f68-4b6e-930f-749fe9aa79c0;2024-11-27T10:41:00Z;34.42;34.46;34.47;34.4;2877;
f866872b-8f68-4b6e-930f-749fe9aa79c0;2024-11-27T10:42:00Z;34.45;34.405;34.46;34.4;237;
f866872b-8f68-4b6e-930f-749fe9aa79c0;2024-11-27T10:43:00Z;34.42;34.38;34.42;34.38;49;
f866872b-8f68-4b6e-930f-749fe9aa79c0;2024-11-27T10:44:00Z;34.39;34.37;34.4;34.37;535;
f866872b-8f68-4b6e-930f-749fe9aa79c0;2024-11-27T10:45:00Z;34.37;34.375;34.375;34.36;245;
f866872b-8f68-4b6e-930f-749fe9aa79c0;2024-11-27T10:46:00Z;34.37;34.4;34.4;34.37;145;
f866872b-8f68-4b6e-930f-749fe9aa79c0;2024-11-27T10:47:00Z;34.46;34.43;34.46;34.43;444;
f866872b-8f68-4b6e-930f-749fe9aa79c0;2024-11-27T10:48:00Z;34.45;34.38;34.45;34.365;758;
f866872b-8f68-4b6e-930f-749fe9aa79c0;2024-11-27T10:49:00Z;34.365;34.265;34.4;34.265;4080;
f866872b-8f68-4b6e-930f-749fe9aa79c0;2024-11-27T10:50:00Z;34.26;34.295;34.295;34.235;1149;
f866872b-8f68-4b6e-930f-749fe9aa79c0;2024-11-27T10:51:00Z;34.29;34.285;34.305;34.285;24;
f866872b-8f68-4b6e-930f-749fe9aa79c0;2024-11-27T10:52:00Z;34.285;34.23;34.285;34.225;3840;
f866872b-8f68-4b6e-930f-749fe9aa79c0;2024-11-27T10:53:00Z;34.22;34.22;34.235;34.21;284;
f866872b-8f68-4b6e-930f-749fe9aa79c0;2024-11-27T10:54:00Z;34.23;34.26;34.26;34.21;9361;
f866872b-8f68-4b6e-930f-749fe9aa79c0;2024-11-27T10:55:00Z;34.26;34.365;34.365;34.26;6679;
f866872b-8f68-4b6e-930f-749fe9aa79c0;2024-11-27T10:56:00Z;34.345;34.34;34.355;34.33;1514;
f866872b-8f68-4b6e-930f-749fe9aa79c0;2024-11-27T10:57:00Z;34.31;34.31;34.315;34.305;93;
f866872b-8f68-4b6e-930f-749fe9aa79c0;2024-11-27T10:58:00Z;34.315;34.31;34.315;34.305;366;
f866872b-8f68-4b6e-930f-749fe9aa79c0;2024-11-27T10:59:00Z;34.315;34.33;34.33;34.31;72;
f866872b-8f68-4b6e-930f-749fe9aa79c0;2024-11-27T11:00:00Z;34.36;34.365;34.365;34.36;213;
f866872b-8f68-4b6e-930f-749fe9aa79c0;2024-11-27T11:01:00Z;34.365;34.26;34.39;34.26;5393;
f866872b-8f68-4b6e-930f-749fe9aa79c0;2024-11-27T11:02:00Z;34.22;34.265;34.265;34.2;639;
f866872b-8f68-4b6e-930f-749fe9aa79c0;2024-11-27T11:03:00Z;34.265;34.265;34.28;34.265;276;
f866872b-8f68-4b6e-930f-749fe9aa79c0;2024-11-27T11:04:00Z;34.26;34.16;34.26;34.16;7210;
f866872b-8f68-4b6e-930f-749fe9aa79c0;2024-11-27T11:05:00Z;34.16;34.07;34.23;33.98;25466;
f866872b-8f68-4b6e-930f-749fe9aa79c0;2024-11-27T11:06:00Z;34.1;34.06;34.105;34.06;818;
f866872b-8f68-4b6e-930f-749fe9aa79c0;2024-11-27T11:07:00Z;34.06;34.035;34.075;34;2118;
f866872b-8f68-4b6e-930f-749fe9aa79c0;2024-11-27T11:08:00Z;34.025;34.045;34.07;34.025;1878;
f866872b-8f68-4b6e-930f-749fe9aa79c0;2024-11-27T11:09:00Z;34.04;34.08;34.08;34.03;860;
f866872b-8f68-4b6e-930f-749fe9aa79c0;2024-11-27T11:10:00Z;34.065;34.07;34.07;34.055;328;
f866872b-8f68-4b6e-930f-749fe9aa79c0;2024-11-27T11:11:00Z;34.06;34.025;34.07;34.025;864;
f866872b-8f68-4b6e-930f-749fe9aa79c0;2024-11-27T11:12:00Z;34.02;34.03;34.07;34.02;508;
f866872b-8f68-4b6e-930f-749fe9aa79c0;2024-11-27T11:13:00Z;34.03;34.18;34.195;34.03;5562;
f866872b-8f68-4b6e-930f-749fe9aa79c0;2024-11-27T11:14:00Z;34.175;34.1;34.175;34.095;280;
f866872b-8f68-4b6e-930f-749fe9aa79c0;2024-11-27T11:15:00Z;34.095;34.115;34.115;34.09;363;
f866872b-8f68-4b6e-930f-749fe9aa79c0;2024-11-27T11:16:00Z;34.11;34.17;34.17;34.105;5901;
f866872b-8f68-4b6e-930f-749fe9aa79c0;2024-11-27T11:17:00Z;34.14;34.175;34.23;34.14;8315;
f866872b-8f68-4b6e-930f-749fe9aa79c0;2024-11-27T11:18:00Z;34.185;34.2;34.2;34.185;84;
f866872b-8f68-4b6e-930f-749fe9aa79c0;2024-11-27T11:19:00Z;34.19;34.3;34.325;34.19;6764;
f866872b-8f68-4b6e-930f-749fe9aa79c0;2024-11-27T11:20:00Z;34.285;34.285;34.3;34.22;1676;
f866872b-8f68-4b6e-930f-749fe9aa79c0;2024-11-27T11:21:00Z;34.3;34.265;34.3;34.265;169;
f866872b-8f68-4b6e-930f-749fe9aa79c0;2024-11-27T11:22:00Z;34.3;34.43;34.44;34.3;3588;
f866872b-8f68-4b6e-930f-749fe9aa79c0;2024-11-27T11:23:00Z;34.425;34.435;34.445;34.4;2722;
f866872b-8f68-4b6e-930f-749fe9aa79c0;2024-11-27T11:24:00Z;34.45;34.45;34.475;34.44;844;
f866872b-8f68-4b6e-930f-749fe9aa79c0;2024-11-27T11:25:00Z;34.445;34.63;34.685;34.445;29625;
f866872b-8f68-4b6e-930f-749fe9aa79c0;2024-11-27T11:26:00Z;34.625;34.695;34.7;34.615;10681;
f866872b-8f68-4b6e-930f-749fe9aa79c0;2024-11-27T11:27:00Z;34.695;34.81;34.88;34.69;47215;
f866872b-8f68-4b6e-930f-749fe9aa79c0;2024-11-27T11:28:00Z;34.81;34.8;34.86;34.8;7169;
f866872b-8f68-4b6e-930f-749fe9aa79c0;2024-11-27T11:29:00Z;34.795;34.88;34.88;34.77;8687;
f866872b-8f68-4b6e-930f-749fe9aa79c0;2024-11-27T11:30:00Z;34.88;34.865;34.88;34.85;3607;
f866872b-8f68-4b6e-930f-749fe9aa79c0;2024-11-27T11:31:00Z;34.865;34.86;34.865;34.825;9051;
f866872b-8f68-4b6e-930f-749fe9aa79c0;2024-11-27T11:32:00Z;34.845;34.86;34.86;34.84;4636;
f866872b-8f68-4b6e-930f-749fe9aa79c0;2024-11-27T11:33:00Z;34.86;34.86;34.86;34.855;11462;
f866872b-8f68-4b6e-930f-749fe9aa79c0;2024-11-27T11:34:00Z;34.855;34.845;34.86;34.845;2517;
f866872b-8f68-4b6e-930f-749fe9aa79c0;2024-11-27T11:35:00Z;34.85;34.83;34.86;34.82;847;
f866872b-8f68-4b6e-930f-749fe9aa79c0;2024-11-27T11:36:00Z;34.83;34.795;34.83;34.795;4166;
f866872b-8f68-4b6e-930f-749fe9aa79c0;2024-11-27T11:37:00Z;34.8;34.745;34.8;34.745;10217;
f866872b-8f68-4b6e-930f-749fe9aa79c0;2024-11-27T11:38:00Z;34.745;34.75;34.75;34.675;6931;
f866872b-8f68-4b6e-930f-749fe9aa79c0;2024-11-27T11:39:00Z;34.72;34.735;34.74;34.72;229;
f866872b-8f68-4b6e-930f-749fe9aa79c0;2024-11-27T11:40:00Z;34.735;34.72;34.735;34.715;546;
f866872b-8f68-4b6e-930f-749fe9aa79c0;2024-11-27T11:41:00Z;34.72;34.76;34.76;34.71;1238;
f866872b-8f68-4b6e-930f-749fe9aa79c0;2024-11-27T11:42:00Z;34.76;34.77;34.77;34.76;1205;
f866872b-8f68-4b6e-930f-749fe9aa79c0;2024-11-27T11:43:00Z;34.77;34.82;34.82;34.765;2789;
f866872b-8f68-4b6e-930f-749fe9aa79c0;2024-11-27T11:44:00Z;34.785;34.705;34.825;34.675;26921;
f866872b-8f68-4b6e-930f-749fe9aa79c0;2024-11-27T11:45:00Z;34.705;34.73;34.73;34.705;154;
f866872b-8f68-4b6e-930f-749fe9aa79c0;2024-11-27T11:46:00Z;34.75;34.845;34.845;34.75;2199;
f866872b-8f68-4b6e-930f-749fe9aa79c0;2024-11-27T11:47:00Z;34.83;34.715;34.83;34.715;2432;
f866872b-8f68-4b6e-930f-749fe9aa79c0;2024-11-27T11:48:00Z;34.715;34.75;34.75;34.715;1454;
f866872b-8f68-4b6e-930f-749fe9aa79c0;2024-11-27T11:49:00Z;34.735;34.79;34.79;34.735;1022;
f866872b-8f68-4b6e-930f-749fe9aa79c0;2024-11-27T11:50:00Z;34.76;34.825;34.835;34.76;1487;
f866872b-8f68-4b6e-930f-749fe9aa79c0;2024-11-27T11:51:00Z;34.805;34.84;34.845;34.805;156;
f866872b-8f68-4b6e-930f-749fe9aa79c0;2024-11-27T11:52:00Z;34.845;34.88;34.88;34.845;2939;
f866872b-8f68-4b6e-930f-749fe9aa79c0;2024-11-27T11:53:00Z;34.88;35.025;35.035;34.88;34733;
f866872b-8f68-4b6e-930f-749fe9aa79c0;2024-11-27T11:54:00Z;35.025;35.03;35.045;35;4244;
f866872b-8f68-4b6e-930f-749fe9aa79c0;2024-11-27T11:55:00Z;35.02;34.945;35.02;34.94;25734;
f866872b-8f68-4b6e-930f-749fe9aa79c0;2024-11-27T11:56:00Z;34.955;34.92;34.955;34.92;1385;
f866872b-8f68-4b6e-930f-749fe9aa79c0;2024-11-27T11:57:00Z;34.92;34.91;34.925;34.91;1588;
f866872b-8f68-4b6e-930f-749fe9aa79c0;2024-11-27T11:58:00Z;34.91;34.94;34.99;34.91;3044;
f866872b-8f68-4b6e-930f-749fe9aa79c0;2024-11-27T11:59:00Z;34.94;34.965;34.975;34.93;1976;
f866872b-8f68-4b6e-930f-749fe9aa79c0;2024-11-27T12:00:00Z;34.955;35.08;35.085;34.955;5835;
f866872b-8f68-4b6e-930f-749fe9aa79c0;2024-11-27T12:01:00Z;35.085;35.075;35.095;35.045;949;
f866872b-8f68-4b6e-930f-749fe9aa79c0;2024-11-27T12:02:00Z;35.075;35.075;35.09;35.075;2650;
f866872b-8f68-4b6e-930f-749fe9aa79c0;2024-11-27T12:03:00Z;35.075;35.005;35.085;35.005;3044;
f866872b-8f68-4b6e-930f-749fe9aa79c0;2024-11-27T12:04:00Z;35.005;35.005;35.005;35;1620;
f866872b-8f68-4b6e-930f-749fe9aa79c0;2024-11-27T12:05:00Z;35.005;34.98;35.045;34.96;5588;
f866872b-8f68-4b6e-930f-749fe9aa79c0;2024-11-27T12:06:00Z;34.98;34.93;34.98;34.885;10891;
f866872b-8f68-4b6e-930f-749fe9aa79c0;2024-11-27T12:07:00Z;34.93;34.875;34.945;34.875;5705;
f866872b-8f68-4b6e-930f-749fe9aa79c0;2024-11-27T12:08:00Z;34.88;34.84;34.895;34.84;2350;
f866872b-8f68-4b6e-930f-749fe9aa79c0;2024-11-27T12:09:00Z;34.85;34.87;34.9;34.85;1859;
f866872b-8f68-4b6e-930f-749fe9aa79c0;2024-11-27T12:10:00Z;34.865;34.89;34.9;34.865;272;
f866872b-8f68-4b6e-930f-749fe9aa79c0;2024-11-27T12:11:00Z;34.87;34.945;34.945;34.86;4771;
f866872b-8f68-4b6e-930f-749fe9aa79c0;2024-11-27T12:12:00Z;34.91;34.79;34.92;34.79;3562;
f866872b-8f68-4b6e-930f-749fe9aa79c0;2024-11-27T12:13:00Z;34.795;34.775;34.805;34.765;1916;
f866872b-8f68-4b6e-930f-749fe9aa79c0;2024-11-27T12:14:00Z;34.78;34.865;34.865;34.78;3288;
f866872b-8f68-4b6e-930f-749fe9aa79c0;2024-11-27T12:15:00Z;34.875;34.875;34.9;34.86;155;
f866872b-8f68-4b6e-930f-749fe9aa79c0;2024-11-27T12:16:00Z;34.88;34.94;34.95;34.88;3510;
f866872b-8f68-4b6e-930f-749fe9aa79c0;2024-11-27T12:17:00Z;34.94;34.935;34.945;34.91;24;
f866872b-8f68-4b6e-930f-749fe9aa79c0;2024-11-27T12:18:00Z;34.935;34.93;34.945;34.93;13;
f866872b-8f68-4b6e-930f-749fe9aa79c0;2024-11-27T12:19:00Z;34.93;34.96;34.96;34.91;3344;
f866872b-8f68-4b6e-930f-749fe9aa79c0;2024-11-27T12:20:00Z;34.955;34.955;34.97;34.955;502;
f866872b-8f68-4b6e-930f-749fe9aa79c0;2024-11-27T12:21:00Z;34.925;34.98;34.98;34.925;3612;
f866872b-8f68-4b6e-930f-749fe9aa79c0;2024-11-27T12:22:00Z;34.965;34.93;34.97;34.925;48;
f866872b-8f68-4b6e-930f-749fe9aa79c0;2024-11-27T12:23:00Z;34.93;35.11;35.115;34.93;41275;
f866872b-8f68-4b6e-930f-749fe9aa79c0;2024-11-27T12:24:00Z;35.105;35.1;35.11;35.1;2196;
f866872b-8f68-4b6e-930f-749fe9aa79c0;2024-11-27T12:25:00Z;35.105;35.1;35.12;35.1;10968;
f866872b-8f68-4b6e-930f-749fe9aa79c0;2024-11-27T12:26:00Z;35.1;35.105;35.105;35.1;1594;
f866872b-8f68-4b6e-930f-749fe9aa79c0;2024-11-27T12:27:00Z;35.105;35.1;35.105;35.1;1045;
f866872b-8f68-4b6e-930f-749fe9aa79c0;2024-11-27T12:28:00Z;35.105;35.12;35.13;35.1;2115;
f866872b-8f68-4b6e-930f-749fe9aa79c0;2024-11-27T12:29:00Z;35.12;35.1;35.12;35.1;29738;
f866872b-8f68-4b6e-930f-749fe9aa79c0;2024-11-27T12:30:00Z;35.1;35.02;35.1;35.02;6789;
f866872b-8f68-4b6e-930f-749fe9aa79c0;2024-11-27T12:31:00Z;35.04;35.055;35.07;35.04;1030;
f866872b-8f68-4b6e-930f-749fe9aa79c0;2024-11-27T12:32:00Z;35.055;35.06;35.09;35.055;1210;
f866872b-8f68-4b6e-930f-749fe9aa79c0;2024-11-27T12:33:00Z;35.06;35.08;35.09;35.06;288;
f866872b-8f68-4b6e-930f-749fe9aa79c0;2024-11-27T12:34:00Z;35.08;35.05;35.08;35.02;398;
f866872b-8f68-4b6e-930f-749fe9aa79c0;2024-11-27T12:35:00Z;35.07;35.075;35.095;35.06;1863;
f866872b-8f68-4b6e-930f-749fe9aa79c0;2024-11-27T12:36:00Z;35.07;35.055;35.08;35.025;288;
f866872b-8f68-4b6e-930f-749fe9aa79c0;2024-11-27T12:37:00Z;35.025;34.97;35.025;34.97;7254;
f866872b-8f68-4b6e-930f-749fe9aa79c0;2024-11-27T12:38:00Z;34.97;35;35;34.95;1733;
f866872b-8f68-4b6e-930f-749fe9aa79c0;2024-11-27T12:39:00Z;34.975;34.975;34.98;34.95;1110;
f866872b-8f68-4b6e-930f-749fe9aa79c0;2024-11-27T12:40:00Z;34.94;34.86;34.94;34.835;2776;
f866872b-8f68-4b6e-930f-749fe9aa79c0;2024-11-27T12:41:00Z;34.86;34.8;34.88;34.8;5859;
f866872b-8f68-4b6e-930f-749fe9aa79c0;2024-11-27T12:42:00Z;34.815;34.805;34.865;34.79;7896;
f866872b-8f68-4b6e-930f-749fe9aa79c0;2024-11-27T12:43:00Z;34.845;34.885;34.885;34.845;84;
f866872b-8f68-4b6e-930f-749fe9aa79c0;2024-11-27T12:44:00Z;34.885;34.86;34.89;34.8;4382;
f866872b-8f68-4b6e-930f-749fe9aa79c0;2024-11-27T12:45:00Z;34.86;34.795;34.895;34.795;5358;
f866872b-8f68-4b6e-930f-749fe9aa79c0;2024-11-27T12:46:00Z;34.78;34.78;34.78;34.73;11144;
f866872b-8f68-4b6e-930f-749fe9aa79c0;2024-11-27T12:47:00Z;34.78;34.79;34.815;34.755;3433;
f866872b-8f68-4b6e-930f-749fe9aa79c0;2024-11-27T12:48:00Z;34.835;34.855;34.88;34.835;935;
f866872b-8f68-4b6e-930f-749fe9aa79c0;2024-11-27T12:49:00Z;34.83;34.825;34.855;34.825;1511;
f866872b-8f68-4b6e-930f-749fe9aa79c0;2024-11-27T12:50:00Z;34.825;34.79;34.825;34.79;3187;
f866872b-8f68-4b6e-930f-749fe9aa79c0;2024-11-27T12:51:00Z;34.755;34.775;34.775;34.735;4297;
f866872b-8f68-4b6e-930f-749fe9aa79c0;2024-11-27T12:52:00Z;34.76;34.755;34.76;34.73;8954;
f866872b-8f68-4b6e-930f-749fe9aa79c0;2024-11-27T12:53:00Z;34.745;34.71;34.745;34.69;11270;
f866872b-8f68-4b6e-930f-749fe9aa79c0;2024-11-27T12:54:00Z;34.7;34.715;34.715;34.7;9705;
f866872b-8f68-4b6e-930f-749fe9aa79c0;2024-11-27T12:55:00Z;34.715;34.725;34.75;34.7;2624;
f866872b-8f68-4b6e-930f-749fe9aa79c0;2024-11-27T12:56:00Z;34.72;34.715;34.75;34.715;2486;
f866872b-8f68-4b6e-930f-749fe9aa79c0;2024-11-27T12:57:00Z;34.71;34.71;34.74;34.7;377;
f866872b-8f68-4b6e-930f-749fe9aa79c0;2024-11-27T12:58:00Z;34.705;34.355;34.71;34.355;22288;
f866872b-8f68-4b6e-930f-749fe9aa79c0;2024-11-27T12:59:00Z;34.36;34.4;34.4;34.36;4292;
f866872b-8f68-4b6e-930f-749fe9aa79c0;2024-11-27T13:00:00Z;34.4;34.39;34.4;34.37;7300;
f866872b-8f68-4b6e-930f-749fe9aa79c0;2024-11-27T13:01:00Z;34.375;34.23;34.38;34.225;10808;
f866872b-8f68-4b6e-930f-749fe9aa79c0;2024-11-27T13:02:00Z;34.235;34.55;34.55;34.23;17870;
f866872b-8f68-4b6e-930f-749fe9aa79c0;2024-11-27T13:03:00Z;34.555;34.595;34.685;34.555;10092;
f866872b-8f68-4b6e-930f-749fe9aa79c0;2024-11-27T13:04:00Z;34.615;34.565;34.615;34.51;1334;
f866872b-8f68-4b6e-930f-749fe9aa79c0;2024-11-27T13:05:00Z;34.565;34.49;34.64;34.49;4124;
f866872b-8f68-4b6e-930f-749fe9aa79c0;2024-11-27T13:06:00Z;34.48;34.51;34.54;34.48;7371;
f866872b-8f68-4b6e-930f-749fe9aa79c0;2024-11-27T13:07:00Z;34.54;34.625;34.625;34.54;659;
f866872b-8f68-4b6e-930f-749fe9aa79c0;2024-11-27T13:08:00Z;34.62;34.565;34.73;34.565;8508;
f866872b-8f68-4b6e-930f-749fe9aa79c0;2024-11-27T13:09:00Z;34.555;34.5;34.565;34.5;2489;
f866872b-8f68-4b6e-930f-749fe9aa79c0;2024-11-27T13:10:00Z;34.525;34.6;34.6;34.5;1400;
f866872b-8f68-4b6e-930f-749fe9aa79c0;2024-11-27T13:11:00Z;34.6;34.585;34.61;34.585;104;
f866872b-8f68-4b6e-930f-749fe9aa79c0;2024-11-27T13:12:00Z;34.6;34.6;34.605;34.57;2040;
f866872b-8f68-4b6e-930f-749fe9aa79c0;2024-11-27T13:13:00Z;34.6;34.565;34.6;34.53;2797;
f866872b-8f68-4b6e-930f-749fe9aa79c0;2024-11-27T13:14:00Z;34.585;34.565;34.6;34.565;662;
f866872b-8f68-4b6e-930f-749fe9aa79c0;2024-11-27T13:15:00Z;34.585;34.57;34.585;34.56;98;
f866872b-8f68-4b6e-930f-749fe9aa79c0;2024-11-27T13:16:00Z;34.585;34.6;34.605;34.585;113;
f866872b-8f68-4b6e-930f-749fe9aa79c0;2024-11-27T13:17:00Z;34.58;34.545;34.58;34.545;2595;
f866872b-8f68-4b6e-930f-749fe9aa79c0;2024-11-27T13:18:00Z;34.545;34.5;34.545;34.5;895;
f866872b-8f68-4b6e-930f-749fe9aa79c0;2024-11-27T13:19:00Z;34.5;34.405;34.5;34.405;2202;
f866872b-8f68-4b6e-930f-749fe9aa79c0;2024-11-27T13:20:00Z;34.405;34.4;34.41;34.35;2130;
f866872b-8f68-4b6e-930f-749fe9aa79c0;2024-11-27T13:21:00Z;34.395;34.43;34.43;34.355;896;
f866872b-8f68-4b6e-930f-749fe9aa79c0;2024-11-27T13:22:00Z;34.45;34.41;34.45;34.41;1637;
f866872b-8f68-4b6e-930f-749fe9aa79c0;2024-11-27T13:23:00Z;34.4;34.345;34.405;34.345;2072;
f866872b-8f68-4b6e-930f-749fe9aa79c0;2024-11-27T13:24:00Z;34.34;34.325;34.345;34.325;335;
f866872b-8f68-4b6e-930f-749fe9aa79c0;2024-11-27T13:25:00Z;34.335;34.335;34.335;34.295;2684;
f866872b-8f68-4b6e-930f-749fe9aa79c0;2024-11-27T13:26:00Z;34.33;34.335;34.335;34.305;212;
f866872b-8f68-4b6e-930f-749fe9aa79c0;2024-11-27T13:27:00Z;34.305;34.395;34.395;34.305;9309;
f866872b-8f68-4b6e-930f-749fe9aa79c0;2024-11-27T13:28:00Z;34.375;34.38;34.38;34.37;85;
f866872b-8f68-4b6e-930f-749fe9aa79c0;2024-11-27T13:29:00Z;34.38;34.36;34.385;34.33;3112;
f866872b-8f68-4b6e-930f-749fe9aa79c0;2024-11-27T13:30:00Z;34.36;34.41;34.41;34.36;695;
f866872b-8f68-4b6e-930f-749fe9aa79c0;2024-11-27T13:31:00Z;34.41;34.405;34.41;34.38;756;
f866872b-8f68-4b6e-930f-749fe9aa79c0;2024-11-27T13:32:00Z;34.38;34.41;34.41;34.38;86;
f866872b-8f68-4b6e-930f-749fe9aa79c0;2024-11-27T13:33:00Z;34.405;34.45;34.45;34.405;6932;
f866872b-8f68-4b6e-930f-749fe9aa79c0;2024-11-27T13:34:00Z;34.45;34.44;34.45;34.395;6306;
f866872b-8f68-4b6e-930f-749fe9aa79c0;2024-11-27T13:35:00Z;34.425;34.27;34.425;34.12;40052;
f866872b-8f68-4b6e-930f-749fe9aa79c0;2024-11-27T13:36:00Z;34.265;34.31;34.325;34.25;1387;
f866872b-8f68-4b6e-930f-749fe9aa79c0;2024-11-27T13:37:00Z;34.32;34.32;34.325;34.32;150;
f866872b-8f68-4b6e-930f-749fe9aa79c0;2024-11-27T13:38:00Z;34.32;34.37;34.38;34.32;834;
f866872b-8f68-4b6e-930f-749fe9aa79c0;2024-11-27T13:39:00Z;34.385;34.45;34.45;34.385;9491;
f866872b-8f68-4b6e-930f-749fe9aa79c0;2024-11-27T13:40:00Z;34.45;34.45;34.45;34.425;5772;
f866872b-8f68-4b6e-930f-749fe9aa79c0;2024-11-27T13:41:00Z;34.45;34.45;34.45;34.445;1228;
f866872b-8f68-4b6e-930f-749fe9aa79c0;2024-11-27T13:42:00Z;34.45;34.44;34.45;34.44;4477;
f866872b-8f68-4b6e-930f-749fe9aa79c0;2024-11-27T13:43:00Z;34.445;34.38;34.445;34.38;802;
f866872b-8f68-4b6e-930f-749fe9aa79c0;2024-11-27T13:44:00Z;34.38;34.375;34.395;34.375;396;
f866872b-8f68-4b6e-930f-749fe9aa79c0;2024-11-27T13:45:00Z;34.39;34.4;34.4;34.38;2229;
f866872b-8f68-4b6e-930f-749fe9aa79c0;2024-11-27T13:46:00Z;34.395;34.37;34.4;34.37;201;
f866872b-8f68-4b6e-930f-749fe9aa79c0;2024-11-27T13:47:00Z;34.37;34.33;34.37;34.33;161;
f866872b-8f68-4b6e-930f-749fe9aa79c0;2024-11-27T13:48:00Z;34.34;34.27;34.34;34.25;3438;
f866872b-8f68-4b6e-930f-749fe9aa79c0;2024-11-27T13:49:00Z;34.255;34.265;34.275;34.255;340;
f866872b-8f68-4b6e-930f-749fe9aa79c0;2024-11-27T13:50:00Z;34.265;34.35;34.35;34.265;505;
f866872b-8f68-4b6e-930f-749fe9aa79c0;2024-11-27T13:51:00Z;34.36;34.375;34.39;34.345;3705;
f866872b-8f68-4b6e-930f-749fe9aa79c0;2024-11-27T13:52:00Z;34.37;34.395;34.4;34.345;1228;
f866872b-8f68-4b6e-930f-749fe9aa79c0;2024-11-27T13:53:00Z;34.4;34.33;34.4;34.315;1184;
f866872b-8f68-4b6e-930f-749fe9aa79c0;2024-11-27T13:54:00Z;34.34;34.295;34.36;34.28;414;
f866872b-8f68-4b6e-930f-749fe9aa79c0;2024-11-27T13:55:00Z;34.3;34.4;34.4;34.28;561;
f866872b-8f68-4b6e-930f-749fe9aa79c0;2024-11-27T13:56:00Z;34.395;34.38;34.395;34.34;1832;
f866872b-8f68-4b6e-930f-749fe9aa79c0;2024-11-27T13:57:00Z;34.39;34.4;34.4;34.385;2278;
f866872b-8f68-4b6e-930f-749fe9aa79c0;2024-11-27T13:58:00Z;34.4;34.395;34.4;34.39;4957;
f866872b-8f68-4b6e-930f-749fe9aa79c0;2024-11-27T13:59:00Z;34.4;34.38;34.4;34.38;1184;
f866872b-8f68-4b6e-930f-749fe9aa79c0;2024-11-27T14:00:00Z;34.395;34.4;34.4;34.395;4099;
f866872b-8f68-4b6e-930f-749fe9aa79c0;2024-11-27T14:01:00Z;34.4;34.39;34.4;34.39;1329;
f866872b-8f68-4b6e-930f-749fe9aa79c0;2024-11-27T14:02:00Z;34.39;34.39;34.4;34.39;2031;
f866872b-8f68-4b6e-930f-749fe9aa79c0;2024-11-27T14:03:00Z;34.385;34.36;34.395;34.36;170;
f866872b-8f68-4b6e-930f-749fe9aa79c0;2024-11-27T14:04:00Z;34.37;34.395;34.4;34.365;496;
f866872b-8f68-4b6e-930f-749fe9aa79c0;2024-11-27T14:05:00Z;34.385;34.325;34.395;34.31;1043;
f866872b-8f68-4b6e-930f-749fe9aa79c0;2024-11-27T14:06:00Z;34.325;34.32;34.325;34.31;21;
f866872b-8f68-4b6e-930f-749fe9aa79c0;2024-11-27T14:07:00Z;34.315;34.3;34.32;34.3;610;
f866872b-8f68-4b6e-930f-749fe9aa79c0;2024-11-27T14:08:00Z;34.305;34.28;34.31;34.28;71;
f866872b-8f68-4b6e-930f-749fe9aa79c0;2024-11-27T14:09:00Z;34.28;34.25;34.285;34.25;585;
f866872b-8f68-4b6e-930f-749fe9aa79c0;2024-11-27T14:10:00Z;34.24;34.15;34.24;34.125;5979;
f866872b-8f68-4b6e-930f-749fe9aa79c0;2024-11-27T14:11:00Z;34.12;34.185;34.19;34.12;392;
f866872b-8f68-4b6e-930f-749fe9aa79c0;2024-11-27T14:12:00Z;34.18;34.23;34.265;34.18;1106;
f866872b-8f68-4b6e-930f-749fe9aa79c0;2024-11-27T14:13:00Z;34.25;34.22;34.25;34.22;59;
f866872b-8f68-4b6e-930f-749fe9aa79c0;2024-11-27T14:14:00Z;34.22;34.21;34.22;34.21;370;
f866872b-8f68-4b6e-930f-749fe9aa79c0;2024-11-27T14:15:00Z;34.21;34.235;34.235;34.21;1017;
f866872b-8f68-4b6e-930f-749fe9aa79c0;2024-11-27T14:16:00Z;34.235;34.225;34.235;34.215;935;
f866872b-8f68-4b6e-930f-749fe9aa79c0;2024-11-27T14:17:00Z;34.235;34.12;34.235;34.115;1125;
f866872b-8f68-4b6e-930f-749fe9aa79c0;2024-11-27T14:18:00Z;34.12;34.12;34.135;34.09;3506;
f866872b-8f68-4b6e-930f-749fe9aa79c0;2024-11-27T14:19:00Z;34.12;34.145;34.215;34.11;4726;
f866872b-8f68-4b6e-930f-749fe9aa79c0;2024-11-27T14:20:00Z;34.155;34.17;34.17;34.155;226;
f866872b-8f68-4b6e-930f-749fe9aa79c0;2024-11-27T14:21:00Z;34.17;34.16;34.17;34.155;3159;
f866872b-8f68-4b6e-930f-749fe9aa79c0;2024-11-27T14:22:00Z;34.13;34.13;34.16;34.13;1746;
f866872b-8f68-4b6e-930f-749fe9aa79c0;2024-11-27T14:23:00Z;34.15;34.15;34.15;34.15;29;
f866872b-8f68-4b6e-930f-749fe9aa79c0;2024-11-27T14:24:00Z;34.15;34.135;34.15;34.135;22;
f866872b-8f68-4b6e-930f-749fe9aa79c0;2024-11-27T14:25:00Z;34.15;34.1;34.15;34.075;11176;
f866872b-8f68-4b6e-930f-749fe9aa79c0;2024-11-27T14:26:00Z;34.1;34.115;34.115;34.09;1108;
f866872b-8f68-4b6e-930f-749fe9aa79c0;2024-11-27T14:27:00Z;34.105;34.17;34.17;34.105;157;
f866872b-8f68-4b6e-930f-749fe9aa79c0;2024-11-27T14:28:00Z;34.17;34.205;34.215;34.17;1322;
f866872b-8f68-4b6e-930f-749fe9aa79c0;2024-11-27T14:29:00Z;34.195;34.16;34.195;34.16;3;
f866872b-8f68-4b6e-930f-749fe9aa79c0;2024-11-27T14:30:00Z;34.155;34.155;34.155;34.15;786;
f866872b-8f68-4b6e-930f-749fe9aa79c0;2024-11-27T14:31:00Z;34.15;34.14;34.175;34.1;3948;
f866872b-8f68-4b6e-930f-749fe9aa79c0;2024-11-27T14:32:00Z;34.13;34.17;34.17;34.13;15;
f866872b-8f68-4b6e-930f-749fe9aa79c0;2024-11-27T14:33:00Z;34.175;34.165;34.22;34.145;4562;
f866872b-8f68-4b6e-930f-749fe9aa79c0;2024-11-27T14:34:00Z;34.155;34.165;34.165;34.155;4518;
f866872b-8f68-4b6e-930f-749fe9aa79c0;2024-11-27T14:35:00Z;34.165;34.165;34.165;34.155;497;
f866872b-8f68-4b6e-930f-749fe9aa79c0;2024-11-27T14:36:00Z;34.165;34.16;34.165;34.155;663;
f866872b-8f68-4b6e-930f-749fe9aa79c0;2024-11-27T14:37:00Z;34.165;34.22;34.22;34.16;1825;
f866872b-8f68-4b6e-930f-749fe9aa79c0;2024-11-27T14:38:00Z;34.22;34.155;34.22;34.13;4438;
f866872b-8f68-4b6e-930f-749fe9aa79c0;2024-11-27T14:39:00Z;34.115;34.105;34.145;34.1;465;
f866872b-8f68-4b6e-930f-749fe9aa79c0;2024-11-27T14:40:00Z;34.13;34.13;34.135;34.105;113;
f866872b-8f68-4b6e-930f-749fe9aa79c0;2024-11-27T14:41:00Z;34.14;34.15;34.165;34.14;493;
f866872b-8f68-4b6e-930f-749fe9aa79c0;2024-11-27T14:42:00Z;34.155;34.12;34.155;34.1;845;
f866872b-8f68-4b6e-930f-749fe9aa79c0;2024-11-27T14:43:00Z;34.125;34.14;34.15;34.125;918;
f866872b-8f68-4b6e-930f-749fe9aa79c0;2024-11-27T14:44:00Z;34.14;34.17;34.17;34.14;2009;
f866872b-8f68-4b6e-930f-749fe9aa79c0;2024-11-27T14:45:00Z;34.175;34.165;34.21;34.155;4317;
f866872b-8f68-4b6e-930f-749fe9aa79c0;2024-11-27T14:46:00Z;34.16;34.12;34.165;34.12;1194;
f866872b-8f68-4b6e-930f-749fe9aa79c0;2024-11-27T14:47:00Z;34.14;34.155;34.16;34.14;86;
f866872b-8f68-4b6e-930f-749fe9aa79c0;2024-11-27T14:48:00Z;34.145;34.15;34.155;34.135;125;
f866872b-8f68-4b6e-930f-749fe9aa79c0;2024-11-27T14:49:00Z;34.155;34.16;34.165;34.15;1108;
f866872b-8f68-4b6e-930f-749fe9aa79c0;2024-11-27T14:50:00Z;34.14;34.125;34.15;34.115;2811;
f866872b-8f68-4b6e-930f-749fe9aa79c0;2024-11-27T14:51:00Z;34.125;34.1;34.125;34.075;9372;
f866872b-8f68-4b6e-930f-749fe9aa79c0;2024-11-27T14:52:00Z;34.095;34.08;34.1;34.075;6296;
f866872b-8f68-4b6e-930f-749fe9aa79c0;2024-11-27T14:53:00Z;34.08;34.08;34.08;34.075;868;
f866872b-8f68-4b6e-930f-749fe9aa79c0;2024-11-27T14:54:00Z;34.08;34.08;34.09;34.075;9640;
f866872b-8f68-4b6e-930f-749fe9aa79c0;2024-11-27T14:55:00Z;34.1;34.155;34.165;34.085;501;
f866872b-8f68-4b6e-930f-749fe9aa79c0;2024-11-27T14:56:00Z;34.155;34.255;34.27;34.155;3608;
f866872b-8f68-4b6e-930f-749fe9aa79c0;2024-11-27T14:57:00Z;34.245;34.435;34.44;34.245;11553;
f866872b-8f68-4b6e-930f-749fe9aa79c0;2024-11-27T14:58:00Z;34.425;34.375;34.425;34.355;4615;
f866872b-8f68-4b6e-930f-749fe9aa79c0;2024-11-27T14:59:00Z;34.375;34.37;34.38;34.365;828;
f866872b-8f68-4b6e-930f-749fe9aa79c0;2024-11-27T15:00:00Z;34.37;34.41;34.41;34.37;1480;
f866872b-8f68-4b6e-930f-749fe9aa79c0;2024-11-27T15:01:00Z;34.4;34.37;34.4;34.35;1342;
f866872b-8f68-4b6e-930f-749fe9aa79c0;2024-11-27T15:02:00Z;34.35;34.375;34.38;34.32;1523;
f866872b-8f68-4b6e-930f-749fe9aa79c0;2024-11-27T15:03:00Z;34.375;34.345;34.385;34.32;3804;
f866872b-8f68-4b6e-930f-749fe9aa79c0;2024-11-27T15:04:00Z;34.345;34.355;34.355;34.325;685;
f866872b-8f68-4b6e-930f-749fe9aa79c0;2024-11-27T15:05:00Z;34.365;34.345;34.365;34.33;1578;
f866872b-8f68-4b6e-930f-749fe9aa79c0;2024-11-27T15:06:00Z;34.34;34.355;34.365;34.3;4317;
f866872b-8f68-4b6e-930f-749fe9aa79c0;2024-11-27T15:07:00Z;34.35;34.37;34.37;34.345;83;
f866872b-8f68-4b6e-930f-749fe9aa79c0;2024-11-27T15:08:00Z;34.38;34.4;34.4;34.375;601;
f866872b-8f68-4b6e-930f-749fe9aa79c0;2024-11-27T15:09:00Z;34.4;34.415;34.415;34.4;762;
f866872b-8f68-4b6e-930f-749fe9aa79c0;2024-11-27T15:10:00Z;34.42;34.465;34.485;34.42;3954;
f866872b-8f68-4b6e-930f-749fe9aa79c0;2024-11-27T15:11:00Z;34.465;34.46;34.485;34.45;1226;
f866872b-8f68-4b6e-930f-749fe9aa79c0;2024-11-27T15:12:00Z;34.46;34.465;34.465;34.455;182;
f866872b-8f68-4b6e-930f-749fe9aa79c0;2024-11-27T15:13:00Z;34.465;34.48;34.48;34.465;102;
f866872b-8f68-4b6e-930f-749fe9aa79c0;2024-11-27T15:14:00Z;34.465;34.485;34.485;34.465;169;
f866872b-8f68-4b6e-930f-749fe9aa79c0;2024-11-27T15:15:00Z;34.485;34.55;34.55;34.485;3912;
f866872b-8f68-4b6e-930f-749fe9aa79c0;2024-11-27T15:16:00Z;34.56;34.525;34.585;34.5;2110;
f866872b-8f68-4b6e-930f-749fe9aa79c0;2024-11-27T15:17:00Z;34.51;34.5;34.51;34.475;1485;
f866872b-8f68-4b6e-930f-749fe9aa79c0;2024-11-27T15:18:00Z;34.5;34.565;34.565;34.5;1632;
f866872b-8f68-4b6e-930f-749fe9aa79c0;2024-11-27T15:19:00Z;34.56;34.595;34.6;34.555;1161;
f866872b-8f68-4b6e-930f-749fe9aa79c0;2024-11-27T15:20:00Z;34.595;34.615;34.615;34.595;1708;
f866872b-8f68-4b6e-930f-749fe9aa79c0;2024-11-27T15:21:00Z;34.625;34.625;34.635;34.6;2217;
f866872b-8f68-4b6e-930f-749fe9aa79c0;2024-11-27T15:22:00Z;34.625;34.675;34.69;34.62;2974;
f866872b-8f68-4b6e-930f-749fe9aa79c0;2024-11-27T15:23:00Z;34.675;34.67;34.675;34.67;331;
f866872b-8f68-4b6e-930f-749fe9aa79c0;2024-11-27T15:24:00Z;34.67;34.685;34.715;34.67;1904;
f866872b-8f68-4b6e-930f-749fe9aa79c0;2024-11-27T15:25:00Z;34.685;34.7;34.7;34.675;369;
f866872b-8f68-4b6e-930f-749fe9aa79c0;2024-11-27T15:26:00Z;34.68;34.665;34.7;34.665;1600;
f866872b-8f68-4b6e-930f-749fe9aa79c0;2024-11-27T15:27:00Z;34.675;34.675;34.68;34.665;133;
f866872b-8f68-4b6e-930f-749fe9aa79c0;2024-11-27T15:28:00Z;34.67;34.64;34.67;34.62;1693;
f866872b-8f68-4b6e-930f-749fe9aa79c0;2024-11-27T15:29:00Z;34.635;34.585;34.64;34.585;331;
f866872b-8f68-4b6e-930f-749fe9aa79c0;2024-11-27T15:30:00Z;34.595;34.545;34.6;34.535;3769;
f866872b-8f68-4b6e-930f-749fe9aa79c0;2024-11-27T15:31:00Z;34.545;34.545;34.545;34.505;4656;
f866872b-8f68-4b6e-930f-749fe9aa79c0;2024-11-27T15:32:00Z;34.545;34.5;34.555;34.5;3164;
f866872b-8f68-4b6e-930f-749fe9aa79c0;2024-11-27T15:33:00Z;34.505;34.51;34.53;34.505;991;
f866872b-8f68-4b6e-930f-749fe9aa79c0;2024-11-27T15:34:00Z;34.505;34.54;34.54;34.505;680;
f866872b-8f68-4b6e-930f-749fe9aa79c0;2024-11-27T15:35:00Z;34.525;34.535;34.555;34.525;256;
f866872b-8f68-4b6e-930f-749fe9aa79c0;2024-11-27T15:36:00Z;34.545;34.54;34.545;34.515;205;
f866872b-8f68-4b6e-930f-749fe9aa79c0;2024-11-27T15:37:00Z;34.51;34.505;34.51;34.505;252;
f866872b-8f68-4b6e-930f-749fe9aa79c0;2024-11-27T15:38:00Z;34.51;34.505;34.52;34.505;939;
f866872b-8f68-4b6e-930f-749fe9aa79c0;2024-11-27T15:39:00Z;34.505;34.51;34.515;34.505;258;
f866872b-8f68-4b6e-930f-749fe9aa79c0;2024-11-27T15:45:00Z;34.5;34.5;34.5;34.5;5860;
f866872b-8f68-4b6e-930f-749fe9aa79c0;2024-11-27T15:47:00Z;34.5;34.5;34.5;34.5;100;
f866872b-8f68-4b6e-930f-749fe9aa79c0;2024-11-27T15:48:00Z;34.5;34.5;34.5;34.5;1500;
f866872b-8f68-4b6e-930f-749fe9aa79c0;2024-11-27T15:49:00Z;34.5;34.5;34.5;34.5;50;
f866872b-8f68-4b6e-930f-749fe9aa79c0;2024-11-27T16:04:00Z;34.52;34.52;34.52;34.52;611;
f866872b-8f68-4b6e-930f-749fe9aa79c0;2024-11-27T16:05:00Z;34.55;34.5;34.585;34.5;5163;
f866872b-8f68-4b6e-930f-749fe9aa79c0;2024-11-27T16:06:00Z;34.535;34.505;34.535;34.505;359;
f866872b-8f68-4b6e-930f-749fe9aa79c0;2024-11-27T16:07:00Z;34.505;34.51;34.51;34.5;10652;
f866872b-8f68-4b6e-930f-749fe9aa79c0;2024-11-27T16:08:00Z;34.525;34.515;34.525;34.505;473;
f866872b-8f68-4b6e-930f-749fe9aa79c0;2024-11-27T16:09:00Z;34.515;34.51;34.515;34.505;654;
f866872b-8f68-4b6e-930f-749fe9aa79c0;2024-11-27T16:10:00Z;34.515;34.51;34.54;34.505;414;
f866872b-8f68-4b6e-930f-749fe9aa79c0;2024-11-27T16:11:00Z;34.51;34.505;34.525;34.5;2809;
f866872b-8f68-4b6e-930f-749fe9aa79c0;2024-11-27T16:12:00Z;34.515;34.515;34.515;34.51;231;
f866872b-8f68-4b6e-930f-749fe9aa79c0;2024-11-27T16:13:00Z;34.52;34.505;34.54;34.49;4308;
f866872b-8f68-4b6e-930f-749fe9aa79c0;2024-11-27T16:14:00Z;34.485;34.43;34.515;34.43;3311;
f866872b-8f68-4b6e-930f-749fe9aa79c0;2024-11-27T16:15:00Z;34.435;34.395;34.435;34.37;2350;
f866872b-8f68-4b6e-930f-749fe9aa79c0;2024-11-27T16:16:00Z;34.395;34.445;34.49;34.395;5742;
f866872b-8f68-4b6e-930f-749fe9aa79c0;2024-11-27T16:17:00Z;34.445;34.405;34.445;34.405;24;
f866872b-8f68-4b6e-930f-749fe9aa79c0;2024-11-27T16:18:00Z;34.415;34.43;34.44;34.415;1502;
f866872b-8f68-4b6e-930f-749fe9aa79c0;2024-11-27T16:19:00Z;34.445;34.505;34.505;34.445;645;
f866872b-8f68-4b6e-930f-749fe9aa79c0;2024-11-27T16:20:00Z;34.52;34.525;34.535;34.5;1592;
f866872b-8f68-4b6e-930f-749fe9aa79c0;2024-11-27T16:21:00Z;34.54;34.555;34.565;34.515;205;
f866872b-8f68-4b6e-930f-749fe9aa79c0;2024-11-27T16:22:00Z;34.565;34.62;34.635;34.565;2492;
f866872b-8f68-4b6e-930f-749fe9aa79c0;2024-11-27T16:23:00Z;34.62;34.58;34.62;34.58;639;
f866872b-8f68-4b6e-930f-749fe9aa79c0;2024-11-27T16:24:00Z;34.55;34.6;34.605;34.54;333;
f866872b-8f68-4b6e-930f-749fe9aa79c0;2024-11-27T16:25:00Z;34.61;34.65;34.66;34.61;2054;
f866872b-8f68-4b6e-930f-749fe9aa79c0;2024-11-27T16:26:00Z;34.645;34.685;34.685;34.645;900;
f866872b-8f68-4b6e-930f-749fe9aa79c0;2024-11-27T16:27:00Z;34.685;34.74;34.74;34.685;7119;
f866872b-8f68-4b6e-930f-749fe9aa79c0;2024-11-27T16:28:00Z;34.73;34.83;34.855;34.73;24028;
f866872b-8f68-4b6e-930f-749fe9aa79c0;2024-11-27T16:29:00Z;34.84;34.93;34.995;34.84;21863;
f866872b-8f68-4b6e-930f-749fe9aa79c0;2024-11-27T16:30:00Z;34.93;34.93;34.995;34.93;10043;
f866872b-8f68-4b6e-930f-749fe9aa79c0;2024-11-27T16:31:00Z;34.92;34.92;34.945;34.92;1383;
f866872b-8f68-4b6e-930f-749fe9aa79c0;2024-11-27T16:32:00Z;34.91;34.855;34.91;34.8;5535;
f866872b-8f68-4b6e-930f-749fe9aa79c0;2024-11-27T16:33:00Z;34.86;34.81;34.86;34.805;3222;
f866872b-8f68-4b6e-930f-749fe9aa79c0;2024-11-27T16:34:00Z;34.81;34.91;34.915;34.81;2559;
f866872b-8f68-4b6e-930f-749fe9aa79c0;2024-11-27T16:35:00Z;34.915;34.93;34.93;34.905;2579;
f866872b-8f68-4b6e-930f-749fe9aa79c0;2024-11-27T16:36:00Z;34.93;35.02;35.02;34.93;8916;
f866872b-8f68-4b6e-930f-749fe9aa79c0;2024-11-27T16:37:00Z;35.015;35.015;35.04;35.005;1961;
f866872b-8f68-4b6e-930f-749fe9aa79c0;2024-11-27T16:38:00Z;35.005;35.06;35.06;35.005;1564;
f866872b-8f68-4b6e-930f-749fe9aa79c0;2024-11-27T16:39:00Z;35.05;35.065;35.065;35.05;1103;
f866872b-8f68-4b6e-930f-749fe9aa79c0;2024-11-27T16:40:00Z;35.065;35.09;35.095;35.065;744;
f866872b-8f68-4b6e-930f-749fe9aa79c0;2024-11-27T16:41:00Z;35.095;35.08;35.1;35.08;1490;
f866872b-8f68-4b6e-930f-749fe9aa79c0;2024-11-27T16:42:00Z;35.075;35.02;35.075;35.01;4601;
f866872b-8f68-4b6e-930f-749fe9aa79c0;2024-11-27T16:43:00Z;35.02;35.025;35.04;35.02;3938;
f866872b-8f68-4b6e-930f-749fe9aa79c0;2024-11-27T16:44:00Z;35.03;35.055;35.08;35.03;2432;
f866872b-8f68-4b6e-930f-749fe9aa79c0;2024-11-27T16:45:00Z;35.08;35.11;35.125;35.06;3221;
f866872b-8f68-4b6e-930f-749fe9aa79c0;2024-11-27T16:46:00Z;35.11;35.115;35.115;35.105;465;
f866872b-8f68-4b6e-930f-749fe9aa79c0;2024-11-27T16:47:00Z;35.105;35.085;35.105;35.05;1293;
f866872b-8f68-4b6e-930f-749fe9aa79c0;2024-11-27T16:48:00Z;35.09;35.095;35.095;35.085;350;
f866872b-8f68-4b6e-930f-749fe9aa79c0;2024-11-27T16:49:00Z;35.105;35.12;35.12;35.1;3605;
f866872b-8f68-4b6e-930f-749fe9aa79c0;2024-11-27T16:50:00Z;35.11;35.14;35.14;35.11;3292;
f866872b-8f68-4b6e-930f-749fe9aa79c0;2024-11-27T16:51:00Z;35.14;35.14;35.14;35.11;1517;
f866872b-8f68-4b6e-930f-749fe9aa79c0;2024-11-27T16:52:00Z;35.14;35.145;35.15;35.085;26279;
f866872b-8f68-4b6e-930f-749fe9aa79c0;2024-11-27T16:53:00Z;35.145;35.13;35.145;35.125;316;
f866872b-8f68-4b6e-930f-749fe9aa79c0;2024-11-27T16:54:00Z;35.13;35.245;35.275;35.08;81027;
f866872b-8f68-4b6e-930f-749fe9aa79c0;2024-11-27T16:55:00Z;35.24;35.26;35.27;35.22;19361;
f866872b-8f68-4b6e-930f-749fe9aa79c0;2024-11-27T16:56:00Z;35.26;35.255;35.26;35.235;2545;
f866872b-8f68-4b6e-930f-749fe9aa79c0;2024-11-27T16:57:00Z;35.255;35.21;35.26;35.21;6080;
f866872b-8f68-4b6e-930f-749fe9aa79c0;2024-11-27T16:58:00Z;35.215;35.095;35.215;35.065;10289;
f866872b-8f68-4b6e-930f-749fe9aa79c0;2024-11-27T16:59:00Z;35.095;35.105;35.11;35.095;785;
f866872b-8f68-4b6e-930f-749fe9aa79c0;2024-11-27T17:00:00Z;35.105;35;35.11;34.995;14508;
f866872b-8f68-4b6e-930f-749fe9aa79c0;2024-11-27T17:01:00Z;35.015;35.055;35.06;35.005;7700;
f866872b-8f68-4b6e-930f-749fe9aa79c0;2024-11-27T17:02:00Z;35.05;35.1;35.125;35.045;7394;
f866872b-8f68-4b6e-930f-749fe9aa79c0;2024-11-27T17:03:00Z;35.1;35.095;35.1;35.045;3270;
f866872b-8f68-4b6e-930f-749fe9aa79c0;2024-11-27T17:04:00Z;35.095;35.09;35.095;35.085;5186;
f866872b-8f68-4b6e-930f-749fe9aa79c0;2024-11-27T17:05:00Z;35.095;35;35.095;34.94;14785;
f866872b-8f68-4b6e-930f-749fe9aa79c0;2024-11-27T17:06:00Z;35.005;35.06;35.095;35;8138;
f866872b-8f68-4b6e-930f-749fe9aa79c0;2024-11-27T17:07:00Z;35.065;35.04;35.065;35.01;5619;
f866872b-8f68-4b6e-930f-749fe9aa79c0;2024-11-27T17:08:00Z;35.02;35.06;35.1;35.02;1329;
f866872b-8f68-4b6e-930f-749fe9aa79c0;2024-11-27T17:09:00Z;35.06;35.15;35.155;35.06;4154;
f866872b-8f68-4b6e-930f-749fe9aa79c0;2024-11-27T17:10:00Z;35.145;35.12;35.145;35.12;659;
f866872b-8f68-4b6e-930f-749fe9aa79c0;2024-11-27T17:11:00Z;35.115;35.13;35.13;35.095;4670;
f866872b-8f68-4b6e-930f-749fe9aa79c0;2024-11-27T17:12:00Z;35.13;35.13;35.145;35.095;740;
f866872b-8f68-4b6e-930f-749fe9aa79c0;2024-11-27T17:13:00Z;35.13;35.115;35.13;35.105;820;
f866872b-8f68-4b6e-930f-749fe9aa79c0;2024-11-27T17:14:00Z;35.115;35.09;35.115;35.085;266;
f866872b-8f68-4b6e-930f-749fe9aa79c0;2024-11-27T17:15:00Z;35.09;35.08;35.095;35.075;215;
f866872b-8f68-4b6e-930f-749fe9aa79c0;2024-11-27T17:16:00Z;35.08;35.07;35.08;35.065;299;
f866872b-8f68-4b6e-930f-749fe9aa79c0;2024-11-27T17:17:00Z;35.065;35;35.065;35;2482;
f866872b-8f68-4b6e-930f-749fe9aa79c0;2024-11-27T17:18:00Z;35;34.99;35;34.98;1849;
f866872b-8f68-4b6e-930f-749fe9aa79c0;2024-11-27T17:19:00Z;34.995;35;35.04;34.995;106;
f866872b-8f68-4b6e-930f-749fe9aa79c0;2024-11-27T17:20:00Z;35;35.015;35.015;34.995;632;
f866872b-8f68-4b6e-930f-749fe9aa79c0;2024-11-27T17:21:00Z;35.025;35.015;35.035;35.005;1246;
f866872b-8f68-4b6e-930f-749fe9aa79c0;2024-11-27T17:22:00Z;35.015;35.025;35.035;35.015;444;
f866872b-8f68-4b6e-930f-749fe9aa79c0;2024-11-27T17:23:00Z;35.035;35.095;35.095;35.035;5350;
f866872b-8f68-4b6e-930f-749fe9aa79c0;2024-11-27T17:24:00Z;35.095;35.13;35.13;35.095;3568;
f866872b-8f68-4b6e-930f-749fe9aa79c0;2024-11-27T17:25:00Z;35.13;35.1;35.14;35.095;1523;
f866872b-8f68-4b6e-930f-749fe9aa79c0;2024-11-27T17:26:00Z;35.095;35.095;35.11;35.095;1676;
f866872b-8f68-4b6e-930f-749fe9aa79c0;2024-11-27T17:27:00Z;35.095;35.04;35.095;35.04;423;
f866872b-8f68-4b6e-930f-749fe9aa79c0;2024-11-27T17:28:00Z;35.05;35.09;35.09;35.04;553;
f866872b-8f68-4b6e-930f-749fe9aa79c0;2024-11-27T17:29:00Z;35.09;35.085;35.09;35.085;1200;
f866872b-8f68-4b6e-930f-749fe9aa79c0;2024-11-27T17:30:00Z;35.085;35.075;35.095;35.075;3239;
f866872b-8f68-4b6e-930f-749fe9aa79c0;2024-11-27T17:31:00Z;35.1;35.115;35.115;35.1;2345;
f866872b-8f68-4b6e-930f-749fe9aa79c0;2024-11-27T17:32:00Z;35.115;35.115;35.115;35.11;134;
f866872b-8f68-4b6e-930f-749fe9aa79c0;2024-11-27T17:33:00Z;35.11;35.11;35.11;35.095;587;
f866872b-8f68-4b6e-930f-749fe9aa79c0;2024-11-27T17:34:00Z;35.105;35.09;35.11;35.09;1613;
f866872b-8f68-4b6e-930f-749fe9aa79c0;2024-11-27T17:35:00Z;35.09;35.08;35.09;35.08;3091;
f866872b-8f68-4b6e-930f-749fe9aa79c0;2024-11-27T17:36:00Z;35.08;35.085;35.085;35.07;576;
f866872b-8f68-4b6e-930f-749fe9aa79c0;2024-11-27T17:37:00Z;35.085;35.085;35.085;35.075;195;
f866872b-8f68-4b6e-930f-749fe9aa79c0;2024-11-27T17:38:00Z;35.07;35.075;35.08;35.05;1970;
f866872b-8f68-4b6e-930f-749fe9aa79c0;2024-11-27T17:39:00Z;35.06;35.05;35.06;35.05;50;
f866872b-8f68-4b6e-930f-749fe9aa79c0;2024-11-27T17:40:00Z;35.055;35.05;35.06;35.05;13110;
f866872b-8f68-4b6e-930f-749fe9aa79c0;2024-11-27T17:41:00Z;35.06;35.05;35.06;35.05;95;
f866872b-8f68-4b6e-930f-749fe9aa79c0;2024-11-27T17:42:00Z;35.05;34.995;35.05;34.95;4376;
f866872b-8f68-4b6e-930f-749fe9aa79c0;2024-11-27T17:43:00Z;34.98;34.97;34.98;34.945;1253;
f866872b-8f68-4b6e-930f-749fe9aa79c0;2024-11-27T17:44:00Z;34.97;34.895;34.97;34.86;12609;
f866872b-8f68-4b6e-930f-749fe9aa79c0;2024-11-27T17:45:00Z;34.905;35.015;35.015;34.885;2048;
f866872b-8f68-4b6e-930f-749fe9aa79c0;2024-11-27T17:46:00Z;35.015;34.97;35.015;34.96;681;
f866872b-8f68-4b6e-930f-749fe9aa79c0;2024-11-27T17:47:00Z;34.97;35;35;34.97;670;
f866872b-8f68-4b6e-930f-749fe9aa79c0;2024-11-27T17:48:00Z;34.98;34.855;34.985;34.855;8501;
f866872b-8f68-4b6e-930f-749fe9aa79c0;2024-11-27T17:49:00Z;34.89;34.97;34.97;34.87;7852;
f866872b-8f68-4b6e-930f-749fe9aa79c0;2024-11-27T17:50:00Z;34.955;34.95;34.955;34.95;14;
f866872b-8f68-4b6e-930f-749fe9aa79c0;2024-11-27T17:51:00Z;34.93;34.935;34.935;34.93;128;
f866872b-8f68-4b6e-930f-749fe9aa79c0;2024-11-27T17:52:00Z;34.935;34.96;34.96;34.935;959;
f866872b-8f68-4b6e-930f-749fe9aa79c0;2024-11-27T17:53:00Z;34.96;34.915;34.96;34.915;2046;
f866872b-8f68-4b6e-930f-749fe9aa79c0;2024-11-27T17:55:00Z;34.96;34.86;34.96;34.86;1936;
f866872b-8f68-4b6e-930f-749fe9aa79c0;2024-11-27T17:56:00Z;34.865;34.89;34.89;34.85;1508;
f866872b-8f68-4b6e-930f-749fe9aa79c0;2024-11-27T17:57:00Z;34.895;34.935;34.935;34.895;1212;
f866872b-8f68-4b6e-930f-749fe9aa79c0;2024-11-27T17:58:00Z;34.94;34.905;34.96;34.89;4084;
f866872b-8f68-4b6e-930f-749fe9aa79c0;2024-11-27T17:59:00Z;34.935;34.96;34.96;34.935;2289;
f866872b-8f68-4b6e-930f-749fe9aa79c0;2024-11-27T18:00:00Z;34.96;34.94;34.96;34.94;433;
f866872b-8f68-4b6e-930f-749fe9aa79c0;2024-11-27T18:01:00Z;34.94;34.92;34.945;34.92;521;
f866872b-8f68-4b6e-930f-749fe9aa79c0;2024-11-27T18:02:00Z;34.905;34.87;34.92;34.87;2021;
f866872b-8f68-4b6e-930f-749fe9aa79c0;2024-11-27T18:03:00Z;34.87;34.88;34.88;34.87;3399;
f866872b-8f68-4b6e-930f-749fe9aa79c0;2024-11-27T18:04:00Z;34.885;34.88;34.885;34.87;2472;
f866872b-8f68-4b6e-930f-749fe9aa79c0;2024-11-27T18:05:00Z;34.87;34.885;34.885;34.87;382;
f866872b-8f68-4b6e-930f-749fe9aa79c0;2024-11-27T18:06:00Z;34.88;34.88;34.885;34.88;56;
f866872b-8f68-4b6e-930f-749fe9aa79c0;2024-11-27T18:07:00Z;34.88;34.88;34.95;34.87;10490;
f866872b-8f68-4b6e-930f-749fe9aa79c0;2024-11-27T18:08:00Z;34.88;34.88;34.88;34.88;4;
f866872b-8f68-4b6e-930f-749fe9aa79c0;2024-11-27T18:09:00Z;34.88;34.85;34.88;34.85;1285;
f866872b-8f68-4b6e-930f-749fe9aa79c0;2024-11-27T18:10:00Z;34.855;34.85;34.855;34.85;3;
f866872b-8f68-4b6e-930f-749fe9aa79c0;2024-11-27T18:11:00Z;34.845;34.805;34.85;34.79;2553;
f866872b-8f68-4b6e-930f-749fe9aa79c0;2024-11-27T18:12:00Z;34.8;34.75;34.8;34.745;747;
f866872b-8f68-4b6e-930f-749fe9aa79c0;2024-11-27T18:13:00Z;34.765;34.765;34.785;34.765;753;
f866872b-8f68-4b6e-930f-749fe9aa79c0;2024-11-27T18:14:00Z;34.77;34.78;34.78;34.77;114;
f866872b-8f68-4b6e-930f-749fe9aa79c0;2024-11-27T18:15:00Z;34.775;34.785;34.81;34.765;3199;
f866872b-8f68-4b6e-930f-749fe9aa79c0;2024-11-27T18:16:00Z;34.79;34.795;34.795;34.79;15;
f866872b-8f68-4b6e-930f-749fe9aa79c0;2024-11-27T18:17:00Z;34.8;34.8;34.8;34.795;199;
f866872b-8f68-4b6e-930f-749fe9aa79c0;2024-11-27T18:18:00Z;34.795;34.8;34.8;34.795;364;
f866872b-8f68-4b6e-930f-749fe9aa79c0;2024-11-27T18:19:00Z;34.8;34.8;34.8;34.8;115;
f866872b-8f68-4b6e-930f-749fe9aa79c0;2024-11-27T18:20:00Z;34.795;34.8;34.8;34.795;123;
f866872b-8f68-4b6e-930f-749fe9aa79c0;2024-11-27T18:21:00Z;34.8;34.8;34.8;34.8;3;
f866872b-8f68-4b6e-930f-749fe9aa79c0;2024-11-27T18:22:00Z;34.8;34.8;34.8;34.795;1005;
f866872b-8f68-4b6e-930f-749fe9aa79c0;2024-11-27T18:23:00Z;34.8;34.795;34.8;34.79;923;
f866872b-8f68-4b6e-930f-749fe9aa79c0;2024-11-27T18:24:00Z;34.8;34.8;34.8;34.79;195;
f866872b-8f68-4b6e-930f-749fe9aa79c0;2024-11-27T18:25:00Z;34.8;34.8;34.8;34.8;2065;
f866872b-8f68-4b6e-930f-749fe9aa79c0;2024-11-27T18:26:00Z;34.8;34.8;34.8;34.795;628;
f866872b-8f68-4b6e-930f-749fe9aa79c0;2024-11-27T18:27:00Z;34.8;34.8;34.8;34.8;2460;
f866872b-8f68-4b6e-930f-749fe9aa79c0;2024-11-27T18:28:00Z;34.8;34.88;34.88;34.8;2216;
f866872b-8f68-4b6e-930f-749fe9aa79c0;2024-11-27T18:29:00Z;34.865;34.835;34.895;34.835;2512;
f866872b-8f68-4b6e-930f-749fe9aa79c0;2024-11-27T18:30:00Z;34.86;34.86;34.86;34.835;55;
f866872b-8f68-4b6e-930f-749fe9aa79c0;2024-11-27T18:31:00Z;34.86;34.865;34.865;34.85;105;
f866872b-8f68-4b6e-930f-749fe9aa79c0;2024-11-27T18:32:00Z;34.86;34.875;34.875;34.86;217;
f866872b-8f68-4b6e-930f-749fe9aa79c0;2024-11-27T18:33:00Z;34.875;34.895;34.895;34.875;829;
f866872b-8f68-4b6e-930f-749fe9aa79c0;2024-11-27T18:34:00Z;34.885;34.905;34.905;34.885;226;
f866872b-8f68-4b6e-930f-749fe9aa79c0;2024-11-27T18:35:00Z;34.9;34.905;34.905;34.9;713;
f866872b-8f68-4b6e-930f-749fe9aa79c0;2024-11-27T18:36:00Z;34.93;34.92;34.93;34.92;13;
f866872b-8f68-4b6e-930f-749fe9aa79c0;2024-11-27T18:37:00Z;34.93;34.93;34.935;34.93;150;
f866872b-8f68-4b6e-930f-749fe9aa79c0;2024-11-27T18:38:00Z;34.93;34.93;34.935;34.93;208;
f866872b-8f68-4b6e-930f-749fe9aa79c0;2024-11-27T18:39:00Z;34.935;34.94;34.94;34.935;82;
f866872b-8f68-4b6e-930f-749fe9aa79c0;2024-11-27T18:40:00Z;34.94;34.935;34.94;34.935;442;
f866872b-8f68-4b6e-930f-749fe9aa79c0;2024-11-27T18:41:00Z;34.94;34.935;34.94;34.935;64;
f866872b-8f68-4b6e-930f-749fe9aa79c0;2024-11-27T18:42:00Z;34.935;34.93;34.935;34.93;399;
f866872b-8f68-4b6e-930f-749fe9aa79c0;2024-11-27T18:43:00Z;34.935;34.935;34.935;34.93;101;
f866872b-8f68-4b6e-930f-749fe9aa79c0;2024-11-27T18:44:00Z;34.93;34.92;34.935;34.92;954;
f866872b-8f68-4b6e-930f-749fe9aa79c0;2024-11-27T18:45:00Z;34.93;34.93;34.93;34.93;64;
f866872b-8f68-4b6e-930f-749fe9aa79c0;2024-11-27T18:46:00Z;34.93;34.925;34.935;34.92;2125;
f866872b-8f68-4b6e-930f-749fe9aa79c0;2024-11-27T18:47:00Z;34.935;34.935;34.935;34.925;2051;
f866872b-8f68-4b6e-930f-749fe9aa79c0;2024-11-27T18:48:00Z;34.925;34.92;34.925;34.865;3647;
f866872b-8f68-4b6e-930f-749fe9aa79c0;2024-11-27T18:49:00Z;34.93;34.93;34.93;34.92;313;
f866872b-8f68-4b6e-930f-749fe9aa79c0;2024-11-27T18:50:00Z;34.93;34.855;34.93;34.845;1076;
f866872b-8f68-4b6e-930f-749fe9aa79c0;2024-11-27T18:51:00Z;34.855;34.86;34.865;34.84;228;
f866872b-8f68-4b6e-930f-749fe9aa79c0;2024-11-27T18:52:00Z;34.86;34.86;34.86;34.84;57;
f866872b-8f68-4b6e-930f-749fe9aa79c0;2024-11-27T18:53:00Z;34.86;34.845;34.86;34.835;37;
f866872b-8f68-4b6e-930f-749fe9aa79c0;2024-11-27T18:54:00Z;34.85;34.855;34.855;34.85;501;
f866872b-8f68-4b6e-930f-749fe9aa79c0;2024-11-27T18:55:00Z;34.855;34.85;34.855;34.85;31;
f866872b-8f68-4b6e-930f-749fe9aa79c0;2024-11-27T18:56:00Z;34.85;34.85;34.85;34.85;25;
f866872b-8f68-4b6e-930f-749fe9aa79c0;2024-11-27T18:57:00Z;34.835;34.835;34.835;34.835;17;
f866872b-8f68-4b6e-930f-749fe9aa79c0;2024-11-27T18:58:00Z;34.855;34.835;34.855;34.835;718;
f866872b-8f68-4b6e-930f-749fe9aa79c0;2024-11-27T18:59:00Z;34.835;34.845;34.855;34.835;602;
f866872b-8f68-4b6e-930f-749fe9aa79c0;2024-11-27T19:00:00Z;34.845;34.845;34.845;34.845;9;
f866872b-8f68-4b6e-930f-749fe9aa79c0;2024-11-27T19:01:00Z;34.845;34.85;34.85;34.81;958;
f866872b-8f68-4b6e-930f-749fe9aa79c0;2024-11-27T19:02:00Z;34.85;34.86;34.91;34.85;3042;
f866872b-8f68-4b6e-930f-749fe9aa79c0;2024-11-27T19:03:00Z;34.885;34.865;34.905;34.865;2001;
f866872b-8f68-4b6e-930f-749fe9aa79c0;2024-11-27T19:04:00Z;34.885;34.935;34.935;34.885;2011;
f866872b-8f68-4b6e-930f-749fe9aa79c0;2024-11-27T19:05:00Z;34.925;34.915;34.93;34.89;296;
f866872b-8f68-4b6e-930f-749fe9aa79c0;2024-11-27T19:06:00Z;34.92;34.91;34.925;34.91;317;
f866872b-8f68-4b6e-930f-749fe9aa79c0;2024-11-27T19:07:00Z;34.895;34.89;34.895;34.89;41;
f866872b-8f68-4b6e-930f-749fe9aa79c0;2024-11-27T19:08:00Z;34.87;34.81;34.885;34.81;1017;
f866872b-8f68-4b6e-930f-749fe9aa79c0;2024-11-27T19:09:00Z;34.82;34.87;34.87;34.82;4930;
f866872b-8f68-4b6e-930f-749fe9aa79c0;2024-11-27T19:10:00Z;34.84;34.86;34.86;34.84;13;
f866872b-8f68-4b6e-930f-749fe9aa79c0;2024-11-27T19:11:00Z;34.86;34.86;34.86;34.855;9;
f866872b-8f68-4b6e-930f-749fe9aa79c0;2024-11-27T19:12:00Z;34.855;34.845;34.855;34.845;772;
f866872b-8f68-4b6e-930f-749fe9aa79c0;2024-11-27T19:13:00Z;34.84;34.84;34.845;34.835;72;
f866872b-8f68-4b6e-930f-749fe9aa79c0;2024-11-27T19:14:00Z;34.84;34.82;34.845;34.82;3349;
f866872b-8f68-4b6e-930f-749fe9aa79c0;2024-11-27T19:15:00Z;34.83;34.86;34.86;34.81;4090;
f866872b-8f68-4b6e-930f-749fe9aa79c0;2024-11-27T19:17:00Z;34.905;34.885;34.905;34.885;68;
f866872b-8f68-4b6e-930f-749fe9aa79c0;2024-11-27T19:18:00Z;34.91;34.91;34.91;34.91;1;
f866872b-8f68-4b6e-930f-749fe9aa79c0;2024-11-27T19:20:00Z;34.915;34.89;34.915;34.89;215;
f866872b-8f68-4b6e-930f-749fe9aa79c0;2024-11-27T19:21:00Z;34.93;34.84;34.93;34.84;484;
f866872b-8f68-4b6e-930f-749fe9aa79c0;2024-11-27T19:22:00Z;34.85;34.82;34.86;34.82;398;
f866872b-8f68-4b6e-930f-749fe9aa79c0;2024-11-27T19:23:00Z;34.83;34.825;34.835;34.82;855;
f866872b-8f68-4b6e-930f-749fe9aa79c0;2024-11-27T19:24:00Z;34.825;34.83;34.83;34.825;70;
f866872b-8f68-4b6e-930f-749fe9aa79c0;2024-11-27T19:25:00Z;34.83;34.825;34.83;34.825;247;
f866872b-8f68-4b6e-930f-749fe9aa79c0;2024-11-27T19:26:00Z;34.825;34.825;34.825;34.825;86;
f866872b-8f68-4b6e-930f-749fe9aa79c0;2024-11-27T19:28:00Z;34.83;34.85;34.85;34.83;41;
f866872b-8f68-4b6e-930f-749fe9aa79c0;2024-11-27T19:29:00Z;34.85;34.85;34.85;34.85;1;
f866872b-8f68-4b6e-930f-749fe9aa79c0;2024-11-27T19:30:00Z;34.85;34.89;34.89;34.85;988;
f866872b-8f68-4b6e-930f-749fe9aa79c0;2024-11-27T19:32:00Z;34.875;34.875;34.875;34.875;1;
f866872b-8f68-4b6e-930f-749fe9aa79c0;2024-11-27T19:33:00Z;34.89;34.89;34.89;34.875;79;
f866872b-8f68-4b6e-930f-749fe9aa79c0;2024-11-27T19:34:00Z;34.89;34.89;34.89;34.89;97;
f866872b-8f68-4b6e-930f-749fe9aa79c0;2024-11-27T19:36:00Z;34.9;34.9;34.9;34.9;30;
f866872b-8f68-4b6e-930f-749fe9aa79c0;2024-11-27T19:37:00Z;34.9;34.865;34.91;34.865;328;
f866872b-8f68-4b6e-930f-749fe9aa79c0;2024-11-27T19:38:00Z;34.865;34.865;34.895;34.865;335;
f866872b-8f68-4b6e-930f-749fe9aa79c0;2024-11-27T19:39:00Z;34.87;34.885;34.885;34.87;50;
f866872b-8f68-4b6e-930f-749fe9aa79c0;2024-11-27T19:40:00Z;34.87;34.885;34.885;34.87;14;
f866872b-8f68-4b6e-930f-749fe9aa79c0;2024-11-27T19:42:00Z;34.895;34.895;34.895;34.885;64;
f866872b-8f68-4b6e-930f-749fe9aa79c0;2024-11-27T19:43:00Z;34.91;34.93;34.93;34.91;303;
f866872b-8f68-4b6e-930f-749fe9aa79c0;2024-11-27T19:44:00Z;34.925;34.94;34.94;34.925;1196;
f866872b-8f68-4b6e-930f-749fe9aa79c0;2024-11-27T19:45:00Z;34.94;34.92;34.94;34.92;460;
f866872b-8f68-4b6e-930f-749fe9aa79c0;2024-11-27T19:46:00Z;34.905;34.905;34.905;34.905;1;
f866872b-8f68-4b6e-930f-749fe9aa79c0;2024-11-27T19:47:00Z;34.9;34.895;34.905;34.885;3162;
f866872b-8f68-4b6e-930f-749fe9aa79c0;2024-11-27T19:48:00Z;34.885;34.91;34.925;34.885;1298;
f866872b-8f68-4b6e-930f-749fe9aa79c0;2024-11-27T19:49:00Z;34.91;34.89;34.91;34.89;168;
f866872b-8f68-4b6e-930f-749fe9aa79c0;2024-11-27T19:50:00Z;34.885;34.86;34.885;34.84;9149;
f866872b-8f68-4b6e-930f-749fe9aa79c0;2024-11-27T19:51:00Z;34.875;34.875;34.875;34.875;9;
f866872b-8f68-4b6e-930f-749fe9aa79c0;2024-11-27T19:52:00Z;34.875;34.855;34.885;34.855;100;
f866872b-8f68-4b6e-930f-749fe9aa79c0;2024-11-27T19:55:00Z;34.88;34.88;34.88;34.88;202;
f866872b-8f68-4b6e-930f-749fe9aa79c0;2024-11-27T19:56:00Z;34.87;34.87;34.87;34.87;3;
f866872b-8f68-4b6e-930f-749fe9aa79c0;2024-11-27T19:57:00Z;34.88;34.895;34.895;34.87;513;
f866872b-8f68-4b6e-930f-749fe9aa79c0;2024-11-27T19:58:00Z;34.89;34.89;34.89;34.89;11;
f866872b-8f68-4b6e-930f-749fe9aa79c0;2024-11-27T19:59:00Z;34.89;34.89;34.89;34.89;35;
f866872b-8f68-4b6e-930f-749fe9aa79c0;2024-11-27T20:00:00Z;34.895;34.89;34.895;34.89;79;
f866872b-8f68-4b6e-930f-749fe9aa79c0;2024-11-27T20:01:00Z;34.885;34.89;34.89;34.885;509;
f866872b-8f68-4b6e-930f-749fe9aa79c0;2024-11-27T20:02:00Z;34.885;34.895;34.905;34.885;580;
f866872b-8f68-4b6e-930f-749fe9aa79c0;2024-11-27T20:03:00Z;34.885;34.895;34.895;34.885;66;
f866872b-8f68-4b6e-930f-749fe9aa79c0;2024-11-27T20:04:00Z;34.895;34.925;34.975;34.895;8690;
f866872b-8f68-4b6e-930f-749fe9aa79c0;2024-11-27T20:06:00Z;34.955;34.975;34.98;34.955;1119;
f866872b-8f68-4b6e-930f-749fe9aa79c0;2024-11-27T20:07:00Z;34.98;34.99;34.99;34.975;66;
f866872b-8f68-4b6e-930f-749fe9aa79c0;2024-11-27T20:08:00Z;34.975;34.995;34.995;34.975;3435;
f866872b-8f68-4b6e-930f-749fe9aa79c0;2024-11-27T20:09:00Z;34.995;35.04;35.04;34.995;883;
f866872b-8f68-4b6e-930f-749fe9aa79c0;2024-11-27T20:10:00Z;35.035;35.055;35.06;35.035;631;
f866872b-8f68-4b6e-930f-749fe9aa79c0;2024-11-27T20:11:00Z;35.06;35.055;35.065;35.055;1061;
f866872b-8f68-4b6e-930f-749fe9aa79c0;2024-11-27T20:12:00Z;35.06;35.065;35.065;35.055;611;
f866872b-8f68-4b6e-930f-749fe9aa79c0;2024-11-27T20:13:00Z;35.065;35.03;35.1;35.03;2186;
f866872b-8f68-4b6e-930f-749fe9aa79c0;2024-11-27T20:14:00Z;35.03;35.045;35.045;35.03;31;
f866872b-8f68-4b6e-930f-749fe9aa79c0;2024-11-27T20:15:00Z;35.045;35.045;35.045;35.045;253;
f866872b-8f68-4b6e-930f-749fe9aa79c0;2024-11-27T20:16:00Z;35.045;35.035;35.045;35.03;314;
f866872b-8f68-4b6e-930f-749fe9aa79c0;2024-11-27T20:17:00Z;35.035;35.065;35.065;35.035;201;
f866872b-8f68-4b6e-930f-749fe9aa79c0;2024-11-27T20:18:00Z;35.065;35.035;35.065;35.035;333;
f866872b-8f68-4b6e-930f-749fe9aa79c0;2024-11-27T20:19:00Z;35.045;35.045;35.045;35.045;3;
f866872b-8f68-4b6e-930f-749fe9aa79c0;2024-11-27T20:20:00Z;35.06;35.06;35.06;35.06;19;
f866872b-8f68-4b6e-930f-749fe9aa79c0;2024-11-27T20:21:00Z;35.06;35.055;35.065;35.055;79;
f866872b-8f68-4b6e-930f-749fe9aa79c0;2024-11-27T20:22:00Z;35.055;35.06;35.065;35.055;44;
f866872b-8f68-4b6e-930f-749fe9aa79c0;2024-11-27T20:23:00Z;35.06;35.06;35.06;35.06;122;
f866872b-8f68-4b6e-930f-749fe9aa79c0;2024-11-27T20:24:00Z;35.06;35.1;35.1;35.06;622;
f866872b-8f68-4b6e-930f-749fe9aa79c0;2024-11-27T20:25:00Z;35.09;35.11;35.11;35.09;357;
f866872b-8f68-4b6e-930f-749fe9aa79c0;2024-11-27T20:26:00Z;35.115;35.145;35.145;35.115;1781;
f866872b-8f68-4b6e-930f-749fe9aa79c0;2024-11-27T20:27:00Z;35.15;35.12;35.155;35.12;706;
f866872b-8f68-4b6e-930f-749fe9aa79c0;2024-11-27T20:28:00Z;35.135;35.175;35.18;35.13;429;
f866872b-8f68-4b6e-930f-749fe9aa79c0;2024-11-27T20:29:00Z;35.175;35.195;35.215;35.165;4746;
f866872b-8f68-4b6e-930f-749fe9aa79c0;2024-11-27T20:30:00Z;35.19;35.18;35.19;35.18;347;
f866872b-8f68-4b6e-930f-749fe9aa79c0;2024-11-27T20:31:00Z;35.19;35.18;35.19;35.18;698;
f866872b-8f68-4b6e-930f-749fe9aa79c0;2024-11-27T20:32:00Z;35.185;35.19;35.19;35.18;12;
f866872b-8f68-4b6e-930f-749fe9aa79c0;2024-11-27T20:33:00Z;35.185;35.15;35.2;35.15;2574;
f866872b-8f68-4b6e-930f-749fe9aa79c0;2024-11-27T20:34:00Z;35.15;35.185;35.205;35.15;1274;
f866872b-8f68-4b6e-930f-749fe9aa79c0;2024-11-27T20:35:00Z;35.2;35.195;35.2;35.19;5;
f866872b-8f68-4b6e-930f-749fe9aa79c0;2024-11-27T20:36:00Z;35.195;35.175;35.195;35.155;390;
f866872b-8f68-4b6e-930f-749fe9aa79c0;2024-11-27T20:37:00Z;35.155;35.155;35.155;35.155;343;
f866872b-8f68-4b6e-930f-749fe9aa79c0;2024-11-27T20:38:00Z;35.15;35.155;35.155;35.13;895;
f866872b-8f68-4b6e-930f-749fe9aa79c0;2024-11-27T20:39:00Z;35.14;35.14;35.14;35.14;47;
f866872b-8f68-4b6e-930f-749fe9aa79c0;2024-11-27T20:40:00Z;35.14;35.14;35.14;35.14;251;
f866872b-8f68-4b6e-930f-749fe9aa79c0;2024-11-27T20:41:00Z;35.15;35.155;35.155;35.135;67;
f866872b-8f68-4b6e-930f-749fe9aa79c0;2024-11-27T20:42:00Z;35.175;35.175;35.175;35.175;16;
f866872b-8f68-4b6e-930f-749fe9aa79c0;2024-11-27T20:43:00Z;35.185;35.2;35.205;35.185;2751;
f866872b-8f68-4b6e-930f-749fe9aa79c0;2024-11-27T20:44:00Z;35.2;35.205;35.205;35.2;511;
f866872b-8f68-4b6e-930f-749fe9aa79c0;2024-11-27T20:45:00Z;35.205;35.2;35.215;35.2;5441;
f866872b-8f68-4b6e-930f-749fe9aa79c0;2024-11-27T20:46:00Z;35.2;35.205;35.205;35.2;626;
f866872b-8f68-4b6e-930f-749fe9aa79c0;2024-11-27T20:47:00Z;35.2;35.22;35.22;35.2;2264;
f866872b-8f68-4b6e-930f-749fe9aa79c0;2024-11-27T20:48:00Z;35.2;35.21;35.215;35.2;809;
f866872b-8f68-4b6e-930f-749fe9aa79c0;2024-11-27T20:49:00Z;35.21;35.215;35.215;35.2;15145;
