53b67587-96eb-4b41-8e0c-d2e3c0bdd234;2025-04-25T03:59:00Z;16.064;16.064;16.064;16.064;5;
53b67587-96eb-4b41-8e0c-d2e3c0bdd234;2025-04-25T04:00:00Z;16.064;16.136;16.15;16.064;2869;
53b67587-96eb-4b41-8e0c-d2e3c0bdd234;2025-04-25T04:01:00Z;16.135;16.125;16.158;16.118;1800;
53b67587-96eb-4b41-8e0c-d2e3c0bdd234;2025-04-25T04:02:00Z;16.12;16.142;16.142;16.105;487;
53b67587-96eb-4b41-8e0c-d2e3c0bdd234;2025-04-25T04:03:00Z;16.142;16.121;16.142;16.12;120;
53b67587-96eb-4b41-8e0c-d2e3c0bdd234;2025-04-25T04:04:00Z;16.121;16.084;16.142;16.081;3542;
53b67587-96eb-4b41-8e0c-d2e3c0bdd234;2025-04-25T04:05:00Z;16.106;16.101;16.113;16.066;3426;
53b67587-96eb-4b41-8e0c-d2e3c0bdd234;2025-04-25T04:06:00Z;16.088;16.109;16.109;16.08;1532;
53b67587-96eb-4b41-8e0c-d2e3c0bdd234;2025-04-25T04:07:00Z;16.11;16.131;16.131;16.108;939;
53b67587-96eb-4b41-8e0c-d2e3c0bdd234;2025-04-25T04:08:00Z;16.131;16.138;16.145;16.119;1363;
53b67587-96eb-4b41-8e0c-d2e3c0bdd234;2025-04-25T04:09:00Z;16.138;16.142;16.144;16.123;1263;
53b67587-96eb-4b41-8e0c-d2e3c0bdd234;2025-04-25T04:10:00Z;16.139;16.144;16.144;16.139;1270;
53b67587-96eb-4b41-8e0c-d2e3c0bdd234;2025-04-25T04:11:00Z;16.143;16.147;16.147;16.142;350;
53b67587-96eb-4b41-8e0c-d2e3c0bdd234;2025-04-25T04:12:00Z;16.147;16.125;16.147;16.125;8;
53b67587-96eb-4b41-8e0c-d2e3c0bdd234;2025-04-25T04:13:00Z;16.127;16.11;16.127;16.11;534;
53b67587-96eb-4b41-8e0c-d2e3c0bdd234;2025-04-25T04:15:00Z;16.116;16.135;16.135;16.116;112;
53b67587-96eb-4b41-8e0c-d2e3c0bdd234;2025-04-25T04:16:00Z;16.135;16.135;16.135;16.135;9;
53b67587-96eb-4b41-8e0c-d2e3c0bdd234;2025-04-25T04:17:00Z;16.14;16.137;16.141;16.137;50;
53b67587-96eb-4b41-8e0c-d2e3c0bdd234;2025-04-25T04:18:00Z;16.136;16.132;16.136;16.132;1160;
53b67587-96eb-4b41-8e0c-d2e3c0bdd234;2025-04-25T04:19:00Z;16.132;16.14;16.14;16.132;1645;
53b67587-96eb-4b41-8e0c-d2e3c0bdd234;2025-04-25T04:20:00Z;16.135;16.135;16.14;16.135;517;
53b67587-96eb-4b41-8e0c-d2e3c0bdd234;2025-04-25T04:21:00Z;16.131;16.126;16.136;16.126;467;
53b67587-96eb-4b41-8e0c-d2e3c0bdd234;2025-04-25T04:22:00Z;16.124;16.126;16.126;16.119;571;
53b67587-96eb-4b41-8e0c-d2e3c0bdd234;2025-04-25T04:23:00Z;16.121;16.121;16.122;16.121;172;
53b67587-96eb-4b41-8e0c-d2e3c0bdd234;2025-04-25T04:24:00Z;16.124;16.121;16.124;16.121;8;
53b67587-96eb-4b41-8e0c-d2e3c0bdd234;2025-04-25T04:25:00Z;16.125;16.125;16.125;16.125;4;
53b67587-96eb-4b41-8e0c-d2e3c0bdd234;2025-04-25T04:26:00Z;16.121;16.119;16.121;16.119;102;
53b67587-96eb-4b41-8e0c-d2e3c0bdd234;2025-04-25T04:27:00Z;16.119;16.12;16.122;16.119;83;
53b67587-96eb-4b41-8e0c-d2e3c0bdd234;2025-04-25T04:28:00Z;16.121;16.121;16.121;16.121;1;
53b67587-96eb-4b41-8e0c-d2e3c0bdd234;2025-04-25T04:29:00Z;16.121;16.118;16.121;16.115;415;
53b67587-96eb-4b41-8e0c-d2e3c0bdd234;2025-04-25T04:30:00Z;16.124;16.117;16.126;16.117;150;
53b67587-96eb-4b41-8e0c-d2e3c0bdd234;2025-04-25T04:32:00Z;16.122;16.122;16.122;16.122;1;
53b67587-96eb-4b41-8e0c-d2e3c0bdd234;2025-04-25T04:33:00Z;16.122;16.126;16.126;16.119;487;
53b67587-96eb-4b41-8e0c-d2e3c0bdd234;2025-04-25T04:34:00Z;16.119;16.115;16.119;16.115;183;
53b67587-96eb-4b41-8e0c-d2e3c0bdd234;2025-04-25T04:35:00Z;16.126;16.16;16.16;16.126;7455;
53b67587-96eb-4b41-8e0c-d2e3c0bdd234;2025-04-25T04:36:00Z;16.153;16.15;16.153;16.146;110;
53b67587-96eb-4b41-8e0c-d2e3c0bdd234;2025-04-25T04:37:00Z;16.146;16.146;16.146;16.146;1;
53b67587-96eb-4b41-8e0c-d2e3c0bdd234;2025-04-25T04:38:00Z;16.146;16.146;16.146;16.146;25;
53b67587-96eb-4b41-8e0c-d2e3c0bdd234;2025-04-25T04:39:00Z;16.146;16.16;16.16;16.146;1143;
53b67587-96eb-4b41-8e0c-d2e3c0bdd234;2025-04-25T04:40:00Z;16.157;16.16;16.16;16.156;219;
53b67587-96eb-4b41-8e0c-d2e3c0bdd234;2025-04-25T04:41:00Z;16.156;16.147;16.16;16.147;784;
53b67587-96eb-4b41-8e0c-d2e3c0bdd234;2025-04-25T04:42:00Z;16.157;16.156;16.169;16.152;1264;
53b67587-96eb-4b41-8e0c-d2e3c0bdd234;2025-04-25T04:43:00Z;16.161;16.16;16.161;16.152;47;
53b67587-96eb-4b41-8e0c-d2e3c0bdd234;2025-04-25T04:44:00Z;16.161;16.16;16.161;16.16;239;
53b67587-96eb-4b41-8e0c-d2e3c0bdd234;2025-04-25T04:45:00Z;16.16;16.156;16.16;16.14;748;
53b67587-96eb-4b41-8e0c-d2e3c0bdd234;2025-04-25T04:46:00Z;16.147;16.14;16.147;16.14;57;
53b67587-96eb-4b41-8e0c-d2e3c0bdd234;2025-04-25T04:47:00Z;16.14;16.14;16.14;16.14;49;
53b67587-96eb-4b41-8e0c-d2e3c0bdd234;2025-04-25T04:48:00Z;16.14;16.13;16.14;16.128;410;
53b67587-96eb-4b41-8e0c-d2e3c0bdd234;2025-04-25T04:49:00Z;16.13;16.127;16.13;16.123;461;
53b67587-96eb-4b41-8e0c-d2e3c0bdd234;2025-04-25T04:50:00Z;16.127;16.126;16.127;16.125;196;
53b67587-96eb-4b41-8e0c-d2e3c0bdd234;2025-04-25T04:51:00Z;16.127;16.127;16.127;16.123;184;
53b67587-96eb-4b41-8e0c-d2e3c0bdd234;2025-04-25T04:52:00Z;16.126;16.127;16.127;16.122;315;
53b67587-96eb-4b41-8e0c-d2e3c0bdd234;2025-04-25T04:53:00Z;16.127;16.128;16.128;16.127;161;
53b67587-96eb-4b41-8e0c-d2e3c0bdd234;2025-04-25T04:54:00Z;16.142;16.145;16.145;16.142;200;
53b67587-96eb-4b41-8e0c-d2e3c0bdd234;2025-04-25T04:55:00Z;16.146;16.151;16.151;16.146;300;
53b67587-96eb-4b41-8e0c-d2e3c0bdd234;2025-04-25T04:56:00Z;16.151;16.142;16.151;16.142;181;
53b67587-96eb-4b41-8e0c-d2e3c0bdd234;2025-04-25T04:57:00Z;16.15;16.164;16.164;16.15;473;
53b67587-96eb-4b41-8e0c-d2e3c0bdd234;2025-04-25T04:58:00Z;16.165;16.185;16.186;16.165;2229;
53b67587-96eb-4b41-8e0c-d2e3c0bdd234;2025-04-25T04:59:00Z;16.183;16.185;16.185;16.183;230;
53b67587-96eb-4b41-8e0c-d2e3c0bdd234;2025-04-25T05:00:00Z;16.18;16.168;16.18;16.167;235;
53b67587-96eb-4b41-8e0c-d2e3c0bdd234;2025-04-25T05:01:00Z;16.162;16.168;16.168;16.145;904;
53b67587-96eb-4b41-8e0c-d2e3c0bdd234;2025-04-25T05:02:00Z;16.171;16.16;16.171;16.16;141;
53b67587-96eb-4b41-8e0c-d2e3c0bdd234;2025-04-25T05:03:00Z;16.169;16.159;16.174;16.159;365;
53b67587-96eb-4b41-8e0c-d2e3c0bdd234;2025-04-25T05:04:00Z;16.171;16.155;16.171;16.155;33;
53b67587-96eb-4b41-8e0c-d2e3c0bdd234;2025-04-25T05:05:00Z;16.17;16.17;16.17;16.17;15;
53b67587-96eb-4b41-8e0c-d2e3c0bdd234;2025-04-25T05:06:00Z;16.174;16.177;16.18;16.174;749;
53b67587-96eb-4b41-8e0c-d2e3c0bdd234;2025-04-25T05:07:00Z;16.177;16.189;16.189;16.177;475;
53b67587-96eb-4b41-8e0c-d2e3c0bdd234;2025-04-25T05:08:00Z;16.19;16.193;16.195;16.189;701;
53b67587-96eb-4b41-8e0c-d2e3c0bdd234;2025-04-25T05:09:00Z;16.193;16.189;16.195;16.189;442;
53b67587-96eb-4b41-8e0c-d2e3c0bdd234;2025-04-25T05:10:00Z;16.192;16.185;16.192;16.185;429;
53b67587-96eb-4b41-8e0c-d2e3c0bdd234;2025-04-25T05:11:00Z;16.177;16.185;16.185;16.177;54;
53b67587-96eb-4b41-8e0c-d2e3c0bdd234;2025-04-25T05:12:00Z;16.18;16.185;16.185;16.18;100;
53b67587-96eb-4b41-8e0c-d2e3c0bdd234;2025-04-25T05:13:00Z;16.185;16.185;16.185;16.185;7;
53b67587-96eb-4b41-8e0c-d2e3c0bdd234;2025-04-25T05:14:00Z;16.176;16.175;16.176;16.172;44;
53b67587-96eb-4b41-8e0c-d2e3c0bdd234;2025-04-25T05:15:00Z;16.175;16.18;16.18;16.175;35;
53b67587-96eb-4b41-8e0c-d2e3c0bdd234;2025-04-25T05:16:00Z;16.174;16.18;16.18;16.17;347;
53b67587-96eb-4b41-8e0c-d2e3c0bdd234;2025-04-25T05:17:00Z;16.181;16.174;16.181;16.174;30;
53b67587-96eb-4b41-8e0c-d2e3c0bdd234;2025-04-25T05:18:00Z;16.174;16.174;16.174;16.174;1;
53b67587-96eb-4b41-8e0c-d2e3c0bdd234;2025-04-25T05:19:00Z;16.176;16.175;16.179;16.175;39;
53b67587-96eb-4b41-8e0c-d2e3c0bdd234;2025-04-25T05:20:00Z;16.177;16.177;16.178;16.175;14;
53b67587-96eb-4b41-8e0c-d2e3c0bdd234;2025-04-25T05:21:00Z;16.177;16.178;16.178;16.177;136;
53b67587-96eb-4b41-8e0c-d2e3c0bdd234;2025-04-25T05:22:00Z;16.178;16.177;16.178;16.171;355;
53b67587-96eb-4b41-8e0c-d2e3c0bdd234;2025-04-25T05:23:00Z;16.177;16.178;16.178;16.177;451;
53b67587-96eb-4b41-8e0c-d2e3c0bdd234;2025-04-25T05:24:00Z;16.178;16.171;16.178;16.171;201;
53b67587-96eb-4b41-8e0c-d2e3c0bdd234;2025-04-25T05:25:00Z;16.174;16.178;16.178;16.173;501;
53b67587-96eb-4b41-8e0c-d2e3c0bdd234;2025-04-25T05:26:00Z;16.178;16.183;16.183;16.178;244;
53b67587-96eb-4b41-8e0c-d2e3c0bdd234;2025-04-25T05:27:00Z;16.178;16.175;16.178;16.174;3;
53b67587-96eb-4b41-8e0c-d2e3c0bdd234;2025-04-25T05:28:00Z;16.174;16.183;16.183;16.174;313;
53b67587-96eb-4b41-8e0c-d2e3c0bdd234;2025-04-25T05:29:00Z;16.184;16.183;16.184;16.183;501;
53b67587-96eb-4b41-8e0c-d2e3c0bdd234;2025-04-25T05:30:00Z;16.179;16.195;16.195;16.179;917;
53b67587-96eb-4b41-8e0c-d2e3c0bdd234;2025-04-25T05:31:00Z;16.195;16.195;16.195;16.189;189;
53b67587-96eb-4b41-8e0c-d2e3c0bdd234;2025-04-25T05:32:00Z;16.194;16.197;16.197;16.194;2327;
53b67587-96eb-4b41-8e0c-d2e3c0bdd234;2025-04-25T05:33:00Z;16.196;16.197;16.197;16.196;117;
53b67587-96eb-4b41-8e0c-d2e3c0bdd234;2025-04-25T05:34:00Z;16.191;16.192;16.197;16.191;457;
53b67587-96eb-4b41-8e0c-d2e3c0bdd234;2025-04-25T05:35:00Z;16.196;16.197;16.197;16.196;960;
53b67587-96eb-4b41-8e0c-d2e3c0bdd234;2025-04-25T05:36:00Z;16.197;16.21;16.21;16.197;2446;
53b67587-96eb-4b41-8e0c-d2e3c0bdd234;2025-04-25T05:37:00Z;16.21;16.219;16.219;16.209;631;
53b67587-96eb-4b41-8e0c-d2e3c0bdd234;2025-04-25T05:38:00Z;16.219;16.22;16.22;16.219;1422;
53b67587-96eb-4b41-8e0c-d2e3c0bdd234;2025-04-25T05:39:00Z;16.219;16.235;16.235;16.214;8278;
53b67587-96eb-4b41-8e0c-d2e3c0bdd234;2025-04-25T05:40:00Z;16.234;16.235;16.246;16.234;5318;
53b67587-96eb-4b41-8e0c-d2e3c0bdd234;2025-04-25T05:41:00Z;16.225;16.269;16.273;16.224;2471;
53b67587-96eb-4b41-8e0c-d2e3c0bdd234;2025-04-25T05:42:00Z;16.266;16.249;16.266;16.249;1515;
53b67587-96eb-4b41-8e0c-d2e3c0bdd234;2025-04-25T05:43:00Z;16.242;16.249;16.249;16.242;6;
53b67587-96eb-4b41-8e0c-d2e3c0bdd234;2025-04-25T05:44:00Z;16.243;16.235;16.249;16.233;131;
53b67587-96eb-4b41-8e0c-d2e3c0bdd234;2025-04-25T05:45:00Z;16.234;16.214;16.234;16.214;4566;
53b67587-96eb-4b41-8e0c-d2e3c0bdd234;2025-04-25T05:46:00Z;16.217;16.21;16.217;16.208;272;
53b67587-96eb-4b41-8e0c-d2e3c0bdd234;2025-04-25T05:47:00Z;16.222;16.212;16.229;16.212;71;
53b67587-96eb-4b41-8e0c-d2e3c0bdd234;2025-04-25T05:48:00Z;16.212;16.219;16.219;16.212;12;
53b67587-96eb-4b41-8e0c-d2e3c0bdd234;2025-04-25T05:49:00Z;16.219;16.219;16.219;16.219;50;
53b67587-96eb-4b41-8e0c-d2e3c0bdd234;2025-04-25T05:50:00Z;16.216;16.21;16.216;16.21;317;
53b67587-96eb-4b41-8e0c-d2e3c0bdd234;2025-04-25T05:51:00Z;16.213;16.206;16.219;16.206;456;
53b67587-96eb-4b41-8e0c-d2e3c0bdd234;2025-04-25T05:52:00Z;16.219;16.219;16.219;16.212;779;
53b67587-96eb-4b41-8e0c-d2e3c0bdd234;2025-04-25T05:53:00Z;16.219;16.217;16.219;16.217;369;
53b67587-96eb-4b41-8e0c-d2e3c0bdd234;2025-04-25T05:54:00Z;16.236;16.24;16.24;16.236;20;
53b67587-96eb-4b41-8e0c-d2e3c0bdd234;2025-04-25T05:55:00Z;16.235;16.241;16.241;16.235;367;
53b67587-96eb-4b41-8e0c-d2e3c0bdd234;2025-04-25T05:56:00Z;16.241;16.236;16.243;16.217;1138;
53b67587-96eb-4b41-8e0c-d2e3c0bdd234;2025-04-25T05:57:00Z;16.234;16.236;16.236;16.234;294;
53b67587-96eb-4b41-8e0c-d2e3c0bdd234;2025-04-25T05:58:00Z;16.224;16.224;16.224;16.219;456;
53b67587-96eb-4b41-8e0c-d2e3c0bdd234;2025-04-25T05:59:00Z;16.235;16.241;16.241;16.235;34;
53b67587-96eb-4b41-8e0c-d2e3c0bdd234;2025-04-25T06:00:00Z;16.235;16.229;16.242;16.218;326;
53b67587-96eb-4b41-8e0c-d2e3c0bdd234;2025-04-25T06:01:00Z;16.225;16.213;16.232;16.208;1748;
53b67587-96eb-4b41-8e0c-d2e3c0bdd234;2025-04-25T06:02:00Z;16.212;16.216;16.22;16.212;475;
53b67587-96eb-4b41-8e0c-d2e3c0bdd234;2025-04-25T06:03:00Z;16.221;16.218;16.221;16.215;157;
53b67587-96eb-4b41-8e0c-d2e3c0bdd234;2025-04-25T06:04:00Z;16.219;16.222;16.222;16.214;2311;
53b67587-96eb-4b41-8e0c-d2e3c0bdd234;2025-04-25T06:05:00Z;16.221;16.226;16.23;16.221;82;
53b67587-96eb-4b41-8e0c-d2e3c0bdd234;2025-04-25T06:06:00Z;16.23;16.227;16.23;16.227;60;
53b67587-96eb-4b41-8e0c-d2e3c0bdd234;2025-04-25T06:07:00Z;16.229;16.224;16.233;16.224;175;
53b67587-96eb-4b41-8e0c-d2e3c0bdd234;2025-04-25T06:08:00Z;16.216;16.22;16.223;16.216;137;
53b67587-96eb-4b41-8e0c-d2e3c0bdd234;2025-04-25T06:09:00Z;16.221;16.215;16.221;16.215;101;
53b67587-96eb-4b41-8e0c-d2e3c0bdd234;2025-04-25T06:10:00Z;16.221;16.215;16.221;16.215;35;
53b67587-96eb-4b41-8e0c-d2e3c0bdd234;2025-04-25T06:11:00Z;16.222;16.246;16.246;16.222;5944;
53b67587-96eb-4b41-8e0c-d2e3c0bdd234;2025-04-25T06:12:00Z;16.245;16.245;16.245;16.228;277;
53b67587-96eb-4b41-8e0c-d2e3c0bdd234;2025-04-25T06:13:00Z;16.245;16.268;16.268;16.245;768;
53b67587-96eb-4b41-8e0c-d2e3c0bdd234;2025-04-25T06:14:00Z;16.268;16.266;16.269;16.258;610;
53b67587-96eb-4b41-8e0c-d2e3c0bdd234;2025-04-25T06:15:00Z;16.264;16.291;16.295;16.264;1597;
53b67587-96eb-4b41-8e0c-d2e3c0bdd234;2025-04-25T06:16:00Z;16.291;16.29;16.295;16.28;327;
53b67587-96eb-4b41-8e0c-d2e3c0bdd234;2025-04-25T06:17:00Z;16.29;16.29;16.29;16.285;216;
53b67587-96eb-4b41-8e0c-d2e3c0bdd234;2025-04-25T06:18:00Z;16.29;16.295;16.297;16.288;269;
53b67587-96eb-4b41-8e0c-d2e3c0bdd234;2025-04-25T06:19:00Z;16.293;16.312;16.32;16.288;3698;
53b67587-96eb-4b41-8e0c-d2e3c0bdd234;2025-04-25T06:20:00Z;16.31;16.3;16.329;16.277;3611;
53b67587-96eb-4b41-8e0c-d2e3c0bdd234;2025-04-25T06:21:00Z;16.285;16.306;16.306;16.285;395;
53b67587-96eb-4b41-8e0c-d2e3c0bdd234;2025-04-25T06:22:00Z;16.306;16.288;16.306;16.287;1019;
53b67587-96eb-4b41-8e0c-d2e3c0bdd234;2025-04-25T06:23:00Z;16.288;16.3;16.305;16.284;863;
53b67587-96eb-4b41-8e0c-d2e3c0bdd234;2025-04-25T06:24:00Z;16.29;16.281;16.29;16.277;377;
53b67587-96eb-4b41-8e0c-d2e3c0bdd234;2025-04-25T06:25:00Z;16.274;16.281;16.281;16.274;133;
53b67587-96eb-4b41-8e0c-d2e3c0bdd234;2025-04-25T06:26:00Z;16.274;16.281;16.287;16.274;51;
53b67587-96eb-4b41-8e0c-d2e3c0bdd234;2025-04-25T06:27:00Z;16.284;16.267;16.284;16.26;1508;
53b67587-96eb-4b41-8e0c-d2e3c0bdd234;2025-04-25T06:28:00Z;16.278;16.28;16.282;16.278;120;
53b67587-96eb-4b41-8e0c-d2e3c0bdd234;2025-04-25T06:29:00Z;16.276;16.278;16.278;16.266;106;
53b67587-96eb-4b41-8e0c-d2e3c0bdd234;2025-04-25T06:30:00Z;16.277;16.275;16.277;16.274;157;
53b67587-96eb-4b41-8e0c-d2e3c0bdd234;2025-04-25T06:31:00Z;16.271;16.259;16.271;16.259;518;
53b67587-96eb-4b41-8e0c-d2e3c0bdd234;2025-04-25T06:32:00Z;16.265;16.258;16.265;16.258;76;
53b67587-96eb-4b41-8e0c-d2e3c0bdd234;2025-04-25T06:33:00Z;16.259;16.263;16.265;16.252;1196;
53b67587-96eb-4b41-8e0c-d2e3c0bdd234;2025-04-25T06:34:00Z;16.266;16.26;16.267;16.26;242;
53b67587-96eb-4b41-8e0c-d2e3c0bdd234;2025-04-25T06:35:00Z;16.261;16.262;16.262;16.252;868;
53b67587-96eb-4b41-8e0c-d2e3c0bdd234;2025-04-25T06:36:00Z;16.26;16.26;16.26;16.252;615;
53b67587-96eb-4b41-8e0c-d2e3c0bdd234;2025-04-25T06:37:00Z;16.261;16.263;16.264;16.26;95;
53b67587-96eb-4b41-8e0c-d2e3c0bdd234;2025-04-25T06:38:00Z;16.262;16.252;16.263;16.25;322;
53b67587-96eb-4b41-8e0c-d2e3c0bdd234;2025-04-25T06:39:00Z;16.259;16.26;16.265;16.248;1071;
53b67587-96eb-4b41-8e0c-d2e3c0bdd234;2025-04-25T06:40:00Z;16.256;16.26;16.26;16.248;169;
53b67587-96eb-4b41-8e0c-d2e3c0bdd234;2025-04-25T06:41:00Z;16.26;16.265;16.265;16.26;184;
53b67587-96eb-4b41-8e0c-d2e3c0bdd234;2025-04-25T06:42:00Z;16.265;16.262;16.274;16.262;111;
53b67587-96eb-4b41-8e0c-d2e3c0bdd234;2025-04-25T06:43:00Z;16.273;16.28;16.282;16.273;1004;
53b67587-96eb-4b41-8e0c-d2e3c0bdd234;2025-04-25T06:44:00Z;16.28;16.287;16.287;16.28;28;
53b67587-96eb-4b41-8e0c-d2e3c0bdd234;2025-04-25T06:45:00Z;16.288;16.294;16.296;16.282;413;
53b67587-96eb-4b41-8e0c-d2e3c0bdd234;2025-04-25T06:46:00Z;16.285;16.291;16.294;16.285;156;
53b67587-96eb-4b41-8e0c-d2e3c0bdd234;2025-04-25T06:47:00Z;16.291;16.289;16.293;16.289;1324;
53b67587-96eb-4b41-8e0c-d2e3c0bdd234;2025-04-25T06:48:00Z;16.288;16.274;16.288;16.262;593;
53b67587-96eb-4b41-8e0c-d2e3c0bdd234;2025-04-25T06:49:00Z;16.278;16.274;16.278;16.274;153;
53b67587-96eb-4b41-8e0c-d2e3c0bdd234;2025-04-25T06:50:00Z;16.278;16.273;16.279;16.262;1048;
53b67587-96eb-4b41-8e0c-d2e3c0bdd234;2025-04-25T06:51:00Z;16.273;16.278;16.289;16.262;536;
53b67587-96eb-4b41-8e0c-d2e3c0bdd234;2025-04-25T06:52:00Z;16.285;16.295;16.295;16.275;1436;
53b67587-96eb-4b41-8e0c-d2e3c0bdd234;2025-04-25T06:53:00Z;16.296;16.307;16.307;16.289;1105;
53b67587-96eb-4b41-8e0c-d2e3c0bdd234;2025-04-25T06:54:00Z;16.307;16.315;16.32;16.306;1063;
53b67587-96eb-4b41-8e0c-d2e3c0bdd234;2025-04-25T06:55:00Z;16.312;16.3;16.317;16.292;1257;
53b67587-96eb-4b41-8e0c-d2e3c0bdd234;2025-04-25T06:56:00Z;16.314;16.325;16.346;16.296;3140;
53b67587-96eb-4b41-8e0c-d2e3c0bdd234;2025-04-25T06:57:00Z;16.325;16.312;16.348;16.297;1844;
53b67587-96eb-4b41-8e0c-d2e3c0bdd234;2025-04-25T06:58:00Z;16.312;16.347;16.347;16.302;1268;
53b67587-96eb-4b41-8e0c-d2e3c0bdd234;2025-04-25T06:59:00Z;16.331;16.324;16.347;16.316;687;
53b67587-96eb-4b41-8e0c-d2e3c0bdd234;2025-04-25T07:00:00Z;16.324;16.313;16.339;16.303;3007;
53b67587-96eb-4b41-8e0c-d2e3c0bdd234;2025-04-25T07:01:00Z;16.304;16.269;16.317;16.268;6060;
53b67587-96eb-4b41-8e0c-d2e3c0bdd234;2025-04-25T07:02:00Z;16.275;16.27;16.289;16.268;1453;
53b67587-96eb-4b41-8e0c-d2e3c0bdd234;2025-04-25T07:03:00Z;16.273;16.305;16.305;16.272;1195;
53b67587-96eb-4b41-8e0c-d2e3c0bdd234;2025-04-25T07:04:00Z;16.297;16.29;16.298;16.275;692;
53b67587-96eb-4b41-8e0c-d2e3c0bdd234;2025-04-25T07:05:00Z;16.3;16.325;16.332;16.297;1343;
53b67587-96eb-4b41-8e0c-d2e3c0bdd234;2025-04-25T07:06:00Z;16.326;16.348;16.376;16.326;8320;
53b67587-96eb-4b41-8e0c-d2e3c0bdd234;2025-04-25T07:07:00Z;16.348;16.333;16.357;16.33;1213;
53b67587-96eb-4b41-8e0c-d2e3c0bdd234;2025-04-25T07:08:00Z;16.34;16.306;16.346;16.306;1177;
53b67587-96eb-4b41-8e0c-d2e3c0bdd234;2025-04-25T07:09:00Z;16.32;16.294;16.331;16.294;1067;
53b67587-96eb-4b41-8e0c-d2e3c0bdd234;2025-04-25T07:10:00Z;16.294;16.289;16.322;16.288;2479;
53b67587-96eb-4b41-8e0c-d2e3c0bdd234;2025-04-25T07:11:00Z;16.295;16.314;16.316;16.295;740;
53b67587-96eb-4b41-8e0c-d2e3c0bdd234;2025-04-25T07:12:00Z;16.313;16.296;16.313;16.296;915;
53b67587-96eb-4b41-8e0c-d2e3c0bdd234;2025-04-25T07:13:00Z;16.295;16.312;16.312;16.283;758;
53b67587-96eb-4b41-8e0c-d2e3c0bdd234;2025-04-25T07:14:00Z;16.306;16.302;16.309;16.301;313;
53b67587-96eb-4b41-8e0c-d2e3c0bdd234;2025-04-25T07:15:00Z;16.302;16.3;16.326;16.297;5217;
53b67587-96eb-4b41-8e0c-d2e3c0bdd234;2025-04-25T07:16:00Z;16.3;16.276;16.311;16.272;1976;
53b67587-96eb-4b41-8e0c-d2e3c0bdd234;2025-04-25T07:17:00Z;16.281;16.276;16.297;16.27;1575;
53b67587-96eb-4b41-8e0c-d2e3c0bdd234;2025-04-25T07:18:00Z;16.274;16.271;16.278;16.27;725;
53b67587-96eb-4b41-8e0c-d2e3c0bdd234;2025-04-25T07:19:00Z;16.274;16.28;16.283;16.273;221;
53b67587-96eb-4b41-8e0c-d2e3c0bdd234;2025-04-25T07:20:00Z;16.279;16.281;16.285;16.276;174;
53b67587-96eb-4b41-8e0c-d2e3c0bdd234;2025-04-25T07:21:00Z;16.282;16.281;16.294;16.274;1393;
53b67587-96eb-4b41-8e0c-d2e3c0bdd234;2025-04-25T07:22:00Z;16.281;16.253;16.281;16.253;2130;
53b67587-96eb-4b41-8e0c-d2e3c0bdd234;2025-04-25T07:23:00Z;16.262;16.249;16.262;16.249;1134;
53b67587-96eb-4b41-8e0c-d2e3c0bdd234;2025-04-25T07:24:00Z;16.249;16.247;16.254;16.241;1658;
53b67587-96eb-4b41-8e0c-d2e3c0bdd234;2025-04-25T07:25:00Z;16.245;16.269;16.276;16.245;1114;
53b67587-96eb-4b41-8e0c-d2e3c0bdd234;2025-04-25T07:26:00Z;16.269;16.273;16.274;16.258;97;
53b67587-96eb-4b41-8e0c-d2e3c0bdd234;2025-04-25T07:27:00Z;16.274;16.27;16.274;16.261;218;
53b67587-96eb-4b41-8e0c-d2e3c0bdd234;2025-04-25T07:28:00Z;16.27;16.272;16.275;16.27;181;
53b67587-96eb-4b41-8e0c-d2e3c0bdd234;2025-04-25T07:29:00Z;16.266;16.25;16.273;16.25;1120;
53b67587-96eb-4b41-8e0c-d2e3c0bdd234;2025-04-25T07:30:00Z;16.252;16.246;16.269;16.246;248;
53b67587-96eb-4b41-8e0c-d2e3c0bdd234;2025-04-25T07:31:00Z;16.248;16.272;16.274;16.248;231;
53b67587-96eb-4b41-8e0c-d2e3c0bdd234;2025-04-25T07:32:00Z;16.272;16.264;16.276;16.264;188;
53b67587-96eb-4b41-8e0c-d2e3c0bdd234;2025-04-25T07:33:00Z;16.268;16.275;16.276;16.264;192;
53b67587-96eb-4b41-8e0c-d2e3c0bdd234;2025-04-25T07:34:00Z;16.276;16.273;16.279;16.27;88;
53b67587-96eb-4b41-8e0c-d2e3c0bdd234;2025-04-25T07:35:00Z;16.273;16.276;16.28;16.264;659;
53b67587-96eb-4b41-8e0c-d2e3c0bdd234;2025-04-25T07:36:00Z;16.279;16.282;16.282;16.279;212;
53b67587-96eb-4b41-8e0c-d2e3c0bdd234;2025-04-25T07:37:00Z;16.285;16.282;16.3;16.282;2020;
53b67587-96eb-4b41-8e0c-d2e3c0bdd234;2025-04-25T07:38:00Z;16.282;16.282;16.285;16.265;305;
53b67587-96eb-4b41-8e0c-d2e3c0bdd234;2025-04-25T07:39:00Z;16.282;16.3;16.3;16.276;3263;
53b67587-96eb-4b41-8e0c-d2e3c0bdd234;2025-04-25T07:40:00Z;16.299;16.291;16.299;16.283;150;
53b67587-96eb-4b41-8e0c-d2e3c0bdd234;2025-04-25T07:41:00Z;16.285;16.289;16.299;16.285;130;
53b67587-96eb-4b41-8e0c-d2e3c0bdd234;2025-04-25T07:42:00Z;16.293;16.276;16.296;16.276;911;
53b67587-96eb-4b41-8e0c-d2e3c0bdd234;2025-04-25T07:43:00Z;16.277;16.285;16.285;16.277;35;
53b67587-96eb-4b41-8e0c-d2e3c0bdd234;2025-04-25T07:44:00Z;16.286;16.28;16.29;16.28;896;
53b67587-96eb-4b41-8e0c-d2e3c0bdd234;2025-04-25T07:45:00Z;16.28;16.28;16.282;16.28;842;
53b67587-96eb-4b41-8e0c-d2e3c0bdd234;2025-04-25T07:46:00Z;16.282;16.28;16.291;16.28;3626;
53b67587-96eb-4b41-8e0c-d2e3c0bdd234;2025-04-25T07:47:00Z;16.28;16.275;16.29;16.265;3370;
53b67587-96eb-4b41-8e0c-d2e3c0bdd234;2025-04-25T07:48:00Z;16.268;16.261;16.276;16.261;240;
53b67587-96eb-4b41-8e0c-d2e3c0bdd234;2025-04-25T07:49:00Z;16.262;16.258;16.262;16.254;363;
53b67587-96eb-4b41-8e0c-d2e3c0bdd234;2025-04-25T07:50:00Z;16.255;16.28;16.28;16.255;483;
53b67587-96eb-4b41-8e0c-d2e3c0bdd234;2025-04-25T07:51:00Z;16.274;16.27;16.274;16.256;978;
53b67587-96eb-4b41-8e0c-d2e3c0bdd234;2025-04-25T07:52:00Z;16.27;16.27;16.27;16.27;1;
53b67587-96eb-4b41-8e0c-d2e3c0bdd234;2025-04-25T07:53:00Z;16.27;16.251;16.27;16.251;1308;
53b67587-96eb-4b41-8e0c-d2e3c0bdd234;2025-04-25T07:54:00Z;16.268;16.24;16.268;16.24;4745;
53b67587-96eb-4b41-8e0c-d2e3c0bdd234;2025-04-25T07:55:00Z;16.246;16.252;16.257;16.243;141;
53b67587-96eb-4b41-8e0c-d2e3c0bdd234;2025-04-25T07:56:00Z;16.252;16.269;16.28;16.252;3096;
53b67587-96eb-4b41-8e0c-d2e3c0bdd234;2025-04-25T07:57:00Z;16.269;16.254;16.269;16.254;289;
53b67587-96eb-4b41-8e0c-d2e3c0bdd234;2025-04-25T07:58:00Z;16.257;16.268;16.27;16.248;2733;
53b67587-96eb-4b41-8e0c-d2e3c0bdd234;2025-04-25T07:59:00Z;16.262;16.249;16.262;16.249;205;
53b67587-96eb-4b41-8e0c-d2e3c0bdd234;2025-04-25T08:00:00Z;16.25;16.227;16.257;16.227;2602;
53b67587-96eb-4b41-8e0c-d2e3c0bdd234;2025-04-25T08:01:00Z;16.227;16.205;16.247;16.204;1402;
53b67587-96eb-4b41-8e0c-d2e3c0bdd234;2025-04-25T08:02:00Z;16.207;16.192;16.211;16.19;3715;
53b67587-96eb-4b41-8e0c-d2e3c0bdd234;2025-04-25T08:03:00Z;16.192;16.198;16.199;16.19;2686;
53b67587-96eb-4b41-8e0c-d2e3c0bdd234;2025-04-25T08:04:00Z;16.198;16.185;16.198;16.18;1980;
53b67587-96eb-4b41-8e0c-d2e3c0bdd234;2025-04-25T08:05:00Z;16.19;16.203;16.214;16.181;792;
53b67587-96eb-4b41-8e0c-d2e3c0bdd234;2025-04-25T08:06:00Z;16.201;16.214;16.221;16.199;524;
53b67587-96eb-4b41-8e0c-d2e3c0bdd234;2025-04-25T08:07:00Z;16.213;16.207;16.213;16.205;103;
53b67587-96eb-4b41-8e0c-d2e3c0bdd234;2025-04-25T08:08:00Z;16.201;16.196;16.201;16.189;223;
53b67587-96eb-4b41-8e0c-d2e3c0bdd234;2025-04-25T08:09:00Z;16.194;16.181;16.2;16.181;20337;
53b67587-96eb-4b41-8e0c-d2e3c0bdd234;2025-04-25T08:10:00Z;16.18;16.166;16.18;16.15;6250;
53b67587-96eb-4b41-8e0c-d2e3c0bdd234;2025-04-25T08:11:00Z;16.164;16.169;16.18;16.163;203;
53b67587-96eb-4b41-8e0c-d2e3c0bdd234;2025-04-25T08:12:00Z;16.172;16.179;16.18;16.169;2090;
53b67587-96eb-4b41-8e0c-d2e3c0bdd234;2025-04-25T08:13:00Z;16.178;16.178;16.178;16.178;1;
53b67587-96eb-4b41-8e0c-d2e3c0bdd234;2025-04-25T08:14:00Z;16.176;16.155;16.179;16.155;1246;
53b67587-96eb-4b41-8e0c-d2e3c0bdd234;2025-04-25T08:15:00Z;16.156;16.122;16.159;16.122;4654;
53b67587-96eb-4b41-8e0c-d2e3c0bdd234;2025-04-25T08:16:00Z;16.128;16.14;16.15;16.114;7016;
53b67587-96eb-4b41-8e0c-d2e3c0bdd234;2025-04-25T08:17:00Z;16.138;16.14;16.14;16.138;102;
53b67587-96eb-4b41-8e0c-d2e3c0bdd234;2025-04-25T08:18:00Z;16.144;16.14;16.154;16.14;1084;
53b67587-96eb-4b41-8e0c-d2e3c0bdd234;2025-04-25T08:19:00Z;16.15;16.166;16.17;16.15;2429;
53b67587-96eb-4b41-8e0c-d2e3c0bdd234;2025-04-25T08:20:00Z;16.165;16.155;16.165;16.15;361;
53b67587-96eb-4b41-8e0c-d2e3c0bdd234;2025-04-25T08:21:00Z;16.153;16.15;16.154;16.15;83;
53b67587-96eb-4b41-8e0c-d2e3c0bdd234;2025-04-25T08:22:00Z;16.154;16.151;16.161;16.15;450;
53b67587-96eb-4b41-8e0c-d2e3c0bdd234;2025-04-25T08:23:00Z;16.153;16.158;16.158;16.153;35;
53b67587-96eb-4b41-8e0c-d2e3c0bdd234;2025-04-25T08:24:00Z;16.154;16.156;16.161;16.154;169;
53b67587-96eb-4b41-8e0c-d2e3c0bdd234;2025-04-25T08:25:00Z;16.159;16.159;16.159;16.159;2;
53b67587-96eb-4b41-8e0c-d2e3c0bdd234;2025-04-25T08:26:00Z;16.158;16.16;16.16;16.15;1519;
53b67587-96eb-4b41-8e0c-d2e3c0bdd234;2025-04-25T08:27:00Z;16.158;16.16;16.161;16.156;249;
53b67587-96eb-4b41-8e0c-d2e3c0bdd234;2025-04-25T08:28:00Z;16.162;16.17;16.17;16.162;1891;
53b67587-96eb-4b41-8e0c-d2e3c0bdd234;2025-04-25T08:29:00Z;16.164;16.164;16.17;16.164;19;
53b67587-96eb-4b41-8e0c-d2e3c0bdd234;2025-04-25T08:30:00Z;16.168;16.169;16.17;16.162;215;
53b67587-96eb-4b41-8e0c-d2e3c0bdd234;2025-04-25T08:31:00Z;16.17;16.18;16.2;16.17;14411;
53b67587-96eb-4b41-8e0c-d2e3c0bdd234;2025-04-25T08:32:00Z;16.18;16.193;16.2;16.18;7317;
53b67587-96eb-4b41-8e0c-d2e3c0bdd234;2025-04-25T08:33:00Z;16.192;16.2;16.2;16.185;4022;
53b67587-96eb-4b41-8e0c-d2e3c0bdd234;2025-04-25T08:34:00Z;16.197;16.198;16.2;16.197;735;
53b67587-96eb-4b41-8e0c-d2e3c0bdd234;2025-04-25T08:35:00Z;16.194;16.194;16.196;16.194;9;
53b67587-96eb-4b41-8e0c-d2e3c0bdd234;2025-04-25T08:36:00Z;16.192;16.19;16.192;16.19;74;
53b67587-96eb-4b41-8e0c-d2e3c0bdd234;2025-04-25T08:37:00Z;16.19;16.189;16.191;16.188;484;
53b67587-96eb-4b41-8e0c-d2e3c0bdd234;2025-04-25T08:38:00Z;16.191;16.195;16.199;16.191;1371;
53b67587-96eb-4b41-8e0c-d2e3c0bdd234;2025-04-25T08:39:00Z;16.194;16.182;16.194;16.167;2030;
53b67587-96eb-4b41-8e0c-d2e3c0bdd234;2025-04-25T08:40:00Z;16.181;16.169;16.181;16.169;20;
53b67587-96eb-4b41-8e0c-d2e3c0bdd234;2025-04-25T08:41:00Z;16.169;16.16;16.169;16.159;1129;
53b67587-96eb-4b41-8e0c-d2e3c0bdd234;2025-04-25T08:42:00Z;16.17;16.16;16.17;16.16;204;
53b67587-96eb-4b41-8e0c-d2e3c0bdd234;2025-04-25T08:43:00Z;16.168;16.151;16.168;16.151;543;
53b67587-96eb-4b41-8e0c-d2e3c0bdd234;2025-04-25T08:44:00Z;16.156;16.171;16.173;16.156;202;
53b67587-96eb-4b41-8e0c-d2e3c0bdd234;2025-04-25T08:45:00Z;16.173;16.171;16.173;16.171;2;
53b67587-96eb-4b41-8e0c-d2e3c0bdd234;2025-04-25T08:46:00Z;16.171;16.188;16.192;16.171;658;
53b67587-96eb-4b41-8e0c-d2e3c0bdd234;2025-04-25T08:47:00Z;16.192;16.208;16.209;16.189;966;
53b67587-96eb-4b41-8e0c-d2e3c0bdd234;2025-04-25T08:48:00Z;16.207;16.214;16.215;16.207;211;
53b67587-96eb-4b41-8e0c-d2e3c0bdd234;2025-04-25T08:49:00Z;16.212;16.22;16.22;16.208;1141;
53b67587-96eb-4b41-8e0c-d2e3c0bdd234;2025-04-25T08:50:00Z;16.22;16.21;16.22;16.205;435;
53b67587-96eb-4b41-8e0c-d2e3c0bdd234;2025-04-25T08:51:00Z;16.207;16.21;16.211;16.2;248;
53b67587-96eb-4b41-8e0c-d2e3c0bdd234;2025-04-25T08:52:00Z;16.203;16.193;16.203;16.193;437;
53b67587-96eb-4b41-8e0c-d2e3c0bdd234;2025-04-25T08:53:00Z;16.202;16.2;16.21;16.2;86;
53b67587-96eb-4b41-8e0c-d2e3c0bdd234;2025-04-25T08:54:00Z;16.192;16.196;16.196;16.19;25;
53b67587-96eb-4b41-8e0c-d2e3c0bdd234;2025-04-25T08:55:00Z;16.185;16.184;16.185;16.18;125;
53b67587-96eb-4b41-8e0c-d2e3c0bdd234;2025-04-25T08:56:00Z;16.18;16.176;16.183;16.17;260;
53b67587-96eb-4b41-8e0c-d2e3c0bdd234;2025-04-25T08:57:00Z;16.176;16.177;16.177;16.168;1114;
53b67587-96eb-4b41-8e0c-d2e3c0bdd234;2025-04-25T08:58:00Z;16.183;16.186;16.186;16.183;103;
53b67587-96eb-4b41-8e0c-d2e3c0bdd234;2025-04-25T08:59:00Z;16.185;16.182;16.185;16.182;180;
53b67587-96eb-4b41-8e0c-d2e3c0bdd234;2025-04-25T09:00:00Z;16.187;16.178;16.187;16.16;774;
53b67587-96eb-4b41-8e0c-d2e3c0bdd234;2025-04-25T09:01:00Z;16.169;16.15;16.169;16.138;2243;
53b67587-96eb-4b41-8e0c-d2e3c0bdd234;2025-04-25T09:02:00Z;16.147;16.124;16.151;16.123;4053;
53b67587-96eb-4b41-8e0c-d2e3c0bdd234;2025-04-25T09:03:00Z;16.125;16.12;16.133;16.12;762;
53b67587-96eb-4b41-8e0c-d2e3c0bdd234;2025-04-25T09:04:00Z;16.133;16.141;16.142;16.133;26;
53b67587-96eb-4b41-8e0c-d2e3c0bdd234;2025-04-25T09:05:00Z;16.145;16.156;16.162;16.145;1403;
53b67587-96eb-4b41-8e0c-d2e3c0bdd234;2025-04-25T09:06:00Z;16.141;16.15;16.15;16.141;31;
53b67587-96eb-4b41-8e0c-d2e3c0bdd234;2025-04-25T09:07:00Z;16.15;16.152;16.154;16.147;104;
53b67587-96eb-4b41-8e0c-d2e3c0bdd234;2025-04-25T09:08:00Z;16.151;16.118;16.151;16.116;1310;
53b67587-96eb-4b41-8e0c-d2e3c0bdd234;2025-04-25T09:09:00Z;16.12;16.091;16.12;16.091;7224;
53b67587-96eb-4b41-8e0c-d2e3c0bdd234;2025-04-25T09:10:00Z;16.097;16.11;16.113;16.091;860;
53b67587-96eb-4b41-8e0c-d2e3c0bdd234;2025-04-25T09:11:00Z;16.113;16.103;16.113;16.103;255;
53b67587-96eb-4b41-8e0c-d2e3c0bdd234;2025-04-25T09:12:00Z;16.103;16.093;16.103;16.093;411;
53b67587-96eb-4b41-8e0c-d2e3c0bdd234;2025-04-25T09:13:00Z;16.096;16.114;16.114;16.093;782;
53b67587-96eb-4b41-8e0c-d2e3c0bdd234;2025-04-25T09:14:00Z;16.114;16.134;16.15;16.114;4276;
53b67587-96eb-4b41-8e0c-d2e3c0bdd234;2025-04-25T09:15:00Z;16.135;16.153;16.153;16.123;576;
53b67587-96eb-4b41-8e0c-d2e3c0bdd234;2025-04-25T09:16:00Z;16.15;16.144;16.152;16.144;35;
53b67587-96eb-4b41-8e0c-d2e3c0bdd234;2025-04-25T09:17:00Z;16.145;16.142;16.146;16.135;137;
53b67587-96eb-4b41-8e0c-d2e3c0bdd234;2025-04-25T09:18:00Z;16.142;16.145;16.145;16.142;14;
53b67587-96eb-4b41-8e0c-d2e3c0bdd234;2025-04-25T09:19:00Z;16.142;16.133;16.144;16.133;36;
53b67587-96eb-4b41-8e0c-d2e3c0bdd234;2025-04-25T09:20:00Z;16.132;16.122;16.132;16.113;1899;
53b67587-96eb-4b41-8e0c-d2e3c0bdd234;2025-04-25T09:21:00Z;16.123;16.148;16.148;16.123;79;
53b67587-96eb-4b41-8e0c-d2e3c0bdd234;2025-04-25T09:22:00Z;16.148;16.143;16.149;16.136;3197;
53b67587-96eb-4b41-8e0c-d2e3c0bdd234;2025-04-25T09:23:00Z;16.143;16.149;16.153;16.143;701;
53b67587-96eb-4b41-8e0c-d2e3c0bdd234;2025-04-25T09:24:00Z;16.149;16.147;16.152;16.144;1670;
53b67587-96eb-4b41-8e0c-d2e3c0bdd234;2025-04-25T09:25:00Z;16.147;16.145;16.152;16.145;1761;
53b67587-96eb-4b41-8e0c-d2e3c0bdd234;2025-04-25T09:26:00Z;16.149;16.19;16.191;16.145;3171;
53b67587-96eb-4b41-8e0c-d2e3c0bdd234;2025-04-25T09:27:00Z;16.192;16.189;16.207;16.188;2176;
53b67587-96eb-4b41-8e0c-d2e3c0bdd234;2025-04-25T09:28:00Z;16.182;16.195;16.208;16.182;710;
53b67587-96eb-4b41-8e0c-d2e3c0bdd234;2025-04-25T09:29:00Z;16.195;16.217;16.217;16.194;758;
53b67587-96eb-4b41-8e0c-d2e3c0bdd234;2025-04-25T09:30:00Z;16.216;16.218;16.22;16.212;1632;
53b67587-96eb-4b41-8e0c-d2e3c0bdd234;2025-04-25T09:31:00Z;16.212;16.317;16.319;16.206;17345;
53b67587-96eb-4b41-8e0c-d2e3c0bdd234;2025-04-25T09:32:00Z;16.315;16.319;16.331;16.3;14034;
53b67587-96eb-4b41-8e0c-d2e3c0bdd234;2025-04-25T09:33:00Z;16.325;16.322;16.331;16.304;7014;
53b67587-96eb-4b41-8e0c-d2e3c0bdd234;2025-04-25T09:34:00Z;16.322;16.291;16.325;16.291;1878;
53b67587-96eb-4b41-8e0c-d2e3c0bdd234;2025-04-25T09:35:00Z;16.295;16.272;16.31;16.247;4994;
53b67587-96eb-4b41-8e0c-d2e3c0bdd234;2025-04-25T09:36:00Z;16.275;16.323;16.325;16.251;2492;
53b67587-96eb-4b41-8e0c-d2e3c0bdd234;2025-04-25T09:37:00Z;16.323;16.344;16.355;16.31;5599;
53b67587-96eb-4b41-8e0c-d2e3c0bdd234;2025-04-25T09:38:00Z;16.337;16.334;16.365;16.331;3838;
53b67587-96eb-4b41-8e0c-d2e3c0bdd234;2025-04-25T09:39:00Z;16.334;16.347;16.347;16.322;1179;
53b67587-96eb-4b41-8e0c-d2e3c0bdd234;2025-04-25T09:40:00Z;16.349;16.347;16.35;16.323;4258;
53b67587-96eb-4b41-8e0c-d2e3c0bdd234;2025-04-25T09:41:00Z;16.347;16.334;16.352;16.327;2120;
53b67587-96eb-4b41-8e0c-d2e3c0bdd234;2025-04-25T09:42:00Z;16.334;16.321;16.342;16.321;1618;
53b67587-96eb-4b41-8e0c-d2e3c0bdd234;2025-04-25T09:43:00Z;16.321;16.275;16.338;16.27;8670;
53b67587-96eb-4b41-8e0c-d2e3c0bdd234;2025-04-25T09:44:00Z;16.295;16.299;16.325;16.289;2018;
53b67587-96eb-4b41-8e0c-d2e3c0bdd234;2025-04-25T09:45:00Z;16.289;16.3;16.323;16.287;1168;
53b67587-96eb-4b41-8e0c-d2e3c0bdd234;2025-04-25T09:46:00Z;16.308;16.332;16.334;16.299;2731;
53b67587-96eb-4b41-8e0c-d2e3c0bdd234;2025-04-25T09:47:00Z;16.323;16.322;16.346;16.311;1350;
53b67587-96eb-4b41-8e0c-d2e3c0bdd234;2025-04-25T09:48:00Z;16.31;16.314;16.33;16.31;2277;
53b67587-96eb-4b41-8e0c-d2e3c0bdd234;2025-04-25T09:49:00Z;16.31;16.277;16.31;16.277;3205;
53b67587-96eb-4b41-8e0c-d2e3c0bdd234;2025-04-25T09:50:00Z;16.278;16.302;16.309;16.273;3709;
53b67587-96eb-4b41-8e0c-d2e3c0bdd234;2025-04-25T09:51:00Z;16.302;16.308;16.31;16.3;3864;
53b67587-96eb-4b41-8e0c-d2e3c0bdd234;2025-04-25T09:52:00Z;16.3;16.27;16.306;16.27;5113;
53b67587-96eb-4b41-8e0c-d2e3c0bdd234;2025-04-25T09:53:00Z;16.271;16.26;16.272;16.26;3034;
53b67587-96eb-4b41-8e0c-d2e3c0bdd234;2025-04-25T09:54:00Z;16.265;16.272;16.283;16.265;376;
53b67587-96eb-4b41-8e0c-d2e3c0bdd234;2025-04-25T09:55:00Z;16.278;16.294;16.296;16.278;549;
53b67587-96eb-4b41-8e0c-d2e3c0bdd234;2025-04-25T09:56:00Z;16.296;16.336;16.346;16.293;7947;
53b67587-96eb-4b41-8e0c-d2e3c0bdd234;2025-04-25T09:57:00Z;16.331;16.336;16.367;16.329;4579;
53b67587-96eb-4b41-8e0c-d2e3c0bdd234;2025-04-25T09:58:00Z;16.342;16.36;16.36;16.339;1613;
53b67587-96eb-4b41-8e0c-d2e3c0bdd234;2025-04-25T09:59:00Z;16.36;16.345;16.36;16.342;493;
53b67587-96eb-4b41-8e0c-d2e3c0bdd234;2025-04-25T10:00:00Z;16.345;16.34;16.38;16.34;5663;
53b67587-96eb-4b41-8e0c-d2e3c0bdd234;2025-04-25T10:01:00Z;16.34;16.362;16.372;16.34;1704;
53b67587-96eb-4b41-8e0c-d2e3c0bdd234;2025-04-25T10:02:00Z;16.362;16.365;16.371;16.355;1615;
53b67587-96eb-4b41-8e0c-d2e3c0bdd234;2025-04-25T10:03:00Z;16.365;16.362;16.365;16.351;809;
53b67587-96eb-4b41-8e0c-d2e3c0bdd234;2025-04-25T10:04:00Z;16.363;16.34;16.363;16.34;905;
53b67587-96eb-4b41-8e0c-d2e3c0bdd234;2025-04-25T10:05:00Z;16.347;16.331;16.351;16.331;1666;
53b67587-96eb-4b41-8e0c-d2e3c0bdd234;2025-04-25T10:06:00Z;16.337;16.324;16.341;16.324;1257;
53b67587-96eb-4b41-8e0c-d2e3c0bdd234;2025-04-25T10:07:00Z;16.324;16.285;16.329;16.276;7376;
53b67587-96eb-4b41-8e0c-d2e3c0bdd234;2025-04-25T10:08:00Z;16.296;16.289;16.298;16.282;2117;
53b67587-96eb-4b41-8e0c-d2e3c0bdd234;2025-04-25T10:09:00Z;16.296;16.277;16.299;16.277;1184;
53b67587-96eb-4b41-8e0c-d2e3c0bdd234;2025-04-25T10:10:00Z;16.28;16.291;16.3;16.28;923;
53b67587-96eb-4b41-8e0c-d2e3c0bdd234;2025-04-25T10:11:00Z;16.291;16.316;16.317;16.29;2131;
53b67587-96eb-4b41-8e0c-d2e3c0bdd234;2025-04-25T10:12:00Z;16.315;16.308;16.323;16.308;221;
53b67587-96eb-4b41-8e0c-d2e3c0bdd234;2025-04-25T10:13:00Z;16.301;16.3;16.324;16.3;1380;
53b67587-96eb-4b41-8e0c-d2e3c0bdd234;2025-04-25T10:14:00Z;16.3;16.314;16.314;16.299;232;
53b67587-96eb-4b41-8e0c-d2e3c0bdd234;2025-04-25T10:15:00Z;16.317;16.309;16.317;16.308;29;
53b67587-96eb-4b41-8e0c-d2e3c0bdd234;2025-04-25T10:16:00Z;16.31;16.324;16.352;16.31;4105;
53b67587-96eb-4b41-8e0c-d2e3c0bdd234;2025-04-25T10:17:00Z;16.324;16.327;16.338;16.316;861;
53b67587-96eb-4b41-8e0c-d2e3c0bdd234;2025-04-25T10:18:00Z;16.332;16.314;16.332;16.301;821;
53b67587-96eb-4b41-8e0c-d2e3c0bdd234;2025-04-25T10:19:00Z;16.32;16.327;16.332;16.3;1364;
53b67587-96eb-4b41-8e0c-d2e3c0bdd234;2025-04-25T10:20:00Z;16.321;16.34;16.344;16.32;1958;
53b67587-96eb-4b41-8e0c-d2e3c0bdd234;2025-04-25T10:21:00Z;16.33;16.34;16.346;16.33;540;
53b67587-96eb-4b41-8e0c-d2e3c0bdd234;2025-04-25T10:22:00Z;16.34;16.359;16.359;16.34;589;
53b67587-96eb-4b41-8e0c-d2e3c0bdd234;2025-04-25T10:23:00Z;16.358;16.345;16.393;16.345;8689;
53b67587-96eb-4b41-8e0c-d2e3c0bdd234;2025-04-25T10:24:00Z;16.351;16.309;16.351;16.29;4820;
53b67587-96eb-4b41-8e0c-d2e3c0bdd234;2025-04-25T10:25:00Z;16.313;16.329;16.331;16.3;3650;
53b67587-96eb-4b41-8e0c-d2e3c0bdd234;2025-04-25T10:26:00Z;16.329;16.32;16.33;16.278;3381;
53b67587-96eb-4b41-8e0c-d2e3c0bdd234;2025-04-25T10:27:00Z;16.317;16.23;16.322;16.22;9608;
53b67587-96eb-4b41-8e0c-d2e3c0bdd234;2025-04-25T10:28:00Z;16.236;16.268;16.304;16.224;7136;
53b67587-96eb-4b41-8e0c-d2e3c0bdd234;2025-04-25T10:29:00Z;16.269;16.086;16.284;16.086;24450;
53b67587-96eb-4b41-8e0c-d2e3c0bdd234;2025-04-25T10:30:00Z;16.093;16.186;16.34;16.01;134657;
53b67587-96eb-4b41-8e0c-d2e3c0bdd234;2025-04-25T10:31:00Z;16.19;16.158;16.213;16.13;12857;
53b67587-96eb-4b41-8e0c-d2e3c0bdd234;2025-04-25T10:32:00Z;16.15;16.193;16.22;16.129;17072;
53b67587-96eb-4b41-8e0c-d2e3c0bdd234;2025-04-25T10:33:00Z;16.205;16.2;16.213;16.158;8900;
53b67587-96eb-4b41-8e0c-d2e3c0bdd234;2025-04-25T10:34:00Z;16.191;16.144;16.193;16.124;7871;
53b67587-96eb-4b41-8e0c-d2e3c0bdd234;2025-04-25T10:35:00Z;16.15;16.136;16.15;16.129;4695;
53b67587-96eb-4b41-8e0c-d2e3c0bdd234;2025-04-25T10:36:00Z;16.137;16.039;16.14;16.026;20934;
53b67587-96eb-4b41-8e0c-d2e3c0bdd234;2025-04-25T10:37:00Z;16.04;16.026;16.056;16.001;24666;
53b67587-96eb-4b41-8e0c-d2e3c0bdd234;2025-04-25T10:38:00Z;16.021;16.044;16.066;16.013;18058;
53b67587-96eb-4b41-8e0c-d2e3c0bdd234;2025-04-25T10:39:00Z;16.043;16.05;16.099;16.043;16717;
53b67587-96eb-4b41-8e0c-d2e3c0bdd234;2025-04-25T10:40:00Z;16.048;16.039;16.05;16.038;16605;
53b67587-96eb-4b41-8e0c-d2e3c0bdd234;2025-04-25T10:41:00Z;16.039;16.023;16.047;16.01;7140;
53b67587-96eb-4b41-8e0c-d2e3c0bdd234;2025-04-25T10:42:00Z;16.024;16.035;16.05;16.024;6789;
53b67587-96eb-4b41-8e0c-d2e3c0bdd234;2025-04-25T10:43:00Z;16.035;16.039;16.05;16.019;9741;
53b67587-96eb-4b41-8e0c-d2e3c0bdd234;2025-04-25T10:44:00Z;16.038;16.088;16.118;16.038;18667;
53b67587-96eb-4b41-8e0c-d2e3c0bdd234;2025-04-25T10:45:00Z;16.081;16.09;16.106;16.075;3302;
53b67587-96eb-4b41-8e0c-d2e3c0bdd234;2025-04-25T10:46:00Z;16.09;16.106;16.111;16.08;2201;
53b67587-96eb-4b41-8e0c-d2e3c0bdd234;2025-04-25T10:47:00Z;16.102;16.107;16.118;16.1;2623;
53b67587-96eb-4b41-8e0c-d2e3c0bdd234;2025-04-25T10:48:00Z;16.107;16.095;16.107;16.092;1585;
53b67587-96eb-4b41-8e0c-d2e3c0bdd234;2025-04-25T10:49:00Z;16.099;16.098;16.101;16.086;1446;
53b67587-96eb-4b41-8e0c-d2e3c0bdd234;2025-04-25T10:50:00Z;16.098;16.094;16.104;16.087;569;
53b67587-96eb-4b41-8e0c-d2e3c0bdd234;2025-04-25T10:51:00Z;16.097;16.067;16.097;16.058;3298;
53b67587-96eb-4b41-8e0c-d2e3c0bdd234;2025-04-25T10:52:00Z;16.067;16.076;16.078;16.064;1236;
53b67587-96eb-4b41-8e0c-d2e3c0bdd234;2025-04-25T10:53:00Z;16.076;16.126;16.126;16.076;5530;
53b67587-96eb-4b41-8e0c-d2e3c0bdd234;2025-04-25T10:54:00Z;16.126;16.15;16.165;16.125;5681;
53b67587-96eb-4b41-8e0c-d2e3c0bdd234;2025-04-25T10:55:00Z;16.144;16.129;16.148;16.129;1459;
53b67587-96eb-4b41-8e0c-d2e3c0bdd234;2025-04-25T10:56:00Z;16.129;16.13;16.144;16.121;4752;
53b67587-96eb-4b41-8e0c-d2e3c0bdd234;2025-04-25T10:57:00Z;16.136;16.134;16.145;16.134;377;
53b67587-96eb-4b41-8e0c-d2e3c0bdd234;2025-04-25T10:58:00Z;16.134;16.13;16.134;16.128;134;
53b67587-96eb-4b41-8e0c-d2e3c0bdd234;2025-04-25T10:59:00Z;16.13;16.14;16.144;16.13;1128;
53b67587-96eb-4b41-8e0c-d2e3c0bdd234;2025-04-25T11:00:00Z;16.14;16.14;16.14;16.126;482;
53b67587-96eb-4b41-8e0c-d2e3c0bdd234;2025-04-25T11:01:00Z;16.129;16.134;16.135;16.126;22;
53b67587-96eb-4b41-8e0c-d2e3c0bdd234;2025-04-25T11:02:00Z;16.13;16.145;16.145;16.126;1819;
53b67587-96eb-4b41-8e0c-d2e3c0bdd234;2025-04-25T11:03:00Z;16.145;16.17;16.195;16.145;6208;
53b67587-96eb-4b41-8e0c-d2e3c0bdd234;2025-04-25T11:04:00Z;16.178;16.17;16.187;16.167;1657;
53b67587-96eb-4b41-8e0c-d2e3c0bdd234;2025-04-25T11:05:00Z;16.17;16.17;16.174;16.161;940;
53b67587-96eb-4b41-8e0c-d2e3c0bdd234;2025-04-25T11:06:00Z;16.173;16.173;16.186;16.171;5576;
53b67587-96eb-4b41-8e0c-d2e3c0bdd234;2025-04-25T11:07:00Z;16.173;16.163;16.174;16.143;3761;
53b67587-96eb-4b41-8e0c-d2e3c0bdd234;2025-04-25T11:08:00Z;16.157;16.126;16.165;16.126;4716;
53b67587-96eb-4b41-8e0c-d2e3c0bdd234;2025-04-25T11:09:00Z;16.133;16.145;16.145;16.113;935;
53b67587-96eb-4b41-8e0c-d2e3c0bdd234;2025-04-25T11:10:00Z;16.147;16.115;16.148;16.115;1014;
53b67587-96eb-4b41-8e0c-d2e3c0bdd234;2025-04-25T11:11:00Z;16.122;16.107;16.123;16.1;2289;
53b67587-96eb-4b41-8e0c-d2e3c0bdd234;2025-04-25T11:12:00Z;16.106;16.11;16.116;16.105;363;
53b67587-96eb-4b41-8e0c-d2e3c0bdd234;2025-04-25T11:13:00Z;16.11;16.109;16.116;16.106;197;
53b67587-96eb-4b41-8e0c-d2e3c0bdd234;2025-04-25T11:14:00Z;16.109;16.114;16.125;16.109;326;
53b67587-96eb-4b41-8e0c-d2e3c0bdd234;2025-04-25T11:15:00Z;16.111;16.11;16.12;16.109;610;
53b67587-96eb-4b41-8e0c-d2e3c0bdd234;2025-04-25T11:16:00Z;16.109;16.11;16.11;16.109;713;
53b67587-96eb-4b41-8e0c-d2e3c0bdd234;2025-04-25T11:17:00Z;16.11;16.099;16.11;16.098;1095;
53b67587-96eb-4b41-8e0c-d2e3c0bdd234;2025-04-25T11:18:00Z;16.095;16.049;16.102;16.036;11400;
53b67587-96eb-4b41-8e0c-d2e3c0bdd234;2025-04-25T11:19:00Z;16.049;16.046;16.05;16.026;4408;
53b67587-96eb-4b41-8e0c-d2e3c0bdd234;2025-04-25T11:20:00Z;16.046;16.045;16.05;16.023;4271;
53b67587-96eb-4b41-8e0c-d2e3c0bdd234;2025-04-25T11:21:00Z;16.046;16.043;16.048;16.043;1411;
53b67587-96eb-4b41-8e0c-d2e3c0bdd234;2025-04-25T11:22:00Z;16.043;16.05;16.05;16.041;4184;
53b67587-96eb-4b41-8e0c-d2e3c0bdd234;2025-04-25T11:23:00Z;16.05;16.05;16.058;16.049;2149;
53b67587-96eb-4b41-8e0c-d2e3c0bdd234;2025-04-25T11:24:00Z;16.05;16.048;16.05;16.047;919;
53b67587-96eb-4b41-8e0c-d2e3c0bdd234;2025-04-25T11:25:00Z;16.047;16.049;16.049;16.047;3110;
53b67587-96eb-4b41-8e0c-d2e3c0bdd234;2025-04-25T11:26:00Z;16.049;16.058;16.058;16.049;5079;
53b67587-96eb-4b41-8e0c-d2e3c0bdd234;2025-04-25T11:27:00Z;16.07;16.076;16.08;16.067;1658;
53b67587-96eb-4b41-8e0c-d2e3c0bdd234;2025-04-25T11:28:00Z;16.076;16.088;16.1;16.076;3182;
53b67587-96eb-4b41-8e0c-d2e3c0bdd234;2025-04-25T11:29:00Z;16.086;16.092;16.11;16.072;7839;
53b67587-96eb-4b41-8e0c-d2e3c0bdd234;2025-04-25T11:30:00Z;16.092;16.093;16.11;16.092;744;
53b67587-96eb-4b41-8e0c-d2e3c0bdd234;2025-04-25T11:31:00Z;16.109;16.14;16.14;16.105;3535;
53b67587-96eb-4b41-8e0c-d2e3c0bdd234;2025-04-25T11:32:00Z;16.14;16.136;16.151;16.128;2307;
53b67587-96eb-4b41-8e0c-d2e3c0bdd234;2025-04-25T11:33:00Z;16.128;16.129;16.139;16.128;953;
53b67587-96eb-4b41-8e0c-d2e3c0bdd234;2025-04-25T11:34:00Z;16.131;16.123;16.136;16.123;1061;
53b67587-96eb-4b41-8e0c-d2e3c0bdd234;2025-04-25T11:35:00Z;16.125;16.147;16.147;16.125;1090;
53b67587-96eb-4b41-8e0c-d2e3c0bdd234;2025-04-25T11:36:00Z;16.141;16.16;16.176;16.141;6923;
53b67587-96eb-4b41-8e0c-d2e3c0bdd234;2025-04-25T11:37:00Z;16.16;16.177;16.182;16.16;7563;
53b67587-96eb-4b41-8e0c-d2e3c0bdd234;2025-04-25T11:38:00Z;16.179;16.161;16.182;16.156;5280;
53b67587-96eb-4b41-8e0c-d2e3c0bdd234;2025-04-25T11:39:00Z;16.156;16.136;16.158;16.136;1939;
53b67587-96eb-4b41-8e0c-d2e3c0bdd234;2025-04-25T11:40:00Z;16.139;16.154;16.154;16.139;789;
53b67587-96eb-4b41-8e0c-d2e3c0bdd234;2025-04-25T11:41:00Z;16.155;16.17;16.17;16.155;1106;
53b67587-96eb-4b41-8e0c-d2e3c0bdd234;2025-04-25T11:42:00Z;16.17;16.166;16.17;16.156;938;
53b67587-96eb-4b41-8e0c-d2e3c0bdd234;2025-04-25T11:43:00Z;16.166;16.128;16.166;16.128;1335;
53b67587-96eb-4b41-8e0c-d2e3c0bdd234;2025-04-25T11:44:00Z;16.129;16.12;16.129;16.116;1429;
53b67587-96eb-4b41-8e0c-d2e3c0bdd234;2025-04-25T11:45:00Z;16.122;16.118;16.133;16.118;297;
53b67587-96eb-4b41-8e0c-d2e3c0bdd234;2025-04-25T11:46:00Z;16.119;16.11;16.119;16.11;3713;
53b67587-96eb-4b41-8e0c-d2e3c0bdd234;2025-04-25T11:47:00Z;16.11;16.11;16.111;16.11;2358;
53b67587-96eb-4b41-8e0c-d2e3c0bdd234;2025-04-25T11:48:00Z;16.11;16.11;16.111;16.11;797;
53b67587-96eb-4b41-8e0c-d2e3c0bdd234;2025-04-25T11:49:00Z;16.111;16.094;16.111;16.094;3023;
53b67587-96eb-4b41-8e0c-d2e3c0bdd234;2025-04-25T11:50:00Z;16.096;16.083;16.096;16.083;1380;
53b67587-96eb-4b41-8e0c-d2e3c0bdd234;2025-04-25T11:51:00Z;16.083;16.072;16.083;16.071;705;
53b67587-96eb-4b41-8e0c-d2e3c0bdd234;2025-04-25T11:52:00Z;16.072;16.06;16.072;16.054;2298;
53b67587-96eb-4b41-8e0c-d2e3c0bdd234;2025-04-25T11:53:00Z;16.058;16.076;16.076;16.056;2927;
53b67587-96eb-4b41-8e0c-d2e3c0bdd234;2025-04-25T11:54:00Z;16.071;16.075;16.077;16.071;2531;
53b67587-96eb-4b41-8e0c-d2e3c0bdd234;2025-04-25T11:55:00Z;16.077;16.088;16.088;16.075;1940;
53b67587-96eb-4b41-8e0c-d2e3c0bdd234;2025-04-25T11:56:00Z;16.088;16.087;16.088;16.087;856;
53b67587-96eb-4b41-8e0c-d2e3c0bdd234;2025-04-25T11:57:00Z;16.088;16.064;16.088;16.06;1375;
53b67587-96eb-4b41-8e0c-d2e3c0bdd234;2025-04-25T11:58:00Z;16.061;16.066;16.066;16.061;262;
53b67587-96eb-4b41-8e0c-d2e3c0bdd234;2025-04-25T11:59:00Z;16.065;16.076;16.076;16.065;1713;
53b67587-96eb-4b41-8e0c-d2e3c0bdd234;2025-04-25T12:00:00Z;16.078;16.08;16.084;16.077;1349;
53b67587-96eb-4b41-8e0c-d2e3c0bdd234;2025-04-25T12:01:00Z;16.081;16.065;16.085;16.065;2111;
53b67587-96eb-4b41-8e0c-d2e3c0bdd234;2025-04-25T12:02:00Z;16.063;16.027;16.063;16.027;6772;
53b67587-96eb-4b41-8e0c-d2e3c0bdd234;2025-04-25T12:03:00Z;16.026;16.031;16.036;16.026;2546;
53b67587-96eb-4b41-8e0c-d2e3c0bdd234;2025-04-25T12:04:00Z;16.032;16.037;16.038;16.031;5241;
53b67587-96eb-4b41-8e0c-d2e3c0bdd234;2025-04-25T12:05:00Z;16.037;16.037;16.037;16.032;4862;
53b67587-96eb-4b41-8e0c-d2e3c0bdd234;2025-04-25T12:06:00Z;16.037;16.037;16.037;16.034;414;
53b67587-96eb-4b41-8e0c-d2e3c0bdd234;2025-04-25T12:07:00Z;16.036;16.031;16.036;16.031;1360;
53b67587-96eb-4b41-8e0c-d2e3c0bdd234;2025-04-25T12:08:00Z;16.032;16.033;16.036;16.031;1434;
53b67587-96eb-4b41-8e0c-d2e3c0bdd234;2025-04-25T12:09:00Z;16.034;16.047;16.048;16.034;1070;
53b67587-96eb-4b41-8e0c-d2e3c0bdd234;2025-04-25T12:10:00Z;16.047;16.083;16.096;16.047;10268;
53b67587-96eb-4b41-8e0c-d2e3c0bdd234;2025-04-25T12:11:00Z;16.083;16.062;16.083;16.052;3309;
53b67587-96eb-4b41-8e0c-d2e3c0bdd234;2025-04-25T12:12:00Z;16.061;16.07;16.07;16.061;3022;
53b67587-96eb-4b41-8e0c-d2e3c0bdd234;2025-04-25T12:13:00Z;16.07;16.053;16.078;16.043;3741;
53b67587-96eb-4b41-8e0c-d2e3c0bdd234;2025-04-25T12:14:00Z;16.053;16.052;16.054;16.051;488;
53b67587-96eb-4b41-8e0c-d2e3c0bdd234;2025-04-25T12:15:00Z;16.052;16.084;16.084;16.052;2928;
53b67587-96eb-4b41-8e0c-d2e3c0bdd234;2025-04-25T12:16:00Z;16.077;16.09;16.097;16.077;1460;
53b67587-96eb-4b41-8e0c-d2e3c0bdd234;2025-04-25T12:17:00Z;16.088;16.061;16.09;16.058;2071;
53b67587-96eb-4b41-8e0c-d2e3c0bdd234;2025-04-25T12:18:00Z;16.067;16.066;16.067;16.066;6;
53b67587-96eb-4b41-8e0c-d2e3c0bdd234;2025-04-25T12:19:00Z;16.061;16.07;16.07;16.061;91;
53b67587-96eb-4b41-8e0c-d2e3c0bdd234;2025-04-25T12:20:00Z;16.07;16.099;16.099;16.066;2100;
53b67587-96eb-4b41-8e0c-d2e3c0bdd234;2025-04-25T12:21:00Z;16.096;16.099;16.099;16.088;1900;
53b67587-96eb-4b41-8e0c-d2e3c0bdd234;2025-04-25T12:22:00Z;16.099;16.117;16.127;16.095;9066;
53b67587-96eb-4b41-8e0c-d2e3c0bdd234;2025-04-25T12:23:00Z;16.116;16.166;16.18;16.11;19677;
53b67587-96eb-4b41-8e0c-d2e3c0bdd234;2025-04-25T12:24:00Z;16.166;16.171;16.171;16.156;3661;
53b67587-96eb-4b41-8e0c-d2e3c0bdd234;2025-04-25T12:25:00Z;16.171;16.174;16.178;16.165;3136;
53b67587-96eb-4b41-8e0c-d2e3c0bdd234;2025-04-25T12:26:00Z;16.174;16.161;16.174;16.155;3091;
53b67587-96eb-4b41-8e0c-d2e3c0bdd234;2025-04-25T12:27:00Z;16.165;16.16;16.165;16.16;1875;
53b67587-96eb-4b41-8e0c-d2e3c0bdd234;2025-04-25T12:28:00Z;16.161;16.155;16.161;16.154;1767;
53b67587-96eb-4b41-8e0c-d2e3c0bdd234;2025-04-25T12:29:00Z;16.155;16.157;16.16;16.152;5942;
53b67587-96eb-4b41-8e0c-d2e3c0bdd234;2025-04-25T12:30:00Z;16.155;16.15;16.155;16.15;10389;
53b67587-96eb-4b41-8e0c-d2e3c0bdd234;2025-04-25T12:31:00Z;16.15;16.15;16.151;16.15;3697;
53b67587-96eb-4b41-8e0c-d2e3c0bdd234;2025-04-25T12:32:00Z;16.15;16.15;16.151;16.15;3914;
53b67587-96eb-4b41-8e0c-d2e3c0bdd234;2025-04-25T12:33:00Z;16.151;16.153;16.153;16.15;5086;
53b67587-96eb-4b41-8e0c-d2e3c0bdd234;2025-04-25T12:34:00Z;16.153;16.151;16.153;16.15;4649;
53b67587-96eb-4b41-8e0c-d2e3c0bdd234;2025-04-25T12:35:00Z;16.151;16.162;16.165;16.15;5326;
53b67587-96eb-4b41-8e0c-d2e3c0bdd234;2025-04-25T12:36:00Z;16.166;16.164;16.186;16.164;3216;
53b67587-96eb-4b41-8e0c-d2e3c0bdd234;2025-04-25T12:37:00Z;16.167;16.184;16.192;16.161;4901;
53b67587-96eb-4b41-8e0c-d2e3c0bdd234;2025-04-25T12:38:00Z;16.175;16.163;16.176;16.153;2374;
53b67587-96eb-4b41-8e0c-d2e3c0bdd234;2025-04-25T12:40:00Z;16.164;16.165;16.167;16.164;34;
53b67587-96eb-4b41-8e0c-d2e3c0bdd234;2025-04-25T12:41:00Z;16.167;16.178;16.178;16.165;2980;
53b67587-96eb-4b41-8e0c-d2e3c0bdd234;2025-04-25T12:42:00Z;16.179;16.182;16.186;16.174;397;
53b67587-96eb-4b41-8e0c-d2e3c0bdd234;2025-04-25T12:43:00Z;16.18;16.18;16.187;16.18;383;
53b67587-96eb-4b41-8e0c-d2e3c0bdd234;2025-04-25T12:44:00Z;16.18;16.18;16.18;16.154;4451;
53b67587-96eb-4b41-8e0c-d2e3c0bdd234;2025-04-25T12:45:00Z;16.174;16.169;16.174;16.169;42;
53b67587-96eb-4b41-8e0c-d2e3c0bdd234;2025-04-25T12:46:00Z;16.17;16.183;16.183;16.169;1009;
53b67587-96eb-4b41-8e0c-d2e3c0bdd234;2025-04-25T12:47:00Z;16.18;16.18;16.184;16.179;391;
53b67587-96eb-4b41-8e0c-d2e3c0bdd234;2025-04-25T12:48:00Z;16.178;16.174;16.183;16.169;1543;
53b67587-96eb-4b41-8e0c-d2e3c0bdd234;2025-04-25T12:49:00Z;16.174;16.153;16.18;16.153;1661;
53b67587-96eb-4b41-8e0c-d2e3c0bdd234;2025-04-25T12:50:00Z;16.156;16.159;16.161;16.15;3578;
53b67587-96eb-4b41-8e0c-d2e3c0bdd234;2025-04-25T12:51:00Z;16.152;16.151;16.155;16.151;472;
53b67587-96eb-4b41-8e0c-d2e3c0bdd234;2025-04-25T12:52:00Z;16.151;16.15;16.151;16.15;7635;
53b67587-96eb-4b41-8e0c-d2e3c0bdd234;2025-04-25T12:53:00Z;16.15;16.15;16.151;16.15;2100;
53b67587-96eb-4b41-8e0c-d2e3c0bdd234;2025-04-25T12:54:00Z;16.15;16.15;16.152;16.15;2930;
53b67587-96eb-4b41-8e0c-d2e3c0bdd234;2025-04-25T12:55:00Z;16.15;16.169;16.175;16.15;6469;
53b67587-96eb-4b41-8e0c-d2e3c0bdd234;2025-04-25T12:56:00Z;16.168;16.179;16.179;16.165;813;
53b67587-96eb-4b41-8e0c-d2e3c0bdd234;2025-04-25T12:57:00Z;16.171;16.182;16.185;16.171;1158;
53b67587-96eb-4b41-8e0c-d2e3c0bdd234;2025-04-25T12:58:00Z;16.183;16.182;16.215;16.182;10539;
53b67587-96eb-4b41-8e0c-d2e3c0bdd234;2025-04-25T12:59:00Z;16.19;16.193;16.234;16.182;9889;
53b67587-96eb-4b41-8e0c-d2e3c0bdd234;2025-04-25T13:00:00Z;16.195;16.198;16.199;16.195;1628;
53b67587-96eb-4b41-8e0c-d2e3c0bdd234;2025-04-25T13:01:00Z;16.194;16.173;16.195;16.172;1280;
53b67587-96eb-4b41-8e0c-d2e3c0bdd234;2025-04-25T13:02:00Z;16.17;16.163;16.173;16.152;3147;
53b67587-96eb-4b41-8e0c-d2e3c0bdd234;2025-04-25T13:03:00Z;16.161;16.164;16.169;16.161;261;
53b67587-96eb-4b41-8e0c-d2e3c0bdd234;2025-04-25T13:04:00Z;16.168;16.168;16.169;16.168;77;
53b67587-96eb-4b41-8e0c-d2e3c0bdd234;2025-04-25T13:05:00Z;16.17;16.173;16.175;16.169;2473;
53b67587-96eb-4b41-8e0c-d2e3c0bdd234;2025-04-25T13:06:00Z;16.168;16.152;16.168;16.152;3166;
53b67587-96eb-4b41-8e0c-d2e3c0bdd234;2025-04-25T13:07:00Z;16.152;16.154;16.155;16.151;736;
53b67587-96eb-4b41-8e0c-d2e3c0bdd234;2025-04-25T13:08:00Z;16.155;16.16;16.162;16.155;2714;
53b67587-96eb-4b41-8e0c-d2e3c0bdd234;2025-04-25T13:09:00Z;16.161;16.15;16.161;16.15;3706;
53b67587-96eb-4b41-8e0c-d2e3c0bdd234;2025-04-25T13:10:00Z;16.15;16.059;16.15;16.016;106585;
53b67587-96eb-4b41-8e0c-d2e3c0bdd234;2025-04-25T13:11:00Z;16.059;16.074;16.074;16.059;6420;
53b67587-96eb-4b41-8e0c-d2e3c0bdd234;2025-04-25T13:12:00Z;16.076;16.073;16.082;16.066;2896;
53b67587-96eb-4b41-8e0c-d2e3c0bdd234;2025-04-25T13:13:00Z;16.066;16.073;16.076;16.056;1968;
53b67587-96eb-4b41-8e0c-d2e3c0bdd234;2025-04-25T13:14:00Z;16.064;16.08;16.091;16.06;2654;
53b67587-96eb-4b41-8e0c-d2e3c0bdd234;2025-04-25T13:15:00Z;16.087;16.088;16.092;16.087;578;
53b67587-96eb-4b41-8e0c-d2e3c0bdd234;2025-04-25T13:16:00Z;16.088;16.087;16.095;16.087;984;
53b67587-96eb-4b41-8e0c-d2e3c0bdd234;2025-04-25T13:17:00Z;16.086;16.103;16.103;16.085;1543;
53b67587-96eb-4b41-8e0c-d2e3c0bdd234;2025-04-25T13:18:00Z;16.103;16.086;16.103;16.086;250;
53b67587-96eb-4b41-8e0c-d2e3c0bdd234;2025-04-25T13:19:00Z;16.086;16.101;16.101;16.086;1482;
53b67587-96eb-4b41-8e0c-d2e3c0bdd234;2025-04-25T13:20:00Z;16.101;16.104;16.104;16.095;899;
53b67587-96eb-4b41-8e0c-d2e3c0bdd234;2025-04-25T13:21:00Z;16.103;16.091;16.104;16.091;242;
53b67587-96eb-4b41-8e0c-d2e3c0bdd234;2025-04-25T13:22:00Z;16.092;16.09;16.095;16.09;86;
53b67587-96eb-4b41-8e0c-d2e3c0bdd234;2025-04-25T13:23:00Z;16.091;16.103;16.103;16.091;1186;
53b67587-96eb-4b41-8e0c-d2e3c0bdd234;2025-04-25T13:24:00Z;16.104;16.113;16.113;16.101;1113;
53b67587-96eb-4b41-8e0c-d2e3c0bdd234;2025-04-25T13:25:00Z;16.112;16.117;16.138;16.11;7605;
53b67587-96eb-4b41-8e0c-d2e3c0bdd234;2025-04-25T13:26:00Z;16.121;16.113;16.14;16.103;3893;
53b67587-96eb-4b41-8e0c-d2e3c0bdd234;2025-04-25T13:27:00Z;16.114;16.11;16.13;16.109;2015;
53b67587-96eb-4b41-8e0c-d2e3c0bdd234;2025-04-25T13:28:00Z;16.105;16.117;16.117;16.104;514;
53b67587-96eb-4b41-8e0c-d2e3c0bdd234;2025-04-25T13:29:00Z;16.107;16.103;16.107;16.1;880;
53b67587-96eb-4b41-8e0c-d2e3c0bdd234;2025-04-25T13:30:00Z;16.106;16.09;16.108;16.082;2639;
53b67587-96eb-4b41-8e0c-d2e3c0bdd234;2025-04-25T13:31:00Z;16.087;16.08;16.089;16.08;1245;
53b67587-96eb-4b41-8e0c-d2e3c0bdd234;2025-04-25T13:32:00Z;16.082;16.093;16.106;16.076;2508;
53b67587-96eb-4b41-8e0c-d2e3c0bdd234;2025-04-25T13:33:00Z;16.105;16.097;16.105;16.094;114;
53b67587-96eb-4b41-8e0c-d2e3c0bdd234;2025-04-25T13:34:00Z;16.096;16.08;16.098;16.076;606;
53b67587-96eb-4b41-8e0c-d2e3c0bdd234;2025-04-25T13:35:00Z;16.077;16.088;16.088;16.077;1178;
53b67587-96eb-4b41-8e0c-d2e3c0bdd234;2025-04-25T13:36:00Z;16.09;16.091;16.091;16.089;1440;
53b67587-96eb-4b41-8e0c-d2e3c0bdd234;2025-04-25T13:37:00Z;16.091;16.084;16.095;16.084;2068;
53b67587-96eb-4b41-8e0c-d2e3c0bdd234;2025-04-25T13:38:00Z;16.088;16.105;16.105;16.087;1022;
53b67587-96eb-4b41-8e0c-d2e3c0bdd234;2025-04-25T13:39:00Z;16.1;16.121;16.126;16.1;4065;
53b67587-96eb-4b41-8e0c-d2e3c0bdd234;2025-04-25T13:40:00Z;16.122;16.116;16.144;16.116;2503;
53b67587-96eb-4b41-8e0c-d2e3c0bdd234;2025-04-25T13:41:00Z;16.125;16.144;16.144;16.125;1824;
53b67587-96eb-4b41-8e0c-d2e3c0bdd234;2025-04-25T13:42:00Z;16.135;16.136;16.138;16.134;20;
53b67587-96eb-4b41-8e0c-d2e3c0bdd234;2025-04-25T13:43:00Z;16.132;16.11;16.132;16.11;82;
53b67587-96eb-4b41-8e0c-d2e3c0bdd234;2025-04-25T13:44:00Z;16.106;16.096;16.107;16.096;817;
53b67587-96eb-4b41-8e0c-d2e3c0bdd234;2025-04-25T13:45:00Z;16.092;16.138;16.138;16.087;2204;
53b67587-96eb-4b41-8e0c-d2e3c0bdd234;2025-04-25T13:46:00Z;16.134;16.126;16.134;16.126;14;
53b67587-96eb-4b41-8e0c-d2e3c0bdd234;2025-04-25T13:47:00Z;16.126;16.146;16.146;16.113;2301;
53b67587-96eb-4b41-8e0c-d2e3c0bdd234;2025-04-25T13:48:00Z;16.131;16.11;16.131;16.107;719;
53b67587-96eb-4b41-8e0c-d2e3c0bdd234;2025-04-25T13:49:00Z;16.108;16.104;16.112;16.104;846;
53b67587-96eb-4b41-8e0c-d2e3c0bdd234;2025-04-25T13:50:00Z;16.1;16.108;16.112;16.083;4075;
53b67587-96eb-4b41-8e0c-d2e3c0bdd234;2025-04-25T13:51:00Z;16.095;16.048;16.095;16.048;5923;
53b67587-96eb-4b41-8e0c-d2e3c0bdd234;2025-04-25T13:52:00Z;16.051;16.035;16.051;16.021;4530;
53b67587-96eb-4b41-8e0c-d2e3c0bdd234;2025-04-25T13:53:00Z;16.037;16.063;16.063;16.029;2888;
53b67587-96eb-4b41-8e0c-d2e3c0bdd234;2025-04-25T13:54:00Z;16.049;16.036;16.049;16.022;6187;
53b67587-96eb-4b41-8e0c-d2e3c0bdd234;2025-04-25T13:55:00Z;16.036;16.042;16.042;16.032;844;
53b67587-96eb-4b41-8e0c-d2e3c0bdd234;2025-04-25T13:56:00Z;16.043;16.073;16.073;16.043;3476;
53b67587-96eb-4b41-8e0c-d2e3c0bdd234;2025-04-25T13:57:00Z;16.053;16.048;16.057;16.048;193;
53b67587-96eb-4b41-8e0c-d2e3c0bdd234;2025-04-25T13:58:00Z;16.051;16.058;16.059;16.051;112;
53b67587-96eb-4b41-8e0c-d2e3c0bdd234;2025-04-25T13:59:00Z;16.053;16.073;16.073;16.051;2370;
53b67587-96eb-4b41-8e0c-d2e3c0bdd234;2025-04-25T14:00:00Z;16.068;16.068;16.068;16.068;7;
53b67587-96eb-4b41-8e0c-d2e3c0bdd234;2025-04-25T14:01:00Z;16.064;16.064;16.072;16.056;1433;
53b67587-96eb-4b41-8e0c-d2e3c0bdd234;2025-04-25T14:02:00Z;16.054;16.071;16.071;16.05;1109;
53b67587-96eb-4b41-8e0c-d2e3c0bdd234;2025-04-25T14:04:00Z;16.067;16.076;16.076;16.067;1213;
53b67587-96eb-4b41-8e0c-d2e3c0bdd234;2025-04-25T14:05:00Z;16.076;16.098;16.105;16.075;2307;
53b67587-96eb-4b41-8e0c-d2e3c0bdd234;2025-04-25T14:06:00Z;16.098;16.075;16.1;16.075;998;
53b67587-96eb-4b41-8e0c-d2e3c0bdd234;2025-04-25T14:07:00Z;16.071;16.077;16.077;16.071;684;
53b67587-96eb-4b41-8e0c-d2e3c0bdd234;2025-04-25T14:08:00Z;16.08;16.095;16.095;16.075;927;
53b67587-96eb-4b41-8e0c-d2e3c0bdd234;2025-04-25T14:09:00Z;16.095;16.107;16.126;16.095;3992;
53b67587-96eb-4b41-8e0c-d2e3c0bdd234;2025-04-25T14:10:00Z;16.109;16.104;16.11;16.1;446;
53b67587-96eb-4b41-8e0c-d2e3c0bdd234;2025-04-25T14:11:00Z;16.097;16.089;16.097;16.079;1006;
53b67587-96eb-4b41-8e0c-d2e3c0bdd234;2025-04-25T14:12:00Z;16.091;16.092;16.092;16.083;140;
53b67587-96eb-4b41-8e0c-d2e3c0bdd234;2025-04-25T14:13:00Z;16.09;16.087;16.09;16.087;4;
53b67587-96eb-4b41-8e0c-d2e3c0bdd234;2025-04-25T14:14:00Z;16.082;16.082;16.082;16.082;824;
53b67587-96eb-4b41-8e0c-d2e3c0bdd234;2025-04-25T14:15:00Z;16.083;16.077;16.085;16.077;2766;
53b67587-96eb-4b41-8e0c-d2e3c0bdd234;2025-04-25T14:16:00Z;16.077;16.049;16.077;16.042;3330;
53b67587-96eb-4b41-8e0c-d2e3c0bdd234;2025-04-25T14:17:00Z;16.047;16.07;16.07;16.04;2014;
53b67587-96eb-4b41-8e0c-d2e3c0bdd234;2025-04-25T14:18:00Z;16.067;16.047;16.067;16.046;126;
53b67587-96eb-4b41-8e0c-d2e3c0bdd234;2025-04-25T14:19:00Z;16.045;16.04;16.045;16.04;452;
53b67587-96eb-4b41-8e0c-d2e3c0bdd234;2025-04-25T14:20:00Z;16.041;16.07;16.07;16.036;1921;
53b67587-96eb-4b41-8e0c-d2e3c0bdd234;2025-04-25T14:21:00Z;16.059;16.078;16.078;16.05;3303;
53b67587-96eb-4b41-8e0c-d2e3c0bdd234;2025-04-25T14:22:00Z;16.063;16.065;16.07;16.062;230;
53b67587-96eb-4b41-8e0c-d2e3c0bdd234;2025-04-25T14:23:00Z;16.055;16.063;16.063;16.055;952;
53b67587-96eb-4b41-8e0c-d2e3c0bdd234;2025-04-25T14:24:00Z;16.054;16.068;16.084;16.053;2147;
53b67587-96eb-4b41-8e0c-d2e3c0bdd234;2025-04-25T14:25:00Z;16.066;16.05;16.07;16.05;743;
53b67587-96eb-4b41-8e0c-d2e3c0bdd234;2025-04-25T14:26:00Z;16.05;16.032;16.05;16.032;3414;
53b67587-96eb-4b41-8e0c-d2e3c0bdd234;2025-04-25T14:27:00Z;16.032;16.021;16.033;16.021;4857;
53b67587-96eb-4b41-8e0c-d2e3c0bdd234;2025-04-25T14:28:00Z;16.026;16.011;16.028;16.011;5846;
53b67587-96eb-4b41-8e0c-d2e3c0bdd234;2025-04-25T14:29:00Z;16.011;16.047;16.047;16.011;2136;
53b67587-96eb-4b41-8e0c-d2e3c0bdd234;2025-04-25T14:30:00Z;16.036;16.052;16.069;16.026;1430;
53b67587-96eb-4b41-8e0c-d2e3c0bdd234;2025-04-25T14:31:00Z;16.051;16.053;16.062;16.048;317;
53b67587-96eb-4b41-8e0c-d2e3c0bdd234;2025-04-25T14:32:00Z;16.058;16.062;16.062;16.053;1004;
53b67587-96eb-4b41-8e0c-d2e3c0bdd234;2025-04-25T14:33:00Z;16.058;16.064;16.071;16.05;1206;
53b67587-96eb-4b41-8e0c-d2e3c0bdd234;2025-04-25T14:34:00Z;16.064;16.058;16.064;16.05;944;
53b67587-96eb-4b41-8e0c-d2e3c0bdd234;2025-04-25T14:35:00Z;16.053;16.075;16.075;16.053;3278;
53b67587-96eb-4b41-8e0c-d2e3c0bdd234;2025-04-25T14:36:00Z;16.073;16.069;16.073;16.052;1840;
53b67587-96eb-4b41-8e0c-d2e3c0bdd234;2025-04-25T14:37:00Z;16.062;16.059;16.064;16.059;77;
53b67587-96eb-4b41-8e0c-d2e3c0bdd234;2025-04-25T14:38:00Z;16.059;16.063;16.064;16.053;1051;
53b67587-96eb-4b41-8e0c-d2e3c0bdd234;2025-04-25T14:39:00Z;16.07;16.071;16.071;16.067;3586;
53b67587-96eb-4b41-8e0c-d2e3c0bdd234;2025-04-25T14:40:00Z;16.072;16.085;16.09;16.07;844;
53b67587-96eb-4b41-8e0c-d2e3c0bdd234;2025-04-25T14:41:00Z;16.085;16.092;16.092;16.085;928;
53b67587-96eb-4b41-8e0c-d2e3c0bdd234;2025-04-25T14:42:00Z;16.088;16.14;16.14;16.088;7359;
53b67587-96eb-4b41-8e0c-d2e3c0bdd234;2025-04-25T14:43:00Z;16.142;16.126;16.145;16.114;1346;
53b67587-96eb-4b41-8e0c-d2e3c0bdd234;2025-04-25T14:44:00Z;16.13;16.146;16.146;16.126;2316;
53b67587-96eb-4b41-8e0c-d2e3c0bdd234;2025-04-25T14:45:00Z;16.147;16.129;16.149;16.108;4722;
53b67587-96eb-4b41-8e0c-d2e3c0bdd234;2025-04-25T14:46:00Z;16.129;16.112;16.13;16.11;777;
53b67587-96eb-4b41-8e0c-d2e3c0bdd234;2025-04-25T14:47:00Z;16.117;16.137;16.137;16.117;1445;
53b67587-96eb-4b41-8e0c-d2e3c0bdd234;2025-04-25T14:48:00Z;16.131;16.123;16.131;16.11;2202;
53b67587-96eb-4b41-8e0c-d2e3c0bdd234;2025-04-25T14:49:00Z;16.112;16.102;16.118;16.102;669;
53b67587-96eb-4b41-8e0c-d2e3c0bdd234;2025-04-25T14:50:00Z;16.105;16.127;16.127;16.094;2120;
53b67587-96eb-4b41-8e0c-d2e3c0bdd234;2025-04-25T14:51:00Z;16.132;16.112;16.136;16.112;1617;
53b67587-96eb-4b41-8e0c-d2e3c0bdd234;2025-04-25T14:52:00Z;16.119;16.066;16.12;16.056;2069;
53b67587-96eb-4b41-8e0c-d2e3c0bdd234;2025-04-25T14:53:00Z;16.064;16.068;16.081;16.052;2606;
53b67587-96eb-4b41-8e0c-d2e3c0bdd234;2025-04-25T14:54:00Z;16.075;16.07;16.076;16.061;1021;
53b67587-96eb-4b41-8e0c-d2e3c0bdd234;2025-04-25T14:55:00Z;16.064;16.052;16.064;16.05;2581;
53b67587-96eb-4b41-8e0c-d2e3c0bdd234;2025-04-25T14:56:00Z;16.057;16.084;16.084;16.057;1582;
53b67587-96eb-4b41-8e0c-d2e3c0bdd234;2025-04-25T14:57:00Z;16.087;16.074;16.093;16.066;672;
53b67587-96eb-4b41-8e0c-d2e3c0bdd234;2025-04-25T14:58:00Z;16.074;16.105;16.121;16.074;3363;
53b67587-96eb-4b41-8e0c-d2e3c0bdd234;2025-04-25T14:59:00Z;16.09;16.126;16.126;16.079;1926;
53b67587-96eb-4b41-8e0c-d2e3c0bdd234;2025-04-25T15:00:00Z;16.122;16.105;16.122;16.096;169;
53b67587-96eb-4b41-8e0c-d2e3c0bdd234;2025-04-25T15:01:00Z;16.11;16.077;16.112;16.07;1507;
53b67587-96eb-4b41-8e0c-d2e3c0bdd234;2025-04-25T15:02:00Z;16.084;16.107;16.119;16.081;1194;
53b67587-96eb-4b41-8e0c-d2e3c0bdd234;2025-04-25T15:03:00Z;16.107;16.068;16.112;16.068;1502;
53b67587-96eb-4b41-8e0c-d2e3c0bdd234;2025-04-25T15:04:00Z;16.068;16.058;16.086;16.058;1117;
53b67587-96eb-4b41-8e0c-d2e3c0bdd234;2025-04-25T15:05:00Z;16.057;16.086;16.086;16.056;1615;
53b67587-96eb-4b41-8e0c-d2e3c0bdd234;2025-04-25T15:06:00Z;16.075;16.064;16.079;16.059;2489;
53b67587-96eb-4b41-8e0c-d2e3c0bdd234;2025-04-25T15:07:00Z;16.064;16.077;16.084;16.062;921;
53b67587-96eb-4b41-8e0c-d2e3c0bdd234;2025-04-25T15:08:00Z;16.067;16.075;16.075;16.052;1174;
53b67587-96eb-4b41-8e0c-d2e3c0bdd234;2025-04-25T15:09:00Z;16.061;16.049;16.07;16.04;3906;
53b67587-96eb-4b41-8e0c-d2e3c0bdd234;2025-04-25T15:10:00Z;16.048;16.058;16.069;16.048;1837;
53b67587-96eb-4b41-8e0c-d2e3c0bdd234;2025-04-25T15:11:00Z;16.066;16.081;16.081;16.048;1818;
53b67587-96eb-4b41-8e0c-d2e3c0bdd234;2025-04-25T15:12:00Z;16.076;16.06;16.076;16.059;197;
53b67587-96eb-4b41-8e0c-d2e3c0bdd234;2025-04-25T15:13:00Z;16.067;16.074;16.074;16.067;1197;
53b67587-96eb-4b41-8e0c-d2e3c0bdd234;2025-04-25T15:14:00Z;16.074;16.085;16.09;16.068;1598;
53b67587-96eb-4b41-8e0c-d2e3c0bdd234;2025-04-25T15:15:00Z;16.09;16.072;16.09;16.072;420;
53b67587-96eb-4b41-8e0c-d2e3c0bdd234;2025-04-25T15:16:00Z;16.074;16.075;16.076;16.07;945;
53b67587-96eb-4b41-8e0c-d2e3c0bdd234;2025-04-25T15:17:00Z;16.076;16.091;16.091;16.066;1005;
53b67587-96eb-4b41-8e0c-d2e3c0bdd234;2025-04-25T15:18:00Z;16.087;16.082;16.099;16.082;337;
53b67587-96eb-4b41-8e0c-d2e3c0bdd234;2025-04-25T15:19:00Z;16.084;16.063;16.096;16.062;503;
53b67587-96eb-4b41-8e0c-d2e3c0bdd234;2025-04-25T15:20:00Z;16.063;16.086;16.086;16.048;2861;
53b67587-96eb-4b41-8e0c-d2e3c0bdd234;2025-04-25T15:21:00Z;16.086;16.063;16.086;16.049;5920;
53b67587-96eb-4b41-8e0c-d2e3c0bdd234;2025-04-25T15:22:00Z;16.063;16.079;16.096;16.063;1166;
53b67587-96eb-4b41-8e0c-d2e3c0bdd234;2025-04-25T15:23:00Z;16.088;16.088;16.092;16.062;1770;
53b67587-96eb-4b41-8e0c-d2e3c0bdd234;2025-04-25T15:24:00Z;16.076;16.095;16.096;16.072;873;
53b67587-96eb-4b41-8e0c-d2e3c0bdd234;2025-04-25T15:25:00Z;16.084;16.08;16.095;16.08;692;
53b67587-96eb-4b41-8e0c-d2e3c0bdd234;2025-04-25T15:26:00Z;16.095;16.103;16.103;16.082;2351;
53b67587-96eb-4b41-8e0c-d2e3c0bdd234;2025-04-25T15:27:00Z;16.098;16.118;16.118;16.092;508;
53b67587-96eb-4b41-8e0c-d2e3c0bdd234;2025-04-25T15:28:00Z;16.118;16.121;16.122;16.109;1564;
53b67587-96eb-4b41-8e0c-d2e3c0bdd234;2025-04-25T15:29:00Z;16.12;16.12;16.122;16.12;2347;
53b67587-96eb-4b41-8e0c-d2e3c0bdd234;2025-04-25T15:30:00Z;16.12;16.111;16.134;16.109;3902;
53b67587-96eb-4b41-8e0c-d2e3c0bdd234;2025-04-25T15:31:00Z;16.111;16.113;16.133;16.111;797;
53b67587-96eb-4b41-8e0c-d2e3c0bdd234;2025-04-25T15:32:00Z;16.123;16.129;16.135;16.12;1514;
53b67587-96eb-4b41-8e0c-d2e3c0bdd234;2025-04-25T15:33:00Z;16.129;16.123;16.15;16.12;2624;
53b67587-96eb-4b41-8e0c-d2e3c0bdd234;2025-04-25T15:34:00Z;16.133;16.116;16.136;16.116;544;
53b67587-96eb-4b41-8e0c-d2e3c0bdd234;2025-04-25T15:35:00Z;16.118;16.095;16.128;16.076;1777;
53b67587-96eb-4b41-8e0c-d2e3c0bdd234;2025-04-25T15:36:00Z;16.097;16.102;16.111;16.093;297;
53b67587-96eb-4b41-8e0c-d2e3c0bdd234;2025-04-25T15:37:00Z;16.105;16.128;16.128;16.104;677;
53b67587-96eb-4b41-8e0c-d2e3c0bdd234;2025-04-25T15:38:00Z;16.128;16.132;16.137;16.126;248;
53b67587-96eb-4b41-8e0c-d2e3c0bdd234;2025-04-25T15:39:00Z;16.136;16.129;16.142;16.129;2429;
53b67587-96eb-4b41-8e0c-d2e3c0bdd234;2025-04-25T15:45:00Z;16.129;16.129;16.129;16.129;137;
53b67587-96eb-4b41-8e0c-d2e3c0bdd234;2025-04-25T15:46:00Z;16.129;16.129;16.129;16.129;74;
53b67587-96eb-4b41-8e0c-d2e3c0bdd234;2025-04-25T15:47:00Z;16.129;16.129;16.129;16.129;1;
53b67587-96eb-4b41-8e0c-d2e3c0bdd234;2025-04-25T15:48:00Z;16.129;16.129;16.129;16.129;5;
53b67587-96eb-4b41-8e0c-d2e3c0bdd234;2025-04-25T16:04:00Z;16.142;16.142;16.142;16.142;105;
53b67587-96eb-4b41-8e0c-d2e3c0bdd234;2025-04-25T16:05:00Z;16.13;16.093;16.13;16.093;1525;
53b67587-96eb-4b41-8e0c-d2e3c0bdd234;2025-04-25T16:06:00Z;16.099;16.111;16.112;16.088;612;
53b67587-96eb-4b41-8e0c-d2e3c0bdd234;2025-04-25T16:07:00Z;16.111;16.123;16.127;16.111;214;
53b67587-96eb-4b41-8e0c-d2e3c0bdd234;2025-04-25T16:08:00Z;16.121;16.107;16.121;16.09;1302;
53b67587-96eb-4b41-8e0c-d2e3c0bdd234;2025-04-25T16:09:00Z;16.11;16.133;16.133;16.11;884;
53b67587-96eb-4b41-8e0c-d2e3c0bdd234;2025-04-25T16:10:00Z;16.117;16.12;16.148;16.117;1753;
53b67587-96eb-4b41-8e0c-d2e3c0bdd234;2025-04-25T16:11:00Z;16.117;16.118;16.134;16.117;1010;
53b67587-96eb-4b41-8e0c-d2e3c0bdd234;2025-04-25T16:12:00Z;16.124;16.126;16.134;16.124;336;
53b67587-96eb-4b41-8e0c-d2e3c0bdd234;2025-04-25T16:13:00Z;16.127;16.119;16.131;16.119;1821;
53b67587-96eb-4b41-8e0c-d2e3c0bdd234;2025-04-25T16:14:00Z;16.125;16.124;16.13;16.114;390;
53b67587-96eb-4b41-8e0c-d2e3c0bdd234;2025-04-25T16:15:00Z;16.121;16.104;16.125;16.104;1574;
53b67587-96eb-4b41-8e0c-d2e3c0bdd234;2025-04-25T16:16:00Z;16.104;16.116;16.116;16.091;2247;
53b67587-96eb-4b41-8e0c-d2e3c0bdd234;2025-04-25T16:17:00Z;16.11;16.116;16.117;16.11;716;
53b67587-96eb-4b41-8e0c-d2e3c0bdd234;2025-04-25T16:18:00Z;16.102;16.101;16.105;16.077;1178;
53b67587-96eb-4b41-8e0c-d2e3c0bdd234;2025-04-25T16:19:00Z;16.094;16.111;16.124;16.081;1101;
53b67587-96eb-4b41-8e0c-d2e3c0bdd234;2025-04-25T16:20:00Z;16.11;16.129;16.129;16.085;1063;
53b67587-96eb-4b41-8e0c-d2e3c0bdd234;2025-04-25T16:21:00Z;16.111;16.134;16.134;16.106;475;
53b67587-96eb-4b41-8e0c-d2e3c0bdd234;2025-04-25T16:22:00Z;16.134;16.134;16.134;16.126;658;
53b67587-96eb-4b41-8e0c-d2e3c0bdd234;2025-04-25T16:23:00Z;16.131;16.131;16.147;16.131;641;
53b67587-96eb-4b41-8e0c-d2e3c0bdd234;2025-04-25T16:24:00Z;16.134;16.14;16.14;16.13;102;
53b67587-96eb-4b41-8e0c-d2e3c0bdd234;2025-04-25T16:25:00Z;16.134;16.134;16.139;16.128;195;
53b67587-96eb-4b41-8e0c-d2e3c0bdd234;2025-04-25T16:26:00Z;16.128;16.11;16.13;16.11;117;
53b67587-96eb-4b41-8e0c-d2e3c0bdd234;2025-04-25T16:28:00Z;16.113;16.101;16.113;16.101;308;
53b67587-96eb-4b41-8e0c-d2e3c0bdd234;2025-04-25T16:29:00Z;16.108;16.098;16.108;16.096;226;
53b67587-96eb-4b41-8e0c-d2e3c0bdd234;2025-04-25T16:30:00Z;16.095;16.099;16.099;16.095;28;
53b67587-96eb-4b41-8e0c-d2e3c0bdd234;2025-04-25T16:31:00Z;16.099;16.105;16.105;16.099;29;
53b67587-96eb-4b41-8e0c-d2e3c0bdd234;2025-04-25T16:32:00Z;16.102;16.11;16.11;16.102;82;
53b67587-96eb-4b41-8e0c-d2e3c0bdd234;2025-04-25T16:33:00Z;16.11;16.098;16.117;16.093;1197;
53b67587-96eb-4b41-8e0c-d2e3c0bdd234;2025-04-25T16:34:00Z;16.11;16.11;16.11;16.11;2;
53b67587-96eb-4b41-8e0c-d2e3c0bdd234;2025-04-25T16:35:00Z;16.104;16.096;16.104;16.096;11;
53b67587-96eb-4b41-8e0c-d2e3c0bdd234;2025-04-25T16:36:00Z;16.1;16.109;16.109;16.1;472;
53b67587-96eb-4b41-8e0c-d2e3c0bdd234;2025-04-25T16:37:00Z;16.096;16.102;16.102;16.09;75;
53b67587-96eb-4b41-8e0c-d2e3c0bdd234;2025-04-25T16:38:00Z;16.088;16.088;16.088;16.088;9;
53b67587-96eb-4b41-8e0c-d2e3c0bdd234;2025-04-25T16:39:00Z;16.101;16.098;16.102;16.089;11;
53b67587-96eb-4b41-8e0c-d2e3c0bdd234;2025-04-25T16:40:00Z;16.09;16.1;16.1;16.09;103;
53b67587-96eb-4b41-8e0c-d2e3c0bdd234;2025-04-25T16:41:00Z;16.1;16.107;16.107;16.095;149;
53b67587-96eb-4b41-8e0c-d2e3c0bdd234;2025-04-25T16:42:00Z;16.101;16.101;16.101;16.09;29;
53b67587-96eb-4b41-8e0c-d2e3c0bdd234;2025-04-25T16:43:00Z;16.091;16.097;16.097;16.086;439;
53b67587-96eb-4b41-8e0c-d2e3c0bdd234;2025-04-25T16:44:00Z;16.089;16.096;16.098;16.089;47;
53b67587-96eb-4b41-8e0c-d2e3c0bdd234;2025-04-25T16:45:00Z;16.089;16.101;16.101;16.083;335;
53b67587-96eb-4b41-8e0c-d2e3c0bdd234;2025-04-25T16:46:00Z;16.094;16.1;16.1;16.093;137;
53b67587-96eb-4b41-8e0c-d2e3c0bdd234;2025-04-25T16:47:00Z;16.088;16.088;16.088;16.088;21;
53b67587-96eb-4b41-8e0c-d2e3c0bdd234;2025-04-25T16:48:00Z;16.087;16.083;16.087;16.083;54;
53b67587-96eb-4b41-8e0c-d2e3c0bdd234;2025-04-25T16:49:00Z;16.085;16.092;16.092;16.085;31;
53b67587-96eb-4b41-8e0c-d2e3c0bdd234;2025-04-25T16:50:00Z;16.085;16.077;16.09;16.075;893;
53b67587-96eb-4b41-8e0c-d2e3c0bdd234;2025-04-25T16:51:00Z;16.079;16.075;16.079;16.074;201;
53b67587-96eb-4b41-8e0c-d2e3c0bdd234;2025-04-25T16:52:00Z;16.079;16.07;16.079;16.066;907;
53b67587-96eb-4b41-8e0c-d2e3c0bdd234;2025-04-25T16:53:00Z;16.07;16.08;16.08;16.07;196;
53b67587-96eb-4b41-8e0c-d2e3c0bdd234;2025-04-25T16:54:00Z;16.08;16.079;16.08;16.067;599;
53b67587-96eb-4b41-8e0c-d2e3c0bdd234;2025-04-25T16:55:00Z;16.08;16.078;16.08;16.078;36;
53b67587-96eb-4b41-8e0c-d2e3c0bdd234;2025-04-25T16:56:00Z;16.077;16.078;16.078;16.074;76;
53b67587-96eb-4b41-8e0c-d2e3c0bdd234;2025-04-25T16:57:00Z;16.073;16.066;16.073;16.042;4727;
53b67587-96eb-4b41-8e0c-d2e3c0bdd234;2025-04-25T16:58:00Z;16.065;16.073;16.073;16.064;396;
53b67587-96eb-4b41-8e0c-d2e3c0bdd234;2025-04-25T16:59:00Z;16.067;16.075;16.075;16.067;17;
53b67587-96eb-4b41-8e0c-d2e3c0bdd234;2025-04-25T17:00:00Z;16.073;16.064;16.073;16.064;38;
53b67587-96eb-4b41-8e0c-d2e3c0bdd234;2025-04-25T17:01:00Z;16.072;16.075;16.075;16.065;823;
53b67587-96eb-4b41-8e0c-d2e3c0bdd234;2025-04-25T17:02:00Z;16.075;16.08;16.08;16.075;596;
53b67587-96eb-4b41-8e0c-d2e3c0bdd234;2025-04-25T17:03:00Z;16.097;16.1;16.1;16.097;151;
53b67587-96eb-4b41-8e0c-d2e3c0bdd234;2025-04-25T17:04:00Z;16.1;16.092;16.1;16.092;139;
53b67587-96eb-4b41-8e0c-d2e3c0bdd234;2025-04-25T17:05:00Z;16.093;16.101;16.101;16.092;67;
53b67587-96eb-4b41-8e0c-d2e3c0bdd234;2025-04-25T17:06:00Z;16.092;16.104;16.106;16.092;522;
53b67587-96eb-4b41-8e0c-d2e3c0bdd234;2025-04-25T17:07:00Z;16.103;16.103;16.103;16.103;40;
53b67587-96eb-4b41-8e0c-d2e3c0bdd234;2025-04-25T17:08:00Z;16.099;16.109;16.118;16.099;506;
53b67587-96eb-4b41-8e0c-d2e3c0bdd234;2025-04-25T17:09:00Z;16.116;16.116;16.116;16.116;100;
53b67587-96eb-4b41-8e0c-d2e3c0bdd234;2025-04-25T17:10:00Z;16.109;16.1;16.116;16.1;204;
53b67587-96eb-4b41-8e0c-d2e3c0bdd234;2025-04-25T17:11:00Z;16.1;16.1;16.1;16.1;49;
53b67587-96eb-4b41-8e0c-d2e3c0bdd234;2025-04-25T17:12:00Z;16.098;16.078;16.102;16.078;158;
53b67587-96eb-4b41-8e0c-d2e3c0bdd234;2025-04-25T17:13:00Z;16.088;16.078;16.089;16.078;33;
53b67587-96eb-4b41-8e0c-d2e3c0bdd234;2025-04-25T17:14:00Z;16.086;16.086;16.086;16.086;11;
53b67587-96eb-4b41-8e0c-d2e3c0bdd234;2025-04-25T17:15:00Z;16.086;16.084;16.086;16.084;2;
53b67587-96eb-4b41-8e0c-d2e3c0bdd234;2025-04-25T17:16:00Z;16.084;16.079;16.093;16.079;258;
53b67587-96eb-4b41-8e0c-d2e3c0bdd234;2025-04-25T17:17:00Z;16.088;16.092;16.092;16.078;235;
53b67587-96eb-4b41-8e0c-d2e3c0bdd234;2025-04-25T17:18:00Z;16.082;16.076;16.082;16.076;67;
53b67587-96eb-4b41-8e0c-d2e3c0bdd234;2025-04-25T17:19:00Z;16.084;16.083;16.084;16.083;50;
53b67587-96eb-4b41-8e0c-d2e3c0bdd234;2025-04-25T17:20:00Z;16.082;16.114;16.114;16.082;2500;
53b67587-96eb-4b41-8e0c-d2e3c0bdd234;2025-04-25T17:21:00Z;16.099;16.099;16.099;16.099;55;
53b67587-96eb-4b41-8e0c-d2e3c0bdd234;2025-04-25T17:22:00Z;16.099;16.084;16.099;16.084;17;
53b67587-96eb-4b41-8e0c-d2e3c0bdd234;2025-04-25T17:23:00Z;16.089;16.099;16.099;16.088;52;
53b67587-96eb-4b41-8e0c-d2e3c0bdd234;2025-04-25T17:24:00Z;16.095;16.091;16.098;16.084;637;
53b67587-96eb-4b41-8e0c-d2e3c0bdd234;2025-04-25T17:25:00Z;16.092;16.089;16.092;16.079;348;
53b67587-96eb-4b41-8e0c-d2e3c0bdd234;2025-04-25T17:26:00Z;16.085;16.075;16.085;16.075;128;
53b67587-96eb-4b41-8e0c-d2e3c0bdd234;2025-04-25T17:27:00Z;16.076;16.084;16.084;16.075;141;
53b67587-96eb-4b41-8e0c-d2e3c0bdd234;2025-04-25T17:28:00Z;16.088;16.092;16.097;16.077;547;
53b67587-96eb-4b41-8e0c-d2e3c0bdd234;2025-04-25T17:29:00Z;16.083;16.082;16.083;16.082;70;
53b67587-96eb-4b41-8e0c-d2e3c0bdd234;2025-04-25T17:30:00Z;16.083;16.096;16.096;16.083;295;
53b67587-96eb-4b41-8e0c-d2e3c0bdd234;2025-04-25T17:31:00Z;16.085;16.082;16.085;16.082;62;
53b67587-96eb-4b41-8e0c-d2e3c0bdd234;2025-04-25T17:32:00Z;16.082;16.089;16.089;16.082;6;
53b67587-96eb-4b41-8e0c-d2e3c0bdd234;2025-04-25T17:33:00Z;16.09;16.103;16.103;16.09;136;
53b67587-96eb-4b41-8e0c-d2e3c0bdd234;2025-04-25T17:34:00Z;16.1;16.099;16.1;16.098;529;
53b67587-96eb-4b41-8e0c-d2e3c0bdd234;2025-04-25T17:35:00Z;16.096;16.1;16.1;16.087;507;
53b67587-96eb-4b41-8e0c-d2e3c0bdd234;2025-04-25T17:36:00Z;16.1;16.099;16.1;16.099;139;
53b67587-96eb-4b41-8e0c-d2e3c0bdd234;2025-04-25T17:37:00Z;16.096;16.099;16.103;16.087;915;
53b67587-96eb-4b41-8e0c-d2e3c0bdd234;2025-04-25T17:38:00Z;16.099;16.099;16.099;16.099;182;
53b67587-96eb-4b41-8e0c-d2e3c0bdd234;2025-04-25T17:39:00Z;16.1;16.112;16.114;16.099;696;
53b67587-96eb-4b41-8e0c-d2e3c0bdd234;2025-04-25T17:40:00Z;16.112;16.104;16.112;16.103;9;
53b67587-96eb-4b41-8e0c-d2e3c0bdd234;2025-04-25T17:41:00Z;16.102;16.121;16.121;16.102;1230;
53b67587-96eb-4b41-8e0c-d2e3c0bdd234;2025-04-25T17:42:00Z;16.121;16.123;16.125;16.12;571;
53b67587-96eb-4b41-8e0c-d2e3c0bdd234;2025-04-25T17:43:00Z;16.124;16.12;16.126;16.12;2504;
53b67587-96eb-4b41-8e0c-d2e3c0bdd234;2025-04-25T17:44:00Z;16.108;16.118;16.118;16.106;2169;
53b67587-96eb-4b41-8e0c-d2e3c0bdd234;2025-04-25T17:45:00Z;16.118;16.109;16.119;16.109;192;
53b67587-96eb-4b41-8e0c-d2e3c0bdd234;2025-04-25T17:46:00Z;16.108;16.108;16.108;16.108;1;
53b67587-96eb-4b41-8e0c-d2e3c0bdd234;2025-04-25T17:47:00Z;16.108;16.119;16.119;16.108;49;
53b67587-96eb-4b41-8e0c-d2e3c0bdd234;2025-04-25T17:48:00Z;16.119;16.12;16.126;16.112;2795;
53b67587-96eb-4b41-8e0c-d2e3c0bdd234;2025-04-25T17:49:00Z;16.12;16.111;16.12;16.109;184;
53b67587-96eb-4b41-8e0c-d2e3c0bdd234;2025-04-25T17:50:00Z;16.111;16.11;16.111;16.109;242;
53b67587-96eb-4b41-8e0c-d2e3c0bdd234;2025-04-25T17:51:00Z;16.111;16.117;16.117;16.11;101;
53b67587-96eb-4b41-8e0c-d2e3c0bdd234;2025-04-25T17:52:00Z;16.11;16.109;16.11;16.109;31;
53b67587-96eb-4b41-8e0c-d2e3c0bdd234;2025-04-25T17:53:00Z;16.109;16.106;16.109;16.106;130;
53b67587-96eb-4b41-8e0c-d2e3c0bdd234;2025-04-25T17:54:00Z;16.117;16.107;16.117;16.107;7;
53b67587-96eb-4b41-8e0c-d2e3c0bdd234;2025-04-25T17:55:00Z;16.107;16.107;16.108;16.107;12;
53b67587-96eb-4b41-8e0c-d2e3c0bdd234;2025-04-25T17:56:00Z;16.105;16.099;16.105;16.099;685;
53b67587-96eb-4b41-8e0c-d2e3c0bdd234;2025-04-25T17:57:00Z;16.099;16.101;16.101;16.09;1022;
53b67587-96eb-4b41-8e0c-d2e3c0bdd234;2025-04-25T17:58:00Z;16.093;16.083;16.093;16.081;61;
53b67587-96eb-4b41-8e0c-d2e3c0bdd234;2025-04-25T17:59:00Z;16.083;16.09;16.09;16.076;653;
53b67587-96eb-4b41-8e0c-d2e3c0bdd234;2025-04-25T18:00:00Z;16.09;16.081;16.09;16.081;473;
53b67587-96eb-4b41-8e0c-d2e3c0bdd234;2025-04-25T18:01:00Z;16.081;16.092;16.096;16.081;263;
53b67587-96eb-4b41-8e0c-d2e3c0bdd234;2025-04-25T18:02:00Z;16.094;16.1;16.1;16.091;131;
53b67587-96eb-4b41-8e0c-d2e3c0bdd234;2025-04-25T18:03:00Z;16.105;16.114;16.114;16.105;75;
53b67587-96eb-4b41-8e0c-d2e3c0bdd234;2025-04-25T18:04:00Z;16.112;16.114;16.118;16.112;85;
53b67587-96eb-4b41-8e0c-d2e3c0bdd234;2025-04-25T18:05:00Z;16.117;16.12;16.12;16.117;100;
53b67587-96eb-4b41-8e0c-d2e3c0bdd234;2025-04-25T18:06:00Z;16.114;16.118;16.118;16.114;91;
53b67587-96eb-4b41-8e0c-d2e3c0bdd234;2025-04-25T18:07:00Z;16.119;16.12;16.12;16.119;186;
53b67587-96eb-4b41-8e0c-d2e3c0bdd234;2025-04-25T18:08:00Z;16.12;16.128;16.128;16.115;826;
53b67587-96eb-4b41-8e0c-d2e3c0bdd234;2025-04-25T18:09:00Z;16.128;16.133;16.133;16.128;713;
53b67587-96eb-4b41-8e0c-d2e3c0bdd234;2025-04-25T18:10:00Z;16.133;16.126;16.133;16.104;1273;
53b67587-96eb-4b41-8e0c-d2e3c0bdd234;2025-04-25T18:11:00Z;16.124;16.132;16.132;16.124;514;
53b67587-96eb-4b41-8e0c-d2e3c0bdd234;2025-04-25T18:12:00Z;16.132;16.129;16.132;16.116;127;
53b67587-96eb-4b41-8e0c-d2e3c0bdd234;2025-04-25T18:13:00Z;16.13;16.129;16.133;16.129;581;
53b67587-96eb-4b41-8e0c-d2e3c0bdd234;2025-04-25T18:14:00Z;16.131;16.134;16.134;16.131;1036;
53b67587-96eb-4b41-8e0c-d2e3c0bdd234;2025-04-25T18:15:00Z;16.123;16.134;16.134;16.123;12;
53b67587-96eb-4b41-8e0c-d2e3c0bdd234;2025-04-25T18:16:00Z;16.126;16.126;16.126;16.126;1;
53b67587-96eb-4b41-8e0c-d2e3c0bdd234;2025-04-25T18:17:00Z;16.126;16.124;16.126;16.123;81;
53b67587-96eb-4b41-8e0c-d2e3c0bdd234;2025-04-25T18:18:00Z;16.123;16.123;16.123;16.123;95;
53b67587-96eb-4b41-8e0c-d2e3c0bdd234;2025-04-25T18:19:00Z;16.126;16.126;16.126;16.124;62;
53b67587-96eb-4b41-8e0c-d2e3c0bdd234;2025-04-25T18:20:00Z;16.126;16.133;16.133;16.126;29;
53b67587-96eb-4b41-8e0c-d2e3c0bdd234;2025-04-25T18:21:00Z;16.133;16.133;16.133;16.133;226;
53b67587-96eb-4b41-8e0c-d2e3c0bdd234;2025-04-25T18:22:00Z;16.134;16.13;16.134;16.13;163;
53b67587-96eb-4b41-8e0c-d2e3c0bdd234;2025-04-25T18:23:00Z;16.13;16.113;16.13;16.113;540;
53b67587-96eb-4b41-8e0c-d2e3c0bdd234;2025-04-25T18:25:00Z;16.121;16.124;16.13;16.121;146;
53b67587-96eb-4b41-8e0c-d2e3c0bdd234;2025-04-25T18:26:00Z;16.124;16.12;16.124;16.12;70;
53b67587-96eb-4b41-8e0c-d2e3c0bdd234;2025-04-25T18:28:00Z;16.126;16.126;16.126;16.126;42;
53b67587-96eb-4b41-8e0c-d2e3c0bdd234;2025-04-25T18:29:00Z;16.126;16.126;16.126;16.126;10;
53b67587-96eb-4b41-8e0c-d2e3c0bdd234;2025-04-25T18:30:00Z;16.12;16.114;16.12;16.114;28;
53b67587-96eb-4b41-8e0c-d2e3c0bdd234;2025-04-25T18:31:00Z;16.126;16.13;16.13;16.126;6;
53b67587-96eb-4b41-8e0c-d2e3c0bdd234;2025-04-25T18:32:00Z;16.117;16.13;16.13;16.117;119;
53b67587-96eb-4b41-8e0c-d2e3c0bdd234;2025-04-25T18:33:00Z;16.131;16.134;16.134;16.131;141;
53b67587-96eb-4b41-8e0c-d2e3c0bdd234;2025-04-25T18:34:00Z;16.134;16.134;16.134;16.133;30;
53b67587-96eb-4b41-8e0c-d2e3c0bdd234;2025-04-25T18:35:00Z;16.134;16.118;16.134;16.105;843;
53b67587-96eb-4b41-8e0c-d2e3c0bdd234;2025-04-25T18:36:00Z;16.118;16.12;16.12;16.118;12;
53b67587-96eb-4b41-8e0c-d2e3c0bdd234;2025-04-25T18:37:00Z;16.12;16.123;16.123;16.12;251;
53b67587-96eb-4b41-8e0c-d2e3c0bdd234;2025-04-25T18:38:00Z;16.12;16.12;16.12;16.12;290;
53b67587-96eb-4b41-8e0c-d2e3c0bdd234;2025-04-25T18:39:00Z;16.123;16.119;16.123;16.108;71;
53b67587-96eb-4b41-8e0c-d2e3c0bdd234;2025-04-25T18:40:00Z;16.108;16.108;16.108;16.108;111;
53b67587-96eb-4b41-8e0c-d2e3c0bdd234;2025-04-25T18:41:00Z;16.108;16.117;16.117;16.108;43;
53b67587-96eb-4b41-8e0c-d2e3c0bdd234;2025-04-25T18:42:00Z;16.123;16.125;16.125;16.123;25;
53b67587-96eb-4b41-8e0c-d2e3c0bdd234;2025-04-25T18:43:00Z;16.125;16.121;16.128;16.121;292;
53b67587-96eb-4b41-8e0c-d2e3c0bdd234;2025-04-25T18:44:00Z;16.12;16.127;16.127;16.12;617;
53b67587-96eb-4b41-8e0c-d2e3c0bdd234;2025-04-25T18:45:00Z;16.115;16.118;16.12;16.115;52;
53b67587-96eb-4b41-8e0c-d2e3c0bdd234;2025-04-25T18:46:00Z;16.12;16.125;16.125;16.12;371;
53b67587-96eb-4b41-8e0c-d2e3c0bdd234;2025-04-25T18:47:00Z;16.125;16.132;16.132;16.125;909;
53b67587-96eb-4b41-8e0c-d2e3c0bdd234;2025-04-25T18:48:00Z;16.128;16.125;16.13;16.125;252;
53b67587-96eb-4b41-8e0c-d2e3c0bdd234;2025-04-25T18:49:00Z;16.13;16.122;16.13;16.122;169;
53b67587-96eb-4b41-8e0c-d2e3c0bdd234;2025-04-25T18:50:00Z;16.13;16.13;16.13;16.122;40;
53b67587-96eb-4b41-8e0c-d2e3c0bdd234;2025-04-25T18:51:00Z;16.13;16.112;16.13;16.112;501;
53b67587-96eb-4b41-8e0c-d2e3c0bdd234;2025-04-25T18:52:00Z;16.12;16.123;16.131;16.108;1144;
53b67587-96eb-4b41-8e0c-d2e3c0bdd234;2025-04-25T18:53:00Z;16.131;16.123;16.131;16.123;102;
53b67587-96eb-4b41-8e0c-d2e3c0bdd234;2025-04-25T18:54:00Z;16.123;16.135;16.135;16.123;526;
53b67587-96eb-4b41-8e0c-d2e3c0bdd234;2025-04-25T18:55:00Z;16.134;16.12;16.134;16.12;139;
53b67587-96eb-4b41-8e0c-d2e3c0bdd234;2025-04-25T18:56:00Z;16.133;16.136;16.136;16.132;211;
53b67587-96eb-4b41-8e0c-d2e3c0bdd234;2025-04-25T18:57:00Z;16.136;16.126;16.136;16.126;92;
53b67587-96eb-4b41-8e0c-d2e3c0bdd234;2025-04-25T18:58:00Z;16.135;16.126;16.135;16.119;158;
53b67587-96eb-4b41-8e0c-d2e3c0bdd234;2025-04-25T18:59:00Z;16.131;16.132;16.132;16.126;7;
53b67587-96eb-4b41-8e0c-d2e3c0bdd234;2025-04-25T19:00:00Z;16.13;16.13;16.13;16.13;8;
53b67587-96eb-4b41-8e0c-d2e3c0bdd234;2025-04-25T19:01:00Z;16.13;16.13;16.131;16.13;111;
53b67587-96eb-4b41-8e0c-d2e3c0bdd234;2025-04-25T19:02:00Z;16.13;16.126;16.13;16.126;114;
53b67587-96eb-4b41-8e0c-d2e3c0bdd234;2025-04-25T19:03:00Z;16.13;16.133;16.133;16.125;690;
53b67587-96eb-4b41-8e0c-d2e3c0bdd234;2025-04-25T19:04:00Z;16.133;16.141;16.141;16.133;810;
53b67587-96eb-4b41-8e0c-d2e3c0bdd234;2025-04-25T19:05:00Z;16.138;16.147;16.147;16.124;2243;
53b67587-96eb-4b41-8e0c-d2e3c0bdd234;2025-04-25T19:06:00Z;16.145;16.136;16.147;16.118;1834;
53b67587-96eb-4b41-8e0c-d2e3c0bdd234;2025-04-25T19:07:00Z;16.136;16.145;16.145;16.136;305;
53b67587-96eb-4b41-8e0c-d2e3c0bdd234;2025-04-25T19:08:00Z;16.144;16.145;16.146;16.138;73;
53b67587-96eb-4b41-8e0c-d2e3c0bdd234;2025-04-25T19:09:00Z;16.145;16.148;16.148;16.145;389;
53b67587-96eb-4b41-8e0c-d2e3c0bdd234;2025-04-25T19:10:00Z;16.147;16.144;16.148;16.144;146;
53b67587-96eb-4b41-8e0c-d2e3c0bdd234;2025-04-25T19:11:00Z;16.147;16.141;16.148;16.141;365;
53b67587-96eb-4b41-8e0c-d2e3c0bdd234;2025-04-25T19:12:00Z;16.141;16.138;16.147;16.138;49;
53b67587-96eb-4b41-8e0c-d2e3c0bdd234;2025-04-25T19:13:00Z;16.138;16.139;16.141;16.138;229;
53b67587-96eb-4b41-8e0c-d2e3c0bdd234;2025-04-25T19:14:00Z;16.139;16.138;16.139;16.138;549;
53b67587-96eb-4b41-8e0c-d2e3c0bdd234;2025-04-25T19:15:00Z;16.139;16.139;16.139;16.139;27;
53b67587-96eb-4b41-8e0c-d2e3c0bdd234;2025-04-25T19:16:00Z;16.139;16.134;16.139;16.134;9;
53b67587-96eb-4b41-8e0c-d2e3c0bdd234;2025-04-25T19:17:00Z;16.139;16.139;16.139;16.13;223;
53b67587-96eb-4b41-8e0c-d2e3c0bdd234;2025-04-25T19:18:00Z;16.138;16.13;16.138;16.128;599;
53b67587-96eb-4b41-8e0c-d2e3c0bdd234;2025-04-25T19:19:00Z;16.136;16.138;16.138;16.13;92;
53b67587-96eb-4b41-8e0c-d2e3c0bdd234;2025-04-25T19:20:00Z;16.139;16.141;16.141;16.139;167;
53b67587-96eb-4b41-8e0c-d2e3c0bdd234;2025-04-25T19:21:00Z;16.143;16.144;16.145;16.14;94;
53b67587-96eb-4b41-8e0c-d2e3c0bdd234;2025-04-25T19:22:00Z;16.145;16.146;16.146;16.145;3;
53b67587-96eb-4b41-8e0c-d2e3c0bdd234;2025-04-25T19:23:00Z;16.147;16.148;16.148;16.147;121;
53b67587-96eb-4b41-8e0c-d2e3c0bdd234;2025-04-25T19:24:00Z;16.148;16.148;16.148;16.147;346;
53b67587-96eb-4b41-8e0c-d2e3c0bdd234;2025-04-25T19:25:00Z;16.148;16.148;16.148;16.147;36;
53b67587-96eb-4b41-8e0c-d2e3c0bdd234;2025-04-25T19:26:00Z;16.147;16.141;16.148;16.141;289;
53b67587-96eb-4b41-8e0c-d2e3c0bdd234;2025-04-25T19:27:00Z;16.147;16.15;16.15;16.145;1850;
53b67587-96eb-4b41-8e0c-d2e3c0bdd234;2025-04-25T19:28:00Z;16.15;16.159;16.159;16.143;1578;
53b67587-96eb-4b41-8e0c-d2e3c0bdd234;2025-04-25T19:29:00Z;16.158;16.164;16.169;16.158;3269;
53b67587-96eb-4b41-8e0c-d2e3c0bdd234;2025-04-25T19:30:00Z;16.164;16.162;16.164;16.162;37;
53b67587-96eb-4b41-8e0c-d2e3c0bdd234;2025-04-25T19:31:00Z;16.16;16.166;16.17;16.152;1226;
53b67587-96eb-4b41-8e0c-d2e3c0bdd234;2025-04-25T19:32:00Z;16.15;16.15;16.15;16.15;3;
53b67587-96eb-4b41-8e0c-d2e3c0bdd234;2025-04-25T19:33:00Z;16.148;16.148;16.15;16.148;8;
53b67587-96eb-4b41-8e0c-d2e3c0bdd234;2025-04-25T19:34:00Z;16.149;16.153;16.153;16.14;301;
53b67587-96eb-4b41-8e0c-d2e3c0bdd234;2025-04-25T19:35:00Z;16.156;16.155;16.156;16.155;15;
53b67587-96eb-4b41-8e0c-d2e3c0bdd234;2025-04-25T19:36:00Z;16.15;16.145;16.15;16.145;101;
53b67587-96eb-4b41-8e0c-d2e3c0bdd234;2025-04-25T19:37:00Z;16.144;16.157;16.157;16.142;642;
53b67587-96eb-4b41-8e0c-d2e3c0bdd234;2025-04-25T19:38:00Z;16.149;16.155;16.156;16.149;61;
53b67587-96eb-4b41-8e0c-d2e3c0bdd234;2025-04-25T19:39:00Z;16.155;16.144;16.155;16.144;623;
53b67587-96eb-4b41-8e0c-d2e3c0bdd234;2025-04-25T19:40:00Z;16.155;16.143;16.155;16.143;383;
53b67587-96eb-4b41-8e0c-d2e3c0bdd234;2025-04-25T19:41:00Z;16.154;16.159;16.159;16.154;301;
53b67587-96eb-4b41-8e0c-d2e3c0bdd234;2025-04-25T19:42:00Z;16.15;16.144;16.159;16.144;575;
53b67587-96eb-4b41-8e0c-d2e3c0bdd234;2025-04-25T19:43:00Z;16.143;16.143;16.155;16.143;227;
53b67587-96eb-4b41-8e0c-d2e3c0bdd234;2025-04-25T19:44:00Z;16.145;16.158;16.158;16.143;1255;
53b67587-96eb-4b41-8e0c-d2e3c0bdd234;2025-04-25T19:45:00Z;16.159;16.175;16.175;16.159;2337;
53b67587-96eb-4b41-8e0c-d2e3c0bdd234;2025-04-25T19:46:00Z;16.171;16.177;16.177;16.168;1426;
53b67587-96eb-4b41-8e0c-d2e3c0bdd234;2025-04-25T19:47:00Z;16.177;16.177;16.177;16.176;786;
53b67587-96eb-4b41-8e0c-d2e3c0bdd234;2025-04-25T19:48:00Z;16.177;16.19;16.19;16.177;1651;
53b67587-96eb-4b41-8e0c-d2e3c0bdd234;2025-04-25T19:49:00Z;16.19;16.19;16.19;16.179;1577;
53b67587-96eb-4b41-8e0c-d2e3c0bdd234;2025-04-25T19:50:00Z;16.183;16.189;16.192;16.182;218;
53b67587-96eb-4b41-8e0c-d2e3c0bdd234;2025-04-25T19:51:00Z;16.188;16.19;16.19;16.188;200;
53b67587-96eb-4b41-8e0c-d2e3c0bdd234;2025-04-25T19:52:00Z;16.181;16.18;16.19;16.18;13;
53b67587-96eb-4b41-8e0c-d2e3c0bdd234;2025-04-25T19:53:00Z;16.188;16.187;16.188;16.179;173;
53b67587-96eb-4b41-8e0c-d2e3c0bdd234;2025-04-25T19:54:00Z;16.18;16.18;16.18;16.166;1062;
53b67587-96eb-4b41-8e0c-d2e3c0bdd234;2025-04-25T19:55:00Z;16.17;16.17;16.17;16.16;480;
53b67587-96eb-4b41-8e0c-d2e3c0bdd234;2025-04-25T19:56:00Z;16.175;16.175;16.175;16.175;40;
53b67587-96eb-4b41-8e0c-d2e3c0bdd234;2025-04-25T19:57:00Z;16.175;16.18;16.18;16.17;271;
53b67587-96eb-4b41-8e0c-d2e3c0bdd234;2025-04-25T19:58:00Z;16.173;16.153;16.173;16.153;1825;
53b67587-96eb-4b41-8e0c-d2e3c0bdd234;2025-04-25T19:59:00Z;16.156;16.17;16.17;16.153;112;
53b67587-96eb-4b41-8e0c-d2e3c0bdd234;2025-04-25T20:00:00Z;16.168;16.168;16.168;16.168;60;
53b67587-96eb-4b41-8e0c-d2e3c0bdd234;2025-04-25T20:01:00Z;16.171;16.172;16.172;16.171;2;
53b67587-96eb-4b41-8e0c-d2e3c0bdd234;2025-04-25T20:02:00Z;16.173;16.171;16.173;16.171;51;
53b67587-96eb-4b41-8e0c-d2e3c0bdd234;2025-04-25T20:03:00Z;16.171;16.171;16.171;16.171;50;
53b67587-96eb-4b41-8e0c-d2e3c0bdd234;2025-04-25T20:04:00Z;16.172;16.171;16.175;16.171;42;
53b67587-96eb-4b41-8e0c-d2e3c0bdd234;2025-04-25T20:05:00Z;16.172;16.172;16.172;16.171;148;
53b67587-96eb-4b41-8e0c-d2e3c0bdd234;2025-04-25T20:06:00Z;16.173;16.178;16.19;16.173;1235;
53b67587-96eb-4b41-8e0c-d2e3c0bdd234;2025-04-25T20:07:00Z;16.186;16.178;16.186;16.178;316;
53b67587-96eb-4b41-8e0c-d2e3c0bdd234;2025-04-25T20:08:00Z;16.178;16.178;16.178;16.178;107;
53b67587-96eb-4b41-8e0c-d2e3c0bdd234;2025-04-25T20:09:00Z;16.181;16.186;16.189;16.181;182;
53b67587-96eb-4b41-8e0c-d2e3c0bdd234;2025-04-25T20:10:00Z;16.186;16.18;16.186;16.18;2047;
53b67587-96eb-4b41-8e0c-d2e3c0bdd234;2025-04-25T20:11:00Z;16.18;16.185;16.188;16.18;187;
53b67587-96eb-4b41-8e0c-d2e3c0bdd234;2025-04-25T20:12:00Z;16.187;16.188;16.188;16.187;15;
53b67587-96eb-4b41-8e0c-d2e3c0bdd234;2025-04-25T20:13:00Z;16.185;16.181;16.19;16.181;395;
53b67587-96eb-4b41-8e0c-d2e3c0bdd234;2025-04-25T20:14:00Z;16.182;16.19;16.19;16.181;406;
53b67587-96eb-4b41-8e0c-d2e3c0bdd234;2025-04-25T20:15:00Z;16.182;16.19;16.19;16.181;752;
53b67587-96eb-4b41-8e0c-d2e3c0bdd234;2025-04-25T20:16:00Z;16.188;16.188;16.19;16.181;237;
53b67587-96eb-4b41-8e0c-d2e3c0bdd234;2025-04-25T20:17:00Z;16.183;16.187;16.187;16.181;113;
53b67587-96eb-4b41-8e0c-d2e3c0bdd234;2025-04-25T20:18:00Z;16.182;16.183;16.189;16.181;295;
53b67587-96eb-4b41-8e0c-d2e3c0bdd234;2025-04-25T20:19:00Z;16.183;16.188;16.188;16.182;1049;
53b67587-96eb-4b41-8e0c-d2e3c0bdd234;2025-04-25T20:20:00Z;16.188;16.188;16.188;16.187;855;
53b67587-96eb-4b41-8e0c-d2e3c0bdd234;2025-04-25T20:21:00Z;16.187;16.188;16.188;16.187;479;
53b67587-96eb-4b41-8e0c-d2e3c0bdd234;2025-04-25T20:22:00Z;16.187;16.187;16.188;16.18;3197;
53b67587-96eb-4b41-8e0c-d2e3c0bdd234;2025-04-25T20:23:00Z;16.185;16.185;16.185;16.18;1077;
53b67587-96eb-4b41-8e0c-d2e3c0bdd234;2025-04-25T20:24:00Z;16.18;16.18;16.18;16.18;657;
53b67587-96eb-4b41-8e0c-d2e3c0bdd234;2025-04-25T20:25:00Z;16.178;16.178;16.18;16.17;1940;
53b67587-96eb-4b41-8e0c-d2e3c0bdd234;2025-04-25T20:26:00Z;16.172;16.22;16.22;16.172;17221;
53b67587-96eb-4b41-8e0c-d2e3c0bdd234;2025-04-25T20:27:00Z;16.219;16.224;16.225;16.218;1585;
53b67587-96eb-4b41-8e0c-d2e3c0bdd234;2025-04-25T20:28:00Z;16.223;16.207;16.223;16.207;211;
53b67587-96eb-4b41-8e0c-d2e3c0bdd234;2025-04-25T20:29:00Z;16.206;16.219;16.219;16.183;2234;
53b67587-96eb-4b41-8e0c-d2e3c0bdd234;2025-04-25T20:30:00Z;16.218;16.189;16.218;16.184;1438;
53b67587-96eb-4b41-8e0c-d2e3c0bdd234;2025-04-25T20:31:00Z;16.2;16.203;16.203;16.187;251;
53b67587-96eb-4b41-8e0c-d2e3c0bdd234;2025-04-25T20:32:00Z;16.19;16.197;16.197;16.187;155;
53b67587-96eb-4b41-8e0c-d2e3c0bdd234;2025-04-25T20:33:00Z;16.188;16.187;16.195;16.187;295;
53b67587-96eb-4b41-8e0c-d2e3c0bdd234;2025-04-25T20:34:00Z;16.187;16.195;16.195;16.185;980;
53b67587-96eb-4b41-8e0c-d2e3c0bdd234;2025-04-25T20:35:00Z;16.187;16.171;16.193;16.171;881;
53b67587-96eb-4b41-8e0c-d2e3c0bdd234;2025-04-25T20:36:00Z;16.18;16.172;16.188;16.172;174;
53b67587-96eb-4b41-8e0c-d2e3c0bdd234;2025-04-25T20:37:00Z;16.185;16.183;16.185;16.17;1348;
53b67587-96eb-4b41-8e0c-d2e3c0bdd234;2025-04-25T20:38:00Z;16.174;16.184;16.184;16.173;42;
53b67587-96eb-4b41-8e0c-d2e3c0bdd234;2025-04-25T20:39:00Z;16.184;16.175;16.185;16.172;596;
53b67587-96eb-4b41-8e0c-d2e3c0bdd234;2025-04-25T20:40:00Z;16.185;16.2;16.209;16.185;2138;
53b67587-96eb-4b41-8e0c-d2e3c0bdd234;2025-04-25T20:41:00Z;16.2;16.192;16.2;16.192;123;
53b67587-96eb-4b41-8e0c-d2e3c0bdd234;2025-04-25T20:42:00Z;16.2;16.2;16.2;16.2;108;
53b67587-96eb-4b41-8e0c-d2e3c0bdd234;2025-04-25T20:43:00Z;16.2;16.198;16.203;16.193;229;
53b67587-96eb-4b41-8e0c-d2e3c0bdd234;2025-04-25T20:44:00Z;16.198;16.198;16.198;16.183;244;
53b67587-96eb-4b41-8e0c-d2e3c0bdd234;2025-04-25T20:45:00Z;16.198;16.185;16.201;16.184;1034;
53b67587-96eb-4b41-8e0c-d2e3c0bdd234;2025-04-25T20:46:00Z;16.197;16.191;16.197;16.185;243;
53b67587-96eb-4b41-8e0c-d2e3c0bdd234;2025-04-25T20:47:00Z;16.191;16.177;16.191;16.171;1316;
53b67587-96eb-4b41-8e0c-d2e3c0bdd234;2025-04-25T20:48:00Z;16.178;16.171;16.178;16.17;473;
53b67587-96eb-4b41-8e0c-d2e3c0bdd234;2025-04-25T20:49:00Z;16.171;16.16;16.174;16.158;1234;
53b67587-96eb-4b41-8e0c-d2e3c0bdd234;2025-04-25T23:00:00Z;16.499;16.499;16.499;16.499;1;
53b67587-96eb-4b41-8e0c-d2e3c0bdd234;2025-04-25T23:01:00Z;16.49;16.121;16.49;16.121;12;
53b67587-96eb-4b41-8e0c-d2e3c0bdd234;2025-04-25T23:05:00Z;16.356;16.356;16.356;16.356;1;
53b67587-96eb-4b41-8e0c-d2e3c0bdd234;2025-04-25T23:06:00Z;16.201;16.133;16.338;16.133;74;
53b67587-96eb-4b41-8e0c-d2e3c0bdd234;2025-04-25T23:12:00Z;16.24;16.319;16.319;16.24;4;
53b67587-96eb-4b41-8e0c-d2e3c0bdd234;2025-04-25T23:17:00Z;16.303;16.306;16.306;16.303;44;
53b67587-96eb-4b41-8e0c-d2e3c0bdd234;2025-04-25T23:19:00Z;16.298;16.298;16.298;16.298;7;
53b67587-96eb-4b41-8e0c-d2e3c0bdd234;2025-04-25T23:25:00Z;16.293;16.295;16.295;16.293;30;
53b67587-96eb-4b41-8e0c-d2e3c0bdd234;2025-04-25T23:26:00Z;16.226;16.286;16.286;16.207;23;
53b67587-96eb-4b41-8e0c-d2e3c0bdd234;2025-04-25T23:27:00Z;16.207;16.167;16.207;16.167;2;
53b67587-96eb-4b41-8e0c-d2e3c0bdd234;2025-04-25T23:28:00Z;16.236;16.274;16.274;16.236;26;
53b67587-96eb-4b41-8e0c-d2e3c0bdd234;2025-04-25T23:30:00Z;16.171;16.169;16.171;16.169;7;
53b67587-96eb-4b41-8e0c-d2e3c0bdd234;2025-04-25T23:32:00Z;16.249;16.249;16.249;16.249;1;
53b67587-96eb-4b41-8e0c-d2e3c0bdd234;2025-04-25T23:36:00Z;16.201;16.2;16.201;16.2;13;
53b67587-96eb-4b41-8e0c-d2e3c0bdd234;2025-04-25T23:38:00Z;16.206;16.205;16.206;16.205;3;
53b67587-96eb-4b41-8e0c-d2e3c0bdd234;2025-04-25T23:43:00Z;16.235;16.271;16.271;16.235;53;
