7132b1c9-ee26-4464-b5b5-1046264b61d9;2024-09-25T04:01:00Z;45.27;45.395;45.395;45.12;12;
7132b1c9-ee26-4464-b5b5-1046264b61d9;2024-09-25T04:02:00Z;45.125;45.125;45.125;45.125;1;
7132b1c9-ee26-4464-b5b5-1046264b61d9;2024-09-25T04:03:00Z;45.255;45.4;45.4;45.255;229;
7132b1c9-ee26-4464-b5b5-1046264b61d9;2024-09-25T04:04:00Z;45.39;45.135;45.39;45.115;310;
7132b1c9-ee26-4464-b5b5-1046264b61d9;2024-09-25T04:06:00Z;45.125;45.13;45.13;45.125;11;
7132b1c9-ee26-4464-b5b5-1046264b61d9;2024-09-25T04:07:00Z;45.125;45.125;45.125;45.125;3;
7132b1c9-ee26-4464-b5b5-1046264b61d9;2024-09-25T04:08:00Z;45.13;45.13;45.13;45.13;501;
7132b1c9-ee26-4464-b5b5-1046264b61d9;2024-09-25T04:09:00Z;45.13;45.135;45.135;45.13;200;
7132b1c9-ee26-4464-b5b5-1046264b61d9;2024-09-25T04:10:00Z;45.135;45.135;45.135;45.135;9;
7132b1c9-ee26-4464-b5b5-1046264b61d9;2024-09-25T04:11:00Z;45.135;45.145;45.145;45.135;16;
7132b1c9-ee26-4464-b5b5-1046264b61d9;2024-09-25T04:12:00Z;45.145;45.145;45.145;45.145;17;
7132b1c9-ee26-4464-b5b5-1046264b61d9;2024-09-25T04:13:00Z;45.145;45.145;45.145;45.145;79;
7132b1c9-ee26-4464-b5b5-1046264b61d9;2024-09-25T04:14:00Z;45.15;45.15;45.15;45.15;3;
7132b1c9-ee26-4464-b5b5-1046264b61d9;2024-09-25T04:15:00Z;45.15;45.15;45.15;45.15;2;
7132b1c9-ee26-4464-b5b5-1046264b61d9;2024-09-25T04:17:00Z;45.15;45.15;45.15;45.15;2;
7132b1c9-ee26-4464-b5b5-1046264b61d9;2024-09-25T04:18:00Z;45.15;45.15;45.15;45.145;65;
7132b1c9-ee26-4464-b5b5-1046264b61d9;2024-09-25T04:19:00Z;45.15;45.145;45.15;45.145;93;
7132b1c9-ee26-4464-b5b5-1046264b61d9;2024-09-25T04:20:00Z;45.145;45.195;45.195;45.145;27;
7132b1c9-ee26-4464-b5b5-1046264b61d9;2024-09-25T04:21:00Z;45.195;45.195;45.195;45.195;3;
7132b1c9-ee26-4464-b5b5-1046264b61d9;2024-09-25T04:22:00Z;45.195;45.195;45.195;45.195;1;
7132b1c9-ee26-4464-b5b5-1046264b61d9;2024-09-25T04:23:00Z;45.195;45.195;45.195;45.195;17;
7132b1c9-ee26-4464-b5b5-1046264b61d9;2024-09-25T04:24:00Z;45.195;45.195;45.195;45.195;1;
7132b1c9-ee26-4464-b5b5-1046264b61d9;2024-09-25T04:25:00Z;45.195;45.2;45.2;45.195;100;
7132b1c9-ee26-4464-b5b5-1046264b61d9;2024-09-25T04:27:00Z;45.165;45.2;45.2;45.165;8;
7132b1c9-ee26-4464-b5b5-1046264b61d9;2024-09-25T04:28:00Z;45.2;45.22;45.22;45.17;6;
7132b1c9-ee26-4464-b5b5-1046264b61d9;2024-09-25T04:29:00Z;45.22;45.225;45.225;45.22;24;
7132b1c9-ee26-4464-b5b5-1046264b61d9;2024-09-25T04:31:00Z;45.225;45.225;45.225;45.225;1;
7132b1c9-ee26-4464-b5b5-1046264b61d9;2024-09-25T04:33:00Z;45.225;45.225;45.225;45.225;1;
7132b1c9-ee26-4464-b5b5-1046264b61d9;2024-09-25T04:34:00Z;45.225;45.225;45.225;45.165;26;
7132b1c9-ee26-4464-b5b5-1046264b61d9;2024-09-25T04:35:00Z;45.165;45.165;45.165;45.165;20;
7132b1c9-ee26-4464-b5b5-1046264b61d9;2024-09-25T04:36:00Z;45.2;45.2;45.225;45.2;25;
7132b1c9-ee26-4464-b5b5-1046264b61d9;2024-09-25T04:37:00Z;45.2;45.2;45.2;45.2;28;
7132b1c9-ee26-4464-b5b5-1046264b61d9;2024-09-25T04:38:00Z;45.2;45.2;45.2;45.2;1;
7132b1c9-ee26-4464-b5b5-1046264b61d9;2024-09-25T04:39:00Z;45.225;45.2;45.225;45.2;35;
7132b1c9-ee26-4464-b5b5-1046264b61d9;2024-09-25T04:40:00Z;45.225;45.225;45.225;45.225;14;
7132b1c9-ee26-4464-b5b5-1046264b61d9;2024-09-25T04:41:00Z;45.225;45.395;45.4;45.205;604;
7132b1c9-ee26-4464-b5b5-1046264b61d9;2024-09-25T04:43:00Z;45.38;45.38;45.38;45.38;1;
7132b1c9-ee26-4464-b5b5-1046264b61d9;2024-09-25T04:44:00Z;45.38;45.38;45.38;45.38;1;
7132b1c9-ee26-4464-b5b5-1046264b61d9;2024-09-25T04:45:00Z;45.365;45.295;45.38;45.295;31;
7132b1c9-ee26-4464-b5b5-1046264b61d9;2024-09-25T04:46:00Z;45.295;45.29;45.295;45.29;74;
7132b1c9-ee26-4464-b5b5-1046264b61d9;2024-09-25T04:48:00Z;45.28;45.28;45.28;45.28;1;
7132b1c9-ee26-4464-b5b5-1046264b61d9;2024-09-25T04:49:00Z;45.275;45.275;45.275;45.275;1;
7132b1c9-ee26-4464-b5b5-1046264b61d9;2024-09-25T04:50:00Z;45.275;45.275;45.275;45.275;1;
7132b1c9-ee26-4464-b5b5-1046264b61d9;2024-09-25T04:51:00Z;45.275;45.275;45.275;45.275;19;
7132b1c9-ee26-4464-b5b5-1046264b61d9;2024-09-25T04:53:00Z;45.235;45.28;45.28;45.205;16;
7132b1c9-ee26-4464-b5b5-1046264b61d9;2024-09-25T04:54:00Z;45.275;45.29;45.29;45.275;100;
7132b1c9-ee26-4464-b5b5-1046264b61d9;2024-09-25T04:56:00Z;45.285;45.29;45.29;45.285;25;
7132b1c9-ee26-4464-b5b5-1046264b61d9;2024-09-25T04:57:00Z;45.24;45.285;45.285;45.24;11;
7132b1c9-ee26-4464-b5b5-1046264b61d9;2024-09-25T04:58:00Z;45.24;45.385;45.385;45.24;186;
7132b1c9-ee26-4464-b5b5-1046264b61d9;2024-09-25T04:59:00Z;45.28;45.28;45.28;45.28;10;
7132b1c9-ee26-4464-b5b5-1046264b61d9;2024-09-25T05:00:00Z;45.28;45.28;45.28;45.28;1;
7132b1c9-ee26-4464-b5b5-1046264b61d9;2024-09-25T05:01:00Z;45.245;45.245;45.245;45.245;2;
7132b1c9-ee26-4464-b5b5-1046264b61d9;2024-09-25T05:02:00Z;45.28;45.245;45.385;45.245;566;
7132b1c9-ee26-4464-b5b5-1046264b61d9;2024-09-25T05:04:00Z;45.38;45.38;45.38;45.38;6;
7132b1c9-ee26-4464-b5b5-1046264b61d9;2024-09-25T05:05:00Z;45.31;45.305;45.31;45.305;35;
7132b1c9-ee26-4464-b5b5-1046264b61d9;2024-09-25T05:06:00Z;45.305;45.305;45.305;45.305;2;
7132b1c9-ee26-4464-b5b5-1046264b61d9;2024-09-25T05:07:00Z;45.305;45.375;45.38;45.305;9;
7132b1c9-ee26-4464-b5b5-1046264b61d9;2024-09-25T05:08:00Z;45.31;45.355;45.355;45.31;7;
7132b1c9-ee26-4464-b5b5-1046264b61d9;2024-09-25T05:09:00Z;45.31;45.31;45.31;45.31;1;
7132b1c9-ee26-4464-b5b5-1046264b61d9;2024-09-25T05:10:00Z;45.35;45.35;45.35;45.35;16;
7132b1c9-ee26-4464-b5b5-1046264b61d9;2024-09-25T05:11:00Z;45.35;45.375;45.4;45.335;1005;
7132b1c9-ee26-4464-b5b5-1046264b61d9;2024-09-25T05:12:00Z;45.375;45.375;45.375;45.375;4;
7132b1c9-ee26-4464-b5b5-1046264b61d9;2024-09-25T05:13:00Z;45.325;45.325;45.325;45.325;4;
7132b1c9-ee26-4464-b5b5-1046264b61d9;2024-09-25T05:14:00Z;45.325;45.325;45.325;45.325;7;
7132b1c9-ee26-4464-b5b5-1046264b61d9;2024-09-25T05:15:00Z;45.33;45.33;45.33;45.33;78;
7132b1c9-ee26-4464-b5b5-1046264b61d9;2024-09-25T05:16:00Z;45.33;45.33;45.33;45.33;47;
7132b1c9-ee26-4464-b5b5-1046264b61d9;2024-09-25T05:17:00Z;45.33;45.33;45.33;45.33;24;
7132b1c9-ee26-4464-b5b5-1046264b61d9;2024-09-25T05:18:00Z;45.35;45.35;45.35;45.35;5;
7132b1c9-ee26-4464-b5b5-1046264b61d9;2024-09-25T05:19:00Z;45.33;45.33;45.33;45.33;5;
7132b1c9-ee26-4464-b5b5-1046264b61d9;2024-09-25T05:20:00Z;45.35;45.33;45.35;45.33;5;
7132b1c9-ee26-4464-b5b5-1046264b61d9;2024-09-25T05:21:00Z;45.33;45.33;45.33;45.33;50;
7132b1c9-ee26-4464-b5b5-1046264b61d9;2024-09-25T05:22:00Z;45.33;45.33;45.33;45.33;145;
7132b1c9-ee26-4464-b5b5-1046264b61d9;2024-09-25T05:24:00Z;45.305;45.305;45.305;45.305;28;
7132b1c9-ee26-4464-b5b5-1046264b61d9;2024-09-25T05:25:00Z;45.305;45.305;45.305;45.305;2;
7132b1c9-ee26-4464-b5b5-1046264b61d9;2024-09-25T05:26:00Z;45.305;45.305;45.305;45.305;71;
7132b1c9-ee26-4464-b5b5-1046264b61d9;2024-09-25T05:27:00Z;45.305;45.325;45.325;45.28;21;
7132b1c9-ee26-4464-b5b5-1046264b61d9;2024-09-25T05:29:00Z;45.325;45.325;45.325;45.325;1;
7132b1c9-ee26-4464-b5b5-1046264b61d9;2024-09-25T05:31:00Z;45.28;45.28;45.28;45.28;1;
7132b1c9-ee26-4464-b5b5-1046264b61d9;2024-09-25T05:32:00Z;45.325;45.325;45.33;45.275;108;
7132b1c9-ee26-4464-b5b5-1046264b61d9;2024-09-25T05:33:00Z;45.33;45.33;45.33;45.33;1;
7132b1c9-ee26-4464-b5b5-1046264b61d9;2024-09-25T05:35:00Z;45.285;45.325;45.325;45.285;31;
7132b1c9-ee26-4464-b5b5-1046264b61d9;2024-09-25T05:36:00Z;45.325;45.33;45.33;45.325;2;
7132b1c9-ee26-4464-b5b5-1046264b61d9;2024-09-25T05:37:00Z;45.32;45.33;45.33;45.32;38;
7132b1c9-ee26-4464-b5b5-1046264b61d9;2024-09-25T05:38:00Z;45.285;45.285;45.285;45.285;10;
7132b1c9-ee26-4464-b5b5-1046264b61d9;2024-09-25T05:40:00Z;45.285;45.285;45.285;45.285;10;
7132b1c9-ee26-4464-b5b5-1046264b61d9;2024-09-25T05:41:00Z;45.325;45.325;45.325;45.285;12;
7132b1c9-ee26-4464-b5b5-1046264b61d9;2024-09-25T05:42:00Z;45.325;45.285;45.325;45.285;3;
7132b1c9-ee26-4464-b5b5-1046264b61d9;2024-09-25T05:44:00Z;45.325;45.325;45.325;45.325;1;
7132b1c9-ee26-4464-b5b5-1046264b61d9;2024-09-25T05:45:00Z;45.325;45.325;45.325;45.325;1;
7132b1c9-ee26-4464-b5b5-1046264b61d9;2024-09-25T05:46:00Z;45.325;45.325;45.325;45.325;1;
7132b1c9-ee26-4464-b5b5-1046264b61d9;2024-09-25T05:48:00Z;45.325;45.325;45.325;45.325;2;
7132b1c9-ee26-4464-b5b5-1046264b61d9;2024-09-25T05:49:00Z;45.325;45.325;45.325;45.325;1;
7132b1c9-ee26-4464-b5b5-1046264b61d9;2024-09-25T05:50:00Z;45.325;45.325;45.325;45.325;12;
7132b1c9-ee26-4464-b5b5-1046264b61d9;2024-09-25T05:51:00Z;45.32;45.29;45.32;45.29;14;
7132b1c9-ee26-4464-b5b5-1046264b61d9;2024-09-25T05:52:00Z;45.32;45.32;45.32;45.32;1;
7132b1c9-ee26-4464-b5b5-1046264b61d9;2024-09-25T05:53:00Z;45.3;45.3;45.3;45.3;1;
7132b1c9-ee26-4464-b5b5-1046264b61d9;2024-09-25T05:54:00Z;45.32;45.3;45.33;45.3;16;
7132b1c9-ee26-4464-b5b5-1046264b61d9;2024-09-25T05:55:00Z;45.33;45.33;45.33;45.33;15;
7132b1c9-ee26-4464-b5b5-1046264b61d9;2024-09-25T05:56:00Z;45.3;45.3;45.33;45.3;61;
7132b1c9-ee26-4464-b5b5-1046264b61d9;2024-09-25T05:57:00Z;45.33;45.345;45.345;45.33;60;
7132b1c9-ee26-4464-b5b5-1046264b61d9;2024-09-25T05:58:00Z;45.34;45.345;45.345;45.3;47;
7132b1c9-ee26-4464-b5b5-1046264b61d9;2024-09-25T05:59:00Z;45.345;45.345;45.345;45.345;2;
7132b1c9-ee26-4464-b5b5-1046264b61d9;2024-09-25T06:00:00Z;45.3;45.295;45.3;45.295;148;
7132b1c9-ee26-4464-b5b5-1046264b61d9;2024-09-25T06:01:00Z;45.295;45.295;45.295;45.295;2;
7132b1c9-ee26-4464-b5b5-1046264b61d9;2024-09-25T06:02:00Z;45.295;45.295;45.295;45.295;22;
7132b1c9-ee26-4464-b5b5-1046264b61d9;2024-09-25T06:03:00Z;45.29;45.265;45.29;45.265;66;
7132b1c9-ee26-4464-b5b5-1046264b61d9;2024-09-25T06:04:00Z;45.285;45.285;45.285;45.285;2;
7132b1c9-ee26-4464-b5b5-1046264b61d9;2024-09-25T06:06:00Z;45.28;45.28;45.28;45.275;12;
7132b1c9-ee26-4464-b5b5-1046264b61d9;2024-09-25T06:07:00Z;45.28;45.28;45.28;45.28;9;
7132b1c9-ee26-4464-b5b5-1046264b61d9;2024-09-25T06:08:00Z;45.25;45.28;45.28;45.25;113;
7132b1c9-ee26-4464-b5b5-1046264b61d9;2024-09-25T06:09:00Z;45.28;45.25;45.28;45.25;4;
7132b1c9-ee26-4464-b5b5-1046264b61d9;2024-09-25T06:10:00Z;45.28;45.28;45.28;45.28;2;
7132b1c9-ee26-4464-b5b5-1046264b61d9;2024-09-25T06:11:00Z;45.28;45.25;45.28;45.25;13;
7132b1c9-ee26-4464-b5b5-1046264b61d9;2024-09-25T06:12:00Z;45.28;45.28;45.28;45.25;7;
7132b1c9-ee26-4464-b5b5-1046264b61d9;2024-09-25T06:13:00Z;45.28;45.28;45.28;45.25;14;
7132b1c9-ee26-4464-b5b5-1046264b61d9;2024-09-25T06:14:00Z;45.28;45.25;45.28;45.25;11;
7132b1c9-ee26-4464-b5b5-1046264b61d9;2024-09-25T06:15:00Z;45.25;45.205;45.25;45.2;1037;
7132b1c9-ee26-4464-b5b5-1046264b61d9;2024-09-25T06:16:00Z;45.2;45.26;45.26;45.2;77;
7132b1c9-ee26-4464-b5b5-1046264b61d9;2024-09-25T06:17:00Z;45.205;45.2;45.205;45.195;1133;
7132b1c9-ee26-4464-b5b5-1046264b61d9;2024-09-25T06:18:00Z;45.195;45.2;45.2;45.195;55;
7132b1c9-ee26-4464-b5b5-1046264b61d9;2024-09-25T06:19:00Z;45.195;45.2;45.2;45.195;6;
7132b1c9-ee26-4464-b5b5-1046264b61d9;2024-09-25T06:20:00Z;45.2;45.2;45.2;45.2;14;
7132b1c9-ee26-4464-b5b5-1046264b61d9;2024-09-25T06:21:00Z;45.2;45.255;45.255;45.195;836;
7132b1c9-ee26-4464-b5b5-1046264b61d9;2024-09-25T06:22:00Z;45.245;45.245;45.245;45.245;2;
7132b1c9-ee26-4464-b5b5-1046264b61d9;2024-09-25T06:23:00Z;45.23;45.195;45.235;45.195;84;
7132b1c9-ee26-4464-b5b5-1046264b61d9;2024-09-25T06:24:00Z;45.235;45.235;45.235;45.235;5;
7132b1c9-ee26-4464-b5b5-1046264b61d9;2024-09-25T06:25:00Z;45.24;45.24;45.24;45.24;5;
7132b1c9-ee26-4464-b5b5-1046264b61d9;2024-09-25T06:26:00Z;45.27;45.195;45.27;45.195;248;
7132b1c9-ee26-4464-b5b5-1046264b61d9;2024-09-25T06:27:00Z;45.255;45.25;45.255;45.25;5;
7132b1c9-ee26-4464-b5b5-1046264b61d9;2024-09-25T06:28:00Z;45.27;45.27;45.27;45.27;5;
7132b1c9-ee26-4464-b5b5-1046264b61d9;2024-09-25T06:29:00Z;45.2;45.2;45.2;45.2;1;
7132b1c9-ee26-4464-b5b5-1046264b61d9;2024-09-25T06:30:00Z;45.2;45.2;45.2;45.2;17;
7132b1c9-ee26-4464-b5b5-1046264b61d9;2024-09-25T06:31:00Z;45.2;45.28;45.28;45.2;100;
7132b1c9-ee26-4464-b5b5-1046264b61d9;2024-09-25T06:33:00Z;45.275;45.275;45.275;45.275;9;
7132b1c9-ee26-4464-b5b5-1046264b61d9;2024-09-25T06:34:00Z;45.275;45.275;45.275;45.275;2;
7132b1c9-ee26-4464-b5b5-1046264b61d9;2024-09-25T06:35:00Z;45.275;45.275;45.275;45.275;50;
7132b1c9-ee26-4464-b5b5-1046264b61d9;2024-09-25T06:36:00Z;45.27;45.28;45.28;45.27;202;
7132b1c9-ee26-4464-b5b5-1046264b61d9;2024-09-25T06:37:00Z;45.2;45.28;45.28;45.2;21;
7132b1c9-ee26-4464-b5b5-1046264b61d9;2024-09-25T06:38:00Z;45.2;45.2;45.2;45.2;6;
7132b1c9-ee26-4464-b5b5-1046264b61d9;2024-09-25T06:39:00Z;45.28;45.215;45.28;45.215;2;
7132b1c9-ee26-4464-b5b5-1046264b61d9;2024-09-25T06:59:00Z;45.225;45.225;45.225;45.225;2697;
7132b1c9-ee26-4464-b5b5-1046264b61d9;2024-09-25T07:00:00Z;45.2;45.115;45.25;45.115;5122;
7132b1c9-ee26-4464-b5b5-1046264b61d9;2024-09-25T07:01:00Z;45.115;45.08;45.115;45.025;4740;
7132b1c9-ee26-4464-b5b5-1046264b61d9;2024-09-25T07:02:00Z;45.08;45.005;45.08;44.925;8455;
7132b1c9-ee26-4464-b5b5-1046264b61d9;2024-09-25T07:03:00Z;45.005;45.015;45.015;45;6210;
7132b1c9-ee26-4464-b5b5-1046264b61d9;2024-09-25T07:04:00Z;45;45.035;45.06;45;2275;
7132b1c9-ee26-4464-b5b5-1046264b61d9;2024-09-25T07:05:00Z;45.015;44.975;45.025;44.97;5355;
7132b1c9-ee26-4464-b5b5-1046264b61d9;2024-09-25T07:06:00Z;44.975;45.025;45.035;44.945;2626;
7132b1c9-ee26-4464-b5b5-1046264b61d9;2024-09-25T07:07:00Z;45.015;45.055;45.055;44.965;5013;
7132b1c9-ee26-4464-b5b5-1046264b61d9;2024-09-25T07:08:00Z;45.06;45.1;45.1;45.035;1105;
7132b1c9-ee26-4464-b5b5-1046264b61d9;2024-09-25T07:09:00Z;45.1;45.05;45.1;44.97;7399;
7132b1c9-ee26-4464-b5b5-1046264b61d9;2024-09-25T07:10:00Z;45.05;44.96;45.05;44.95;3688;
7132b1c9-ee26-4464-b5b5-1046264b61d9;2024-09-25T07:11:00Z;44.965;44.99;45.015;44.96;1351;
7132b1c9-ee26-4464-b5b5-1046264b61d9;2024-09-25T07:12:00Z;44.985;44.995;45.015;44.985;569;
7132b1c9-ee26-4464-b5b5-1046264b61d9;2024-09-25T07:13:00Z;44.995;45.015;45.015;44.965;1767;
7132b1c9-ee26-4464-b5b5-1046264b61d9;2024-09-25T07:14:00Z;45.005;45.05;45.05;45.005;702;
7132b1c9-ee26-4464-b5b5-1046264b61d9;2024-09-25T07:15:00Z;45.055;44.945;45.055;44.93;2071;
7132b1c9-ee26-4464-b5b5-1046264b61d9;2024-09-25T07:16:00Z;44.935;44.965;44.97;44.925;2980;
7132b1c9-ee26-4464-b5b5-1046264b61d9;2024-09-25T07:17:00Z;44.945;44.855;44.955;44.85;8891;
7132b1c9-ee26-4464-b5b5-1046264b61d9;2024-09-25T07:18:00Z;44.86;44.87;44.915;44.86;6006;
7132b1c9-ee26-4464-b5b5-1046264b61d9;2024-09-25T07:19:00Z;44.89;44.895;44.905;44.885;2668;
7132b1c9-ee26-4464-b5b5-1046264b61d9;2024-09-25T07:20:00Z;44.905;44.925;44.925;44.895;2770;
7132b1c9-ee26-4464-b5b5-1046264b61d9;2024-09-25T07:21:00Z;44.925;44.945;44.95;44.92;17233;
7132b1c9-ee26-4464-b5b5-1046264b61d9;2024-09-25T07:22:00Z;44.95;45.02;45.02;44.945;62925;
7132b1c9-ee26-4464-b5b5-1046264b61d9;2024-09-25T07:23:00Z;45.02;44.935;45.02;44.845;40536;
7132b1c9-ee26-4464-b5b5-1046264b61d9;2024-09-25T07:24:00Z;44.935;44.93;45.01;44.905;10179;
7132b1c9-ee26-4464-b5b5-1046264b61d9;2024-09-25T07:25:00Z;44.935;44.965;44.97;44.905;1374;
7132b1c9-ee26-4464-b5b5-1046264b61d9;2024-09-25T07:26:00Z;44.97;44.98;45;44.97;1896;
7132b1c9-ee26-4464-b5b5-1046264b61d9;2024-09-25T07:27:00Z;44.98;44.935;44.995;44.935;1557;
7132b1c9-ee26-4464-b5b5-1046264b61d9;2024-09-25T07:28:00Z;44.935;45.005;45.025;44.93;5706;
7132b1c9-ee26-4464-b5b5-1046264b61d9;2024-09-25T07:29:00Z;45.015;44.99;45.025;44.98;1932;
7132b1c9-ee26-4464-b5b5-1046264b61d9;2024-09-25T07:30:00Z;44.99;44.92;44.995;44.9;7296;
7132b1c9-ee26-4464-b5b5-1046264b61d9;2024-09-25T07:31:00Z;44.91;44.84;44.94;44.84;3770;
7132b1c9-ee26-4464-b5b5-1046264b61d9;2024-09-25T07:32:00Z;44.85;44.88;44.885;44.85;619;
7132b1c9-ee26-4464-b5b5-1046264b61d9;2024-09-25T07:33:00Z;44.87;44.815;44.88;44.78;20981;
7132b1c9-ee26-4464-b5b5-1046264b61d9;2024-09-25T07:34:00Z;44.815;44.83;44.84;44.775;4891;
7132b1c9-ee26-4464-b5b5-1046264b61d9;2024-09-25T07:35:00Z;44.835;44.83;44.845;44.79;1693;
7132b1c9-ee26-4464-b5b5-1046264b61d9;2024-09-25T07:36:00Z;44.83;44.91;44.91;44.82;1300;
7132b1c9-ee26-4464-b5b5-1046264b61d9;2024-09-25T07:37:00Z;44.91;44.88;44.915;44.88;4233;
7132b1c9-ee26-4464-b5b5-1046264b61d9;2024-09-25T07:38:00Z;44.88;44.905;44.92;44.88;1891;
7132b1c9-ee26-4464-b5b5-1046264b61d9;2024-09-25T07:39:00Z;44.91;44.89;44.915;44.875;1626;
7132b1c9-ee26-4464-b5b5-1046264b61d9;2024-09-25T07:40:00Z;44.885;44.835;44.895;44.835;3468;
7132b1c9-ee26-4464-b5b5-1046264b61d9;2024-09-25T07:41:00Z;44.835;44.84;44.84;44.815;2010;
7132b1c9-ee26-4464-b5b5-1046264b61d9;2024-09-25T07:42:00Z;44.845;44.845;44.845;44.84;168;
7132b1c9-ee26-4464-b5b5-1046264b61d9;2024-09-25T07:43:00Z;44.845;44.815;44.875;44.815;938;
7132b1c9-ee26-4464-b5b5-1046264b61d9;2024-09-25T07:44:00Z;44.83;44.78;44.85;44.78;7471;
7132b1c9-ee26-4464-b5b5-1046264b61d9;2024-09-25T07:45:00Z;44.78;44.76;44.78;44.75;7796;
7132b1c9-ee26-4464-b5b5-1046264b61d9;2024-09-25T07:46:00Z;44.755;44.755;44.76;44.75;10839;
7132b1c9-ee26-4464-b5b5-1046264b61d9;2024-09-25T07:47:00Z;44.76;44.73;44.76;44.71;7416;
7132b1c9-ee26-4464-b5b5-1046264b61d9;2024-09-25T07:48:00Z;44.725;44.76;44.76;44.725;2055;
7132b1c9-ee26-4464-b5b5-1046264b61d9;2024-09-25T07:49:00Z;44.76;44.8;44.8;44.76;5141;
7132b1c9-ee26-4464-b5b5-1046264b61d9;2024-09-25T07:50:00Z;44.8;44.735;44.8;44.735;6792;
7132b1c9-ee26-4464-b5b5-1046264b61d9;2024-09-25T07:51:00Z;44.74;44.73;44.74;44.705;3323;
7132b1c9-ee26-4464-b5b5-1046264b61d9;2024-09-25T07:52:00Z;44.73;44.765;44.765;44.715;3752;
7132b1c9-ee26-4464-b5b5-1046264b61d9;2024-09-25T07:53:00Z;44.765;44.76;44.78;44.755;1997;
7132b1c9-ee26-4464-b5b5-1046264b61d9;2024-09-25T07:54:00Z;44.755;44.725;44.765;44.725;2360;
7132b1c9-ee26-4464-b5b5-1046264b61d9;2024-09-25T07:55:00Z;44.73;44.7;44.73;44.7;9403;
7132b1c9-ee26-4464-b5b5-1046264b61d9;2024-09-25T07:56:00Z;44.71;44.705;44.73;44.65;18245;
7132b1c9-ee26-4464-b5b5-1046264b61d9;2024-09-25T07:57:00Z;44.725;44.72;44.73;44.7;3907;
7132b1c9-ee26-4464-b5b5-1046264b61d9;2024-09-25T07:58:00Z;44.72;44.755;44.755;44.71;3238;
7132b1c9-ee26-4464-b5b5-1046264b61d9;2024-09-25T07:59:00Z;44.755;44.75;44.77;44.75;2571;
7132b1c9-ee26-4464-b5b5-1046264b61d9;2024-09-25T08:00:00Z;44.75;44.675;44.75;44.635;22268;
7132b1c9-ee26-4464-b5b5-1046264b61d9;2024-09-25T08:01:00Z;44.675;44.715;44.715;44.675;2439;
7132b1c9-ee26-4464-b5b5-1046264b61d9;2024-09-25T08:02:00Z;44.72;44.655;44.725;44.63;8291;
7132b1c9-ee26-4464-b5b5-1046264b61d9;2024-09-25T08:03:00Z;44.655;44.665;44.665;44.64;1756;
7132b1c9-ee26-4464-b5b5-1046264b61d9;2024-09-25T08:04:00Z;44.665;44.665;44.665;44.655;3458;
7132b1c9-ee26-4464-b5b5-1046264b61d9;2024-09-25T08:05:00Z;44.665;44.69;44.69;44.66;2918;
7132b1c9-ee26-4464-b5b5-1046264b61d9;2024-09-25T08:06:00Z;44.69;44.675;44.69;44.66;5600;
7132b1c9-ee26-4464-b5b5-1046264b61d9;2024-09-25T08:07:00Z;44.675;44.695;44.695;44.675;2519;
7132b1c9-ee26-4464-b5b5-1046264b61d9;2024-09-25T08:08:00Z;44.695;44.625;44.695;44.625;8728;
7132b1c9-ee26-4464-b5b5-1046264b61d9;2024-09-25T08:09:00Z;44.62;44.665;44.675;44.62;408;
7132b1c9-ee26-4464-b5b5-1046264b61d9;2024-09-25T08:10:00Z;44.68;44.635;44.68;44.635;1748;
7132b1c9-ee26-4464-b5b5-1046264b61d9;2024-09-25T08:11:00Z;44.64;44.625;44.64;44.62;3889;
7132b1c9-ee26-4464-b5b5-1046264b61d9;2024-09-25T08:12:00Z;44.625;44.69;44.69;44.625;18448;
7132b1c9-ee26-4464-b5b5-1046264b61d9;2024-09-25T08:13:00Z;44.69;44.69;44.695;44.67;7067;
7132b1c9-ee26-4464-b5b5-1046264b61d9;2024-09-25T08:14:00Z;44.69;44.67;44.695;44.67;1049;
7132b1c9-ee26-4464-b5b5-1046264b61d9;2024-09-25T08:15:00Z;44.675;44.69;44.695;44.675;1473;
7132b1c9-ee26-4464-b5b5-1046264b61d9;2024-09-25T08:16:00Z;44.685;44.7;44.7;44.685;68539;
7132b1c9-ee26-4464-b5b5-1046264b61d9;2024-09-25T08:17:00Z;44.7;44.77;44.78;44.695;48737;
7132b1c9-ee26-4464-b5b5-1046264b61d9;2024-09-25T08:18:00Z;44.765;44.795;44.795;44.765;3502;
7132b1c9-ee26-4464-b5b5-1046264b61d9;2024-09-25T08:19:00Z;44.795;44.81;44.84;44.795;9597;
7132b1c9-ee26-4464-b5b5-1046264b61d9;2024-09-25T08:20:00Z;44.82;44.82;44.835;44.81;7046;
7132b1c9-ee26-4464-b5b5-1046264b61d9;2024-09-25T08:21:00Z;44.825;44.835;44.84;44.82;2557;
7132b1c9-ee26-4464-b5b5-1046264b61d9;2024-09-25T08:22:00Z;44.835;44.83;44.85;44.82;5409;
7132b1c9-ee26-4464-b5b5-1046264b61d9;2024-09-25T08:23:00Z;44.825;44.835;44.845;44.82;1339;
7132b1c9-ee26-4464-b5b5-1046264b61d9;2024-09-25T08:24:00Z;44.835;44.845;44.845;44.82;1391;
7132b1c9-ee26-4464-b5b5-1046264b61d9;2024-09-25T08:25:00Z;44.84;44.845;44.845;44.84;812;
7132b1c9-ee26-4464-b5b5-1046264b61d9;2024-09-25T08:26:00Z;44.845;44.865;44.87;44.84;1000;
7132b1c9-ee26-4464-b5b5-1046264b61d9;2024-09-25T08:27:00Z;44.865;44.86;44.865;44.86;463;
7132b1c9-ee26-4464-b5b5-1046264b61d9;2024-09-25T08:28:00Z;44.865;44.895;44.92;44.865;6233;
7132b1c9-ee26-4464-b5b5-1046264b61d9;2024-09-25T08:29:00Z;44.91;44.945;44.95;44.895;6482;
7132b1c9-ee26-4464-b5b5-1046264b61d9;2024-09-25T08:30:00Z;44.945;44.935;44.945;44.925;6048;
7132b1c9-ee26-4464-b5b5-1046264b61d9;2024-09-25T08:31:00Z;44.935;44.94;44.945;44.92;1720;
7132b1c9-ee26-4464-b5b5-1046264b61d9;2024-09-25T08:32:00Z;44.945;44.94;44.945;44.935;379;
7132b1c9-ee26-4464-b5b5-1046264b61d9;2024-09-25T08:33:00Z;44.94;44.925;44.94;44.905;2103;
7132b1c9-ee26-4464-b5b5-1046264b61d9;2024-09-25T08:34:00Z;44.92;44.92;44.92;44.91;255;
7132b1c9-ee26-4464-b5b5-1046264b61d9;2024-09-25T08:35:00Z;44.92;44.925;44.925;44.915;830;
7132b1c9-ee26-4464-b5b5-1046264b61d9;2024-09-25T08:36:00Z;44.92;44.905;44.925;44.88;3553;
7132b1c9-ee26-4464-b5b5-1046264b61d9;2024-09-25T08:37:00Z;44.91;44.865;44.915;44.855;1353;
7132b1c9-ee26-4464-b5b5-1046264b61d9;2024-09-25T08:38:00Z;44.85;44.905;44.905;44.845;2409;
7132b1c9-ee26-4464-b5b5-1046264b61d9;2024-09-25T08:39:00Z;44.905;44.885;44.905;44.86;415;
7132b1c9-ee26-4464-b5b5-1046264b61d9;2024-09-25T08:40:00Z;44.895;44.9;44.91;44.89;552;
7132b1c9-ee26-4464-b5b5-1046264b61d9;2024-09-25T08:41:00Z;44.9;44.905;44.91;44.885;542;
7132b1c9-ee26-4464-b5b5-1046264b61d9;2024-09-25T08:42:00Z;44.905;44.895;44.905;44.89;1468;
7132b1c9-ee26-4464-b5b5-1046264b61d9;2024-09-25T08:43:00Z;44.895;44.88;44.9;44.86;2891;
7132b1c9-ee26-4464-b5b5-1046264b61d9;2024-09-25T08:44:00Z;44.88;44.92;44.925;44.88;3874;
7132b1c9-ee26-4464-b5b5-1046264b61d9;2024-09-25T08:45:00Z;44.925;44.915;44.93;44.915;874;
7132b1c9-ee26-4464-b5b5-1046264b61d9;2024-09-25T08:46:00Z;44.925;44.975;44.98;44.915;22849;
7132b1c9-ee26-4464-b5b5-1046264b61d9;2024-09-25T08:47:00Z;44.975;44.98;44.98;44.975;640;
7132b1c9-ee26-4464-b5b5-1046264b61d9;2024-09-25T08:48:00Z;44.98;45.01;45.02;44.975;5026;
7132b1c9-ee26-4464-b5b5-1046264b61d9;2024-09-25T08:49:00Z;45.01;45.02;45.025;45.01;2097;
7132b1c9-ee26-4464-b5b5-1046264b61d9;2024-09-25T08:50:00Z;45.025;45.025;45.025;45.01;1538;
7132b1c9-ee26-4464-b5b5-1046264b61d9;2024-09-25T08:51:00Z;45.025;45.045;45.055;45.025;1405;
7132b1c9-ee26-4464-b5b5-1046264b61d9;2024-09-25T08:52:00Z;45.035;45.02;45.065;45.02;2543;
7132b1c9-ee26-4464-b5b5-1046264b61d9;2024-09-25T08:53:00Z;45.025;45.035;45.035;45.02;1351;
7132b1c9-ee26-4464-b5b5-1046264b61d9;2024-09-25T08:54:00Z;45.035;45.035;45.045;45.03;731;
7132b1c9-ee26-4464-b5b5-1046264b61d9;2024-09-25T08:55:00Z;45.03;44.985;45.04;44.95;26965;
7132b1c9-ee26-4464-b5b5-1046264b61d9;2024-09-25T08:56:00Z;44.98;44.99;44.995;44.98;2026;
7132b1c9-ee26-4464-b5b5-1046264b61d9;2024-09-25T08:57:00Z;44.99;44.995;45;44.985;7092;
7132b1c9-ee26-4464-b5b5-1046264b61d9;2024-09-25T08:58:00Z;45;44.96;45;44.96;8832;
7132b1c9-ee26-4464-b5b5-1046264b61d9;2024-09-25T08:59:00Z;44.96;44.93;44.975;44.93;1961;
7132b1c9-ee26-4464-b5b5-1046264b61d9;2024-09-25T09:00:00Z;44.93;44.895;44.935;44.885;4492;
7132b1c9-ee26-4464-b5b5-1046264b61d9;2024-09-25T09:01:00Z;44.91;44.96;44.965;44.91;789;
7132b1c9-ee26-4464-b5b5-1046264b61d9;2024-09-25T09:02:00Z;44.955;44.985;44.995;44.955;2287;
7132b1c9-ee26-4464-b5b5-1046264b61d9;2024-09-25T09:03:00Z;44.99;45;45;44.985;3054;
7132b1c9-ee26-4464-b5b5-1046264b61d9;2024-09-25T09:04:00Z;45;44.985;45;44.95;4961;
7132b1c9-ee26-4464-b5b5-1046264b61d9;2024-09-25T09:05:00Z;44.985;44.99;44.99;44.965;3833;
7132b1c9-ee26-4464-b5b5-1046264b61d9;2024-09-25T09:06:00Z;44.99;45;45;44.99;1401;
7132b1c9-ee26-4464-b5b5-1046264b61d9;2024-09-25T09:07:00Z;45;45;45;44.995;16107;
7132b1c9-ee26-4464-b5b5-1046264b61d9;2024-09-25T09:08:00Z;45;45;45;44.995;1646;
7132b1c9-ee26-4464-b5b5-1046264b61d9;2024-09-25T09:09:00Z;45;45.07;45.075;44.995;47914;
7132b1c9-ee26-4464-b5b5-1046264b61d9;2024-09-25T09:10:00Z;45.07;45.055;45.07;45.05;786;
7132b1c9-ee26-4464-b5b5-1046264b61d9;2024-09-25T09:11:00Z;45.05;45.045;45.07;45.01;3146;
7132b1c9-ee26-4464-b5b5-1046264b61d9;2024-09-25T09:12:00Z;45.045;45.06;45.06;45.025;293;
7132b1c9-ee26-4464-b5b5-1046264b61d9;2024-09-25T09:13:00Z;45.06;45.08;45.08;45.045;1623;
7132b1c9-ee26-4464-b5b5-1046264b61d9;2024-09-25T09:14:00Z;45.08;45.07;45.08;45.055;477;
7132b1c9-ee26-4464-b5b5-1046264b61d9;2024-09-25T09:15:00Z;45.07;45.08;45.08;45.055;1523;
7132b1c9-ee26-4464-b5b5-1046264b61d9;2024-09-25T09:16:00Z;45.08;45.085;45.085;45.07;680;
7132b1c9-ee26-4464-b5b5-1046264b61d9;2024-09-25T09:17:00Z;45.085;45.115;45.13;45.07;9773;
7132b1c9-ee26-4464-b5b5-1046264b61d9;2024-09-25T09:18:00Z;45.115;45.15;45.165;45.1;3732;
7132b1c9-ee26-4464-b5b5-1046264b61d9;2024-09-25T09:19:00Z;45.155;45.17;45.17;45.15;1545;
7132b1c9-ee26-4464-b5b5-1046264b61d9;2024-09-25T09:20:00Z;45.165;45.18;45.2;45.15;7166;
7132b1c9-ee26-4464-b5b5-1046264b61d9;2024-09-25T09:21:00Z;45.175;45.255;45.3;45.14;24972;
7132b1c9-ee26-4464-b5b5-1046264b61d9;2024-09-25T09:22:00Z;45.265;45.27;45.295;45.25;2464;
7132b1c9-ee26-4464-b5b5-1046264b61d9;2024-09-25T09:23:00Z;45.265;45.26;45.28;45.25;2799;
7132b1c9-ee26-4464-b5b5-1046264b61d9;2024-09-25T09:24:00Z;45.26;45.255;45.285;45.23;2751;
7132b1c9-ee26-4464-b5b5-1046264b61d9;2024-09-25T09:25:00Z;45.25;45.22;45.3;45.205;8984;
7132b1c9-ee26-4464-b5b5-1046264b61d9;2024-09-25T09:26:00Z;45.205;45.205;45.235;45.205;3147;
7132b1c9-ee26-4464-b5b5-1046264b61d9;2024-09-25T09:27:00Z;45.205;45.2;45.22;45.185;3318;
7132b1c9-ee26-4464-b5b5-1046264b61d9;2024-09-25T09:28:00Z;45.2;45.235;45.235;45.2;4225;
7132b1c9-ee26-4464-b5b5-1046264b61d9;2024-09-25T09:29:00Z;45.22;45.23;45.235;45.22;390;
7132b1c9-ee26-4464-b5b5-1046264b61d9;2024-09-25T09:30:00Z;45.225;45.23;45.235;45.21;664;
7132b1c9-ee26-4464-b5b5-1046264b61d9;2024-09-25T09:31:00Z;45.22;45.255;45.3;45.22;6062;
7132b1c9-ee26-4464-b5b5-1046264b61d9;2024-09-25T09:32:00Z;45.26;45.29;45.29;45.25;3972;
7132b1c9-ee26-4464-b5b5-1046264b61d9;2024-09-25T09:33:00Z;45.28;45.27;45.29;45.24;1197;
7132b1c9-ee26-4464-b5b5-1046264b61d9;2024-09-25T09:34:00Z;45.265;45.24;45.28;45.235;2172;
7132b1c9-ee26-4464-b5b5-1046264b61d9;2024-09-25T09:35:00Z;45.25;45.27;45.27;45.23;1794;
7132b1c9-ee26-4464-b5b5-1046264b61d9;2024-09-25T09:36:00Z;45.245;45.285;45.285;45.24;768;
7132b1c9-ee26-4464-b5b5-1046264b61d9;2024-09-25T09:37:00Z;45.28;45.285;45.285;45.27;746;
7132b1c9-ee26-4464-b5b5-1046264b61d9;2024-09-25T09:38:00Z;45.275;45.275;45.285;45.275;684;
7132b1c9-ee26-4464-b5b5-1046264b61d9;2024-09-25T09:39:00Z;45.28;45.28;45.285;45.275;2621;
7132b1c9-ee26-4464-b5b5-1046264b61d9;2024-09-25T09:40:00Z;45.28;45.3;45.3;45.28;5035;
7132b1c9-ee26-4464-b5b5-1046264b61d9;2024-09-25T09:41:00Z;45.3;45.35;45.35;45.295;21458;
7132b1c9-ee26-4464-b5b5-1046264b61d9;2024-09-25T09:42:00Z;45.345;45.345;45.35;45.33;2360;
7132b1c9-ee26-4464-b5b5-1046264b61d9;2024-09-25T09:43:00Z;45.345;45.345;45.35;45.325;1365;
7132b1c9-ee26-4464-b5b5-1046264b61d9;2024-09-25T09:44:00Z;45.335;45.35;45.35;45.33;1865;
7132b1c9-ee26-4464-b5b5-1046264b61d9;2024-09-25T09:45:00Z;45.345;45.345;45.35;45.335;2878;
7132b1c9-ee26-4464-b5b5-1046264b61d9;2024-09-25T09:46:00Z;45.345;45.36;45.36;45.345;4128;
7132b1c9-ee26-4464-b5b5-1046264b61d9;2024-09-25T09:47:00Z;45.355;45.355;45.36;45.35;4002;
7132b1c9-ee26-4464-b5b5-1046264b61d9;2024-09-25T09:48:00Z;45.36;45.355;45.395;45.355;4001;
7132b1c9-ee26-4464-b5b5-1046264b61d9;2024-09-25T09:49:00Z;45.355;45.385;45.4;45.35;2961;
7132b1c9-ee26-4464-b5b5-1046264b61d9;2024-09-25T09:50:00Z;45.375;45.385;45.395;45.335;5394;
7132b1c9-ee26-4464-b5b5-1046264b61d9;2024-09-25T09:51:00Z;45.38;45.35;45.385;45.345;4534;
7132b1c9-ee26-4464-b5b5-1046264b61d9;2024-09-25T09:52:00Z;45.345;45.285;45.35;45.285;8907;
7132b1c9-ee26-4464-b5b5-1046264b61d9;2024-09-25T09:53:00Z;45.28;45.32;45.365;45.27;4656;
7132b1c9-ee26-4464-b5b5-1046264b61d9;2024-09-25T09:54:00Z;45.355;45.34;45.36;45.3;1086;
7132b1c9-ee26-4464-b5b5-1046264b61d9;2024-09-25T09:55:00Z;45.315;45.31;45.34;45.31;382;
7132b1c9-ee26-4464-b5b5-1046264b61d9;2024-09-25T09:56:00Z;45.31;45.32;45.325;45.29;998;
7132b1c9-ee26-4464-b5b5-1046264b61d9;2024-09-25T09:57:00Z;45.315;45.335;45.34;45.295;3265;
7132b1c9-ee26-4464-b5b5-1046264b61d9;2024-09-25T09:58:00Z;45.31;45.385;45.415;45.31;12040;
7132b1c9-ee26-4464-b5b5-1046264b61d9;2024-09-25T09:59:00Z;45.385;45.43;45.435;45.355;11452;
7132b1c9-ee26-4464-b5b5-1046264b61d9;2024-09-25T10:00:00Z;45.435;45.42;45.45;45.41;6948;
7132b1c9-ee26-4464-b5b5-1046264b61d9;2024-09-25T10:01:00Z;45.415;45.46;45.46;45.415;1641;
7132b1c9-ee26-4464-b5b5-1046264b61d9;2024-09-25T10:02:00Z;45.45;45.405;45.46;45.405;4591;
7132b1c9-ee26-4464-b5b5-1046264b61d9;2024-09-25T10:03:00Z;45.43;45.42;45.44;45.4;1854;
7132b1c9-ee26-4464-b5b5-1046264b61d9;2024-09-25T10:04:00Z;45.42;45.42;45.43;45.42;444;
7132b1c9-ee26-4464-b5b5-1046264b61d9;2024-09-25T10:05:00Z;45.43;45.525;45.535;45.42;59439;
7132b1c9-ee26-4464-b5b5-1046264b61d9;2024-09-25T10:06:00Z;45.53;45.6;45.6;45.5;11059;
7132b1c9-ee26-4464-b5b5-1046264b61d9;2024-09-25T10:07:00Z;45.59;45.54;45.6;45.49;9418;
7132b1c9-ee26-4464-b5b5-1046264b61d9;2024-09-25T10:08:00Z;45.54;45.59;45.6;45.54;9897;
7132b1c9-ee26-4464-b5b5-1046264b61d9;2024-09-25T10:09:00Z;45.585;45.6;45.6;45.58;4427;
7132b1c9-ee26-4464-b5b5-1046264b61d9;2024-09-25T10:10:00Z;45.6;45.615;45.625;45.595;5893;
7132b1c9-ee26-4464-b5b5-1046264b61d9;2024-09-25T10:11:00Z;45.61;45.665;45.7;45.61;19641;
7132b1c9-ee26-4464-b5b5-1046264b61d9;2024-09-25T10:12:00Z;45.67;45.67;45.7;45.67;4840;
7132b1c9-ee26-4464-b5b5-1046264b61d9;2024-09-25T10:13:00Z;45.675;45.685;45.7;45.675;2140;
7132b1c9-ee26-4464-b5b5-1046264b61d9;2024-09-25T10:14:00Z;45.68;45.625;45.685;45.62;1549;
7132b1c9-ee26-4464-b5b5-1046264b61d9;2024-09-25T10:15:00Z;45.62;45.69;45.7;45.62;16316;
7132b1c9-ee26-4464-b5b5-1046264b61d9;2024-09-25T10:16:00Z;45.68;45.68;45.7;45.655;6942;
7132b1c9-ee26-4464-b5b5-1046264b61d9;2024-09-25T10:17:00Z;45.68;45.63;45.68;45.625;5585;
7132b1c9-ee26-4464-b5b5-1046264b61d9;2024-09-25T10:18:00Z;45.65;45.66;45.66;45.635;713;
7132b1c9-ee26-4464-b5b5-1046264b61d9;2024-09-25T10:19:00Z;45.65;45.635;45.66;45.63;2832;
7132b1c9-ee26-4464-b5b5-1046264b61d9;2024-09-25T10:20:00Z;45.63;45.615;45.64;45.61;7487;
7132b1c9-ee26-4464-b5b5-1046264b61d9;2024-09-25T10:21:00Z;45.615;45.62;45.635;45.605;1245;
7132b1c9-ee26-4464-b5b5-1046264b61d9;2024-09-25T10:22:00Z;45.63;45.63;45.63;45.59;6180;
7132b1c9-ee26-4464-b5b5-1046264b61d9;2024-09-25T10:23:00Z;45.625;45.635;45.64;45.625;2447;
7132b1c9-ee26-4464-b5b5-1046264b61d9;2024-09-25T10:24:00Z;45.635;45.635;45.64;45.61;1442;
7132b1c9-ee26-4464-b5b5-1046264b61d9;2024-09-25T10:25:00Z;45.635;45.635;45.64;45.635;535;
7132b1c9-ee26-4464-b5b5-1046264b61d9;2024-09-25T10:26:00Z;45.635;45.62;45.64;45.57;8333;
7132b1c9-ee26-4464-b5b5-1046264b61d9;2024-09-25T10:27:00Z;45.635;45.665;45.67;45.59;5697;
7132b1c9-ee26-4464-b5b5-1046264b61d9;2024-09-25T10:28:00Z;45.65;45.655;45.67;45.65;718;
7132b1c9-ee26-4464-b5b5-1046264b61d9;2024-09-25T10:29:00Z;45.67;45.66;45.67;45.65;1449;
7132b1c9-ee26-4464-b5b5-1046264b61d9;2024-09-25T10:30:00Z;45.65;45.67;45.67;45.65;1310;
7132b1c9-ee26-4464-b5b5-1046264b61d9;2024-09-25T10:31:00Z;45.67;45.67;45.67;45.66;809;
7132b1c9-ee26-4464-b5b5-1046264b61d9;2024-09-25T10:32:00Z;45.67;45.665;45.67;45.66;760;
7132b1c9-ee26-4464-b5b5-1046264b61d9;2024-09-25T10:33:00Z;45.665;45.65;45.665;45.645;2073;
7132b1c9-ee26-4464-b5b5-1046264b61d9;2024-09-25T10:34:00Z;45.64;45.62;45.65;45.62;854;
7132b1c9-ee26-4464-b5b5-1046264b61d9;2024-09-25T10:35:00Z;45.62;45.575;45.63;45.54;6183;
7132b1c9-ee26-4464-b5b5-1046264b61d9;2024-09-25T10:36:00Z;45.575;45.58;45.58;45.54;6779;
7132b1c9-ee26-4464-b5b5-1046264b61d9;2024-09-25T10:37:00Z;45.58;45.54;45.58;45.54;1353;
7132b1c9-ee26-4464-b5b5-1046264b61d9;2024-09-25T10:38:00Z;45.54;45.535;45.55;45.535;5146;
7132b1c9-ee26-4464-b5b5-1046264b61d9;2024-09-25T10:39:00Z;45.545;45.545;45.55;45.535;1811;
7132b1c9-ee26-4464-b5b5-1046264b61d9;2024-09-25T10:40:00Z;45.54;45.53;45.545;45.53;3120;
7132b1c9-ee26-4464-b5b5-1046264b61d9;2024-09-25T10:41:00Z;45.53;45.46;45.54;45.45;5874;
7132b1c9-ee26-4464-b5b5-1046264b61d9;2024-09-25T10:42:00Z;45.46;45.485;45.485;45.445;2340;
7132b1c9-ee26-4464-b5b5-1046264b61d9;2024-09-25T10:43:00Z;45.48;45.485;45.5;45.455;1222;
7132b1c9-ee26-4464-b5b5-1046264b61d9;2024-09-25T10:44:00Z;45.485;45.49;45.5;45.48;2676;
7132b1c9-ee26-4464-b5b5-1046264b61d9;2024-09-25T10:45:00Z;45.49;45.475;45.49;45.46;2225;
7132b1c9-ee26-4464-b5b5-1046264b61d9;2024-09-25T10:46:00Z;45.46;45.44;45.475;45.435;2589;
7132b1c9-ee26-4464-b5b5-1046264b61d9;2024-09-25T10:47:00Z;45.445;45.47;45.475;45.43;1795;
7132b1c9-ee26-4464-b5b5-1046264b61d9;2024-09-25T10:48:00Z;45.455;45.445;45.47;45.42;4733;
7132b1c9-ee26-4464-b5b5-1046264b61d9;2024-09-25T10:49:00Z;45.44;45.39;45.465;45.355;15531;
7132b1c9-ee26-4464-b5b5-1046264b61d9;2024-09-25T10:50:00Z;45.385;45.315;45.4;45.31;6377;
7132b1c9-ee26-4464-b5b5-1046264b61d9;2024-09-25T10:51:00Z;45.31;45.345;45.38;45.31;4396;
7132b1c9-ee26-4464-b5b5-1046264b61d9;2024-09-25T10:52:00Z;45.345;45.34;45.37;45.33;5365;
7132b1c9-ee26-4464-b5b5-1046264b61d9;2024-09-25T10:53:00Z;45.34;45.355;45.36;45.33;1147;
7132b1c9-ee26-4464-b5b5-1046264b61d9;2024-09-25T10:54:00Z;45.33;45.35;45.355;45.305;1533;
7132b1c9-ee26-4464-b5b5-1046264b61d9;2024-09-25T10:55:00Z;45.325;45.36;45.36;45.3;3541;
7132b1c9-ee26-4464-b5b5-1046264b61d9;2024-09-25T10:56:00Z;45.35;45.355;45.375;45.315;1290;
7132b1c9-ee26-4464-b5b5-1046264b61d9;2024-09-25T10:57:00Z;45.335;45.38;45.385;45.31;1576;
7132b1c9-ee26-4464-b5b5-1046264b61d9;2024-09-25T10:58:00Z;45.38;45.4;45.4;45.355;1103;
7132b1c9-ee26-4464-b5b5-1046264b61d9;2024-09-25T10:59:00Z;45.385;45.39;45.4;45.37;1098;
7132b1c9-ee26-4464-b5b5-1046264b61d9;2024-09-25T11:00:00Z;45.37;45.395;45.4;45.37;2173;
7132b1c9-ee26-4464-b5b5-1046264b61d9;2024-09-25T11:01:00Z;45.39;45.37;45.39;45.35;1040;
7132b1c9-ee26-4464-b5b5-1046264b61d9;2024-09-25T11:02:00Z;45.35;45.365;45.365;45.32;1051;
7132b1c9-ee26-4464-b5b5-1046264b61d9;2024-09-25T11:03:00Z;45.35;45.35;45.365;45.315;1347;
7132b1c9-ee26-4464-b5b5-1046264b61d9;2024-09-25T11:04:00Z;45.335;45.36;45.36;45.32;1179;
7132b1c9-ee26-4464-b5b5-1046264b61d9;2024-09-25T11:05:00Z;45.345;45.4;45.4;45.325;1127;
7132b1c9-ee26-4464-b5b5-1046264b61d9;2024-09-25T11:06:00Z;45.38;45.39;45.39;45.35;1033;
7132b1c9-ee26-4464-b5b5-1046264b61d9;2024-09-25T11:07:00Z;45.365;45.39;45.4;45.35;1348;
7132b1c9-ee26-4464-b5b5-1046264b61d9;2024-09-25T11:08:00Z;45.365;45.33;45.375;45.305;5115;
7132b1c9-ee26-4464-b5b5-1046264b61d9;2024-09-25T11:09:00Z;45.31;45.315;45.33;45.3;3044;
7132b1c9-ee26-4464-b5b5-1046264b61d9;2024-09-25T11:10:00Z;45.305;45.3;45.32;45.265;3739;
7132b1c9-ee26-4464-b5b5-1046264b61d9;2024-09-25T11:11:00Z;45.285;45.295;45.3;45.275;1917;
7132b1c9-ee26-4464-b5b5-1046264b61d9;2024-09-25T11:12:00Z;45.295;45.295;45.3;45.275;1558;
7132b1c9-ee26-4464-b5b5-1046264b61d9;2024-09-25T11:13:00Z;45.285;45.28;45.295;45.255;2515;
7132b1c9-ee26-4464-b5b5-1046264b61d9;2024-09-25T11:14:00Z;45.26;45.255;45.28;45.235;3582;
7132b1c9-ee26-4464-b5b5-1046264b61d9;2024-09-25T11:15:00Z;45.25;45.285;45.285;45.24;1570;
7132b1c9-ee26-4464-b5b5-1046264b61d9;2024-09-25T11:16:00Z;45.265;45.345;45.345;45.265;4043;
7132b1c9-ee26-4464-b5b5-1046264b61d9;2024-09-25T11:17:00Z;45.34;45.255;45.34;45.25;2905;
7132b1c9-ee26-4464-b5b5-1046264b61d9;2024-09-25T11:18:00Z;45.27;45.295;45.31;45.27;480;
7132b1c9-ee26-4464-b5b5-1046264b61d9;2024-09-25T11:19:00Z;45.295;45.295;45.31;45.27;1074;
7132b1c9-ee26-4464-b5b5-1046264b61d9;2024-09-25T11:20:00Z;45.275;45.335;45.335;45.27;1453;
7132b1c9-ee26-4464-b5b5-1046264b61d9;2024-09-25T11:21:00Z;45.325;45.305;45.33;45.28;2433;
7132b1c9-ee26-4464-b5b5-1046264b61d9;2024-09-25T11:22:00Z;45.3;45.32;45.32;45.285;2035;
7132b1c9-ee26-4464-b5b5-1046264b61d9;2024-09-25T11:23:00Z;45.3;45.315;45.32;45.29;1566;
7132b1c9-ee26-4464-b5b5-1046264b61d9;2024-09-25T11:24:00Z;45.315;45.32;45.32;45.295;1521;
7132b1c9-ee26-4464-b5b5-1046264b61d9;2024-09-25T11:25:00Z;45.305;45.245;45.305;45.205;16163;
7132b1c9-ee26-4464-b5b5-1046264b61d9;2024-09-25T11:26:00Z;45.23;45.275;45.275;45.205;2892;
7132b1c9-ee26-4464-b5b5-1046264b61d9;2024-09-25T11:27:00Z;45.27;45.25;45.27;45.235;1140;
7132b1c9-ee26-4464-b5b5-1046264b61d9;2024-09-25T11:28:00Z;45.235;45.285;45.285;45.235;1765;
7132b1c9-ee26-4464-b5b5-1046264b61d9;2024-09-25T11:29:00Z;45.275;45.31;45.315;45.25;1092;
7132b1c9-ee26-4464-b5b5-1046264b61d9;2024-09-25T11:30:00Z;45.295;45.255;45.3;45.215;4006;
7132b1c9-ee26-4464-b5b5-1046264b61d9;2024-09-25T11:31:00Z;45.225;45.3;45.3;45.215;2056;
7132b1c9-ee26-4464-b5b5-1046264b61d9;2024-09-25T11:32:00Z;45.265;45.265;45.295;45.25;989;
7132b1c9-ee26-4464-b5b5-1046264b61d9;2024-09-25T11:33:00Z;45.245;45.26;45.265;45.225;948;
7132b1c9-ee26-4464-b5b5-1046264b61d9;2024-09-25T11:34:00Z;45.25;45.29;45.29;45.23;1035;
7132b1c9-ee26-4464-b5b5-1046264b61d9;2024-09-25T11:35:00Z;45.27;45.265;45.27;45.24;1036;
7132b1c9-ee26-4464-b5b5-1046264b61d9;2024-09-25T11:36:00Z;45.235;45.265;45.265;45.23;780;
7132b1c9-ee26-4464-b5b5-1046264b61d9;2024-09-25T11:37:00Z;45.25;45.27;45.27;45.23;1875;
7132b1c9-ee26-4464-b5b5-1046264b61d9;2024-09-25T11:38:00Z;45.26;45.24;45.27;45.23;1029;
7132b1c9-ee26-4464-b5b5-1046264b61d9;2024-09-25T11:39:00Z;45.24;45.275;45.275;45.225;1065;
7132b1c9-ee26-4464-b5b5-1046264b61d9;2024-09-25T11:40:00Z;45.255;45.25;45.26;45.23;1114;
7132b1c9-ee26-4464-b5b5-1046264b61d9;2024-09-25T11:41:00Z;45.245;45.285;45.285;45.235;4203;
7132b1c9-ee26-4464-b5b5-1046264b61d9;2024-09-25T11:42:00Z;45.26;45.31;45.31;45.25;1282;
7132b1c9-ee26-4464-b5b5-1046264b61d9;2024-09-25T11:43:00Z;45.3;45.31;45.31;45.285;1013;
7132b1c9-ee26-4464-b5b5-1046264b61d9;2024-09-25T11:44:00Z;45.295;45.27;45.295;45.255;997;
7132b1c9-ee26-4464-b5b5-1046264b61d9;2024-09-25T11:45:00Z;45.255;45.255;45.275;45.24;1579;
7132b1c9-ee26-4464-b5b5-1046264b61d9;2024-09-25T11:46:00Z;45.25;45.255;45.255;45.24;1123;
7132b1c9-ee26-4464-b5b5-1046264b61d9;2024-09-25T11:47:00Z;45.25;45.25;45.255;45.24;1116;
7132b1c9-ee26-4464-b5b5-1046264b61d9;2024-09-25T11:48:00Z;45.24;45.27;45.28;45.235;3124;
7132b1c9-ee26-4464-b5b5-1046264b61d9;2024-09-25T11:49:00Z;45.245;45.285;45.29;45.24;1404;
7132b1c9-ee26-4464-b5b5-1046264b61d9;2024-09-25T11:50:00Z;45.275;45.275;45.29;45.265;1032;
7132b1c9-ee26-4464-b5b5-1046264b61d9;2024-09-25T11:51:00Z;45.275;45.245;45.275;45.24;1189;
7132b1c9-ee26-4464-b5b5-1046264b61d9;2024-09-25T11:52:00Z;45.24;45.295;45.345;45.235;11084;
7132b1c9-ee26-4464-b5b5-1046264b61d9;2024-09-25T11:53:00Z;45.28;45.295;45.295;45.28;1129;
7132b1c9-ee26-4464-b5b5-1046264b61d9;2024-09-25T11:54:00Z;45.28;45.285;45.29;45.255;1037;
7132b1c9-ee26-4464-b5b5-1046264b61d9;2024-09-25T11:55:00Z;45.275;45.275;45.275;45.25;995;
7132b1c9-ee26-4464-b5b5-1046264b61d9;2024-09-25T11:56:00Z;45.27;45.265;45.27;45.24;1053;
7132b1c9-ee26-4464-b5b5-1046264b61d9;2024-09-25T11:57:00Z;45.255;45.245;45.27;45.235;1117;
7132b1c9-ee26-4464-b5b5-1046264b61d9;2024-09-25T11:58:00Z;45.235;45.25;45.25;45.235;1219;
7132b1c9-ee26-4464-b5b5-1046264b61d9;2024-09-25T11:59:00Z;45.25;45.25;45.26;45.23;1307;
7132b1c9-ee26-4464-b5b5-1046264b61d9;2024-09-25T12:00:00Z;45.24;45.245;45.245;45.21;1443;
7132b1c9-ee26-4464-b5b5-1046264b61d9;2024-09-25T12:01:00Z;45.225;45.255;45.255;45.215;1071;
7132b1c9-ee26-4464-b5b5-1046264b61d9;2024-09-25T12:02:00Z;45.23;45.23;45.265;45.215;1025;
7132b1c9-ee26-4464-b5b5-1046264b61d9;2024-09-25T12:03:00Z;45.23;45.23;45.23;45.22;1102;
7132b1c9-ee26-4464-b5b5-1046264b61d9;2024-09-25T12:04:00Z;45.22;45.23;45.23;45.22;1032;
7132b1c9-ee26-4464-b5b5-1046264b61d9;2024-09-25T12:05:00Z;45.22;45.22;45.23;45.21;1188;
7132b1c9-ee26-4464-b5b5-1046264b61d9;2024-09-25T12:06:00Z;45.215;45.215;45.215;45.205;2410;
7132b1c9-ee26-4464-b5b5-1046264b61d9;2024-09-25T12:07:00Z;45.205;45.175;45.205;45.16;7559;
7132b1c9-ee26-4464-b5b5-1046264b61d9;2024-09-25T12:08:00Z;45.175;45.205;45.21;45.16;3052;
7132b1c9-ee26-4464-b5b5-1046264b61d9;2024-09-25T12:09:00Z;45.175;45.21;45.21;45.16;1821;
7132b1c9-ee26-4464-b5b5-1046264b61d9;2024-09-25T12:10:00Z;45.21;45.175;45.215;45.16;4634;
7132b1c9-ee26-4464-b5b5-1046264b61d9;2024-09-25T12:11:00Z;45.16;45.135;45.18;45.12;12374;
7132b1c9-ee26-4464-b5b5-1046264b61d9;2024-09-25T12:12:00Z;45.12;45.12;45.14;45.1;6216;
7132b1c9-ee26-4464-b5b5-1046264b61d9;2024-09-25T12:13:00Z;45.105;45.1;45.12;45.08;2165;
7132b1c9-ee26-4464-b5b5-1046264b61d9;2024-09-25T12:14:00Z;45.085;45.095;45.115;45.08;1615;
7132b1c9-ee26-4464-b5b5-1046264b61d9;2024-09-25T12:15:00Z;45.08;45.125;45.125;45.075;2744;
7132b1c9-ee26-4464-b5b5-1046264b61d9;2024-09-25T12:16:00Z;45.11;45.095;45.125;45.08;4440;
7132b1c9-ee26-4464-b5b5-1046264b61d9;2024-09-25T12:17:00Z;45.085;45.125;45.125;45.08;2828;
7132b1c9-ee26-4464-b5b5-1046264b61d9;2024-09-25T12:18:00Z;45.12;45.125;45.125;45.085;1244;
7132b1c9-ee26-4464-b5b5-1046264b61d9;2024-09-25T12:19:00Z;45.11;45.19;45.19;45.105;4274;
7132b1c9-ee26-4464-b5b5-1046264b61d9;2024-09-25T12:20:00Z;45.175;45.14;45.21;45.12;5238;
7132b1c9-ee26-4464-b5b5-1046264b61d9;2024-09-25T12:21:00Z;45.12;45.14;45.14;45.105;301;
7132b1c9-ee26-4464-b5b5-1046264b61d9;2024-09-25T12:22:00Z;45.115;45.105;45.13;45.09;1779;
7132b1c9-ee26-4464-b5b5-1046264b61d9;2024-09-25T12:23:00Z;45.1;45.05;45.105;45.03;7529;
7132b1c9-ee26-4464-b5b5-1046264b61d9;2024-09-25T12:24:00Z;45.035;45.07;45.075;45.02;1658;
7132b1c9-ee26-4464-b5b5-1046264b61d9;2024-09-25T12:25:00Z;45.04;45.1;45.13;45.04;1462;
7132b1c9-ee26-4464-b5b5-1046264b61d9;2024-09-25T12:26:00Z;45.075;45.075;45.105;45.06;1706;
7132b1c9-ee26-4464-b5b5-1046264b61d9;2024-09-25T12:27:00Z;45.05;45.075;45.085;45.05;1588;
7132b1c9-ee26-4464-b5b5-1046264b61d9;2024-09-25T12:28:00Z;45.065;45.045;45.08;45.045;1591;
7132b1c9-ee26-4464-b5b5-1046264b61d9;2024-09-25T12:29:00Z;45.04;45.07;45.07;45.015;2724;
7132b1c9-ee26-4464-b5b5-1046264b61d9;2024-09-25T12:30:00Z;45.055;45.055;45.07;45.02;1253;
7132b1c9-ee26-4464-b5b5-1046264b61d9;2024-09-25T12:31:00Z;45.04;45.055;45.055;45.04;635;
7132b1c9-ee26-4464-b5b5-1046264b61d9;2024-09-25T12:32:00Z;45.045;45.11;45.11;45.045;3451;
7132b1c9-ee26-4464-b5b5-1046264b61d9;2024-09-25T12:33:00Z;45.1;45.19;45.19;45.09;2886;
7132b1c9-ee26-4464-b5b5-1046264b61d9;2024-09-25T12:34:00Z;45.16;45.055;45.22;45;33274;
7132b1c9-ee26-4464-b5b5-1046264b61d9;2024-09-25T12:35:00Z;45.05;45.09;45.09;45.03;3691;
7132b1c9-ee26-4464-b5b5-1046264b61d9;2024-09-25T12:36:00Z;45.08;45.105;45.115;45.07;1228;
7132b1c9-ee26-4464-b5b5-1046264b61d9;2024-09-25T12:37:00Z;45.09;45.07;45.09;45.07;2960;
7132b1c9-ee26-4464-b5b5-1046264b61d9;2024-09-25T12:38:00Z;45.065;45.11;45.115;45.05;1795;
7132b1c9-ee26-4464-b5b5-1046264b61d9;2024-09-25T12:39:00Z;45.105;45.095;45.105;45.06;1034;
7132b1c9-ee26-4464-b5b5-1046264b61d9;2024-09-25T12:40:00Z;45.09;45.11;45.11;45.08;992;
7132b1c9-ee26-4464-b5b5-1046264b61d9;2024-09-25T12:41:00Z;45.095;45.1;45.115;45.08;819;
7132b1c9-ee26-4464-b5b5-1046264b61d9;2024-09-25T12:42:00Z;45.095;45.095;45.095;45.07;2163;
7132b1c9-ee26-4464-b5b5-1046264b61d9;2024-09-25T12:43:00Z;45.075;45.085;45.085;45.04;1091;
7132b1c9-ee26-4464-b5b5-1046264b61d9;2024-09-25T12:44:00Z;45.075;45.05;45.075;45.035;1425;
7132b1c9-ee26-4464-b5b5-1046264b61d9;2024-09-25T12:45:00Z;45.035;45.095;45.095;45.035;1506;
7132b1c9-ee26-4464-b5b5-1046264b61d9;2024-09-25T12:46:00Z;45.075;45.05;45.095;45.05;1657;
7132b1c9-ee26-4464-b5b5-1046264b61d9;2024-09-25T12:47:00Z;45.045;45.055;45.08;45.035;2838;
7132b1c9-ee26-4464-b5b5-1046264b61d9;2024-09-25T12:48:00Z;45.04;45.035;45.055;45.03;1310;
7132b1c9-ee26-4464-b5b5-1046264b61d9;2024-09-25T12:49:00Z;45.025;45.05;45.055;45.025;2024;
7132b1c9-ee26-4464-b5b5-1046264b61d9;2024-09-25T12:50:00Z;45.035;45.03;45.05;45.03;915;
7132b1c9-ee26-4464-b5b5-1046264b61d9;2024-09-25T12:51:00Z;45.03;45.045;45.045;45.015;2181;
7132b1c9-ee26-4464-b5b5-1046264b61d9;2024-09-25T12:52:00Z;45.03;45.045;45.045;45.02;1261;
7132b1c9-ee26-4464-b5b5-1046264b61d9;2024-09-25T12:53:00Z;45.025;45.025;45.05;45.025;1308;
7132b1c9-ee26-4464-b5b5-1046264b61d9;2024-09-25T12:54:00Z;45.025;45.025;45.045;45.01;1380;
7132b1c9-ee26-4464-b5b5-1046264b61d9;2024-09-25T12:55:00Z;45.01;45.05;45.05;45.01;710;
7132b1c9-ee26-4464-b5b5-1046264b61d9;2024-09-25T12:56:00Z;45.035;45.055;45.055;45.03;1780;
7132b1c9-ee26-4464-b5b5-1046264b61d9;2024-09-25T12:57:00Z;45.045;45.045;45.055;45.02;467;
7132b1c9-ee26-4464-b5b5-1046264b61d9;2024-09-25T12:58:00Z;45.04;45.01;45.045;45.01;1624;
7132b1c9-ee26-4464-b5b5-1046264b61d9;2024-09-25T12:59:00Z;45.01;45.02;45.02;45.01;2505;
7132b1c9-ee26-4464-b5b5-1046264b61d9;2024-09-25T13:00:00Z;45.015;45.03;45.03;45.01;1402;
7132b1c9-ee26-4464-b5b5-1046264b61d9;2024-09-25T13:01:00Z;45.02;45.015;45.03;45;21706;
7132b1c9-ee26-4464-b5b5-1046264b61d9;2024-09-25T13:02:00Z;45;45.005;45.01;45;3140;
7132b1c9-ee26-4464-b5b5-1046264b61d9;2024-09-25T13:03:00Z;45.005;45.025;45.025;45;2336;
7132b1c9-ee26-4464-b5b5-1046264b61d9;2024-09-25T13:04:00Z;45.01;45.03;45.05;45.01;1306;
7132b1c9-ee26-4464-b5b5-1046264b61d9;2024-09-25T13:05:00Z;45.025;45.03;45.07;45.015;3021;
7132b1c9-ee26-4464-b5b5-1046264b61d9;2024-09-25T13:06:00Z;45.02;45.04;45.04;45.015;2591;
7132b1c9-ee26-4464-b5b5-1046264b61d9;2024-09-25T13:07:00Z;45.02;45.035;45.04;45.02;1604;
7132b1c9-ee26-4464-b5b5-1046264b61d9;2024-09-25T13:08:00Z;45.025;45.025;45.035;45.02;1475;
7132b1c9-ee26-4464-b5b5-1046264b61d9;2024-09-25T13:09:00Z;45.02;45.02;45.02;45;2366;
7132b1c9-ee26-4464-b5b5-1046264b61d9;2024-09-25T13:10:00Z;45.01;45.03;45.04;45;8823;
7132b1c9-ee26-4464-b5b5-1046264b61d9;2024-09-25T13:11:00Z;45.015;45.05;45.065;45.01;2971;
7132b1c9-ee26-4464-b5b5-1046264b61d9;2024-09-25T13:12:00Z;45.04;45.07;45.085;45.035;598;
7132b1c9-ee26-4464-b5b5-1046264b61d9;2024-09-25T13:13:00Z;45.065;45.015;45.07;45;10049;
7132b1c9-ee26-4464-b5b5-1046264b61d9;2024-09-25T13:14:00Z;45;45.035;45.035;45;1933;
7132b1c9-ee26-4464-b5b5-1046264b61d9;2024-09-25T13:15:00Z;45.015;45.03;45.03;45.005;1215;
7132b1c9-ee26-4464-b5b5-1046264b61d9;2024-09-25T13:16:00Z;45.01;45.015;45.035;45.005;1156;
7132b1c9-ee26-4464-b5b5-1046264b61d9;2024-09-25T13:17:00Z;45.005;45.015;45.015;45.005;1387;
7132b1c9-ee26-4464-b5b5-1046264b61d9;2024-09-25T13:18:00Z;45.01;45.045;45.055;45.01;2612;
7132b1c9-ee26-4464-b5b5-1046264b61d9;2024-09-25T13:19:00Z;45.025;45.04;45.04;45.005;1447;
7132b1c9-ee26-4464-b5b5-1046264b61d9;2024-09-25T13:20:00Z;45.01;45.035;45.035;45.005;1040;
7132b1c9-ee26-4464-b5b5-1046264b61d9;2024-09-25T13:21:00Z;45.015;45.03;45.035;45.005;1230;
7132b1c9-ee26-4464-b5b5-1046264b61d9;2024-09-25T13:22:00Z;45.015;45.035;45.035;45.01;684;
7132b1c9-ee26-4464-b5b5-1046264b61d9;2024-09-25T13:23:00Z;45.025;45;45.035;45;720;
7132b1c9-ee26-4464-b5b5-1046264b61d9;2024-09-25T13:24:00Z;45;45;45.005;45;2316;
7132b1c9-ee26-4464-b5b5-1046264b61d9;2024-09-25T13:25:00Z;45;45.015;45.025;45;2194;
7132b1c9-ee26-4464-b5b5-1046264b61d9;2024-09-25T13:26:00Z;45.005;44.995;45.015;44.985;10646;
7132b1c9-ee26-4464-b5b5-1046264b61d9;2024-09-25T13:27:00Z;44.985;45;45;44.985;2104;
7132b1c9-ee26-4464-b5b5-1046264b61d9;2024-09-25T13:28:00Z;44.995;45.025;45.025;44.995;13972;
7132b1c9-ee26-4464-b5b5-1046264b61d9;2024-09-25T13:29:00Z;45.015;45.025;45.025;45.015;1053;
7132b1c9-ee26-4464-b5b5-1046264b61d9;2024-09-25T13:30:00Z;45.02;45.01;45.025;45.005;1596;
7132b1c9-ee26-4464-b5b5-1046264b61d9;2024-09-25T13:31:00Z;45;45;45.02;45;3123;
7132b1c9-ee26-4464-b5b5-1046264b61d9;2024-09-25T13:32:00Z;45;45.025;45.025;45;1079;
7132b1c9-ee26-4464-b5b5-1046264b61d9;2024-09-25T13:33:00Z;45.02;45.015;45.025;45;1072;
7132b1c9-ee26-4464-b5b5-1046264b61d9;2024-09-25T13:34:00Z;45.005;45.02;45.025;45.005;726;
7132b1c9-ee26-4464-b5b5-1046264b61d9;2024-09-25T13:35:00Z;45.01;45.02;45.02;45;2279;
7132b1c9-ee26-4464-b5b5-1046264b61d9;2024-09-25T13:36:00Z;45.005;45.01;45.025;45.005;887;
7132b1c9-ee26-4464-b5b5-1046264b61d9;2024-09-25T13:37:00Z;45.005;45.01;45.01;45;1841;
7132b1c9-ee26-4464-b5b5-1046264b61d9;2024-09-25T13:38:00Z;45.005;45;45.01;45;3250;
7132b1c9-ee26-4464-b5b5-1046264b61d9;2024-09-25T13:39:00Z;45;45.005;45.005;45;1447;
7132b1c9-ee26-4464-b5b5-1046264b61d9;2024-09-25T13:40:00Z;45;45.005;45.005;45;1493;
7132b1c9-ee26-4464-b5b5-1046264b61d9;2024-09-25T13:41:00Z;45;45.005;45.005;45;1429;
7132b1c9-ee26-4464-b5b5-1046264b61d9;2024-09-25T13:42:00Z;45;45.005;45.005;45;1151;
7132b1c9-ee26-4464-b5b5-1046264b61d9;2024-09-25T13:43:00Z;45;45.005;45.005;45;1328;
7132b1c9-ee26-4464-b5b5-1046264b61d9;2024-09-25T13:44:00Z;45;45.005;45.005;44.98;13283;
7132b1c9-ee26-4464-b5b5-1046264b61d9;2024-09-25T13:45:00Z;45;44.965;45.005;44.96;19829;
7132b1c9-ee26-4464-b5b5-1046264b61d9;2024-09-25T13:46:00Z;44.96;44.95;44.965;44.945;2455;
7132b1c9-ee26-4464-b5b5-1046264b61d9;2024-09-25T13:47:00Z;44.945;44.905;44.95;44.905;5155;
7132b1c9-ee26-4464-b5b5-1046264b61d9;2024-09-25T13:48:00Z;44.905;44.89;44.91;44.88;10867;
7132b1c9-ee26-4464-b5b5-1046264b61d9;2024-09-25T13:49:00Z;44.88;44.875;44.89;44.86;3312;
7132b1c9-ee26-4464-b5b5-1046264b61d9;2024-09-25T13:50:00Z;44.865;44.905;44.905;44.855;6363;
7132b1c9-ee26-4464-b5b5-1046264b61d9;2024-09-25T13:51:00Z;44.88;44.88;44.895;44.86;2512;
7132b1c9-ee26-4464-b5b5-1046264b61d9;2024-09-25T13:52:00Z;44.87;44.94;44.945;44.86;9329;
7132b1c9-ee26-4464-b5b5-1046264b61d9;2024-09-25T13:53:00Z;44.925;44.965;44.965;44.925;1321;
7132b1c9-ee26-4464-b5b5-1046264b61d9;2024-09-25T13:54:00Z;44.955;45.005;45.005;44.955;1626;
7132b1c9-ee26-4464-b5b5-1046264b61d9;2024-09-25T13:55:00Z;44.99;45.115;45.195;44.99;33313;
7132b1c9-ee26-4464-b5b5-1046264b61d9;2024-09-25T13:56:00Z;45.115;45.08;45.115;45.08;1775;
7132b1c9-ee26-4464-b5b5-1046264b61d9;2024-09-25T13:57:00Z;45.08;45.015;45.095;45.01;1700;
7132b1c9-ee26-4464-b5b5-1046264b61d9;2024-09-25T13:58:00Z;45;45.02;45.02;45;1259;
7132b1c9-ee26-4464-b5b5-1046264b61d9;2024-09-25T13:59:00Z;45.015;45.02;45.025;45;3005;
7132b1c9-ee26-4464-b5b5-1046264b61d9;2024-09-25T14:00:00Z;45.015;44.955;45.015;44.945;8296;
7132b1c9-ee26-4464-b5b5-1046264b61d9;2024-09-25T14:01:00Z;44.945;44.93;44.955;44.925;2621;
7132b1c9-ee26-4464-b5b5-1046264b61d9;2024-09-25T14:02:00Z;44.93;44.935;44.935;44.92;1920;
7132b1c9-ee26-4464-b5b5-1046264b61d9;2024-09-25T14:03:00Z;44.93;44.955;44.955;44.93;2458;
7132b1c9-ee26-4464-b5b5-1046264b61d9;2024-09-25T14:04:00Z;44.94;44.915;44.94;44.905;2854;
7132b1c9-ee26-4464-b5b5-1046264b61d9;2024-09-25T14:05:00Z;44.905;44.92;44.93;44.905;967;
7132b1c9-ee26-4464-b5b5-1046264b61d9;2024-09-25T14:06:00Z;44.91;44.89;44.915;44.88;3485;
7132b1c9-ee26-4464-b5b5-1046264b61d9;2024-09-25T14:07:00Z;44.88;44.88;44.89;44.865;2557;
7132b1c9-ee26-4464-b5b5-1046264b61d9;2024-09-25T14:08:00Z;44.88;44.85;44.88;44.84;6270;
7132b1c9-ee26-4464-b5b5-1046264b61d9;2024-09-25T14:09:00Z;44.84;44.83;44.85;44.825;1636;
7132b1c9-ee26-4464-b5b5-1046264b61d9;2024-09-25T14:10:00Z;44.83;44.81;44.83;44.805;3372;
7132b1c9-ee26-4464-b5b5-1046264b61d9;2024-09-25T14:11:00Z;44.81;44.805;44.81;44.8;2093;
7132b1c9-ee26-4464-b5b5-1046264b61d9;2024-09-25T14:12:00Z;44.805;44.86;44.86;44.8;7480;
7132b1c9-ee26-4464-b5b5-1046264b61d9;2024-09-25T14:13:00Z;44.855;44.865;44.87;44.85;1895;
7132b1c9-ee26-4464-b5b5-1046264b61d9;2024-09-25T14:14:00Z;44.87;44.915;44.93;44.865;3161;
7132b1c9-ee26-4464-b5b5-1046264b61d9;2024-09-25T14:15:00Z;44.905;44.89;44.905;44.865;4246;
7132b1c9-ee26-4464-b5b5-1046264b61d9;2024-09-25T14:16:00Z;44.89;44.895;44.895;44.88;716;
7132b1c9-ee26-4464-b5b5-1046264b61d9;2024-09-25T14:17:00Z;44.895;44.92;44.93;44.895;1204;
7132b1c9-ee26-4464-b5b5-1046264b61d9;2024-09-25T14:18:00Z;44.92;44.93;44.93;44.92;1555;
7132b1c9-ee26-4464-b5b5-1046264b61d9;2024-09-25T14:19:00Z;44.93;44.875;44.93;44.86;7063;
7132b1c9-ee26-4464-b5b5-1046264b61d9;2024-09-25T14:20:00Z;44.855;44.88;44.885;44.84;1587;
7132b1c9-ee26-4464-b5b5-1046264b61d9;2024-09-25T14:21:00Z;44.885;44.89;44.92;44.85;2277;
7132b1c9-ee26-4464-b5b5-1046264b61d9;2024-09-25T14:22:00Z;44.89;44.89;44.9;44.885;501;
7132b1c9-ee26-4464-b5b5-1046264b61d9;2024-09-25T14:23:00Z;44.89;44.89;44.9;44.885;418;
7132b1c9-ee26-4464-b5b5-1046264b61d9;2024-09-25T14:24:00Z;44.89;44.885;44.89;44.86;835;
7132b1c9-ee26-4464-b5b5-1046264b61d9;2024-09-25T14:25:00Z;44.89;44.825;44.89;44.8;8415;
7132b1c9-ee26-4464-b5b5-1046264b61d9;2024-09-25T14:26:00Z;44.8;44.805;44.855;44.79;5592;
7132b1c9-ee26-4464-b5b5-1046264b61d9;2024-09-25T14:27:00Z;44.8;44.8;44.8;44.76;2891;
7132b1c9-ee26-4464-b5b5-1046264b61d9;2024-09-25T14:28:00Z;44.8;44.8;44.8;44.79;298;
7132b1c9-ee26-4464-b5b5-1046264b61d9;2024-09-25T14:29:00Z;44.795;44.785;44.8;44.735;4703;
7132b1c9-ee26-4464-b5b5-1046264b61d9;2024-09-25T14:30:00Z;44.765;44.735;44.785;44.735;3955;
7132b1c9-ee26-4464-b5b5-1046264b61d9;2024-09-25T14:31:00Z;44.755;44.715;44.755;44.71;7642;
7132b1c9-ee26-4464-b5b5-1046264b61d9;2024-09-25T14:32:00Z;44.715;44.755;44.76;44.715;3453;
7132b1c9-ee26-4464-b5b5-1046264b61d9;2024-09-25T14:33:00Z;44.755;44.75;44.76;44.74;1412;
7132b1c9-ee26-4464-b5b5-1046264b61d9;2024-09-25T14:34:00Z;44.75;44.74;44.755;44.73;1355;
7132b1c9-ee26-4464-b5b5-1046264b61d9;2024-09-25T14:35:00Z;44.74;44.74;44.74;44.725;6836;
7132b1c9-ee26-4464-b5b5-1046264b61d9;2024-09-25T14:36:00Z;44.74;44.77;44.77;44.73;18640;
7132b1c9-ee26-4464-b5b5-1046264b61d9;2024-09-25T14:37:00Z;44.78;44.8;44.8;44.775;4438;
7132b1c9-ee26-4464-b5b5-1046264b61d9;2024-09-25T14:38:00Z;44.8;44.845;44.845;44.8;1658;
7132b1c9-ee26-4464-b5b5-1046264b61d9;2024-09-25T14:39:00Z;44.845;44.845;44.845;44.84;834;
7132b1c9-ee26-4464-b5b5-1046264b61d9;2024-09-25T14:40:00Z;44.84;44.845;44.845;44.84;1016;
7132b1c9-ee26-4464-b5b5-1046264b61d9;2024-09-25T14:41:00Z;44.84;44.86;44.86;44.84;877;
7132b1c9-ee26-4464-b5b5-1046264b61d9;2024-09-25T14:42:00Z;44.86;44.945;44.955;44.86;4435;
7132b1c9-ee26-4464-b5b5-1046264b61d9;2024-09-25T14:43:00Z;44.95;44.96;44.965;44.945;1119;
7132b1c9-ee26-4464-b5b5-1046264b61d9;2024-09-25T14:44:00Z;44.96;44.935;44.96;44.915;3399;
7132b1c9-ee26-4464-b5b5-1046264b61d9;2024-09-25T14:45:00Z;44.935;44.995;45;44.93;3195;
7132b1c9-ee26-4464-b5b5-1046264b61d9;2024-09-25T14:46:00Z;44.99;44.94;44.99;44.885;7743;
7132b1c9-ee26-4464-b5b5-1046264b61d9;2024-09-25T14:47:00Z;44.935;44.945;44.965;44.885;2813;
7132b1c9-ee26-4464-b5b5-1046264b61d9;2024-09-25T14:48:00Z;44.915;44.975;44.975;44.915;457;
7132b1c9-ee26-4464-b5b5-1046264b61d9;2024-09-25T14:49:00Z;44.98;44.95;44.995;44.95;743;
7132b1c9-ee26-4464-b5b5-1046264b61d9;2024-09-25T14:50:00Z;44.95;44.95;44.97;44.93;1016;
7132b1c9-ee26-4464-b5b5-1046264b61d9;2024-09-25T14:51:00Z;44.945;44.885;44.945;44.855;1520;
7132b1c9-ee26-4464-b5b5-1046264b61d9;2024-09-25T14:52:00Z;44.88;44.875;44.88;44.84;826;
7132b1c9-ee26-4464-b5b5-1046264b61d9;2024-09-25T14:53:00Z;44.895;44.945;44.945;44.865;665;
7132b1c9-ee26-4464-b5b5-1046264b61d9;2024-09-25T14:54:00Z;44.945;44.945;44.945;44.935;476;
7132b1c9-ee26-4464-b5b5-1046264b61d9;2024-09-25T14:55:00Z;44.945;44.87;44.945;44.87;975;
7132b1c9-ee26-4464-b5b5-1046264b61d9;2024-09-25T14:56:00Z;44.885;44.885;44.9;44.875;301;
7132b1c9-ee26-4464-b5b5-1046264b61d9;2024-09-25T14:57:00Z;44.885;44.845;44.89;44.845;1029;
7132b1c9-ee26-4464-b5b5-1046264b61d9;2024-09-25T14:58:00Z;44.86;44.815;44.865;44.81;1427;
7132b1c9-ee26-4464-b5b5-1046264b61d9;2024-09-25T14:59:00Z;44.82;44.86;44.865;44.805;657;
7132b1c9-ee26-4464-b5b5-1046264b61d9;2024-09-25T15:00:00Z;44.855;44.855;44.86;44.82;328;
7132b1c9-ee26-4464-b5b5-1046264b61d9;2024-09-25T15:01:00Z;44.86;44.875;44.875;44.84;1773;
7132b1c9-ee26-4464-b5b5-1046264b61d9;2024-09-25T15:02:00Z;44.875;44.88;44.88;44.85;746;
7132b1c9-ee26-4464-b5b5-1046264b61d9;2024-09-25T15:03:00Z;44.88;44.9;44.9;44.88;339;
7132b1c9-ee26-4464-b5b5-1046264b61d9;2024-09-25T15:04:00Z;44.9;44.9;44.9;44.895;356;
7132b1c9-ee26-4464-b5b5-1046264b61d9;2024-09-25T15:05:00Z;44.9;44.9;44.9;44.895;489;
7132b1c9-ee26-4464-b5b5-1046264b61d9;2024-09-25T15:06:00Z;44.895;44.9;44.9;44.895;695;
7132b1c9-ee26-4464-b5b5-1046264b61d9;2024-09-25T15:07:00Z;44.9;44.935;44.935;44.895;926;
7132b1c9-ee26-4464-b5b5-1046264b61d9;2024-09-25T15:08:00Z;44.94;44.895;44.95;44.895;2791;
7132b1c9-ee26-4464-b5b5-1046264b61d9;2024-09-25T15:09:00Z;44.9;44.89;44.9;44.89;328;
7132b1c9-ee26-4464-b5b5-1046264b61d9;2024-09-25T15:10:00Z;44.895;44.9;44.9;44.89;6985;
7132b1c9-ee26-4464-b5b5-1046264b61d9;2024-09-25T15:11:00Z;44.93;44.94;44.95;44.93;326;
7132b1c9-ee26-4464-b5b5-1046264b61d9;2024-09-25T15:12:00Z;44.935;44.935;44.95;44.93;4570;
7132b1c9-ee26-4464-b5b5-1046264b61d9;2024-09-25T15:13:00Z;44.935;44.94;44.94;44.935;917;
7132b1c9-ee26-4464-b5b5-1046264b61d9;2024-09-25T15:14:00Z;44.94;45;45.01;44.94;12808;
7132b1c9-ee26-4464-b5b5-1046264b61d9;2024-09-25T15:15:00Z;45.005;44.995;45.01;44.995;2266;
7132b1c9-ee26-4464-b5b5-1046264b61d9;2024-09-25T15:16:00Z;45;45.015;45.03;44.995;2575;
7132b1c9-ee26-4464-b5b5-1046264b61d9;2024-09-25T15:17:00Z;45.015;45.02;45.02;45.01;673;
7132b1c9-ee26-4464-b5b5-1046264b61d9;2024-09-25T15:18:00Z;45.02;44.995;45.025;44.97;5264;
7132b1c9-ee26-4464-b5b5-1046264b61d9;2024-09-25T15:19:00Z;44.995;44.92;45;44.905;6398;
7132b1c9-ee26-4464-b5b5-1046264b61d9;2024-09-25T15:20:00Z;44.92;44.92;44.92;44.92;231;
7132b1c9-ee26-4464-b5b5-1046264b61d9;2024-09-25T15:21:00Z;44.92;44.93;44.94;44.92;580;
7132b1c9-ee26-4464-b5b5-1046264b61d9;2024-09-25T15:22:00Z;44.925;44.93;44.93;44.925;138;
7132b1c9-ee26-4464-b5b5-1046264b61d9;2024-09-25T15:23:00Z;44.945;44.95;44.95;44.925;466;
7132b1c9-ee26-4464-b5b5-1046264b61d9;2024-09-25T15:24:00Z;44.95;44.925;44.95;44.92;275;
7132b1c9-ee26-4464-b5b5-1046264b61d9;2024-09-25T15:25:00Z;44.925;44.94;44.94;44.92;346;
7132b1c9-ee26-4464-b5b5-1046264b61d9;2024-09-25T15:26:00Z;44.935;44.89;44.935;44.845;3994;
7132b1c9-ee26-4464-b5b5-1046264b61d9;2024-09-25T15:27:00Z;44.905;44.83;44.905;44.815;1403;
7132b1c9-ee26-4464-b5b5-1046264b61d9;2024-09-25T15:28:00Z;44.825;44.85;44.85;44.825;387;
7132b1c9-ee26-4464-b5b5-1046264b61d9;2024-09-25T15:29:00Z;44.85;44.85;44.85;44.83;6717;
7132b1c9-ee26-4464-b5b5-1046264b61d9;2024-09-25T15:30:00Z;44.85;44.85;44.85;44.845;6067;
7132b1c9-ee26-4464-b5b5-1046264b61d9;2024-09-25T15:31:00Z;44.865;44.83;44.865;44.825;1029;
7132b1c9-ee26-4464-b5b5-1046264b61d9;2024-09-25T15:32:00Z;44.83;44.83;44.86;44.825;241;
7132b1c9-ee26-4464-b5b5-1046264b61d9;2024-09-25T15:33:00Z;44.83;44.82;44.855;44.82;219;
7132b1c9-ee26-4464-b5b5-1046264b61d9;2024-09-25T15:34:00Z;44.82;44.78;44.825;44.775;6249;
7132b1c9-ee26-4464-b5b5-1046264b61d9;2024-09-25T15:35:00Z;44.79;44.73;44.79;44.71;17157;
7132b1c9-ee26-4464-b5b5-1046264b61d9;2024-09-25T15:36:00Z;44.74;44.75;44.75;44.725;1768;
7132b1c9-ee26-4464-b5b5-1046264b61d9;2024-09-25T15:37:00Z;44.755;44.76;44.79;44.75;5300;
7132b1c9-ee26-4464-b5b5-1046264b61d9;2024-09-25T15:38:00Z;44.785;44.775;44.805;44.775;1972;
7132b1c9-ee26-4464-b5b5-1046264b61d9;2024-09-25T15:39:00Z;44.805;44.79;44.805;44.75;413;
7132b1c9-ee26-4464-b5b5-1046264b61d9;2024-09-25T15:45:00Z;44.955;44.955;44.955;44.955;51842;
7132b1c9-ee26-4464-b5b5-1046264b61d9;2024-09-25T15:46:00Z;44.955;44.955;44.955;44.955;102;
7132b1c9-ee26-4464-b5b5-1046264b61d9;2024-09-25T15:49:00Z;44.955;44.955;44.955;44.955;5;
7132b1c9-ee26-4464-b5b5-1046264b61d9;2024-09-25T16:04:00Z;44.925;44.925;44.925;44.925;1440;
7132b1c9-ee26-4464-b5b5-1046264b61d9;2024-09-25T16:05:00Z;44.95;44.925;44.95;44.91;4328;
7132b1c9-ee26-4464-b5b5-1046264b61d9;2024-09-25T16:06:00Z;44.925;44.95;44.95;44.925;634;
7132b1c9-ee26-4464-b5b5-1046264b61d9;2024-09-25T16:07:00Z;44.95;44.975;44.98;44.95;592;
7132b1c9-ee26-4464-b5b5-1046264b61d9;2024-09-25T16:08:00Z;44.98;44.96;44.98;44.955;812;
7132b1c9-ee26-4464-b5b5-1046264b61d9;2024-09-25T16:09:00Z;44.96;44.965;44.965;44.96;39;
7132b1c9-ee26-4464-b5b5-1046264b61d9;2024-09-25T16:10:00Z;44.965;44.955;44.965;44.955;711;
7132b1c9-ee26-4464-b5b5-1046264b61d9;2024-09-25T16:11:00Z;44.955;44.945;44.955;44.94;35;
7132b1c9-ee26-4464-b5b5-1046264b61d9;2024-09-25T16:12:00Z;44.94;44.93;44.94;44.93;1352;
7132b1c9-ee26-4464-b5b5-1046264b61d9;2024-09-25T16:13:00Z;44.93;44.905;44.935;44.905;3628;
7132b1c9-ee26-4464-b5b5-1046264b61d9;2024-09-25T16:14:00Z;44.905;44.89;44.905;44.88;3842;
7132b1c9-ee26-4464-b5b5-1046264b61d9;2024-09-25T16:15:00Z;44.88;44.845;44.885;44.845;3136;
7132b1c9-ee26-4464-b5b5-1046264b61d9;2024-09-25T16:16:00Z;44.84;44.83;44.84;44.83;2509;
7132b1c9-ee26-4464-b5b5-1046264b61d9;2024-09-25T16:17:00Z;44.835;44.83;44.84;44.83;1214;
7132b1c9-ee26-4464-b5b5-1046264b61d9;2024-09-25T16:18:00Z;44.83;44.825;44.835;44.825;4649;
7132b1c9-ee26-4464-b5b5-1046264b61d9;2024-09-25T16:19:00Z;44.825;44.805;44.825;44.79;2839;
7132b1c9-ee26-4464-b5b5-1046264b61d9;2024-09-25T16:20:00Z;44.805;44.81;44.815;44.805;1443;
7132b1c9-ee26-4464-b5b5-1046264b61d9;2024-09-25T16:21:00Z;44.81;44.815;44.815;44.81;2405;
7132b1c9-ee26-4464-b5b5-1046264b61d9;2024-09-25T16:22:00Z;44.815;44.8;44.815;44.79;982;
7132b1c9-ee26-4464-b5b5-1046264b61d9;2024-09-25T16:23:00Z;44.8;44.805;44.805;44.8;250;
7132b1c9-ee26-4464-b5b5-1046264b61d9;2024-09-25T16:24:00Z;44.805;44.815;44.815;44.8;727;
7132b1c9-ee26-4464-b5b5-1046264b61d9;2024-09-25T16:25:00Z;44.815;44.815;44.815;44.8;1387;
7132b1c9-ee26-4464-b5b5-1046264b61d9;2024-09-25T16:26:00Z;44.815;44.815;44.815;44.81;110;
7132b1c9-ee26-4464-b5b5-1046264b61d9;2024-09-25T16:27:00Z;44.815;44.795;44.815;44.79;591;
7132b1c9-ee26-4464-b5b5-1046264b61d9;2024-09-25T16:28:00Z;44.795;44.79;44.795;44.79;285;
7132b1c9-ee26-4464-b5b5-1046264b61d9;2024-09-25T16:29:00Z;44.79;44.79;44.8;44.785;1907;
7132b1c9-ee26-4464-b5b5-1046264b61d9;2024-09-25T16:30:00Z;44.8;44.78;44.81;44.78;1484;
7132b1c9-ee26-4464-b5b5-1046264b61d9;2024-09-25T16:31:00Z;44.79;44.775;44.805;44.775;329;
7132b1c9-ee26-4464-b5b5-1046264b61d9;2024-09-25T16:32:00Z;44.79;44.81;44.81;44.79;286;
7132b1c9-ee26-4464-b5b5-1046264b61d9;2024-09-25T16:33:00Z;44.815;44.84;44.84;44.815;1970;
7132b1c9-ee26-4464-b5b5-1046264b61d9;2024-09-25T16:34:00Z;44.84;44.885;44.885;44.84;2626;
7132b1c9-ee26-4464-b5b5-1046264b61d9;2024-09-25T16:35:00Z;44.885;44.83;44.885;44.825;1452;
7132b1c9-ee26-4464-b5b5-1046264b61d9;2024-09-25T16:36:00Z;44.82;44.8;44.82;44.795;592;
7132b1c9-ee26-4464-b5b5-1046264b61d9;2024-09-25T16:37:00Z;44.8;44.8;44.8;44.795;109;
7132b1c9-ee26-4464-b5b5-1046264b61d9;2024-09-25T16:38:00Z;44.8;44.8;44.8;44.8;136;
7132b1c9-ee26-4464-b5b5-1046264b61d9;2024-09-25T16:39:00Z;44.8;44.8;44.8;44.8;117;
7132b1c9-ee26-4464-b5b5-1046264b61d9;2024-09-25T16:40:00Z;44.8;44.8;44.8;44.795;40;
7132b1c9-ee26-4464-b5b5-1046264b61d9;2024-09-25T16:41:00Z;44.8;44.8;44.8;44.8;711;
7132b1c9-ee26-4464-b5b5-1046264b61d9;2024-09-25T16:42:00Z;44.8;44.8;44.8;44.795;509;
7132b1c9-ee26-4464-b5b5-1046264b61d9;2024-09-25T16:43:00Z;44.8;44.8;44.8;44.8;62;
7132b1c9-ee26-4464-b5b5-1046264b61d9;2024-09-25T16:44:00Z;44.8;44.8;44.8;44.8;15;
7132b1c9-ee26-4464-b5b5-1046264b61d9;2024-09-25T16:45:00Z;44.8;44.775;44.8;44.77;1168;
7132b1c9-ee26-4464-b5b5-1046264b61d9;2024-09-25T16:46:00Z;44.775;44.785;44.795;44.77;1532;
7132b1c9-ee26-4464-b5b5-1046264b61d9;2024-09-25T16:47:00Z;44.79;44.785;44.79;44.78;306;
7132b1c9-ee26-4464-b5b5-1046264b61d9;2024-09-25T16:48:00Z;44.795;44.785;44.815;44.785;760;
7132b1c9-ee26-4464-b5b5-1046264b61d9;2024-09-25T16:49:00Z;44.79;44.805;44.805;44.785;871;
7132b1c9-ee26-4464-b5b5-1046264b61d9;2024-09-25T16:50:00Z;44.805;44.8;44.815;44.8;516;
7132b1c9-ee26-4464-b5b5-1046264b61d9;2024-09-25T16:51:00Z;44.815;44.775;44.815;44.775;274;
7132b1c9-ee26-4464-b5b5-1046264b61d9;2024-09-25T16:52:00Z;44.81;44.81;44.82;44.805;112;
7132b1c9-ee26-4464-b5b5-1046264b61d9;2024-09-25T16:53:00Z;44.815;44.81;44.815;44.81;501;
7132b1c9-ee26-4464-b5b5-1046264b61d9;2024-09-25T16:54:00Z;44.815;44.815;44.815;44.81;76;
7132b1c9-ee26-4464-b5b5-1046264b61d9;2024-09-25T16:55:00Z;44.82;44.79;44.82;44.79;1377;
7132b1c9-ee26-4464-b5b5-1046264b61d9;2024-09-25T16:56:00Z;44.79;44.775;44.79;44.77;1126;
7132b1c9-ee26-4464-b5b5-1046264b61d9;2024-09-25T16:57:00Z;44.77;44.75;44.775;44.75;969;
7132b1c9-ee26-4464-b5b5-1046264b61d9;2024-09-25T16:58:00Z;44.745;44.77;44.77;44.745;168;
7132b1c9-ee26-4464-b5b5-1046264b61d9;2024-09-25T16:59:00Z;44.755;44.77;44.77;44.74;450;
7132b1c9-ee26-4464-b5b5-1046264b61d9;2024-09-25T17:00:00Z;44.745;44.755;44.77;44.735;10120;
7132b1c9-ee26-4464-b5b5-1046264b61d9;2024-09-25T17:01:00Z;44.76;44.785;44.785;44.76;1023;
7132b1c9-ee26-4464-b5b5-1046264b61d9;2024-09-25T17:02:00Z;44.785;44.83;44.865;44.785;4499;
7132b1c9-ee26-4464-b5b5-1046264b61d9;2024-09-25T17:03:00Z;44.805;44.875;44.875;44.8;1004;
7132b1c9-ee26-4464-b5b5-1046264b61d9;2024-09-25T17:04:00Z;44.875;44.915;44.915;44.875;1092;
7132b1c9-ee26-4464-b5b5-1046264b61d9;2024-09-25T17:05:00Z;44.915;44.91;44.915;44.9;207;
7132b1c9-ee26-4464-b5b5-1046264b61d9;2024-09-25T17:06:00Z;44.9;44.815;44.9;44.795;668;
7132b1c9-ee26-4464-b5b5-1046264b61d9;2024-09-25T17:07:00Z;44.815;44.775;44.815;44.77;809;
7132b1c9-ee26-4464-b5b5-1046264b61d9;2024-09-25T17:08:00Z;44.775;44.775;44.775;44.77;200;
7132b1c9-ee26-4464-b5b5-1046264b61d9;2024-09-25T17:09:00Z;44.775;44.77;44.775;44.77;1253;
7132b1c9-ee26-4464-b5b5-1046264b61d9;2024-09-25T17:10:00Z;44.775;44.775;44.775;44.77;121;
7132b1c9-ee26-4464-b5b5-1046264b61d9;2024-09-25T17:11:00Z;44.77;44.775;44.775;44.77;694;
7132b1c9-ee26-4464-b5b5-1046264b61d9;2024-09-25T17:12:00Z;44.775;44.77;44.775;44.77;498;
7132b1c9-ee26-4464-b5b5-1046264b61d9;2024-09-25T17:13:00Z;44.775;44.775;44.775;44.77;593;
7132b1c9-ee26-4464-b5b5-1046264b61d9;2024-09-25T17:14:00Z;44.775;44.77;44.775;44.755;1159;
7132b1c9-ee26-4464-b5b5-1046264b61d9;2024-09-25T17:15:00Z;44.77;44.775;44.775;44.75;2755;
7132b1c9-ee26-4464-b5b5-1046264b61d9;2024-09-25T17:16:00Z;44.77;44.75;44.775;44.74;2116;
7132b1c9-ee26-4464-b5b5-1046264b61d9;2024-09-25T17:17:00Z;44.74;44.73;44.75;44.73;2802;
7132b1c9-ee26-4464-b5b5-1046264b61d9;2024-09-25T17:18:00Z;44.74;44.74;44.74;44.73;807;
7132b1c9-ee26-4464-b5b5-1046264b61d9;2024-09-25T17:19:00Z;44.735;44.665;44.735;44.65;17119;
7132b1c9-ee26-4464-b5b5-1046264b61d9;2024-09-25T17:20:00Z;44.66;44.525;44.66;44.5;30995;
7132b1c9-ee26-4464-b5b5-1046264b61d9;2024-09-25T17:21:00Z;44.515;44.5;44.535;44.5;5614;
7132b1c9-ee26-4464-b5b5-1046264b61d9;2024-09-25T17:22:00Z;44.525;44.515;44.535;44.5;3672;
7132b1c9-ee26-4464-b5b5-1046264b61d9;2024-09-25T17:23:00Z;44.5;44.56;44.585;44.5;29713;
7132b1c9-ee26-4464-b5b5-1046264b61d9;2024-09-25T17:24:00Z;44.595;44.6;44.6;44.56;2625;
7132b1c9-ee26-4464-b5b5-1046264b61d9;2024-09-25T17:25:00Z;44.59;44.56;44.59;44.5;13208;
7132b1c9-ee26-4464-b5b5-1046264b61d9;2024-09-25T17:26:00Z;44.565;44.53;44.565;44.53;273;
7132b1c9-ee26-4464-b5b5-1046264b61d9;2024-09-25T17:27:00Z;44.54;44.535;44.54;44.525;297;
7132b1c9-ee26-4464-b5b5-1046264b61d9;2024-09-25T17:28:00Z;44.54;44.54;44.54;44.535;135;
7132b1c9-ee26-4464-b5b5-1046264b61d9;2024-09-25T17:29:00Z;44.535;44.54;44.54;44.535;195;
7132b1c9-ee26-4464-b5b5-1046264b61d9;2024-09-25T17:30:00Z;44.54;44.525;44.54;44.5;17353;
7132b1c9-ee26-4464-b5b5-1046264b61d9;2024-09-25T17:31:00Z;44.545;44.555;44.58;44.535;1413;
7132b1c9-ee26-4464-b5b5-1046264b61d9;2024-09-25T17:32:00Z;44.555;44.59;44.6;44.51;1952;
7132b1c9-ee26-4464-b5b5-1046264b61d9;2024-09-25T17:33:00Z;44.585;44.585;44.585;44.555;84;
7132b1c9-ee26-4464-b5b5-1046264b61d9;2024-09-25T17:34:00Z;44.58;44.58;44.58;44.57;2175;
7132b1c9-ee26-4464-b5b5-1046264b61d9;2024-09-25T17:35:00Z;44.58;44.58;44.58;44.565;509;
7132b1c9-ee26-4464-b5b5-1046264b61d9;2024-09-25T17:36:00Z;44.565;44.57;44.58;44.565;41;
7132b1c9-ee26-4464-b5b5-1046264b61d9;2024-09-25T17:37:00Z;44.57;44.555;44.58;44.54;880;
7132b1c9-ee26-4464-b5b5-1046264b61d9;2024-09-25T17:38:00Z;44.54;44.555;44.56;44.535;614;
7132b1c9-ee26-4464-b5b5-1046264b61d9;2024-09-25T17:39:00Z;44.565;44.58;44.58;44.56;664;
7132b1c9-ee26-4464-b5b5-1046264b61d9;2024-09-25T17:40:00Z;44.58;44.545;44.58;44.545;1449;
7132b1c9-ee26-4464-b5b5-1046264b61d9;2024-09-25T17:41:00Z;44.57;44.58;44.585;44.57;270;
7132b1c9-ee26-4464-b5b5-1046264b61d9;2024-09-25T17:42:00Z;44.58;44.6;44.6;44.575;887;
7132b1c9-ee26-4464-b5b5-1046264b61d9;2024-09-25T17:43:00Z;44.6;44.65;44.655;44.6;2780;
7132b1c9-ee26-4464-b5b5-1046264b61d9;2024-09-25T17:44:00Z;44.65;44.62;44.65;44.615;553;
7132b1c9-ee26-4464-b5b5-1046264b61d9;2024-09-25T17:45:00Z;44.615;44.585;44.615;44.585;719;
7132b1c9-ee26-4464-b5b5-1046264b61d9;2024-09-25T17:46:00Z;44.61;44.64;44.675;44.605;4333;
7132b1c9-ee26-4464-b5b5-1046264b61d9;2024-09-25T17:47:00Z;44.64;44.64;44.64;44.63;316;
7132b1c9-ee26-4464-b5b5-1046264b61d9;2024-09-25T17:48:00Z;44.635;44.64;44.64;44.635;74;
7132b1c9-ee26-4464-b5b5-1046264b61d9;2024-09-25T17:49:00Z;44.635;44.65;44.65;44.635;737;
7132b1c9-ee26-4464-b5b5-1046264b61d9;2024-09-25T17:50:00Z;44.65;44.65;44.655;44.64;62;
7132b1c9-ee26-4464-b5b5-1046264b61d9;2024-09-25T17:51:00Z;44.65;44.65;44.65;44.64;669;
7132b1c9-ee26-4464-b5b5-1046264b61d9;2024-09-25T17:52:00Z;44.645;44.65;44.65;44.645;28;
7132b1c9-ee26-4464-b5b5-1046264b61d9;2024-09-25T17:53:00Z;44.65;44.645;44.65;44.645;249;
7132b1c9-ee26-4464-b5b5-1046264b61d9;2024-09-25T17:54:00Z;44.645;44.65;44.665;44.64;429;
7132b1c9-ee26-4464-b5b5-1046264b61d9;2024-09-25T17:55:00Z;44.66;44.66;44.68;44.65;573;
7132b1c9-ee26-4464-b5b5-1046264b61d9;2024-09-25T17:56:00Z;44.655;44.66;44.66;44.65;258;
7132b1c9-ee26-4464-b5b5-1046264b61d9;2024-09-25T17:57:00Z;44.66;44.66;44.66;44.66;26;
7132b1c9-ee26-4464-b5b5-1046264b61d9;2024-09-25T17:58:00Z;44.66;44.675;44.675;44.655;291;
7132b1c9-ee26-4464-b5b5-1046264b61d9;2024-09-25T17:59:00Z;44.65;44.68;44.685;44.65;257;
7132b1c9-ee26-4464-b5b5-1046264b61d9;2024-09-25T18:00:00Z;44.685;44.7;44.71;44.66;1207;
7132b1c9-ee26-4464-b5b5-1046264b61d9;2024-09-25T18:01:00Z;44.695;44.705;44.725;44.69;1960;
7132b1c9-ee26-4464-b5b5-1046264b61d9;2024-09-25T18:02:00Z;44.705;44.7;44.71;44.655;275;
7132b1c9-ee26-4464-b5b5-1046264b61d9;2024-09-25T18:03:00Z;44.7;44.695;44.7;44.69;81;
7132b1c9-ee26-4464-b5b5-1046264b61d9;2024-09-25T18:04:00Z;44.69;44.675;44.7;44.645;667;
7132b1c9-ee26-4464-b5b5-1046264b61d9;2024-09-25T18:05:00Z;44.675;44.67;44.675;44.65;179;
7132b1c9-ee26-4464-b5b5-1046264b61d9;2024-09-25T18:06:00Z;44.65;44.62;44.665;44.615;460;
7132b1c9-ee26-4464-b5b5-1046264b61d9;2024-09-25T18:07:00Z;44.62;44.64;44.655;44.61;563;
7132b1c9-ee26-4464-b5b5-1046264b61d9;2024-09-25T18:08:00Z;44.64;44.64;44.64;44.615;64;
7132b1c9-ee26-4464-b5b5-1046264b61d9;2024-09-25T18:09:00Z;44.62;44.63;44.64;44.615;34;
7132b1c9-ee26-4464-b5b5-1046264b61d9;2024-09-25T18:10:00Z;44.63;44.63;44.63;44.63;197;
7132b1c9-ee26-4464-b5b5-1046264b61d9;2024-09-25T18:11:00Z;44.64;44.675;44.675;44.64;186;
7132b1c9-ee26-4464-b5b5-1046264b61d9;2024-09-25T18:12:00Z;44.655;44.685;44.685;44.64;94;
7132b1c9-ee26-4464-b5b5-1046264b61d9;2024-09-25T18:13:00Z;44.7;44.755;44.755;44.7;3912;
7132b1c9-ee26-4464-b5b5-1046264b61d9;2024-09-25T18:14:00Z;44.725;44.775;44.805;44.725;956;
7132b1c9-ee26-4464-b5b5-1046264b61d9;2024-09-25T18:15:00Z;44.77;44.77;44.775;44.77;126;
7132b1c9-ee26-4464-b5b5-1046264b61d9;2024-09-25T18:16:00Z;44.775;44.765;44.775;44.75;159;
7132b1c9-ee26-4464-b5b5-1046264b61d9;2024-09-25T18:17:00Z;44.77;44.77;44.77;44.77;115;
7132b1c9-ee26-4464-b5b5-1046264b61d9;2024-09-25T18:18:00Z;44.75;44.775;44.775;44.75;103;
7132b1c9-ee26-4464-b5b5-1046264b61d9;2024-09-25T18:19:00Z;44.775;44.775;44.775;44.775;5;
7132b1c9-ee26-4464-b5b5-1046264b61d9;2024-09-25T18:20:00Z;44.775;44.75;44.775;44.75;143;
7132b1c9-ee26-4464-b5b5-1046264b61d9;2024-09-25T18:21:00Z;44.77;44.755;44.78;44.755;793;
7132b1c9-ee26-4464-b5b5-1046264b61d9;2024-09-25T18:22:00Z;44.76;44.765;44.77;44.74;803;
7132b1c9-ee26-4464-b5b5-1046264b61d9;2024-09-25T18:23:00Z;44.77;44.765;44.78;44.755;235;
7132b1c9-ee26-4464-b5b5-1046264b61d9;2024-09-25T18:24:00Z;44.775;44.78;44.78;44.775;458;
7132b1c9-ee26-4464-b5b5-1046264b61d9;2024-09-25T18:25:00Z;44.78;44.78;44.78;44.765;942;
7132b1c9-ee26-4464-b5b5-1046264b61d9;2024-09-25T18:26:00Z;44.775;44.83;44.835;44.775;919;
7132b1c9-ee26-4464-b5b5-1046264b61d9;2024-09-25T18:27:00Z;44.82;44.775;44.82;44.775;542;
7132b1c9-ee26-4464-b5b5-1046264b61d9;2024-09-25T18:28:00Z;44.805;44.8;44.805;44.8;7;
7132b1c9-ee26-4464-b5b5-1046264b61d9;2024-09-25T18:29:00Z;44.795;44.8;44.8;44.79;168;
7132b1c9-ee26-4464-b5b5-1046264b61d9;2024-09-25T18:30:00Z;44.8;44.765;44.8;44.755;208;
7132b1c9-ee26-4464-b5b5-1046264b61d9;2024-09-25T18:31:00Z;44.765;44.75;44.77;44.75;221;
7132b1c9-ee26-4464-b5b5-1046264b61d9;2024-09-25T18:32:00Z;44.75;44.78;44.8;44.75;3312;
7132b1c9-ee26-4464-b5b5-1046264b61d9;2024-09-25T18:33:00Z;44.755;44.8;44.8;44.75;1952;
7132b1c9-ee26-4464-b5b5-1046264b61d9;2024-09-25T18:34:00Z;44.795;44.765;44.8;44.755;1297;
7132b1c9-ee26-4464-b5b5-1046264b61d9;2024-09-25T18:35:00Z;44.795;44.795;44.795;44.795;147;
7132b1c9-ee26-4464-b5b5-1046264b61d9;2024-09-25T18:36:00Z;44.79;44.795;44.795;44.79;67;
7132b1c9-ee26-4464-b5b5-1046264b61d9;2024-09-25T18:37:00Z;44.795;44.795;44.795;44.795;6;
7132b1c9-ee26-4464-b5b5-1046264b61d9;2024-09-25T18:38:00Z;44.795;44.795;44.795;44.795;14;
7132b1c9-ee26-4464-b5b5-1046264b61d9;2024-09-25T18:39:00Z;44.795;44.785;44.795;44.77;290;
7132b1c9-ee26-4464-b5b5-1046264b61d9;2024-09-25T18:40:00Z;44.775;44.77;44.785;44.77;233;
7132b1c9-ee26-4464-b5b5-1046264b61d9;2024-09-25T18:41:00Z;44.77;44.77;44.77;44.76;66;
7132b1c9-ee26-4464-b5b5-1046264b61d9;2024-09-25T18:42:00Z;44.765;44.785;44.785;44.765;29;
7132b1c9-ee26-4464-b5b5-1046264b61d9;2024-09-25T18:43:00Z;44.785;44.79;44.795;44.77;486;
7132b1c9-ee26-4464-b5b5-1046264b61d9;2024-09-25T18:44:00Z;44.785;44.785;44.785;44.76;68;
7132b1c9-ee26-4464-b5b5-1046264b61d9;2024-09-25T18:45:00Z;44.78;44.79;44.79;44.78;108;
7132b1c9-ee26-4464-b5b5-1046264b61d9;2024-09-25T18:46:00Z;44.785;44.79;44.79;44.785;324;
7132b1c9-ee26-4464-b5b5-1046264b61d9;2024-09-25T18:47:00Z;44.79;44.795;44.795;44.79;112;
7132b1c9-ee26-4464-b5b5-1046264b61d9;2024-09-25T18:48:00Z;44.795;44.795;44.795;44.795;185;
7132b1c9-ee26-4464-b5b5-1046264b61d9;2024-09-25T18:49:00Z;44.795;44.795;44.795;44.79;74;
7132b1c9-ee26-4464-b5b5-1046264b61d9;2024-09-25T18:50:00Z;44.79;44.79;44.795;44.79;161;
7132b1c9-ee26-4464-b5b5-1046264b61d9;2024-09-25T18:51:00Z;44.785;44.78;44.785;44.77;148;
7132b1c9-ee26-4464-b5b5-1046264b61d9;2024-09-25T18:52:00Z;44.79;44.79;44.79;44.79;102;
7132b1c9-ee26-4464-b5b5-1046264b61d9;2024-09-25T18:53:00Z;44.78;44.79;44.79;44.78;5;
7132b1c9-ee26-4464-b5b5-1046264b61d9;2024-09-25T18:54:00Z;44.79;44.77;44.79;44.77;143;
7132b1c9-ee26-4464-b5b5-1046264b61d9;2024-09-25T18:55:00Z;44.76;44.795;44.795;44.76;86;
7132b1c9-ee26-4464-b5b5-1046264b61d9;2024-09-25T18:56:00Z;44.77;44.765;44.79;44.765;313;
7132b1c9-ee26-4464-b5b5-1046264b61d9;2024-09-25T18:57:00Z;44.765;44.77;44.77;44.76;1095;
7132b1c9-ee26-4464-b5b5-1046264b61d9;2024-09-25T18:58:00Z;44.765;44.78;44.78;44.765;59;
7132b1c9-ee26-4464-b5b5-1046264b61d9;2024-09-25T18:59:00Z;44.78;44.785;44.795;44.75;1557;
7132b1c9-ee26-4464-b5b5-1046264b61d9;2024-09-25T19:00:00Z;44.77;44.775;44.785;44.755;326;
7132b1c9-ee26-4464-b5b5-1046264b61d9;2024-09-25T19:01:00Z;44.775;44.78;44.78;44.775;6;
7132b1c9-ee26-4464-b5b5-1046264b61d9;2024-09-25T19:02:00Z;44.795;44.795;44.795;44.79;34;
7132b1c9-ee26-4464-b5b5-1046264b61d9;2024-09-25T19:03:00Z;44.795;44.795;44.795;44.78;24;
7132b1c9-ee26-4464-b5b5-1046264b61d9;2024-09-25T19:04:00Z;44.775;44.825;44.825;44.775;738;
7132b1c9-ee26-4464-b5b5-1046264b61d9;2024-09-25T19:05:00Z;44.825;44.825;44.825;44.825;2;
7132b1c9-ee26-4464-b5b5-1046264b61d9;2024-09-25T19:06:00Z;44.8;44.825;44.825;44.8;10;
7132b1c9-ee26-4464-b5b5-1046264b61d9;2024-09-25T19:07:00Z;44.825;44.8;44.825;44.8;374;
7132b1c9-ee26-4464-b5b5-1046264b61d9;2024-09-25T19:08:00Z;44.805;44.805;44.805;44.805;2;
7132b1c9-ee26-4464-b5b5-1046264b61d9;2024-09-25T19:09:00Z;44.8;44.805;44.805;44.8;75;
7132b1c9-ee26-4464-b5b5-1046264b61d9;2024-09-25T19:10:00Z;44.805;44.805;44.805;44.8;433;
7132b1c9-ee26-4464-b5b5-1046264b61d9;2024-09-25T19:11:00Z;44.82;44.825;44.825;44.82;675;
7132b1c9-ee26-4464-b5b5-1046264b61d9;2024-09-25T19:12:00Z;44.82;44.81;44.82;44.81;691;
7132b1c9-ee26-4464-b5b5-1046264b61d9;2024-09-25T19:13:00Z;44.82;44.8;44.82;44.8;235;
7132b1c9-ee26-4464-b5b5-1046264b61d9;2024-09-25T19:14:00Z;44.8;44.805;44.81;44.8;603;
7132b1c9-ee26-4464-b5b5-1046264b61d9;2024-09-25T19:15:00Z;44.805;44.795;44.805;44.79;314;
7132b1c9-ee26-4464-b5b5-1046264b61d9;2024-09-25T19:16:00Z;44.79;44.78;44.805;44.765;934;
7132b1c9-ee26-4464-b5b5-1046264b61d9;2024-09-25T19:17:00Z;44.78;44.76;44.78;44.76;31;
7132b1c9-ee26-4464-b5b5-1046264b61d9;2024-09-25T19:18:00Z;44.775;44.75;44.775;44.75;430;
7132b1c9-ee26-4464-b5b5-1046264b61d9;2024-09-25T19:19:00Z;44.75;44.745;44.765;44.745;631;
7132b1c9-ee26-4464-b5b5-1046264b61d9;2024-09-25T19:20:00Z;44.745;44.75;44.75;44.745;69;
7132b1c9-ee26-4464-b5b5-1046264b61d9;2024-09-25T19:21:00Z;44.765;44.77;44.79;44.765;89;
7132b1c9-ee26-4464-b5b5-1046264b61d9;2024-09-25T19:22:00Z;44.765;44.765;44.77;44.765;7;
7132b1c9-ee26-4464-b5b5-1046264b61d9;2024-09-25T19:23:00Z;44.77;44.77;44.77;44.755;17;
7132b1c9-ee26-4464-b5b5-1046264b61d9;2024-09-25T19:24:00Z;44.77;44.795;44.8;44.76;264;
7132b1c9-ee26-4464-b5b5-1046264b61d9;2024-09-25T19:25:00Z;44.76;44.785;44.785;44.76;21;
7132b1c9-ee26-4464-b5b5-1046264b61d9;2024-09-25T19:26:00Z;44.795;44.78;44.795;44.78;58;
7132b1c9-ee26-4464-b5b5-1046264b61d9;2024-09-25T19:27:00Z;44.79;44.8;44.8;44.79;16;
7132b1c9-ee26-4464-b5b5-1046264b61d9;2024-09-25T19:28:00Z;44.8;44.775;44.8;44.77;226;
7132b1c9-ee26-4464-b5b5-1046264b61d9;2024-09-25T19:29:00Z;44.77;44.77;44.77;44.77;68;
7132b1c9-ee26-4464-b5b5-1046264b61d9;2024-09-25T19:30:00Z;44.76;44.745;44.76;44.745;100;
7132b1c9-ee26-4464-b5b5-1046264b61d9;2024-09-25T19:31:00Z;44.77;44.77;44.77;44.76;14;
7132b1c9-ee26-4464-b5b5-1046264b61d9;2024-09-25T19:32:00Z;44.77;44.76;44.77;44.76;6;
7132b1c9-ee26-4464-b5b5-1046264b61d9;2024-09-25T19:33:00Z;44.77;44.77;44.77;44.77;5;
7132b1c9-ee26-4464-b5b5-1046264b61d9;2024-09-25T19:34:00Z;44.765;44.765;44.77;44.765;231;
7132b1c9-ee26-4464-b5b5-1046264b61d9;2024-09-25T19:35:00Z;44.78;44.78;44.78;44.775;168;
7132b1c9-ee26-4464-b5b5-1046264b61d9;2024-09-25T19:36:00Z;44.775;44.78;44.78;44.775;6;
7132b1c9-ee26-4464-b5b5-1046264b61d9;2024-09-25T19:37:00Z;44.78;44.78;44.78;44.775;301;
7132b1c9-ee26-4464-b5b5-1046264b61d9;2024-09-25T19:38:00Z;44.78;44.805;44.805;44.78;165;
7132b1c9-ee26-4464-b5b5-1046264b61d9;2024-09-25T19:39:00Z;44.805;44.785;44.805;44.785;151;
7132b1c9-ee26-4464-b5b5-1046264b61d9;2024-09-25T19:40:00Z;44.785;44.81;44.81;44.78;222;
7132b1c9-ee26-4464-b5b5-1046264b61d9;2024-09-25T19:41:00Z;44.81;44.8;44.81;44.79;53;
7132b1c9-ee26-4464-b5b5-1046264b61d9;2024-09-25T19:42:00Z;44.8;44.825;44.825;44.8;167;
7132b1c9-ee26-4464-b5b5-1046264b61d9;2024-09-25T19:43:00Z;44.825;44.835;44.835;44.825;12;
7132b1c9-ee26-4464-b5b5-1046264b61d9;2024-09-25T19:44:00Z;44.83;44.835;44.855;44.83;1053;
7132b1c9-ee26-4464-b5b5-1046264b61d9;2024-09-25T19:45:00Z;44.825;44.825;44.83;44.825;35;
7132b1c9-ee26-4464-b5b5-1046264b61d9;2024-09-25T19:46:00Z;44.825;44.825;44.83;44.82;18;
7132b1c9-ee26-4464-b5b5-1046264b61d9;2024-09-25T19:47:00Z;44.825;44.82;44.83;44.82;14;
7132b1c9-ee26-4464-b5b5-1046264b61d9;2024-09-25T19:48:00Z;44.825;44.84;44.84;44.82;33;
7132b1c9-ee26-4464-b5b5-1046264b61d9;2024-09-25T19:49:00Z;44.82;44.83;44.83;44.8;103;
7132b1c9-ee26-4464-b5b5-1046264b61d9;2024-09-25T19:50:00Z;44.845;44.835;44.845;44.815;90;
7132b1c9-ee26-4464-b5b5-1046264b61d9;2024-09-25T19:51:00Z;44.835;44.83;44.835;44.83;6;
7132b1c9-ee26-4464-b5b5-1046264b61d9;2024-09-25T19:52:00Z;44.83;44.84;44.84;44.83;29;
7132b1c9-ee26-4464-b5b5-1046264b61d9;2024-09-25T19:53:00Z;44.84;44.84;44.84;44.84;6;
7132b1c9-ee26-4464-b5b5-1046264b61d9;2024-09-25T19:54:00Z;44.84;44.84;44.84;44.84;2;
7132b1c9-ee26-4464-b5b5-1046264b61d9;2024-09-25T19:55:00Z;44.835;44.845;44.845;44.835;5;
7132b1c9-ee26-4464-b5b5-1046264b61d9;2024-09-25T19:57:00Z;44.835;44.855;44.855;44.835;86;
7132b1c9-ee26-4464-b5b5-1046264b61d9;2024-09-25T19:58:00Z;44.85;44.85;44.855;44.835;62;
7132b1c9-ee26-4464-b5b5-1046264b61d9;2024-09-25T19:59:00Z;44.85;44.83;44.85;44.83;279;
7132b1c9-ee26-4464-b5b5-1046264b61d9;2024-09-25T20:00:00Z;44.83;44.84;44.84;44.83;5;
7132b1c9-ee26-4464-b5b5-1046264b61d9;2024-09-25T20:01:00Z;44.835;44.835;44.835;44.835;571;
7132b1c9-ee26-4464-b5b5-1046264b61d9;2024-09-25T20:02:00Z;44.835;44.835;44.84;44.835;113;
7132b1c9-ee26-4464-b5b5-1046264b61d9;2024-09-25T20:03:00Z;44.84;44.835;44.84;44.835;18;
7132b1c9-ee26-4464-b5b5-1046264b61d9;2024-09-25T20:04:00Z;44.84;44.84;44.84;44.84;13;
7132b1c9-ee26-4464-b5b5-1046264b61d9;2024-09-25T20:05:00Z;44.84;44.84;44.84;44.84;8;
7132b1c9-ee26-4464-b5b5-1046264b61d9;2024-09-25T20:06:00Z;44.835;44.845;44.845;44.835;142;
7132b1c9-ee26-4464-b5b5-1046264b61d9;2024-09-25T20:07:00Z;44.845;44.845;44.85;44.81;1349;
7132b1c9-ee26-4464-b5b5-1046264b61d9;2024-09-25T20:08:00Z;44.845;44.845;44.845;44.845;22;
7132b1c9-ee26-4464-b5b5-1046264b61d9;2024-09-25T20:09:00Z;44.845;44.83;44.845;44.83;224;
7132b1c9-ee26-4464-b5b5-1046264b61d9;2024-09-25T20:10:00Z;44.83;44.78;44.83;44.78;3288;
7132b1c9-ee26-4464-b5b5-1046264b61d9;2024-09-25T20:11:00Z;44.82;44.815;44.82;44.815;7;
7132b1c9-ee26-4464-b5b5-1046264b61d9;2024-09-25T20:12:00Z;44.825;44.83;44.83;44.805;962;
7132b1c9-ee26-4464-b5b5-1046264b61d9;2024-09-25T20:13:00Z;44.82;44.82;44.82;44.82;12;
7132b1c9-ee26-4464-b5b5-1046264b61d9;2024-09-25T20:14:00Z;44.82;44.82;44.83;44.82;12;
7132b1c9-ee26-4464-b5b5-1046264b61d9;2024-09-25T20:15:00Z;44.82;44.83;44.83;44.82;138;
7132b1c9-ee26-4464-b5b5-1046264b61d9;2024-09-25T20:16:00Z;44.83;44.83;44.83;44.83;21;
7132b1c9-ee26-4464-b5b5-1046264b61d9;2024-09-25T20:17:00Z;44.82;44.82;44.82;44.82;16;
7132b1c9-ee26-4464-b5b5-1046264b61d9;2024-09-25T20:18:00Z;44.82;44.835;44.835;44.82;587;
7132b1c9-ee26-4464-b5b5-1046264b61d9;2024-09-25T20:19:00Z;44.835;44.835;44.835;44.825;106;
7132b1c9-ee26-4464-b5b5-1046264b61d9;2024-09-25T20:20:00Z;44.835;44.825;44.835;44.825;3;
7132b1c9-ee26-4464-b5b5-1046264b61d9;2024-09-25T20:21:00Z;44.83;44.835;44.835;44.83;160;
7132b1c9-ee26-4464-b5b5-1046264b61d9;2024-09-25T20:22:00Z;44.83;44.82;44.83;44.805;58;
7132b1c9-ee26-4464-b5b5-1046264b61d9;2024-09-25T20:23:00Z;44.8;44.805;44.815;44.785;868;
7132b1c9-ee26-4464-b5b5-1046264b61d9;2024-09-25T20:24:00Z;44.8;44.785;44.815;44.785;300;
7132b1c9-ee26-4464-b5b5-1046264b61d9;2024-09-25T20:25:00Z;44.795;44.8;44.8;44.795;675;
7132b1c9-ee26-4464-b5b5-1046264b61d9;2024-09-25T20:26:00Z;44.8;44.78;44.8;44.78;41;
7132b1c9-ee26-4464-b5b5-1046264b61d9;2024-09-25T20:27:00Z;44.78;44.78;44.78;44.78;9;
7132b1c9-ee26-4464-b5b5-1046264b61d9;2024-09-25T20:28:00Z;44.78;44.78;44.78;44.775;27;
7132b1c9-ee26-4464-b5b5-1046264b61d9;2024-09-25T20:29:00Z;44.78;44.775;44.78;44.775;45;
7132b1c9-ee26-4464-b5b5-1046264b61d9;2024-09-25T20:30:00Z;44.775;44.775;44.775;44.775;24;
7132b1c9-ee26-4464-b5b5-1046264b61d9;2024-09-25T20:31:00Z;44.775;44.775;44.775;44.765;217;
7132b1c9-ee26-4464-b5b5-1046264b61d9;2024-09-25T20:32:00Z;44.775;44.795;44.795;44.775;540;
7132b1c9-ee26-4464-b5b5-1046264b61d9;2024-09-25T20:34:00Z;44.785;44.78;44.785;44.78;6;
7132b1c9-ee26-4464-b5b5-1046264b61d9;2024-09-25T20:35:00Z;44.78;44.78;44.78;44.78;38;
7132b1c9-ee26-4464-b5b5-1046264b61d9;2024-09-25T20:36:00Z;44.765;44.78;44.78;44.755;152;
7132b1c9-ee26-4464-b5b5-1046264b61d9;2024-09-25T20:37:00Z;44.785;44.755;44.785;44.75;81;
7132b1c9-ee26-4464-b5b5-1046264b61d9;2024-09-25T20:38:00Z;44.75;44.755;44.755;44.745;1062;
7132b1c9-ee26-4464-b5b5-1046264b61d9;2024-09-25T20:39:00Z;44.755;44.74;44.755;44.74;440;
7132b1c9-ee26-4464-b5b5-1046264b61d9;2024-09-25T20:40:00Z;44.75;44.755;44.755;44.75;60;
7132b1c9-ee26-4464-b5b5-1046264b61d9;2024-09-25T20:41:00Z;44.755;44.75;44.755;44.75;11;
7132b1c9-ee26-4464-b5b5-1046264b61d9;2024-09-25T20:42:00Z;44.755;44.75;44.755;44.75;143;
7132b1c9-ee26-4464-b5b5-1046264b61d9;2024-09-25T20:43:00Z;44.75;44.74;44.75;44.74;10;
7132b1c9-ee26-4464-b5b5-1046264b61d9;2024-09-25T20:44:00Z;44.75;44.74;44.75;44.74;5342;
7132b1c9-ee26-4464-b5b5-1046264b61d9;2024-09-25T20:45:00Z;44.74;44.75;44.75;44.74;34;
7132b1c9-ee26-4464-b5b5-1046264b61d9;2024-09-25T20:46:00Z;44.75;44.76;44.76;44.75;294;
7132b1c9-ee26-4464-b5b5-1046264b61d9;2024-09-25T20:47:00Z;44.76;44.745;44.76;44.745;43;
7132b1c9-ee26-4464-b5b5-1046264b61d9;2024-09-25T20:48:00Z;44.755;44.755;44.755;44.755;60;
7132b1c9-ee26-4464-b5b5-1046264b61d9;2024-09-25T20:49:00Z;44.75;44.755;44.755;44.74;223;
