509edd0c-129c-4ee2-934d-7f6246126da1;2025-04-28T03:59:00Z;119.48;119.48;119.48;119.48;320;
509edd0c-129c-4ee2-934d-7f6246126da1;2025-04-28T04:00:00Z;119.48;119.66;119.76;119.2;4317;
509edd0c-129c-4ee2-934d-7f6246126da1;2025-04-28T04:01:00Z;119.64;119.52;119.66;119.32;1841;
509edd0c-129c-4ee2-934d-7f6246126da1;2025-04-28T04:02:00Z;119.52;119.36;119.62;119.32;3112;
509edd0c-129c-4ee2-934d-7f6246126da1;2025-04-28T04:03:00Z;119.34;119.14;119.34;119.08;1392;
509edd0c-129c-4ee2-934d-7f6246126da1;2025-04-28T04:04:00Z;119.26;119.12;119.26;119.12;972;
509edd0c-129c-4ee2-934d-7f6246126da1;2025-04-28T04:05:00Z;119.12;119.4;119.4;119.12;667;
509edd0c-129c-4ee2-934d-7f6246126da1;2025-04-28T04:06:00Z;119.52;119.46;119.54;119.4;680;
509edd0c-129c-4ee2-934d-7f6246126da1;2025-04-28T04:07:00Z;119.36;119.46;119.46;119.36;434;
509edd0c-129c-4ee2-934d-7f6246126da1;2025-04-28T04:08:00Z;119.36;119.4;119.46;119.36;1153;
509edd0c-129c-4ee2-934d-7f6246126da1;2025-04-28T04:09:00Z;119.38;119.4;119.44;119.36;372;
509edd0c-129c-4ee2-934d-7f6246126da1;2025-04-28T04:10:00Z;119.44;119.36;119.44;119.24;1973;
509edd0c-129c-4ee2-934d-7f6246126da1;2025-04-28T04:11:00Z;119.28;119.4;119.4;119.28;923;
509edd0c-129c-4ee2-934d-7f6246126da1;2025-04-28T04:12:00Z;119.38;119.14;119.38;119.14;1344;
509edd0c-129c-4ee2-934d-7f6246126da1;2025-04-28T04:13:00Z;119.16;119.24;119.24;119.16;1109;
509edd0c-129c-4ee2-934d-7f6246126da1;2025-04-28T04:14:00Z;119.2;119.1;119.2;119.1;302;
509edd0c-129c-4ee2-934d-7f6246126da1;2025-04-28T04:15:00Z;119.16;119.14;119.18;119.1;65;
509edd0c-129c-4ee2-934d-7f6246126da1;2025-04-28T04:16:00Z;119.18;119.16;119.18;119.16;29;
509edd0c-129c-4ee2-934d-7f6246126da1;2025-04-28T04:17:00Z;119.16;119.24;119.24;119.16;437;
509edd0c-129c-4ee2-934d-7f6246126da1;2025-04-28T04:18:00Z;119.16;119.22;119.22;119.16;113;
509edd0c-129c-4ee2-934d-7f6246126da1;2025-04-28T04:19:00Z;119.22;119.24;119.24;119.22;201;
509edd0c-129c-4ee2-934d-7f6246126da1;2025-04-28T04:20:00Z;119.24;119.2;119.24;119.2;235;
509edd0c-129c-4ee2-934d-7f6246126da1;2025-04-28T04:21:00Z;119.14;119.12;119.14;119.12;679;
509edd0c-129c-4ee2-934d-7f6246126da1;2025-04-28T04:22:00Z;119.18;119.18;119.18;119.18;3;
509edd0c-129c-4ee2-934d-7f6246126da1;2025-04-28T04:23:00Z;119.18;119.2;119.2;119.18;594;
509edd0c-129c-4ee2-934d-7f6246126da1;2025-04-28T04:24:00Z;119.14;119.08;119.14;119.08;500;
509edd0c-129c-4ee2-934d-7f6246126da1;2025-04-28T04:25:00Z;119.1;119.12;119.12;119.1;115;
509edd0c-129c-4ee2-934d-7f6246126da1;2025-04-28T04:26:00Z;119.12;119.1;119.12;119.1;51;
509edd0c-129c-4ee2-934d-7f6246126da1;2025-04-28T04:27:00Z;119.1;119.12;119.12;119.1;112;
509edd0c-129c-4ee2-934d-7f6246126da1;2025-04-28T04:28:00Z;119.12;119.1;119.14;119.1;363;
509edd0c-129c-4ee2-934d-7f6246126da1;2025-04-28T04:29:00Z;119.1;119.14;119.14;119.1;5;
509edd0c-129c-4ee2-934d-7f6246126da1;2025-04-28T04:30:00Z;119.14;119.1;119.14;119.1;900;
509edd0c-129c-4ee2-934d-7f6246126da1;2025-04-28T04:31:00Z;119.08;119.02;119.08;119.02;1089;
509edd0c-129c-4ee2-934d-7f6246126da1;2025-04-28T04:32:00Z;119.08;119;119.08;119;3272;
509edd0c-129c-4ee2-934d-7f6246126da1;2025-04-28T04:33:00Z;119.02;118.92;119.02;118.92;1176;
509edd0c-129c-4ee2-934d-7f6246126da1;2025-04-28T04:34:00Z;118.92;118.92;118.92;118.92;805;
509edd0c-129c-4ee2-934d-7f6246126da1;2025-04-28T04:35:00Z;118.9;118.9;118.9;118.9;94;
509edd0c-129c-4ee2-934d-7f6246126da1;2025-04-28T04:36:00Z;118.9;118.82;118.92;118.82;1412;
509edd0c-129c-4ee2-934d-7f6246126da1;2025-04-28T04:37:00Z;118.84;119.18;119.18;118.84;10771;
509edd0c-129c-4ee2-934d-7f6246126da1;2025-04-28T04:38:00Z;119.18;119.12;119.18;119.12;1147;
509edd0c-129c-4ee2-934d-7f6246126da1;2025-04-28T04:39:00Z;119.16;119.28;119.4;119.14;11550;
509edd0c-129c-4ee2-934d-7f6246126da1;2025-04-28T04:40:00Z;119.24;119.24;119.24;119.24;50;
509edd0c-129c-4ee2-934d-7f6246126da1;2025-04-28T04:41:00Z;119.24;119.24;119.24;119.24;245;
509edd0c-129c-4ee2-934d-7f6246126da1;2025-04-28T04:42:00Z;119.22;119.24;119.24;119.22;171;
509edd0c-129c-4ee2-934d-7f6246126da1;2025-04-28T04:43:00Z;119.24;119.2;119.24;119.2;219;
509edd0c-129c-4ee2-934d-7f6246126da1;2025-04-28T04:44:00Z;119.24;119.34;119.34;119.22;697;
509edd0c-129c-4ee2-934d-7f6246126da1;2025-04-28T04:45:00Z;119.38;119.32;119.4;119.28;911;
509edd0c-129c-4ee2-934d-7f6246126da1;2025-04-28T04:46:00Z;119.36;119.36;119.36;119.36;6;
509edd0c-129c-4ee2-934d-7f6246126da1;2025-04-28T04:47:00Z;119.28;119.34;119.34;119.28;179;
509edd0c-129c-4ee2-934d-7f6246126da1;2025-04-28T04:48:00Z;119.3;119.36;119.38;119.3;1339;
509edd0c-129c-4ee2-934d-7f6246126da1;2025-04-28T04:49:00Z;119.3;119.34;119.34;119.3;10;
509edd0c-129c-4ee2-934d-7f6246126da1;2025-04-28T04:50:00Z;119.32;119.38;119.38;119.32;110;
509edd0c-129c-4ee2-934d-7f6246126da1;2025-04-28T04:51:00Z;119.36;119.36;119.36;119.36;16;
509edd0c-129c-4ee2-934d-7f6246126da1;2025-04-28T04:52:00Z;119.3;119.3;119.3;119.3;43;
509edd0c-129c-4ee2-934d-7f6246126da1;2025-04-28T04:53:00Z;119.28;119.3;119.3;119.24;425;
509edd0c-129c-4ee2-934d-7f6246126da1;2025-04-28T04:54:00Z;119.32;119.22;119.32;119.22;1158;
509edd0c-129c-4ee2-934d-7f6246126da1;2025-04-28T04:55:00Z;119.28;119.2;119.28;119.2;436;
509edd0c-129c-4ee2-934d-7f6246126da1;2025-04-28T04:56:00Z;119.2;119.18;119.2;119.18;500;
509edd0c-129c-4ee2-934d-7f6246126da1;2025-04-28T04:57:00Z;119.18;119.14;119.18;119.14;56;
509edd0c-129c-4ee2-934d-7f6246126da1;2025-04-28T04:58:00Z;119.14;119.14;119.14;119.1;37;
509edd0c-129c-4ee2-934d-7f6246126da1;2025-04-28T04:59:00Z;119.14;119.1;119.14;119.1;194;
509edd0c-129c-4ee2-934d-7f6246126da1;2025-04-28T05:00:00Z;119.1;119.12;119.14;119.1;1160;
509edd0c-129c-4ee2-934d-7f6246126da1;2025-04-28T05:01:00Z;119.16;119.2;119.2;119.16;353;
509edd0c-129c-4ee2-934d-7f6246126da1;2025-04-28T05:02:00Z;119.2;119.3;119.3;119.2;907;
509edd0c-129c-4ee2-934d-7f6246126da1;2025-04-28T05:03:00Z;119.28;119.24;119.3;119.24;50;
509edd0c-129c-4ee2-934d-7f6246126da1;2025-04-28T05:04:00Z;119.24;119.36;119.36;119.24;172;
509edd0c-129c-4ee2-934d-7f6246126da1;2025-04-28T05:05:00Z;119.3;119.32;119.32;119.26;102;
509edd0c-129c-4ee2-934d-7f6246126da1;2025-04-28T05:06:00Z;119.3;119.3;119.36;119.3;434;
509edd0c-129c-4ee2-934d-7f6246126da1;2025-04-28T05:07:00Z;119.36;119.32;119.38;119.32;364;
509edd0c-129c-4ee2-934d-7f6246126da1;2025-04-28T05:08:00Z;119.38;119.36;119.38;119.32;595;
509edd0c-129c-4ee2-934d-7f6246126da1;2025-04-28T05:09:00Z;119.32;119.32;119.32;119.32;8;
509edd0c-129c-4ee2-934d-7f6246126da1;2025-04-28T05:10:00Z;119.32;119.32;119.34;119.32;863;
509edd0c-129c-4ee2-934d-7f6246126da1;2025-04-28T05:11:00Z;119.34;119.32;119.34;119.32;376;
509edd0c-129c-4ee2-934d-7f6246126da1;2025-04-28T05:12:00Z;119.32;119.34;119.34;119.32;181;
509edd0c-129c-4ee2-934d-7f6246126da1;2025-04-28T05:13:00Z;119.3;119.3;119.3;119.3;2465;
509edd0c-129c-4ee2-934d-7f6246126da1;2025-04-28T05:14:00Z;119.3;119.3;119.3;119.3;63;
509edd0c-129c-4ee2-934d-7f6246126da1;2025-04-28T05:16:00Z;119.3;119.32;119.32;119.3;41;
509edd0c-129c-4ee2-934d-7f6246126da1;2025-04-28T05:17:00Z;119.32;119.32;119.32;119.32;49;
509edd0c-129c-4ee2-934d-7f6246126da1;2025-04-28T05:18:00Z;119.32;119.34;119.34;119.32;461;
509edd0c-129c-4ee2-934d-7f6246126da1;2025-04-28T05:19:00Z;119.34;119.12;119.34;119.1;6868;
509edd0c-129c-4ee2-934d-7f6246126da1;2025-04-28T05:20:00Z;119.16;119.24;119.24;119.12;356;
509edd0c-129c-4ee2-934d-7f6246126da1;2025-04-28T05:21:00Z;119.24;119.12;119.24;119.12;4;
509edd0c-129c-4ee2-934d-7f6246126da1;2025-04-28T05:22:00Z;119.16;119.16;119.22;119.16;515;
509edd0c-129c-4ee2-934d-7f6246126da1;2025-04-28T05:23:00Z;119.16;119.16;119.16;119.14;67;
509edd0c-129c-4ee2-934d-7f6246126da1;2025-04-28T05:24:00Z;119.16;119.2;119.2;119.12;24;
509edd0c-129c-4ee2-934d-7f6246126da1;2025-04-28T05:25:00Z;119.14;119.18;119.18;119.14;87;
509edd0c-129c-4ee2-934d-7f6246126da1;2025-04-28T05:26:00Z;119.18;119.12;119.18;119.12;101;
509edd0c-129c-4ee2-934d-7f6246126da1;2025-04-28T05:27:00Z;119.14;119.12;119.14;119.12;39;
509edd0c-129c-4ee2-934d-7f6246126da1;2025-04-28T05:28:00Z;119.12;119.12;119.12;119.1;300;
509edd0c-129c-4ee2-934d-7f6246126da1;2025-04-28T05:29:00Z;119.12;119.02;119.12;119.02;2499;
509edd0c-129c-4ee2-934d-7f6246126da1;2025-04-28T05:30:00Z;119.02;119.02;119.04;119;1307;
509edd0c-129c-4ee2-934d-7f6246126da1;2025-04-28T05:31:00Z;119.1;119.02;119.12;119;812;
509edd0c-129c-4ee2-934d-7f6246126da1;2025-04-28T05:32:00Z;119.02;119.02;119.1;119.02;306;
509edd0c-129c-4ee2-934d-7f6246126da1;2025-04-28T05:33:00Z;119;119;119;119;255;
509edd0c-129c-4ee2-934d-7f6246126da1;2025-04-28T05:34:00Z;119;119.06;119.06;118.98;479;
509edd0c-129c-4ee2-934d-7f6246126da1;2025-04-28T05:35:00Z;119;118.96;119;118.96;197;
509edd0c-129c-4ee2-934d-7f6246126da1;2025-04-28T05:36:00Z;118.96;118.94;118.98;118.92;470;
509edd0c-129c-4ee2-934d-7f6246126da1;2025-04-28T05:37:00Z;118.94;118.8;118.94;118.8;870;
509edd0c-129c-4ee2-934d-7f6246126da1;2025-04-28T05:38:00Z;118.8;118.9;118.9;118.8;201;
509edd0c-129c-4ee2-934d-7f6246126da1;2025-04-28T05:39:00Z;118.86;118.82;118.86;118.82;517;
509edd0c-129c-4ee2-934d-7f6246126da1;2025-04-28T05:40:00Z;118.82;118.8;118.82;118.8;2343;
509edd0c-129c-4ee2-934d-7f6246126da1;2025-04-28T05:41:00Z;118.78;118.76;118.78;118.72;2637;
509edd0c-129c-4ee2-934d-7f6246126da1;2025-04-28T05:42:00Z;118.78;118.7;118.78;118.7;2795;
509edd0c-129c-4ee2-934d-7f6246126da1;2025-04-28T05:43:00Z;118.68;118.8;118.8;118.62;2812;
509edd0c-129c-4ee2-934d-7f6246126da1;2025-04-28T05:44:00Z;118.72;118.7;118.8;118.7;375;
509edd0c-129c-4ee2-934d-7f6246126da1;2025-04-28T05:45:00Z;118.78;118.7;118.78;118.7;949;
509edd0c-129c-4ee2-934d-7f6246126da1;2025-04-28T05:46:00Z;118.78;118.82;118.82;118.68;2553;
509edd0c-129c-4ee2-934d-7f6246126da1;2025-04-28T05:47:00Z;118.8;118.82;118.84;118.8;1097;
509edd0c-129c-4ee2-934d-7f6246126da1;2025-04-28T05:48:00Z;118.8;118.7;118.82;118.7;1356;
509edd0c-129c-4ee2-934d-7f6246126da1;2025-04-28T05:49:00Z;118.68;118.56;118.7;118.56;4731;
509edd0c-129c-4ee2-934d-7f6246126da1;2025-04-28T05:50:00Z;118.56;118.54;118.66;118.52;2759;
509edd0c-129c-4ee2-934d-7f6246126da1;2025-04-28T05:51:00Z;118.6;118.6;118.6;118.6;1011;
509edd0c-129c-4ee2-934d-7f6246126da1;2025-04-28T05:52:00Z;118.6;118.52;118.6;118.52;4688;
509edd0c-129c-4ee2-934d-7f6246126da1;2025-04-28T05:53:00Z;118.52;118.44;118.52;118.34;3696;
509edd0c-129c-4ee2-934d-7f6246126da1;2025-04-28T05:54:00Z;118.36;118.4;118.48;118.36;191;
509edd0c-129c-4ee2-934d-7f6246126da1;2025-04-28T05:55:00Z;118.4;118.4;118.46;118.38;1153;
509edd0c-129c-4ee2-934d-7f6246126da1;2025-04-28T05:56:00Z;118.4;118.38;118.44;118.36;1223;
509edd0c-129c-4ee2-934d-7f6246126da1;2025-04-28T05:57:00Z;118.38;118.4;118.4;118.38;61;
509edd0c-129c-4ee2-934d-7f6246126da1;2025-04-28T05:58:00Z;118.46;118.42;118.5;118.42;312;
509edd0c-129c-4ee2-934d-7f6246126da1;2025-04-28T05:59:00Z;118.5;118.46;118.54;118.42;1331;
509edd0c-129c-4ee2-934d-7f6246126da1;2025-04-28T06:00:00Z;118.46;118.32;118.48;118.3;6294;
509edd0c-129c-4ee2-934d-7f6246126da1;2025-04-28T06:01:00Z;118.32;117.9;118.32;117.66;31664;
509edd0c-129c-4ee2-934d-7f6246126da1;2025-04-28T06:02:00Z;117.88;117.88;117.96;117.84;2895;
509edd0c-129c-4ee2-934d-7f6246126da1;2025-04-28T06:03:00Z;117.88;117.8;117.9;117.8;4534;
509edd0c-129c-4ee2-934d-7f6246126da1;2025-04-28T06:04:00Z;117.8;117.76;117.84;117.64;5167;
509edd0c-129c-4ee2-934d-7f6246126da1;2025-04-28T06:05:00Z;117.76;117.7;117.76;117.62;3292;
509edd0c-129c-4ee2-934d-7f6246126da1;2025-04-28T06:06:00Z;117.66;117.82;117.82;117.66;2039;
509edd0c-129c-4ee2-934d-7f6246126da1;2025-04-28T06:07:00Z;117.8;117.88;117.88;117.8;1538;
509edd0c-129c-4ee2-934d-7f6246126da1;2025-04-28T06:08:00Z;117.88;117.72;117.88;117.72;3165;
509edd0c-129c-4ee2-934d-7f6246126da1;2025-04-28T06:09:00Z;117.72;117.86;117.88;117.66;3745;
509edd0c-129c-4ee2-934d-7f6246126da1;2025-04-28T06:10:00Z;117.88;117.86;117.9;117.86;2089;
509edd0c-129c-4ee2-934d-7f6246126da1;2025-04-28T06:11:00Z;117.88;117.88;117.9;117.86;967;
509edd0c-129c-4ee2-934d-7f6246126da1;2025-04-28T06:12:00Z;117.88;117.88;117.9;117.88;1558;
509edd0c-129c-4ee2-934d-7f6246126da1;2025-04-28T06:13:00Z;117.9;117.98;118;117.88;955;
509edd0c-129c-4ee2-934d-7f6246126da1;2025-04-28T06:14:00Z;117.96;117.94;118.08;117.88;6441;
509edd0c-129c-4ee2-934d-7f6246126da1;2025-04-28T06:15:00Z;117.94;117.86;117.98;117.84;838;
509edd0c-129c-4ee2-934d-7f6246126da1;2025-04-28T06:16:00Z;117.86;117.86;117.88;117.84;859;
509edd0c-129c-4ee2-934d-7f6246126da1;2025-04-28T06:17:00Z;117.88;117.92;117.94;117.88;428;
509edd0c-129c-4ee2-934d-7f6246126da1;2025-04-28T06:18:00Z;117.9;117.9;117.94;117.9;1136;
509edd0c-129c-4ee2-934d-7f6246126da1;2025-04-28T06:19:00Z;117.9;117.94;117.94;117.9;1756;
509edd0c-129c-4ee2-934d-7f6246126da1;2025-04-28T06:20:00Z;117.94;118;118;117.9;539;
509edd0c-129c-4ee2-934d-7f6246126da1;2025-04-28T06:21:00Z;117.94;117.84;118;117.8;1311;
509edd0c-129c-4ee2-934d-7f6246126da1;2025-04-28T06:22:00Z;117.86;117.92;117.94;117.86;719;
509edd0c-129c-4ee2-934d-7f6246126da1;2025-04-28T06:23:00Z;117.88;117.88;117.98;117.88;1022;
509edd0c-129c-4ee2-934d-7f6246126da1;2025-04-28T06:24:00Z;117.92;117.94;117.94;117.86;882;
509edd0c-129c-4ee2-934d-7f6246126da1;2025-04-28T06:25:00Z;117.9;117.96;117.96;117.86;245;
509edd0c-129c-4ee2-934d-7f6246126da1;2025-04-28T06:26:00Z;117.92;118.02;118.04;117.9;4338;
509edd0c-129c-4ee2-934d-7f6246126da1;2025-04-28T06:27:00Z;118.02;117.96;118.04;117.88;3149;
509edd0c-129c-4ee2-934d-7f6246126da1;2025-04-28T06:28:00Z;117.96;117.9;117.96;117.88;460;
509edd0c-129c-4ee2-934d-7f6246126da1;2025-04-28T06:29:00Z;117.88;117.88;117.9;117.88;305;
509edd0c-129c-4ee2-934d-7f6246126da1;2025-04-28T06:30:00Z;117.88;117.86;117.9;117.86;1773;
509edd0c-129c-4ee2-934d-7f6246126da1;2025-04-28T06:31:00Z;117.86;117.72;117.86;117.72;1202;
509edd0c-129c-4ee2-934d-7f6246126da1;2025-04-28T06:32:00Z;117.72;117.72;117.76;117.64;2933;
509edd0c-129c-4ee2-934d-7f6246126da1;2025-04-28T06:33:00Z;117.72;117.84;117.84;117.7;101;
509edd0c-129c-4ee2-934d-7f6246126da1;2025-04-28T06:34:00Z;117.8;117.72;117.8;117.72;640;
509edd0c-129c-4ee2-934d-7f6246126da1;2025-04-28T06:35:00Z;117.72;117.72;117.72;117.7;436;
509edd0c-129c-4ee2-934d-7f6246126da1;2025-04-28T06:36:00Z;117.7;117.66;117.7;117.66;1076;
509edd0c-129c-4ee2-934d-7f6246126da1;2025-04-28T06:37:00Z;117.68;117.68;117.68;117.66;33;
509edd0c-129c-4ee2-934d-7f6246126da1;2025-04-28T06:38:00Z;117.7;117.72;117.72;117.7;106;
509edd0c-129c-4ee2-934d-7f6246126da1;2025-04-28T06:39:00Z;117.72;117.72;117.72;117.7;249;
509edd0c-129c-4ee2-934d-7f6246126da1;2025-04-28T06:40:00Z;117.72;117.72;117.72;117.72;329;
509edd0c-129c-4ee2-934d-7f6246126da1;2025-04-28T06:41:00Z;117.74;117.74;117.74;117.74;23;
509edd0c-129c-4ee2-934d-7f6246126da1;2025-04-28T06:42:00Z;117.72;117.66;117.72;117.64;4229;
509edd0c-129c-4ee2-934d-7f6246126da1;2025-04-28T06:43:00Z;117.68;117.68;117.68;117.66;40;
509edd0c-129c-4ee2-934d-7f6246126da1;2025-04-28T06:44:00Z;117.7;117.74;117.74;117.68;71;
509edd0c-129c-4ee2-934d-7f6246126da1;2025-04-28T06:45:00Z;117.74;117.76;117.8;117.74;1577;
509edd0c-129c-4ee2-934d-7f6246126da1;2025-04-28T06:46:00Z;117.76;117.8;117.8;117.76;372;
509edd0c-129c-4ee2-934d-7f6246126da1;2025-04-28T06:47:00Z;117.86;117.94;117.94;117.82;811;
509edd0c-129c-4ee2-934d-7f6246126da1;2025-04-28T06:48:00Z;117.92;117.82;117.92;117.8;444;
509edd0c-129c-4ee2-934d-7f6246126da1;2025-04-28T06:49:00Z;117.82;117.92;117.92;117.82;382;
509edd0c-129c-4ee2-934d-7f6246126da1;2025-04-28T06:50:00Z;117.9;117.86;117.9;117.86;331;
509edd0c-129c-4ee2-934d-7f6246126da1;2025-04-28T06:51:00Z;117.88;117.96;118;117.84;4570;
509edd0c-129c-4ee2-934d-7f6246126da1;2025-04-28T06:52:00Z;117.92;118;118;117.92;1001;
509edd0c-129c-4ee2-934d-7f6246126da1;2025-04-28T06:53:00Z;118;118.1;118.14;117.96;3344;
509edd0c-129c-4ee2-934d-7f6246126da1;2025-04-28T06:54:00Z;118.1;117.96;118.1;117.96;1144;
509edd0c-129c-4ee2-934d-7f6246126da1;2025-04-28T06:55:00Z;117.98;117.9;117.98;117.86;1416;
509edd0c-129c-4ee2-934d-7f6246126da1;2025-04-28T06:56:00Z;117.88;117.82;117.9;117.82;844;
509edd0c-129c-4ee2-934d-7f6246126da1;2025-04-28T06:57:00Z;117.82;117.92;117.92;117.82;278;
509edd0c-129c-4ee2-934d-7f6246126da1;2025-04-28T06:58:00Z;117.88;118.06;118.08;117.88;1010;
509edd0c-129c-4ee2-934d-7f6246126da1;2025-04-28T06:59:00Z;118;118.04;118.08;118;1418;
509edd0c-129c-4ee2-934d-7f6246126da1;2025-04-28T07:00:00Z;118.04;117.86;118.04;117.8;1854;
509edd0c-129c-4ee2-934d-7f6246126da1;2025-04-28T07:01:00Z;117.88;117.78;117.88;117.74;4096;
509edd0c-129c-4ee2-934d-7f6246126da1;2025-04-28T07:02:00Z;117.8;117.86;117.88;117.78;987;
509edd0c-129c-4ee2-934d-7f6246126da1;2025-04-28T07:03:00Z;117.8;117.74;117.82;117.74;823;
509edd0c-129c-4ee2-934d-7f6246126da1;2025-04-28T07:04:00Z;117.74;117.64;117.74;117.54;6446;
509edd0c-129c-4ee2-934d-7f6246126da1;2025-04-28T07:05:00Z;117.6;117.72;117.78;117.52;1963;
509edd0c-129c-4ee2-934d-7f6246126da1;2025-04-28T07:06:00Z;117.7;117.72;117.72;117.64;594;
509edd0c-129c-4ee2-934d-7f6246126da1;2025-04-28T07:07:00Z;117.72;117.7;117.78;117.68;536;
509edd0c-129c-4ee2-934d-7f6246126da1;2025-04-28T07:08:00Z;117.7;117.6;117.74;117.6;3572;
509edd0c-129c-4ee2-934d-7f6246126da1;2025-04-28T07:09:00Z;117.6;117.28;117.6;117.14;27699;
509edd0c-129c-4ee2-934d-7f6246126da1;2025-04-28T07:10:00Z;117.28;117.2;117.28;117.2;2139;
509edd0c-129c-4ee2-934d-7f6246126da1;2025-04-28T07:11:00Z;117.18;117.22;117.22;117.16;824;
509edd0c-129c-4ee2-934d-7f6246126da1;2025-04-28T07:12:00Z;117.18;117.2;117.24;117.18;524;
509edd0c-129c-4ee2-934d-7f6246126da1;2025-04-28T07:13:00Z;117.28;117.36;117.4;117.28;6828;
509edd0c-129c-4ee2-934d-7f6246126da1;2025-04-28T07:14:00Z;117.36;117.28;117.44;117.28;4695;
509edd0c-129c-4ee2-934d-7f6246126da1;2025-04-28T07:15:00Z;117.28;117.14;117.28;117.1;5397;
509edd0c-129c-4ee2-934d-7f6246126da1;2025-04-28T07:16:00Z;117.14;117.3;117.38;117.14;1014;
509edd0c-129c-4ee2-934d-7f6246126da1;2025-04-28T07:17:00Z;117.28;117.18;117.32;117.18;2172;
509edd0c-129c-4ee2-934d-7f6246126da1;2025-04-28T07:18:00Z;117.2;117.2;117.2;117.1;1676;
509edd0c-129c-4ee2-934d-7f6246126da1;2025-04-28T07:19:00Z;117.18;116.62;117.18;116.62;36925;
509edd0c-129c-4ee2-934d-7f6246126da1;2025-04-28T07:20:00Z;116.66;116.84;116.86;116.62;5509;
509edd0c-129c-4ee2-934d-7f6246126da1;2025-04-28T07:21:00Z;116.82;116.86;116.9;116.7;5107;
509edd0c-129c-4ee2-934d-7f6246126da1;2025-04-28T07:22:00Z;116.86;116.88;116.88;116.82;965;
509edd0c-129c-4ee2-934d-7f6246126da1;2025-04-28T07:23:00Z;116.9;116.86;116.92;116.84;1142;
509edd0c-129c-4ee2-934d-7f6246126da1;2025-04-28T07:24:00Z;116.88;117;117.02;116.84;11644;
509edd0c-129c-4ee2-934d-7f6246126da1;2025-04-28T07:25:00Z;117.02;117.06;117.06;117;571;
509edd0c-129c-4ee2-934d-7f6246126da1;2025-04-28T07:26:00Z;117.04;116.92;117.06;116.92;4993;
509edd0c-129c-4ee2-934d-7f6246126da1;2025-04-28T07:27:00Z;116.9;117;117;116.9;37190;
509edd0c-129c-4ee2-934d-7f6246126da1;2025-04-28T07:28:00Z;117;117.1;117.1;117;15194;
509edd0c-129c-4ee2-934d-7f6246126da1;2025-04-28T07:29:00Z;117.1;117.04;117.1;117;1617;
509edd0c-129c-4ee2-934d-7f6246126da1;2025-04-28T07:30:00Z;117.04;117.08;117.1;117;2709;
509edd0c-129c-4ee2-934d-7f6246126da1;2025-04-28T07:31:00Z;117.08;117.1;117.12;117;2295;
509edd0c-129c-4ee2-934d-7f6246126da1;2025-04-28T07:32:00Z;117.12;117.08;117.12;117.04;1927;
509edd0c-129c-4ee2-934d-7f6246126da1;2025-04-28T07:33:00Z;117.06;117;117.1;117;2315;
509edd0c-129c-4ee2-934d-7f6246126da1;2025-04-28T07:34:00Z;117;117;117.04;117;3556;
509edd0c-129c-4ee2-934d-7f6246126da1;2025-04-28T07:35:00Z;117;116.94;117.02;116.88;5703;
509edd0c-129c-4ee2-934d-7f6246126da1;2025-04-28T07:36:00Z;116.96;117;117.04;116.96;418;
509edd0c-129c-4ee2-934d-7f6246126da1;2025-04-28T07:37:00Z;117;117.04;117.04;116.94;893;
509edd0c-129c-4ee2-934d-7f6246126da1;2025-04-28T07:38:00Z;117.04;117.14;117.14;117.04;3896;
509edd0c-129c-4ee2-934d-7f6246126da1;2025-04-28T07:39:00Z;117.12;117.3;117.3;117.12;1857;
509edd0c-129c-4ee2-934d-7f6246126da1;2025-04-28T07:40:00Z;117.24;117.14;117.24;117.14;981;
509edd0c-129c-4ee2-934d-7f6246126da1;2025-04-28T07:41:00Z;117.14;117.16;117.18;117.14;58;
509edd0c-129c-4ee2-934d-7f6246126da1;2025-04-28T07:42:00Z;117.18;117.28;117.3;117.18;2292;
509edd0c-129c-4ee2-934d-7f6246126da1;2025-04-28T07:43:00Z;117.3;117.24;117.3;117.2;806;
509edd0c-129c-4ee2-934d-7f6246126da1;2025-04-28T07:44:00Z;117.24;117.3;117.38;117.22;3775;
509edd0c-129c-4ee2-934d-7f6246126da1;2025-04-28T07:45:00Z;117.3;117.3;117.36;117.2;436;
509edd0c-129c-4ee2-934d-7f6246126da1;2025-04-28T07:46:00Z;117.3;117.22;117.3;117.2;387;
509edd0c-129c-4ee2-934d-7f6246126da1;2025-04-28T07:47:00Z;117.22;117.26;117.28;117.22;1843;
509edd0c-129c-4ee2-934d-7f6246126da1;2025-04-28T07:48:00Z;117.26;117.38;117.38;117.26;2648;
509edd0c-129c-4ee2-934d-7f6246126da1;2025-04-28T07:49:00Z;117.38;117.44;117.5;117.32;4098;
509edd0c-129c-4ee2-934d-7f6246126da1;2025-04-28T07:50:00Z;117.44;117.56;117.62;117.42;4205;
509edd0c-129c-4ee2-934d-7f6246126da1;2025-04-28T07:51:00Z;117.58;117.6;117.62;117.58;2317;
509edd0c-129c-4ee2-934d-7f6246126da1;2025-04-28T07:52:00Z;117.6;117.72;117.76;117.58;2883;
509edd0c-129c-4ee2-934d-7f6246126da1;2025-04-28T07:53:00Z;117.76;117.74;117.8;117.72;3325;
509edd0c-129c-4ee2-934d-7f6246126da1;2025-04-28T07:54:00Z;117.72;117.8;117.8;117.7;2322;
509edd0c-129c-4ee2-934d-7f6246126da1;2025-04-28T07:55:00Z;117.76;117.84;117.84;117.62;8817;
509edd0c-129c-4ee2-934d-7f6246126da1;2025-04-28T07:56:00Z;117.8;117.94;118;117.8;5710;
509edd0c-129c-4ee2-934d-7f6246126da1;2025-04-28T07:57:00Z;117.96;117.88;118;117.8;6003;
509edd0c-129c-4ee2-934d-7f6246126da1;2025-04-28T07:58:00Z;117.88;117.94;117.94;117.88;276;
509edd0c-129c-4ee2-934d-7f6246126da1;2025-04-28T07:59:00Z;117.94;117.8;117.94;117.8;1691;
509edd0c-129c-4ee2-934d-7f6246126da1;2025-04-28T08:00:00Z;117.84;117.8;117.86;117.8;593;
509edd0c-129c-4ee2-934d-7f6246126da1;2025-04-28T08:01:00Z;117.8;117.8;117.82;117.8;9331;
509edd0c-129c-4ee2-934d-7f6246126da1;2025-04-28T08:02:00Z;117.8;117.66;117.82;117.58;2680;
509edd0c-129c-4ee2-934d-7f6246126da1;2025-04-28T08:03:00Z;117.66;117.66;117.7;117.64;204;
509edd0c-129c-4ee2-934d-7f6246126da1;2025-04-28T08:04:00Z;117.68;117.6;117.68;117.6;587;
509edd0c-129c-4ee2-934d-7f6246126da1;2025-04-28T08:05:00Z;117.6;117.68;117.68;117.56;1167;
509edd0c-129c-4ee2-934d-7f6246126da1;2025-04-28T08:06:00Z;117.66;117.82;117.82;117.66;795;
509edd0c-129c-4ee2-934d-7f6246126da1;2025-04-28T08:07:00Z;117.8;117.8;117.82;117.78;877;
509edd0c-129c-4ee2-934d-7f6246126da1;2025-04-28T08:08:00Z;117.78;117.84;117.88;117.78;299;
509edd0c-129c-4ee2-934d-7f6246126da1;2025-04-28T08:09:00Z;117.82;117.84;117.84;117.82;405;
509edd0c-129c-4ee2-934d-7f6246126da1;2025-04-28T08:10:00Z;117.86;118;118;117.84;1898;
509edd0c-129c-4ee2-934d-7f6246126da1;2025-04-28T08:11:00Z;118;117.88;118.08;117.88;2862;
509edd0c-129c-4ee2-934d-7f6246126da1;2025-04-28T08:12:00Z;117.94;117.96;118;117.9;2172;
509edd0c-129c-4ee2-934d-7f6246126da1;2025-04-28T08:13:00Z;117.94;117.94;118;117.9;1578;
509edd0c-129c-4ee2-934d-7f6246126da1;2025-04-28T08:14:00Z;117.94;117.84;118;117.84;1931;
509edd0c-129c-4ee2-934d-7f6246126da1;2025-04-28T08:15:00Z;117.86;117.9;117.92;117.84;2547;
509edd0c-129c-4ee2-934d-7f6246126da1;2025-04-28T08:16:00Z;117.9;117.8;117.92;117.8;1694;
509edd0c-129c-4ee2-934d-7f6246126da1;2025-04-28T08:17:00Z;117.82;117.82;117.82;117.8;271;
509edd0c-129c-4ee2-934d-7f6246126da1;2025-04-28T08:18:00Z;117.82;117.92;117.92;117.82;562;
509edd0c-129c-4ee2-934d-7f6246126da1;2025-04-28T08:19:00Z;117.94;117.94;118;117.92;1180;
509edd0c-129c-4ee2-934d-7f6246126da1;2025-04-28T08:20:00Z;117.96;117.86;117.96;117.86;1193;
509edd0c-129c-4ee2-934d-7f6246126da1;2025-04-28T08:21:00Z;117.84;117.88;117.9;117.82;519;
509edd0c-129c-4ee2-934d-7f6246126da1;2025-04-28T08:22:00Z;117.86;117.82;117.86;117.8;1902;
509edd0c-129c-4ee2-934d-7f6246126da1;2025-04-28T08:23:00Z;117.82;117.8;117.96;117.8;8462;
509edd0c-129c-4ee2-934d-7f6246126da1;2025-04-28T08:24:00Z;117.8;117.78;117.8;117.76;480;
509edd0c-129c-4ee2-934d-7f6246126da1;2025-04-28T08:25:00Z;117.76;117.76;117.78;117.76;262;
509edd0c-129c-4ee2-934d-7f6246126da1;2025-04-28T08:26:00Z;117.78;117.76;117.8;117.76;296;
509edd0c-129c-4ee2-934d-7f6246126da1;2025-04-28T08:27:00Z;117.78;117.78;117.78;117.76;127;
509edd0c-129c-4ee2-934d-7f6246126da1;2025-04-28T08:28:00Z;117.78;117.76;117.78;117.76;39;
509edd0c-129c-4ee2-934d-7f6246126da1;2025-04-28T08:29:00Z;117.78;117.78;117.78;117.76;148;
509edd0c-129c-4ee2-934d-7f6246126da1;2025-04-28T08:30:00Z;117.78;117.84;117.94;117.76;3965;
509edd0c-129c-4ee2-934d-7f6246126da1;2025-04-28T08:31:00Z;117.84;117.84;117.84;117.82;30;
509edd0c-129c-4ee2-934d-7f6246126da1;2025-04-28T08:32:00Z;117.86;117.88;117.88;117.86;164;
509edd0c-129c-4ee2-934d-7f6246126da1;2025-04-28T08:33:00Z;117.86;117.8;117.86;117.8;351;
509edd0c-129c-4ee2-934d-7f6246126da1;2025-04-28T08:34:00Z;117.8;117.7;117.82;117.7;1951;
509edd0c-129c-4ee2-934d-7f6246126da1;2025-04-28T08:35:00Z;117.7;117.7;117.72;117.7;665;
509edd0c-129c-4ee2-934d-7f6246126da1;2025-04-28T08:36:00Z;117.7;117.66;117.72;117.66;204;
509edd0c-129c-4ee2-934d-7f6246126da1;2025-04-28T08:37:00Z;117.68;117.74;117.8;117.66;1020;
509edd0c-129c-4ee2-934d-7f6246126da1;2025-04-28T08:38:00Z;117.76;117.74;117.82;117.68;854;
509edd0c-129c-4ee2-934d-7f6246126da1;2025-04-28T08:39:00Z;117.72;117.64;117.72;117.64;102;
509edd0c-129c-4ee2-934d-7f6246126da1;2025-04-28T08:40:00Z;117.66;117.68;117.68;117.66;1046;
509edd0c-129c-4ee2-934d-7f6246126da1;2025-04-28T08:41:00Z;117.68;117.66;117.7;117.64;1639;
509edd0c-129c-4ee2-934d-7f6246126da1;2025-04-28T08:42:00Z;117.64;117.58;117.64;117.56;1200;
509edd0c-129c-4ee2-934d-7f6246126da1;2025-04-28T08:43:00Z;117.58;117.58;117.6;117.58;211;
509edd0c-129c-4ee2-934d-7f6246126da1;2025-04-28T08:44:00Z;117.58;117.5;117.6;117.5;1032;
509edd0c-129c-4ee2-934d-7f6246126da1;2025-04-28T08:45:00Z;117.5;117.52;117.52;117.5;24;
509edd0c-129c-4ee2-934d-7f6246126da1;2025-04-28T08:46:00Z;117.52;117.5;117.52;117.5;88;
509edd0c-129c-4ee2-934d-7f6246126da1;2025-04-28T08:47:00Z;117.5;117.5;117.5;117.5;123;
509edd0c-129c-4ee2-934d-7f6246126da1;2025-04-28T08:48:00Z;117.5;117.52;117.54;117.5;348;
509edd0c-129c-4ee2-934d-7f6246126da1;2025-04-28T08:49:00Z;117.52;117.52;117.54;117.42;2208;
509edd0c-129c-4ee2-934d-7f6246126da1;2025-04-28T08:50:00Z;117.52;117.54;117.54;117.5;328;
509edd0c-129c-4ee2-934d-7f6246126da1;2025-04-28T08:51:00Z;117.54;117.8;117.88;117.54;5612;
509edd0c-129c-4ee2-934d-7f6246126da1;2025-04-28T08:52:00Z;117.78;117.62;117.82;117.62;822;
509edd0c-129c-4ee2-934d-7f6246126da1;2025-04-28T08:53:00Z;117.66;117.82;117.84;117.66;216;
509edd0c-129c-4ee2-934d-7f6246126da1;2025-04-28T08:54:00Z;117.76;117.82;117.82;117.74;80;
509edd0c-129c-4ee2-934d-7f6246126da1;2025-04-28T08:55:00Z;117.8;117.8;117.8;117.78;178;
509edd0c-129c-4ee2-934d-7f6246126da1;2025-04-28T08:56:00Z;117.78;117.54;117.78;117.5;2463;
509edd0c-129c-4ee2-934d-7f6246126da1;2025-04-28T08:57:00Z;117.52;117.52;117.54;117.44;1890;
509edd0c-129c-4ee2-934d-7f6246126da1;2025-04-28T08:58:00Z;117.54;117.5;117.54;117.48;59;
509edd0c-129c-4ee2-934d-7f6246126da1;2025-04-28T08:59:00Z;117.5;117.36;117.5;117.3;8410;
509edd0c-129c-4ee2-934d-7f6246126da1;2025-04-28T09:00:00Z;117.36;117.2;117.36;117.08;7823;
509edd0c-129c-4ee2-934d-7f6246126da1;2025-04-28T09:01:00Z;117.18;117.46;117.48;117.18;7403;
509edd0c-129c-4ee2-934d-7f6246126da1;2025-04-28T09:02:00Z;117.44;117.64;117.68;117.42;5058;
509edd0c-129c-4ee2-934d-7f6246126da1;2025-04-28T09:03:00Z;117.62;117.72;117.74;117.62;766;
509edd0c-129c-4ee2-934d-7f6246126da1;2025-04-28T09:04:00Z;117.72;117.74;117.74;117.68;1210;
509edd0c-129c-4ee2-934d-7f6246126da1;2025-04-28T09:05:00Z;117.74;117.72;117.8;117.66;1484;
509edd0c-129c-4ee2-934d-7f6246126da1;2025-04-28T09:06:00Z;117.78;117.82;117.84;117.78;502;
509edd0c-129c-4ee2-934d-7f6246126da1;2025-04-28T09:07:00Z;117.76;117.74;117.76;117.68;410;
509edd0c-129c-4ee2-934d-7f6246126da1;2025-04-28T09:08:00Z;117.76;117.8;117.82;117.7;595;
509edd0c-129c-4ee2-934d-7f6246126da1;2025-04-28T09:09:00Z;117.8;117.82;117.86;117.78;993;
509edd0c-129c-4ee2-934d-7f6246126da1;2025-04-28T09:10:00Z;117.8;117.78;117.8;117.74;613;
509edd0c-129c-4ee2-934d-7f6246126da1;2025-04-28T09:11:00Z;117.78;117.98;118;117.72;10560;
509edd0c-129c-4ee2-934d-7f6246126da1;2025-04-28T09:12:00Z;117.96;117.92;117.96;117.84;1713;
509edd0c-129c-4ee2-934d-7f6246126da1;2025-04-28T09:13:00Z;117.94;118;118;117.9;1428;
509edd0c-129c-4ee2-934d-7f6246126da1;2025-04-28T09:14:00Z;118.02;118;118.06;117.98;1082;
509edd0c-129c-4ee2-934d-7f6246126da1;2025-04-28T09:15:00Z;118;118.02;118.02;118;487;
509edd0c-129c-4ee2-934d-7f6246126da1;2025-04-28T09:16:00Z;118.02;118.02;118.02;118;8101;
509edd0c-129c-4ee2-934d-7f6246126da1;2025-04-28T09:17:00Z;118.02;118.06;118.08;118.02;320;
509edd0c-129c-4ee2-934d-7f6246126da1;2025-04-28T09:18:00Z;118.06;118.02;118.08;118.02;386;
509edd0c-129c-4ee2-934d-7f6246126da1;2025-04-28T09:19:00Z;118;118;118.04;118;1193;
509edd0c-129c-4ee2-934d-7f6246126da1;2025-04-28T09:20:00Z;118;118.06;118.08;118;671;
509edd0c-129c-4ee2-934d-7f6246126da1;2025-04-28T09:21:00Z;118.06;118.02;118.08;118.02;326;
509edd0c-129c-4ee2-934d-7f6246126da1;2025-04-28T09:22:00Z;118.02;118.02;118.02;118;464;
509edd0c-129c-4ee2-934d-7f6246126da1;2025-04-28T09:23:00Z;118;118;118.02;118;842;
509edd0c-129c-4ee2-934d-7f6246126da1;2025-04-28T09:24:00Z;118;118;118.02;118;3605;
509edd0c-129c-4ee2-934d-7f6246126da1;2025-04-28T09:25:00Z;118.02;118;118.02;118;734;
509edd0c-129c-4ee2-934d-7f6246126da1;2025-04-28T09:26:00Z;118;118;118.02;118;1117;
509edd0c-129c-4ee2-934d-7f6246126da1;2025-04-28T09:27:00Z;118;117.84;118.02;117.78;1910;
509edd0c-129c-4ee2-934d-7f6246126da1;2025-04-28T09:28:00Z;117.8;117.94;117.96;117.8;1449;
509edd0c-129c-4ee2-934d-7f6246126da1;2025-04-28T09:29:00Z;117.94;117.88;117.96;117.88;294;
509edd0c-129c-4ee2-934d-7f6246126da1;2025-04-28T09:30:00Z;117.88;117.7;117.88;117.7;775;
509edd0c-129c-4ee2-934d-7f6246126da1;2025-04-28T09:31:00Z;117.72;117.8;117.8;117.7;826;
509edd0c-129c-4ee2-934d-7f6246126da1;2025-04-28T09:32:00Z;117.8;117.76;117.8;117.64;353;
509edd0c-129c-4ee2-934d-7f6246126da1;2025-04-28T09:33:00Z;117.74;117.86;117.86;117.74;460;
509edd0c-129c-4ee2-934d-7f6246126da1;2025-04-28T09:34:00Z;117.88;118;118.02;117.88;1093;
509edd0c-129c-4ee2-934d-7f6246126da1;2025-04-28T09:35:00Z;117.98;118;118.02;117.94;157;
509edd0c-129c-4ee2-934d-7f6246126da1;2025-04-28T09:36:00Z;118;117.86;118.04;117.86;457;
509edd0c-129c-4ee2-934d-7f6246126da1;2025-04-28T09:37:00Z;117.88;117.78;117.92;117.78;669;
509edd0c-129c-4ee2-934d-7f6246126da1;2025-04-28T09:38:00Z;117.78;117.78;117.8;117.76;674;
509edd0c-129c-4ee2-934d-7f6246126da1;2025-04-28T09:39:00Z;117.78;117.78;117.86;117.78;381;
509edd0c-129c-4ee2-934d-7f6246126da1;2025-04-28T09:40:00Z;117.82;117.86;117.9;117.82;288;
509edd0c-129c-4ee2-934d-7f6246126da1;2025-04-28T09:41:00Z;117.84;117.8;117.84;117.8;460;
509edd0c-129c-4ee2-934d-7f6246126da1;2025-04-28T09:42:00Z;117.8;117.9;117.92;117.8;1174;
509edd0c-129c-4ee2-934d-7f6246126da1;2025-04-28T09:43:00Z;117.92;117.86;117.98;117.86;842;
509edd0c-129c-4ee2-934d-7f6246126da1;2025-04-28T09:44:00Z;117.9;117.8;117.96;117.8;655;
509edd0c-129c-4ee2-934d-7f6246126da1;2025-04-28T09:45:00Z;117.82;117.82;117.9;117.82;539;
509edd0c-129c-4ee2-934d-7f6246126da1;2025-04-28T09:46:00Z;117.84;117.92;117.92;117.84;320;
509edd0c-129c-4ee2-934d-7f6246126da1;2025-04-28T09:47:00Z;117.9;118.02;118.02;117.9;348;
509edd0c-129c-4ee2-934d-7f6246126da1;2025-04-28T09:48:00Z;118.02;117.96;118.02;117.92;2203;
509edd0c-129c-4ee2-934d-7f6246126da1;2025-04-28T09:49:00Z;117.96;117.94;118;117.94;204;
509edd0c-129c-4ee2-934d-7f6246126da1;2025-04-28T09:50:00Z;117.98;118.02;118.04;117.98;582;
509edd0c-129c-4ee2-934d-7f6246126da1;2025-04-28T09:51:00Z;118;117.96;118;117.96;130;
509edd0c-129c-4ee2-934d-7f6246126da1;2025-04-28T09:52:00Z;118;117.96;118.02;117.96;1288;
509edd0c-129c-4ee2-934d-7f6246126da1;2025-04-28T09:53:00Z;117.96;117.92;117.98;117.92;292;
509edd0c-129c-4ee2-934d-7f6246126da1;2025-04-28T09:54:00Z;117.9;117.96;117.96;117.9;356;
509edd0c-129c-4ee2-934d-7f6246126da1;2025-04-28T09:55:00Z;117.96;117.9;117.96;117.9;175;
509edd0c-129c-4ee2-934d-7f6246126da1;2025-04-28T09:56:00Z;117.92;117.92;117.92;117.9;58;
509edd0c-129c-4ee2-934d-7f6246126da1;2025-04-28T09:57:00Z;117.9;117.9;117.92;117.9;97;
509edd0c-129c-4ee2-934d-7f6246126da1;2025-04-28T09:58:00Z;117.9;117.9;117.92;117.9;3367;
509edd0c-129c-4ee2-934d-7f6246126da1;2025-04-28T09:59:00Z;117.9;117.68;117.9;117.68;3490;
509edd0c-129c-4ee2-934d-7f6246126da1;2025-04-28T10:00:00Z;117.68;117.52;117.72;117.5;9847;
509edd0c-129c-4ee2-934d-7f6246126da1;2025-04-28T10:01:00Z;117.54;117.62;117.62;117.52;3125;
509edd0c-129c-4ee2-934d-7f6246126da1;2025-04-28T10:02:00Z;117.62;117.64;117.74;117.6;694;
509edd0c-129c-4ee2-934d-7f6246126da1;2025-04-28T10:03:00Z;117.68;117.68;117.68;117.66;200;
509edd0c-129c-4ee2-934d-7f6246126da1;2025-04-28T10:04:00Z;117.68;117.72;117.76;117.68;272;
509edd0c-129c-4ee2-934d-7f6246126da1;2025-04-28T10:05:00Z;117.72;117.74;117.74;117.7;38;
509edd0c-129c-4ee2-934d-7f6246126da1;2025-04-28T10:06:00Z;117.72;117.68;117.72;117.68;405;
509edd0c-129c-4ee2-934d-7f6246126da1;2025-04-28T10:07:00Z;117.66;117.68;117.68;117.64;57;
509edd0c-129c-4ee2-934d-7f6246126da1;2025-04-28T10:08:00Z;117.64;117.6;117.66;117.6;642;
509edd0c-129c-4ee2-934d-7f6246126da1;2025-04-28T10:09:00Z;117.6;117.5;117.6;117.5;2391;
509edd0c-129c-4ee2-934d-7f6246126da1;2025-04-28T10:10:00Z;117.5;117.5;117.5;117.5;5685;
509edd0c-129c-4ee2-934d-7f6246126da1;2025-04-28T10:11:00Z;117.52;117.42;117.52;117.4;10322;
509edd0c-129c-4ee2-934d-7f6246126da1;2025-04-28T10:12:00Z;117.4;117.4;117.44;117.36;1299;
509edd0c-129c-4ee2-934d-7f6246126da1;2025-04-28T10:13:00Z;117.4;117.34;117.4;117.3;1730;
509edd0c-129c-4ee2-934d-7f6246126da1;2025-04-28T10:14:00Z;117.34;117.06;117.34;117;15785;
509edd0c-129c-4ee2-934d-7f6246126da1;2025-04-28T10:15:00Z;117.04;117.22;117.22;117.02;2562;
509edd0c-129c-4ee2-934d-7f6246126da1;2025-04-28T10:16:00Z;117.26;117.2;117.26;117.2;832;
509edd0c-129c-4ee2-934d-7f6246126da1;2025-04-28T10:17:00Z;117.2;117.08;117.2;117.06;1627;
509edd0c-129c-4ee2-934d-7f6246126da1;2025-04-28T10:18:00Z;117.08;117.18;117.18;117;2509;
509edd0c-129c-4ee2-934d-7f6246126da1;2025-04-28T10:19:00Z;117.16;117.2;117.28;117.14;2156;
509edd0c-129c-4ee2-934d-7f6246126da1;2025-04-28T10:20:00Z;117.2;117.04;117.2;117;11496;
509edd0c-129c-4ee2-934d-7f6246126da1;2025-04-28T10:21:00Z;117.02;117.04;117.06;117;1435;
509edd0c-129c-4ee2-934d-7f6246126da1;2025-04-28T10:22:00Z;117.02;116.92;117.12;116.86;13184;
509edd0c-129c-4ee2-934d-7f6246126da1;2025-04-28T10:23:00Z;116.92;116.96;117;116.88;4058;
509edd0c-129c-4ee2-934d-7f6246126da1;2025-04-28T10:24:00Z;117.02;116.96;117.02;116.94;356;
509edd0c-129c-4ee2-934d-7f6246126da1;2025-04-28T10:25:00Z;116.96;117.04;117.06;116.96;821;
509edd0c-129c-4ee2-934d-7f6246126da1;2025-04-28T10:26:00Z;117.06;117.04;117.06;117;1342;
509edd0c-129c-4ee2-934d-7f6246126da1;2025-04-28T10:27:00Z;117.06;117.1;117.1;117;466;
509edd0c-129c-4ee2-934d-7f6246126da1;2025-04-28T10:28:00Z;117.06;117.12;117.12;117.02;3305;
509edd0c-129c-4ee2-934d-7f6246126da1;2025-04-28T10:29:00Z;117.12;117.06;117.2;117.06;2304;
509edd0c-129c-4ee2-934d-7f6246126da1;2025-04-28T10:30:00Z;117.08;117.04;117.16;117;3830;
509edd0c-129c-4ee2-934d-7f6246126da1;2025-04-28T10:31:00Z;117.04;117.12;117.12;117;1084;
509edd0c-129c-4ee2-934d-7f6246126da1;2025-04-28T10:32:00Z;117.12;117.16;117.2;117.12;583;
509edd0c-129c-4ee2-934d-7f6246126da1;2025-04-28T10:33:00Z;117.12;117.1;117.14;117.06;305;
509edd0c-129c-4ee2-934d-7f6246126da1;2025-04-28T10:34:00Z;117.1;117.06;117.1;117.06;184;
509edd0c-129c-4ee2-934d-7f6246126da1;2025-04-28T10:35:00Z;117.06;117.12;117.12;117.06;36;
509edd0c-129c-4ee2-934d-7f6246126da1;2025-04-28T10:36:00Z;117.12;117.1;117.12;117.08;1089;
509edd0c-129c-4ee2-934d-7f6246126da1;2025-04-28T10:37:00Z;117.1;117.1;117.12;117.06;281;
509edd0c-129c-4ee2-934d-7f6246126da1;2025-04-28T10:38:00Z;117.12;117.1;117.12;117.1;39;
509edd0c-129c-4ee2-934d-7f6246126da1;2025-04-28T10:39:00Z;117.1;117.34;117.34;117.1;2628;
509edd0c-129c-4ee2-934d-7f6246126da1;2025-04-28T10:40:00Z;117.34;117.42;117.56;117.34;11157;
509edd0c-129c-4ee2-934d-7f6246126da1;2025-04-28T10:41:00Z;117.42;117.48;117.48;117.4;3264;
509edd0c-129c-4ee2-934d-7f6246126da1;2025-04-28T10:42:00Z;117.44;117.4;117.5;117.4;2075;
509edd0c-129c-4ee2-934d-7f6246126da1;2025-04-28T10:43:00Z;117.4;117.46;117.46;117.4;865;
509edd0c-129c-4ee2-934d-7f6246126da1;2025-04-28T10:44:00Z;117.48;117.48;117.5;117.46;926;
509edd0c-129c-4ee2-934d-7f6246126da1;2025-04-28T10:45:00Z;117.48;117.44;117.48;117.44;110;
509edd0c-129c-4ee2-934d-7f6246126da1;2025-04-28T10:46:00Z;117.46;117.44;117.46;117.44;126;
509edd0c-129c-4ee2-934d-7f6246126da1;2025-04-28T10:47:00Z;117.44;117.46;117.48;117.42;11871;
509edd0c-129c-4ee2-934d-7f6246126da1;2025-04-28T10:48:00Z;117.46;117.46;117.46;117.44;11408;
509edd0c-129c-4ee2-934d-7f6246126da1;2025-04-28T10:49:00Z;117.46;117.9;118;117.44;14173;
509edd0c-129c-4ee2-934d-7f6246126da1;2025-04-28T10:50:00Z;117.92;117.82;118.02;117.78;8140;
509edd0c-129c-4ee2-934d-7f6246126da1;2025-04-28T10:51:00Z;117.82;117.98;117.98;117.72;5926;
509edd0c-129c-4ee2-934d-7f6246126da1;2025-04-28T10:52:00Z;117.9;117.7;117.9;117.64;4520;
509edd0c-129c-4ee2-934d-7f6246126da1;2025-04-28T10:53:00Z;117.7;117.72;117.76;117.68;1188;
509edd0c-129c-4ee2-934d-7f6246126da1;2025-04-28T10:54:00Z;117.72;117.8;117.8;117.72;1471;
509edd0c-129c-4ee2-934d-7f6246126da1;2025-04-28T10:55:00Z;117.8;117.7;117.86;117.7;3976;
509edd0c-129c-4ee2-934d-7f6246126da1;2025-04-28T10:56:00Z;117.7;117.52;117.7;117.4;6287;
509edd0c-129c-4ee2-934d-7f6246126da1;2025-04-28T10:57:00Z;117.52;117.48;117.64;117.44;2975;
509edd0c-129c-4ee2-934d-7f6246126da1;2025-04-28T10:58:00Z;117.46;117.46;117.48;117.4;2706;
509edd0c-129c-4ee2-934d-7f6246126da1;2025-04-28T10:59:00Z;117.46;117.42;117.46;117.4;6717;
509edd0c-129c-4ee2-934d-7f6246126da1;2025-04-28T11:00:00Z;117.4;117.42;117.44;117.4;3603;
509edd0c-129c-4ee2-934d-7f6246126da1;2025-04-28T11:01:00Z;117.4;117.46;117.46;117.4;2074;
509edd0c-129c-4ee2-934d-7f6246126da1;2025-04-28T11:02:00Z;117.46;117.46;117.46;117.4;1871;
509edd0c-129c-4ee2-934d-7f6246126da1;2025-04-28T11:03:00Z;117.46;117.46;117.46;117.44;1002;
509edd0c-129c-4ee2-934d-7f6246126da1;2025-04-28T11:04:00Z;117.44;117.4;117.58;117.4;4634;
509edd0c-129c-4ee2-934d-7f6246126da1;2025-04-28T11:05:00Z;117.46;117.58;117.58;117.44;1754;
509edd0c-129c-4ee2-934d-7f6246126da1;2025-04-28T11:06:00Z;117.56;117.4;117.58;117.4;702;
509edd0c-129c-4ee2-934d-7f6246126da1;2025-04-28T11:07:00Z;117.4;117.46;117.46;117.4;778;
509edd0c-129c-4ee2-934d-7f6246126da1;2025-04-28T11:08:00Z;117.44;117.44;117.5;117.42;586;
509edd0c-129c-4ee2-934d-7f6246126da1;2025-04-28T11:09:00Z;117.44;117.4;117.48;117.4;2131;
509edd0c-129c-4ee2-934d-7f6246126da1;2025-04-28T11:10:00Z;117.42;117.42;117.44;117.4;1102;
509edd0c-129c-4ee2-934d-7f6246126da1;2025-04-28T11:11:00Z;117.42;117.42;117.42;117.4;77;
509edd0c-129c-4ee2-934d-7f6246126da1;2025-04-28T11:12:00Z;117.42;117.48;117.48;117.42;652;
509edd0c-129c-4ee2-934d-7f6246126da1;2025-04-28T11:13:00Z;117.48;117.54;117.54;117.48;872;
509edd0c-129c-4ee2-934d-7f6246126da1;2025-04-28T11:14:00Z;117.54;117.56;117.58;117.54;1084;
509edd0c-129c-4ee2-934d-7f6246126da1;2025-04-28T11:15:00Z;117.56;118;118.02;117.56;9442;
509edd0c-129c-4ee2-934d-7f6246126da1;2025-04-28T11:16:00Z;118.02;118.46;118.6;118.02;31894;
509edd0c-129c-4ee2-934d-7f6246126da1;2025-04-28T11:17:00Z;118.46;118.64;118.68;118.26;35528;
509edd0c-129c-4ee2-934d-7f6246126da1;2025-04-28T11:18:00Z;118.66;119.16;119.24;118.64;27239;
509edd0c-129c-4ee2-934d-7f6246126da1;2025-04-28T11:19:00Z;119.1;119.22;119.4;119.08;21246;
509edd0c-129c-4ee2-934d-7f6246126da1;2025-04-28T11:20:00Z;119.22;118.9;119.22;118.8;24970;
509edd0c-129c-4ee2-934d-7f6246126da1;2025-04-28T11:21:00Z;118.84;118.72;118.96;118.66;5695;
509edd0c-129c-4ee2-934d-7f6246126da1;2025-04-28T11:22:00Z;118.7;118.78;118.9;118.6;10593;
509edd0c-129c-4ee2-934d-7f6246126da1;2025-04-28T11:23:00Z;118.78;118.86;118.9;118.78;2851;
509edd0c-129c-4ee2-934d-7f6246126da1;2025-04-28T11:24:00Z;118.86;119.14;119.2;118.84;8009;
509edd0c-129c-4ee2-934d-7f6246126da1;2025-04-28T11:25:00Z;119.12;119.04;119.2;118.94;6607;
509edd0c-129c-4ee2-934d-7f6246126da1;2025-04-28T11:26:00Z;118.96;118.8;119;118.78;3054;
509edd0c-129c-4ee2-934d-7f6246126da1;2025-04-28T11:27:00Z;118.82;118.92;118.98;118.78;9710;
509edd0c-129c-4ee2-934d-7f6246126da1;2025-04-28T11:28:00Z;118.92;118.82;118.98;118.78;1908;
509edd0c-129c-4ee2-934d-7f6246126da1;2025-04-28T11:29:00Z;118.86;118.8;118.98;118.8;3141;
509edd0c-129c-4ee2-934d-7f6246126da1;2025-04-28T11:30:00Z;118.82;119;119;118.82;4861;
509edd0c-129c-4ee2-934d-7f6246126da1;2025-04-28T11:31:00Z;119;119.18;119.38;118.98;8089;
509edd0c-129c-4ee2-934d-7f6246126da1;2025-04-28T11:32:00Z;119.18;119.28;119.4;119.18;4829;
509edd0c-129c-4ee2-934d-7f6246126da1;2025-04-28T11:33:00Z;119.26;119.34;119.4;119.16;5786;
509edd0c-129c-4ee2-934d-7f6246126da1;2025-04-28T11:34:00Z;119.38;119.3;119.44;119.28;3782;
509edd0c-129c-4ee2-934d-7f6246126da1;2025-04-28T11:35:00Z;119.3;119.24;119.36;119.2;5619;
509edd0c-129c-4ee2-934d-7f6246126da1;2025-04-28T11:36:00Z;119.26;119.3;119.36;119.26;4388;
509edd0c-129c-4ee2-934d-7f6246126da1;2025-04-28T11:37:00Z;119.3;119.22;119.4;119.22;5655;
509edd0c-129c-4ee2-934d-7f6246126da1;2025-04-28T11:38:00Z;119.22;119.46;119.46;119.2;5301;
509edd0c-129c-4ee2-934d-7f6246126da1;2025-04-28T11:39:00Z;119.46;119.78;119.84;119.46;15859;
509edd0c-129c-4ee2-934d-7f6246126da1;2025-04-28T11:40:00Z;119.78;119.84;119.9;119.64;15053;
509edd0c-129c-4ee2-934d-7f6246126da1;2025-04-28T11:41:00Z;119.84;119.88;119.9;119.78;7195;
509edd0c-129c-4ee2-934d-7f6246126da1;2025-04-28T11:42:00Z;119.9;120;120;119.9;9286;
509edd0c-129c-4ee2-934d-7f6246126da1;2025-04-28T11:43:00Z;119.98;119.72;119.98;119.7;9965;
509edd0c-129c-4ee2-934d-7f6246126da1;2025-04-28T11:44:00Z;119.76;119.62;119.76;119.5;6748;
509edd0c-129c-4ee2-934d-7f6246126da1;2025-04-28T11:45:00Z;119.6;119.44;119.74;119.42;12058;
509edd0c-129c-4ee2-934d-7f6246126da1;2025-04-28T11:46:00Z;119.42;119.5;119.5;119.42;9290;
509edd0c-129c-4ee2-934d-7f6246126da1;2025-04-28T11:47:00Z;119.48;119.48;119.5;119.46;3097;
509edd0c-129c-4ee2-934d-7f6246126da1;2025-04-28T11:48:00Z;119.48;119.46;119.5;119.46;5458;
509edd0c-129c-4ee2-934d-7f6246126da1;2025-04-28T11:49:00Z;119.48;119.24;119.48;119.24;11903;
509edd0c-129c-4ee2-934d-7f6246126da1;2025-04-28T11:50:00Z;119.28;119.3;119.48;119.28;4980;
509edd0c-129c-4ee2-934d-7f6246126da1;2025-04-28T11:51:00Z;119.3;119.26;119.32;119.22;2348;
509edd0c-129c-4ee2-934d-7f6246126da1;2025-04-28T11:52:00Z;119.26;119.38;119.42;119.24;1907;
509edd0c-129c-4ee2-934d-7f6246126da1;2025-04-28T11:53:00Z;119.38;119.34;119.38;119.32;1814;
509edd0c-129c-4ee2-934d-7f6246126da1;2025-04-28T11:54:00Z;119.36;119.44;119.48;119.34;2968;
509edd0c-129c-4ee2-934d-7f6246126da1;2025-04-28T11:55:00Z;119.46;119.34;119.46;119.34;1416;
509edd0c-129c-4ee2-934d-7f6246126da1;2025-04-28T11:56:00Z;119.34;119.62;119.62;119.34;6889;
509edd0c-129c-4ee2-934d-7f6246126da1;2025-04-28T11:57:00Z;119.62;119.58;119.84;119.58;6253;
509edd0c-129c-4ee2-934d-7f6246126da1;2025-04-28T11:58:00Z;119.56;119.7;119.8;119.56;5683;
509edd0c-129c-4ee2-934d-7f6246126da1;2025-04-28T11:59:00Z;119.72;119.68;119.8;119.68;2952;
509edd0c-129c-4ee2-934d-7f6246126da1;2025-04-28T12:00:00Z;119.72;119.88;119.88;119.72;4196;
509edd0c-129c-4ee2-934d-7f6246126da1;2025-04-28T12:01:00Z;119.88;119.82;119.9;119.8;1598;
509edd0c-129c-4ee2-934d-7f6246126da1;2025-04-28T12:02:00Z;119.82;119.74;119.82;119.74;1032;
509edd0c-129c-4ee2-934d-7f6246126da1;2025-04-28T12:03:00Z;119.76;119.48;119.76;119.48;4268;
509edd0c-129c-4ee2-934d-7f6246126da1;2025-04-28T12:04:00Z;119.48;119.52;119.56;119.48;2903;
509edd0c-129c-4ee2-934d-7f6246126da1;2025-04-28T12:05:00Z;119.52;119.58;119.6;119.52;1150;
509edd0c-129c-4ee2-934d-7f6246126da1;2025-04-28T12:06:00Z;119.56;119.58;119.72;119.52;1337;
509edd0c-129c-4ee2-934d-7f6246126da1;2025-04-28T12:07:00Z;119.62;119.64;119.68;119.46;3265;
509edd0c-129c-4ee2-934d-7f6246126da1;2025-04-28T12:08:00Z;119.6;119.52;119.6;119.46;1335;
509edd0c-129c-4ee2-934d-7f6246126da1;2025-04-28T12:09:00Z;119.48;119.28;119.48;119.24;5504;
509edd0c-129c-4ee2-934d-7f6246126da1;2025-04-28T12:10:00Z;119.34;118.92;119.34;118.86;16913;
509edd0c-129c-4ee2-934d-7f6246126da1;2025-04-28T12:11:00Z;118.92;119;119.06;118.84;9197;
509edd0c-129c-4ee2-934d-7f6246126da1;2025-04-28T12:12:00Z;119;119.1;119.12;118.88;1604;
509edd0c-129c-4ee2-934d-7f6246126da1;2025-04-28T12:13:00Z;119.1;119.04;119.14;119.02;1304;
509edd0c-129c-4ee2-934d-7f6246126da1;2025-04-28T12:14:00Z;119.02;118.92;119.06;118.88;5127;
509edd0c-129c-4ee2-934d-7f6246126da1;2025-04-28T12:15:00Z;118.92;119.18;119.18;118.92;706;
509edd0c-129c-4ee2-934d-7f6246126da1;2025-04-28T12:16:00Z;119.18;119.1;119.18;119.04;706;
509edd0c-129c-4ee2-934d-7f6246126da1;2025-04-28T12:17:00Z;119.14;119.14;119.14;119.06;831;
509edd0c-129c-4ee2-934d-7f6246126da1;2025-04-28T12:18:00Z;119.12;119.18;119.2;119.1;1201;
509edd0c-129c-4ee2-934d-7f6246126da1;2025-04-28T12:19:00Z;119.2;119.2;119.2;119.16;637;
509edd0c-129c-4ee2-934d-7f6246126da1;2025-04-28T12:20:00Z;119.2;119.3;119.4;119.2;4907;
509edd0c-129c-4ee2-934d-7f6246126da1;2025-04-28T12:21:00Z;119.34;119.06;119.34;119.06;410;
509edd0c-129c-4ee2-934d-7f6246126da1;2025-04-28T12:22:00Z;119.06;119.18;119.22;119.06;418;
509edd0c-129c-4ee2-934d-7f6246126da1;2025-04-28T12:23:00Z;119.18;119.26;119.26;119.16;64;
509edd0c-129c-4ee2-934d-7f6246126da1;2025-04-28T12:24:00Z;119.28;119.28;119.44;119.28;3223;
509edd0c-129c-4ee2-934d-7f6246126da1;2025-04-28T12:25:00Z;119.3;119.08;119.3;119.02;2647;
509edd0c-129c-4ee2-934d-7f6246126da1;2025-04-28T12:26:00Z;119.08;118.92;119.1;118.92;2722;
509edd0c-129c-4ee2-934d-7f6246126da1;2025-04-28T12:27:00Z;118.96;118.84;118.96;118.84;1758;
509edd0c-129c-4ee2-934d-7f6246126da1;2025-04-28T12:28:00Z;118.9;119.1;119.1;118.86;3047;
509edd0c-129c-4ee2-934d-7f6246126da1;2025-04-28T12:29:00Z;119.08;119.18;119.2;119.08;695;
509edd0c-129c-4ee2-934d-7f6246126da1;2025-04-28T12:30:00Z;119.2;119.06;119.2;119.06;1430;
509edd0c-129c-4ee2-934d-7f6246126da1;2025-04-28T12:31:00Z;119.06;119.02;119.14;119;503;
509edd0c-129c-4ee2-934d-7f6246126da1;2025-04-28T12:32:00Z;119;118.92;119;118.88;1383;
509edd0c-129c-4ee2-934d-7f6246126da1;2025-04-28T12:33:00Z;118.92;118.92;118.98;118.9;458;
509edd0c-129c-4ee2-934d-7f6246126da1;2025-04-28T12:34:00Z;118.92;118.84;118.92;118.84;1442;
509edd0c-129c-4ee2-934d-7f6246126da1;2025-04-28T12:35:00Z;118.86;118.98;119.04;118.84;1500;
509edd0c-129c-4ee2-934d-7f6246126da1;2025-04-28T12:36:00Z;119.02;119.12;119.12;118.98;1392;
509edd0c-129c-4ee2-934d-7f6246126da1;2025-04-28T12:37:00Z;119.12;119.06;119.28;119.04;1576;
509edd0c-129c-4ee2-934d-7f6246126da1;2025-04-28T12:38:00Z;119.06;119.1;119.26;119.06;597;
509edd0c-129c-4ee2-934d-7f6246126da1;2025-04-28T12:39:00Z;119.08;119.14;119.14;119;2649;
509edd0c-129c-4ee2-934d-7f6246126da1;2025-04-28T12:40:00Z;119.1;119;119.16;119;10087;
509edd0c-129c-4ee2-934d-7f6246126da1;2025-04-28T12:41:00Z;119.02;118.72;119.04;118.68;7183;
509edd0c-129c-4ee2-934d-7f6246126da1;2025-04-28T12:42:00Z;118.7;118.84;118.86;118.68;3391;
509edd0c-129c-4ee2-934d-7f6246126da1;2025-04-28T12:43:00Z;118.86;118.82;118.86;118.8;443;
509edd0c-129c-4ee2-934d-7f6246126da1;2025-04-28T12:44:00Z;118.82;118.88;118.9;118.8;2417;
509edd0c-129c-4ee2-934d-7f6246126da1;2025-04-28T12:45:00Z;118.88;118.8;118.92;118.76;1830;
509edd0c-129c-4ee2-934d-7f6246126da1;2025-04-28T12:46:00Z;118.78;118.8;118.88;118.72;3136;
509edd0c-129c-4ee2-934d-7f6246126da1;2025-04-28T12:47:00Z;118.74;118.7;118.78;118.66;2309;
509edd0c-129c-4ee2-934d-7f6246126da1;2025-04-28T12:48:00Z;118.7;118.68;118.72;118.68;216;
509edd0c-129c-4ee2-934d-7f6246126da1;2025-04-28T12:49:00Z;118.7;118.7;118.7;118.7;201;
509edd0c-129c-4ee2-934d-7f6246126da1;2025-04-28T12:50:00Z;118.72;118.76;118.82;118.7;1373;
509edd0c-129c-4ee2-934d-7f6246126da1;2025-04-28T12:51:00Z;118.82;118.72;118.88;118.7;1410;
509edd0c-129c-4ee2-934d-7f6246126da1;2025-04-28T12:52:00Z;118.7;119.2;119.3;118.7;12030;
509edd0c-129c-4ee2-934d-7f6246126da1;2025-04-28T12:53:00Z;119.2;119.36;119.38;119.04;2763;
509edd0c-129c-4ee2-934d-7f6246126da1;2025-04-28T12:54:00Z;119.26;119.08;119.38;119.06;1935;
509edd0c-129c-4ee2-934d-7f6246126da1;2025-04-28T12:55:00Z;119.18;118.84;119.36;118.82;4902;
509edd0c-129c-4ee2-934d-7f6246126da1;2025-04-28T12:56:00Z;118.84;118.88;118.96;118.84;1188;
509edd0c-129c-4ee2-934d-7f6246126da1;2025-04-28T12:57:00Z;118.9;119.02;119.02;118.84;637;
509edd0c-129c-4ee2-934d-7f6246126da1;2025-04-28T12:58:00Z;118.98;118.98;119.02;118.9;1990;
509edd0c-129c-4ee2-934d-7f6246126da1;2025-04-28T12:59:00Z;118.98;118.74;118.98;118.68;8574;
509edd0c-129c-4ee2-934d-7f6246126da1;2025-04-28T13:00:00Z;118.74;118.78;118.78;118.7;1335;
509edd0c-129c-4ee2-934d-7f6246126da1;2025-04-28T13:01:00Z;118.76;118.74;118.76;118.64;722;
509edd0c-129c-4ee2-934d-7f6246126da1;2025-04-28T13:02:00Z;118.74;118.7;118.76;118.68;605;
509edd0c-129c-4ee2-934d-7f6246126da1;2025-04-28T13:03:00Z;118.7;118.72;118.74;118.7;104;
509edd0c-129c-4ee2-934d-7f6246126da1;2025-04-28T13:04:00Z;118.72;118.72;118.74;118.7;344;
509edd0c-129c-4ee2-934d-7f6246126da1;2025-04-28T13:05:00Z;118.7;118.74;118.74;118.64;4287;
509edd0c-129c-4ee2-934d-7f6246126da1;2025-04-28T13:06:00Z;118.74;118.92;118.92;118.74;1732;
509edd0c-129c-4ee2-934d-7f6246126da1;2025-04-28T13:07:00Z;118.92;118.96;118.96;118.92;126;
509edd0c-129c-4ee2-934d-7f6246126da1;2025-04-28T13:08:00Z;118.94;118.72;118.94;118.7;924;
509edd0c-129c-4ee2-934d-7f6246126da1;2025-04-28T13:09:00Z;118.7;118.44;118.78;118.38;13098;
509edd0c-129c-4ee2-934d-7f6246126da1;2025-04-28T13:10:00Z;118.42;118.46;118.48;118.42;755;
509edd0c-129c-4ee2-934d-7f6246126da1;2025-04-28T13:11:00Z;118.46;118.62;118.62;118.46;1412;
509edd0c-129c-4ee2-934d-7f6246126da1;2025-04-28T13:12:00Z;118.68;118.7;118.8;118.66;692;
509edd0c-129c-4ee2-934d-7f6246126da1;2025-04-28T13:13:00Z;118.76;118.66;118.78;118.66;227;
509edd0c-129c-4ee2-934d-7f6246126da1;2025-04-28T13:14:00Z;118.72;118.66;118.82;118.66;2543;
509edd0c-129c-4ee2-934d-7f6246126da1;2025-04-28T13:15:00Z;118.66;118.82;118.9;118.66;956;
509edd0c-129c-4ee2-934d-7f6246126da1;2025-04-28T13:16:00Z;118.82;118.86;118.92;118.78;74;
509edd0c-129c-4ee2-934d-7f6246126da1;2025-04-28T13:17:00Z;118.8;118.7;118.8;118.66;2496;
509edd0c-129c-4ee2-934d-7f6246126da1;2025-04-28T13:18:00Z;118.72;118.74;118.76;118.7;789;
509edd0c-129c-4ee2-934d-7f6246126da1;2025-04-28T13:19:00Z;118.74;118.86;118.86;118.72;370;
509edd0c-129c-4ee2-934d-7f6246126da1;2025-04-28T13:20:00Z;118.8;118.64;118.8;118.64;2668;
509edd0c-129c-4ee2-934d-7f6246126da1;2025-04-28T13:21:00Z;118.68;118.8;118.8;118.68;506;
509edd0c-129c-4ee2-934d-7f6246126da1;2025-04-28T13:22:00Z;118.76;118.64;118.82;118.64;1311;
509edd0c-129c-4ee2-934d-7f6246126da1;2025-04-28T13:23:00Z;118.68;118.7;118.7;118.64;873;
509edd0c-129c-4ee2-934d-7f6246126da1;2025-04-28T13:24:00Z;118.68;118.78;118.82;118.62;1824;
509edd0c-129c-4ee2-934d-7f6246126da1;2025-04-28T13:25:00Z;118.78;118.72;118.8;118.72;607;
509edd0c-129c-4ee2-934d-7f6246126da1;2025-04-28T13:26:00Z;118.7;118.72;118.74;118.7;1163;
509edd0c-129c-4ee2-934d-7f6246126da1;2025-04-28T13:27:00Z;118.72;118.9;118.9;118.7;451;
509edd0c-129c-4ee2-934d-7f6246126da1;2025-04-28T13:28:00Z;118.86;118.84;118.88;118.7;3744;
509edd0c-129c-4ee2-934d-7f6246126da1;2025-04-28T13:29:00Z;118.8;118.76;118.8;118.72;1084;
509edd0c-129c-4ee2-934d-7f6246126da1;2025-04-28T13:30:00Z;118.78;118.82;118.9;118.76;1052;
509edd0c-129c-4ee2-934d-7f6246126da1;2025-04-28T13:31:00Z;118.88;118.9;118.9;118.82;1119;
509edd0c-129c-4ee2-934d-7f6246126da1;2025-04-28T13:32:00Z;118.9;118.88;118.9;118.82;265;
509edd0c-129c-4ee2-934d-7f6246126da1;2025-04-28T13:33:00Z;118.88;118.9;118.94;118.86;595;
509edd0c-129c-4ee2-934d-7f6246126da1;2025-04-28T13:34:00Z;118.88;118.76;118.9;118.7;574;
509edd0c-129c-4ee2-934d-7f6246126da1;2025-04-28T13:35:00Z;118.74;118.72;118.76;118.72;199;
509edd0c-129c-4ee2-934d-7f6246126da1;2025-04-28T13:36:00Z;118.72;118.76;118.76;118.72;294;
509edd0c-129c-4ee2-934d-7f6246126da1;2025-04-28T13:37:00Z;118.78;118.72;118.8;118.72;731;
509edd0c-129c-4ee2-934d-7f6246126da1;2025-04-28T13:38:00Z;118.72;118.7;118.74;118.7;1079;
509edd0c-129c-4ee2-934d-7f6246126da1;2025-04-28T13:39:00Z;118.72;118.78;118.78;118.7;74;
509edd0c-129c-4ee2-934d-7f6246126da1;2025-04-28T13:40:00Z;118.78;118.8;118.86;118.78;3113;
509edd0c-129c-4ee2-934d-7f6246126da1;2025-04-28T13:41:00Z;118.84;118.88;118.88;118.78;998;
509edd0c-129c-4ee2-934d-7f6246126da1;2025-04-28T13:42:00Z;118.88;118.9;118.94;118.88;180;
509edd0c-129c-4ee2-934d-7f6246126da1;2025-04-28T13:43:00Z;118.9;118.76;118.9;118.72;897;
509edd0c-129c-4ee2-934d-7f6246126da1;2025-04-28T13:44:00Z;118.76;118.6;118.76;118.54;4692;
509edd0c-129c-4ee2-934d-7f6246126da1;2025-04-28T13:45:00Z;118.62;118.66;118.66;118.62;155;
509edd0c-129c-4ee2-934d-7f6246126da1;2025-04-28T13:46:00Z;118.62;118.54;118.64;118.5;3353;
509edd0c-129c-4ee2-934d-7f6246126da1;2025-04-28T13:47:00Z;118.52;118.54;118.54;118.52;1056;
509edd0c-129c-4ee2-934d-7f6246126da1;2025-04-28T13:48:00Z;118.52;118.54;118.54;118.44;2748;
509edd0c-129c-4ee2-934d-7f6246126da1;2025-04-28T13:49:00Z;118.54;118.8;118.8;118.54;5519;
509edd0c-129c-4ee2-934d-7f6246126da1;2025-04-28T13:50:00Z;118.8;118.8;118.82;118.74;2653;
509edd0c-129c-4ee2-934d-7f6246126da1;2025-04-28T13:51:00Z;118.8;118.78;118.82;118.74;781;
509edd0c-129c-4ee2-934d-7f6246126da1;2025-04-28T13:52:00Z;118.78;118.6;118.78;118.6;98;
509edd0c-129c-4ee2-934d-7f6246126da1;2025-04-28T13:53:00Z;118.62;118.66;118.78;118.62;613;
509edd0c-129c-4ee2-934d-7f6246126da1;2025-04-28T13:54:00Z;118.66;118.7;118.76;118.66;152;
509edd0c-129c-4ee2-934d-7f6246126da1;2025-04-28T13:55:00Z;118.72;118.74;118.74;118.72;49;
509edd0c-129c-4ee2-934d-7f6246126da1;2025-04-28T13:56:00Z;118.78;118.84;118.94;118.78;848;
509edd0c-129c-4ee2-934d-7f6246126da1;2025-04-28T13:57:00Z;118.84;118.62;118.84;118.6;738;
509edd0c-129c-4ee2-934d-7f6246126da1;2025-04-28T13:58:00Z;118.56;118.5;118.62;118.48;1616;
509edd0c-129c-4ee2-934d-7f6246126da1;2025-04-28T13:59:00Z;118.54;118.5;118.54;118.46;239;
509edd0c-129c-4ee2-934d-7f6246126da1;2025-04-28T14:00:00Z;118.52;118.66;118.7;118.5;2167;
509edd0c-129c-4ee2-934d-7f6246126da1;2025-04-28T14:01:00Z;118.64;118.86;118.94;118.6;6899;
509edd0c-129c-4ee2-934d-7f6246126da1;2025-04-28T14:02:00Z;118.9;118.86;118.94;118.86;542;
509edd0c-129c-4ee2-934d-7f6246126da1;2025-04-28T14:03:00Z;118.86;118.8;118.86;118.74;854;
509edd0c-129c-4ee2-934d-7f6246126da1;2025-04-28T14:04:00Z;118.78;118.8;118.8;118.78;5;
509edd0c-129c-4ee2-934d-7f6246126da1;2025-04-28T14:05:00Z;118.8;118.78;118.8;118.78;176;
509edd0c-129c-4ee2-934d-7f6246126da1;2025-04-28T14:06:00Z;118.78;118.68;118.78;118.64;250;
509edd0c-129c-4ee2-934d-7f6246126da1;2025-04-28T14:07:00Z;118.66;118.8;118.8;118.66;4;
509edd0c-129c-4ee2-934d-7f6246126da1;2025-04-28T14:08:00Z;118.78;118.58;118.8;118.58;4793;
509edd0c-129c-4ee2-934d-7f6246126da1;2025-04-28T14:09:00Z;118.64;118.6;118.7;118.42;9117;
509edd0c-129c-4ee2-934d-7f6246126da1;2025-04-28T14:10:00Z;118.58;118.54;118.58;118.48;406;
509edd0c-129c-4ee2-934d-7f6246126da1;2025-04-28T14:11:00Z;118.54;118.46;118.54;118.42;2144;
509edd0c-129c-4ee2-934d-7f6246126da1;2025-04-28T14:12:00Z;118.44;118.44;118.44;118.42;480;
509edd0c-129c-4ee2-934d-7f6246126da1;2025-04-28T14:13:00Z;118.44;118.5;118.5;118.42;432;
509edd0c-129c-4ee2-934d-7f6246126da1;2025-04-28T14:14:00Z;118.56;118.56;118.6;118.54;198;
509edd0c-129c-4ee2-934d-7f6246126da1;2025-04-28T14:15:00Z;118.56;118.48;118.6;118.48;797;
509edd0c-129c-4ee2-934d-7f6246126da1;2025-04-28T14:16:00Z;118.48;118.48;118.48;118.46;62;
509edd0c-129c-4ee2-934d-7f6246126da1;2025-04-28T14:17:00Z;118.48;118.48;118.5;118.4;2668;
509edd0c-129c-4ee2-934d-7f6246126da1;2025-04-28T14:18:00Z;118.44;118.44;118.44;118.4;612;
509edd0c-129c-4ee2-934d-7f6246126da1;2025-04-28T14:19:00Z;118.46;118.56;118.64;118.46;2554;
509edd0c-129c-4ee2-934d-7f6246126da1;2025-04-28T14:20:00Z;118.58;118.58;118.58;118.56;202;
509edd0c-129c-4ee2-934d-7f6246126da1;2025-04-28T14:21:00Z;118.56;118.64;118.68;118.54;1428;
509edd0c-129c-4ee2-934d-7f6246126da1;2025-04-28T14:22:00Z;118.64;118.54;118.7;118.52;1776;
509edd0c-129c-4ee2-934d-7f6246126da1;2025-04-28T14:23:00Z;118.54;118.52;118.56;118.52;364;
509edd0c-129c-4ee2-934d-7f6246126da1;2025-04-28T14:24:00Z;118.52;118.58;118.58;118.52;41;
509edd0c-129c-4ee2-934d-7f6246126da1;2025-04-28T14:25:00Z;118.62;118.68;118.68;118.62;957;
509edd0c-129c-4ee2-934d-7f6246126da1;2025-04-28T14:26:00Z;118.68;118.58;118.7;118.58;338;
509edd0c-129c-4ee2-934d-7f6246126da1;2025-04-28T14:27:00Z;118.58;118.66;118.66;118.54;149;
509edd0c-129c-4ee2-934d-7f6246126da1;2025-04-28T14:28:00Z;118.58;118.5;118.58;118.5;702;
509edd0c-129c-4ee2-934d-7f6246126da1;2025-04-28T14:29:00Z;118.5;118.46;118.52;118.42;822;
509edd0c-129c-4ee2-934d-7f6246126da1;2025-04-28T14:30:00Z;118.5;118.44;118.5;118.44;53;
509edd0c-129c-4ee2-934d-7f6246126da1;2025-04-28T14:31:00Z;118.44;118.62;118.62;118.44;286;
509edd0c-129c-4ee2-934d-7f6246126da1;2025-04-28T14:32:00Z;118.64;118.66;118.7;118.62;187;
509edd0c-129c-4ee2-934d-7f6246126da1;2025-04-28T14:33:00Z;118.62;118.62;118.62;118.58;297;
509edd0c-129c-4ee2-934d-7f6246126da1;2025-04-28T14:34:00Z;118.6;118.58;118.64;118.5;1358;
509edd0c-129c-4ee2-934d-7f6246126da1;2025-04-28T14:35:00Z;118.6;118.7;118.7;118.56;563;
509edd0c-129c-4ee2-934d-7f6246126da1;2025-04-28T14:36:00Z;118.66;118.7;118.74;118.64;1185;
509edd0c-129c-4ee2-934d-7f6246126da1;2025-04-28T14:37:00Z;118.7;118.74;118.74;118.62;384;
509edd0c-129c-4ee2-934d-7f6246126da1;2025-04-28T14:38:00Z;118.72;118.74;118.74;118.7;141;
509edd0c-129c-4ee2-934d-7f6246126da1;2025-04-28T14:39:00Z;118.76;118.76;118.78;118.7;1743;
509edd0c-129c-4ee2-934d-7f6246126da1;2025-04-28T14:40:00Z;118.76;118.82;118.82;118.76;892;
509edd0c-129c-4ee2-934d-7f6246126da1;2025-04-28T14:41:00Z;118.82;118.86;118.94;118.8;3463;
509edd0c-129c-4ee2-934d-7f6246126da1;2025-04-28T14:42:00Z;118.84;118.62;118.84;118.62;864;
509edd0c-129c-4ee2-934d-7f6246126da1;2025-04-28T14:43:00Z;118.64;118.6;118.66;118.54;590;
509edd0c-129c-4ee2-934d-7f6246126da1;2025-04-28T14:44:00Z;118.64;118.72;118.72;118.58;297;
509edd0c-129c-4ee2-934d-7f6246126da1;2025-04-28T14:45:00Z;118.78;118.7;118.78;118.64;3405;
509edd0c-129c-4ee2-934d-7f6246126da1;2025-04-28T14:46:00Z;118.7;118.58;118.7;118.52;913;
509edd0c-129c-4ee2-934d-7f6246126da1;2025-04-28T14:47:00Z;118.58;118.64;118.64;118.58;84;
509edd0c-129c-4ee2-934d-7f6246126da1;2025-04-28T14:48:00Z;118.6;118.56;118.6;118.52;222;
509edd0c-129c-4ee2-934d-7f6246126da1;2025-04-28T14:49:00Z;118.56;118.56;118.56;118.52;451;
509edd0c-129c-4ee2-934d-7f6246126da1;2025-04-28T14:50:00Z;118.54;118.56;118.56;118.5;355;
509edd0c-129c-4ee2-934d-7f6246126da1;2025-04-28T14:51:00Z;118.56;118.58;118.58;118.56;56;
509edd0c-129c-4ee2-934d-7f6246126da1;2025-04-28T14:52:00Z;118.58;118.52;118.6;118.52;660;
509edd0c-129c-4ee2-934d-7f6246126da1;2025-04-28T14:53:00Z;118.54;118.58;118.58;118.54;112;
509edd0c-129c-4ee2-934d-7f6246126da1;2025-04-28T14:54:00Z;118.58;118.54;118.62;118.5;870;
509edd0c-129c-4ee2-934d-7f6246126da1;2025-04-28T14:55:00Z;118.56;118.56;118.56;118.5;2641;
509edd0c-129c-4ee2-934d-7f6246126da1;2025-04-28T14:56:00Z;118.56;118.52;118.56;118.52;305;
509edd0c-129c-4ee2-934d-7f6246126da1;2025-04-28T14:57:00Z;118.56;118.62;118.64;118.56;1840;
509edd0c-129c-4ee2-934d-7f6246126da1;2025-04-28T14:58:00Z;118.58;118.6;118.6;118.56;8;
509edd0c-129c-4ee2-934d-7f6246126da1;2025-04-28T14:59:00Z;118.56;118.6;118.6;118.56;239;
509edd0c-129c-4ee2-934d-7f6246126da1;2025-04-28T15:00:00Z;118.6;118.66;118.66;118.56;193;
509edd0c-129c-4ee2-934d-7f6246126da1;2025-04-28T15:01:00Z;118.66;118.68;118.68;118.64;346;
509edd0c-129c-4ee2-934d-7f6246126da1;2025-04-28T15:02:00Z;118.66;118.68;118.68;118.66;11;
509edd0c-129c-4ee2-934d-7f6246126da1;2025-04-28T15:03:00Z;118.68;118.74;118.74;118.68;299;
509edd0c-129c-4ee2-934d-7f6246126da1;2025-04-28T15:04:00Z;118.74;118.7;118.84;118.7;3853;
509edd0c-129c-4ee2-934d-7f6246126da1;2025-04-28T15:05:00Z;118.7;118.7;118.74;118.7;247;
509edd0c-129c-4ee2-934d-7f6246126da1;2025-04-28T15:06:00Z;118.74;118.72;118.74;118.7;2353;
509edd0c-129c-4ee2-934d-7f6246126da1;2025-04-28T15:07:00Z;118.72;118.74;118.76;118.7;9224;
509edd0c-129c-4ee2-934d-7f6246126da1;2025-04-28T15:08:00Z;118.74;118.74;118.76;118.7;1482;
509edd0c-129c-4ee2-934d-7f6246126da1;2025-04-28T15:09:00Z;118.74;118.8;118.82;118.74;572;
509edd0c-129c-4ee2-934d-7f6246126da1;2025-04-28T15:10:00Z;118.82;118.9;118.92;118.82;854;
509edd0c-129c-4ee2-934d-7f6246126da1;2025-04-28T15:11:00Z;118.92;118.86;118.92;118.86;1329;
509edd0c-129c-4ee2-934d-7f6246126da1;2025-04-28T15:12:00Z;118.92;118.8;118.92;118.74;1053;
509edd0c-129c-4ee2-934d-7f6246126da1;2025-04-28T15:13:00Z;118.82;118.88;118.88;118.82;197;
509edd0c-129c-4ee2-934d-7f6246126da1;2025-04-28T15:14:00Z;118.88;118.92;118.92;118.86;133;
509edd0c-129c-4ee2-934d-7f6246126da1;2025-04-28T15:15:00Z;118.9;118.92;118.96;118.9;1504;
509edd0c-129c-4ee2-934d-7f6246126da1;2025-04-28T15:16:00Z;118.92;118.9;118.94;118.9;968;
509edd0c-129c-4ee2-934d-7f6246126da1;2025-04-28T15:17:00Z;118.9;118.9;118.9;118.84;1272;
509edd0c-129c-4ee2-934d-7f6246126da1;2025-04-28T15:18:00Z;118.88;118.84;118.9;118.82;552;
509edd0c-129c-4ee2-934d-7f6246126da1;2025-04-28T15:19:00Z;118.86;118.9;118.9;118.86;281;
509edd0c-129c-4ee2-934d-7f6246126da1;2025-04-28T15:20:00Z;118.9;118.9;118.9;118.86;1042;
509edd0c-129c-4ee2-934d-7f6246126da1;2025-04-28T15:21:00Z;118.88;118.9;118.9;118.84;1105;
509edd0c-129c-4ee2-934d-7f6246126da1;2025-04-28T15:22:00Z;118.88;118.84;118.9;118.84;727;
509edd0c-129c-4ee2-934d-7f6246126da1;2025-04-28T15:23:00Z;118.9;118.92;118.92;118.88;1977;
509edd0c-129c-4ee2-934d-7f6246126da1;2025-04-28T15:24:00Z;118.96;119;119.02;118.96;1920;
509edd0c-129c-4ee2-934d-7f6246126da1;2025-04-28T15:25:00Z;118.98;118.98;119.02;118.98;1039;
509edd0c-129c-4ee2-934d-7f6246126da1;2025-04-28T15:26:00Z;118.98;119;119.02;118.98;1035;
509edd0c-129c-4ee2-934d-7f6246126da1;2025-04-28T15:27:00Z;119;119.02;119.06;119;1412;
509edd0c-129c-4ee2-934d-7f6246126da1;2025-04-28T15:28:00Z;119.06;119.04;119.06;119.02;316;
509edd0c-129c-4ee2-934d-7f6246126da1;2025-04-28T15:29:00Z;119.02;118.86;119.02;118.82;1037;
509edd0c-129c-4ee2-934d-7f6246126da1;2025-04-28T15:30:00Z;118.86;118.8;118.86;118.7;6909;
509edd0c-129c-4ee2-934d-7f6246126da1;2025-04-28T15:31:00Z;118.8;118.9;118.92;118.74;591;
509edd0c-129c-4ee2-934d-7f6246126da1;2025-04-28T15:32:00Z;118.88;118.84;118.9;118.84;647;
509edd0c-129c-4ee2-934d-7f6246126da1;2025-04-28T15:33:00Z;118.84;118.84;118.9;118.84;717;
509edd0c-129c-4ee2-934d-7f6246126da1;2025-04-28T15:34:00Z;118.86;118.9;118.9;118.82;825;
509edd0c-129c-4ee2-934d-7f6246126da1;2025-04-28T15:35:00Z;118.9;118.8;118.96;118.8;2013;
509edd0c-129c-4ee2-934d-7f6246126da1;2025-04-28T15:36:00Z;118.8;118.92;118.96;118.8;1888;
509edd0c-129c-4ee2-934d-7f6246126da1;2025-04-28T15:37:00Z;118.94;118.92;118.94;118.92;147;
509edd0c-129c-4ee2-934d-7f6246126da1;2025-04-28T15:38:00Z;118.94;118.9;118.98;118.9;965;
509edd0c-129c-4ee2-934d-7f6246126da1;2025-04-28T15:39:00Z;118.9;118.94;118.96;118.88;420;
509edd0c-129c-4ee2-934d-7f6246126da1;2025-04-28T15:45:00Z;118.82;118.82;118.82;118.82;712;
509edd0c-129c-4ee2-934d-7f6246126da1;2025-04-28T15:47:00Z;118.82;118.82;118.82;118.82;11;
509edd0c-129c-4ee2-934d-7f6246126da1;2025-04-28T15:49:00Z;118.82;118.82;118.82;118.82;1;
509edd0c-129c-4ee2-934d-7f6246126da1;2025-04-28T16:04:00Z;118.94;118.94;118.94;118.94;32;
509edd0c-129c-4ee2-934d-7f6246126da1;2025-04-28T16:05:00Z;118.84;118.88;118.94;118.84;737;
509edd0c-129c-4ee2-934d-7f6246126da1;2025-04-28T16:06:00Z;118.86;118.88;118.9;118.84;573;
509edd0c-129c-4ee2-934d-7f6246126da1;2025-04-28T16:07:00Z;118.9;118.88;118.9;118.84;10;
509edd0c-129c-4ee2-934d-7f6246126da1;2025-04-28T16:08:00Z;118.88;118.92;118.94;118.82;365;
509edd0c-129c-4ee2-934d-7f6246126da1;2025-04-28T16:09:00Z;118.82;118.82;118.88;118.82;318;
509edd0c-129c-4ee2-934d-7f6246126da1;2025-04-28T16:10:00Z;118.86;118.9;118.9;118.82;34;
509edd0c-129c-4ee2-934d-7f6246126da1;2025-04-28T16:11:00Z;118.9;118.74;118.92;118.74;1154;
509edd0c-129c-4ee2-934d-7f6246126da1;2025-04-28T16:12:00Z;118.8;118.7;118.8;118.7;481;
509edd0c-129c-4ee2-934d-7f6246126da1;2025-04-28T16:13:00Z;118.7;118.7;118.76;118.7;6535;
509edd0c-129c-4ee2-934d-7f6246126da1;2025-04-28T16:14:00Z;118.7;118.56;118.7;118.56;2168;
509edd0c-129c-4ee2-934d-7f6246126da1;2025-04-28T16:15:00Z;118.6;118.76;118.8;118.6;1333;
509edd0c-129c-4ee2-934d-7f6246126da1;2025-04-28T16:16:00Z;118.72;118.68;118.72;118.68;553;
509edd0c-129c-4ee2-934d-7f6246126da1;2025-04-28T16:17:00Z;118.64;118.7;118.7;118.62;50;
509edd0c-129c-4ee2-934d-7f6246126da1;2025-04-28T16:18:00Z;118.64;118.66;118.66;118.62;26;
509edd0c-129c-4ee2-934d-7f6246126da1;2025-04-28T16:19:00Z;118.66;118.7;118.7;118.6;232;
509edd0c-129c-4ee2-934d-7f6246126da1;2025-04-28T16:20:00Z;118.7;118.78;118.78;118.7;875;
509edd0c-129c-4ee2-934d-7f6246126da1;2025-04-28T16:21:00Z;118.78;118.72;118.8;118.7;398;
509edd0c-129c-4ee2-934d-7f6246126da1;2025-04-28T16:22:00Z;118.78;118.66;118.78;118.66;103;
509edd0c-129c-4ee2-934d-7f6246126da1;2025-04-28T16:23:00Z;118.66;118.76;118.76;118.66;290;
509edd0c-129c-4ee2-934d-7f6246126da1;2025-04-28T16:24:00Z;118.76;118.68;118.76;118.68;97;
509edd0c-129c-4ee2-934d-7f6246126da1;2025-04-28T16:25:00Z;118.72;118.72;118.78;118.7;445;
509edd0c-129c-4ee2-934d-7f6246126da1;2025-04-28T16:26:00Z;118.7;118.7;118.76;118.7;60;
509edd0c-129c-4ee2-934d-7f6246126da1;2025-04-28T16:27:00Z;118.74;118.76;118.76;118.7;91;
509edd0c-129c-4ee2-934d-7f6246126da1;2025-04-28T16:28:00Z;118.72;118.72;118.72;118.72;20;
509edd0c-129c-4ee2-934d-7f6246126da1;2025-04-28T16:29:00Z;118.68;118.72;118.72;118.68;165;
509edd0c-129c-4ee2-934d-7f6246126da1;2025-04-28T16:30:00Z;118.68;118.66;118.7;118.66;113;
509edd0c-129c-4ee2-934d-7f6246126da1;2025-04-28T16:31:00Z;118.66;118.74;118.74;118.66;136;
509edd0c-129c-4ee2-934d-7f6246126da1;2025-04-28T16:32:00Z;118.76;118.76;118.76;118.74;154;
509edd0c-129c-4ee2-934d-7f6246126da1;2025-04-28T16:33:00Z;118.76;118.74;118.78;118.74;71;
509edd0c-129c-4ee2-934d-7f6246126da1;2025-04-28T16:34:00Z;118.76;118.74;118.78;118.74;518;
509edd0c-129c-4ee2-934d-7f6246126da1;2025-04-28T16:35:00Z;118.74;118.68;118.76;118.64;1199;
509edd0c-129c-4ee2-934d-7f6246126da1;2025-04-28T16:36:00Z;118.68;118.64;118.68;118.64;45;
509edd0c-129c-4ee2-934d-7f6246126da1;2025-04-28T16:37:00Z;118.62;118.76;118.76;118.62;106;
509edd0c-129c-4ee2-934d-7f6246126da1;2025-04-28T16:38:00Z;118.66;118.72;118.74;118.66;10;
509edd0c-129c-4ee2-934d-7f6246126da1;2025-04-28T16:39:00Z;118.74;118.76;118.76;118.64;416;
509edd0c-129c-4ee2-934d-7f6246126da1;2025-04-28T16:40:00Z;118.76;118.72;118.76;118.72;18;
509edd0c-129c-4ee2-934d-7f6246126da1;2025-04-28T16:41:00Z;118.76;118.76;118.76;118.76;10;
509edd0c-129c-4ee2-934d-7f6246126da1;2025-04-28T16:42:00Z;118.72;118.72;118.72;118.72;2;
509edd0c-129c-4ee2-934d-7f6246126da1;2025-04-28T16:43:00Z;118.74;118.78;118.78;118.74;132;
509edd0c-129c-4ee2-934d-7f6246126da1;2025-04-28T16:44:00Z;118.78;118.78;118.78;118.78;1;
509edd0c-129c-4ee2-934d-7f6246126da1;2025-04-28T16:45:00Z;118.72;118.7;118.72;118.6;2043;
509edd0c-129c-4ee2-934d-7f6246126da1;2025-04-28T16:46:00Z;118.7;118.64;118.7;118.64;21;
509edd0c-129c-4ee2-934d-7f6246126da1;2025-04-28T16:47:00Z;118.7;118.7;118.7;118.64;59;
509edd0c-129c-4ee2-934d-7f6246126da1;2025-04-28T16:48:00Z;118.68;118.72;118.72;118.68;14;
509edd0c-129c-4ee2-934d-7f6246126da1;2025-04-28T16:49:00Z;118.72;118.68;118.74;118.68;27;
509edd0c-129c-4ee2-934d-7f6246126da1;2025-04-28T16:50:00Z;118.7;118.68;118.76;118.68;119;
509edd0c-129c-4ee2-934d-7f6246126da1;2025-04-28T16:51:00Z;118.68;118.68;118.74;118.68;24;
509edd0c-129c-4ee2-934d-7f6246126da1;2025-04-28T16:52:00Z;118.68;118.68;118.68;118.68;22;
509edd0c-129c-4ee2-934d-7f6246126da1;2025-04-28T16:53:00Z;118.62;118.62;118.76;118.6;1502;
509edd0c-129c-4ee2-934d-7f6246126da1;2025-04-28T16:54:00Z;118.64;118.64;118.64;118.64;10;
509edd0c-129c-4ee2-934d-7f6246126da1;2025-04-28T16:55:00Z;118.7;118.7;118.7;118.7;4;
509edd0c-129c-4ee2-934d-7f6246126da1;2025-04-28T16:56:00Z;118.7;118.72;118.72;118.7;109;
509edd0c-129c-4ee2-934d-7f6246126da1;2025-04-28T16:57:00Z;118.66;118.66;118.7;118.66;76;
509edd0c-129c-4ee2-934d-7f6246126da1;2025-04-28T16:58:00Z;118.7;118.7;118.7;118.66;22;
509edd0c-129c-4ee2-934d-7f6246126da1;2025-04-28T16:59:00Z;118.66;118.66;118.66;118.66;85;
509edd0c-129c-4ee2-934d-7f6246126da1;2025-04-28T17:00:00Z;118.68;118.5;118.68;118.5;2069;
509edd0c-129c-4ee2-934d-7f6246126da1;2025-04-28T17:01:00Z;118.5;118.52;118.52;118.5;3393;
509edd0c-129c-4ee2-934d-7f6246126da1;2025-04-28T17:02:00Z;118.5;118.5;118.52;118.5;1267;
509edd0c-129c-4ee2-934d-7f6246126da1;2025-04-28T17:03:00Z;118.5;118.56;118.56;118.5;208;
509edd0c-129c-4ee2-934d-7f6246126da1;2025-04-28T17:04:00Z;118.5;118.42;118.54;118.42;2056;
509edd0c-129c-4ee2-934d-7f6246126da1;2025-04-28T17:05:00Z;118.42;118.42;118.44;118.4;2315;
509edd0c-129c-4ee2-934d-7f6246126da1;2025-04-28T17:06:00Z;118.4;117.86;118.42;117.74;23414;
509edd0c-129c-4ee2-934d-7f6246126da1;2025-04-28T17:07:00Z;117.86;118;118;117.86;3322;
509edd0c-129c-4ee2-934d-7f6246126da1;2025-04-28T17:08:00Z;117.96;118.08;118.12;117.94;2167;
509edd0c-129c-4ee2-934d-7f6246126da1;2025-04-28T17:09:00Z;118.02;118.1;118.1;118.02;123;
509edd0c-129c-4ee2-934d-7f6246126da1;2025-04-28T17:10:00Z;118.08;118.06;118.08;118.02;553;
509edd0c-129c-4ee2-934d-7f6246126da1;2025-04-28T17:11:00Z;118.06;118.04;118.06;118;244;
509edd0c-129c-4ee2-934d-7f6246126da1;2025-04-28T17:12:00Z;118.02;117.94;118.04;117.94;2261;
509edd0c-129c-4ee2-934d-7f6246126da1;2025-04-28T17:13:00Z;117.94;117.86;117.98;117.86;1992;
509edd0c-129c-4ee2-934d-7f6246126da1;2025-04-28T17:14:00Z;117.88;117.9;117.9;117.86;180;
509edd0c-129c-4ee2-934d-7f6246126da1;2025-04-28T17:15:00Z;117.88;117.9;117.9;117.86;134;
509edd0c-129c-4ee2-934d-7f6246126da1;2025-04-28T17:16:00Z;117.9;117.8;117.9;117.8;1032;
509edd0c-129c-4ee2-934d-7f6246126da1;2025-04-28T17:17:00Z;117.86;117.7;117.86;117.7;653;
509edd0c-129c-4ee2-934d-7f6246126da1;2025-04-28T17:18:00Z;117.7;117.76;117.76;117.7;984;
509edd0c-129c-4ee2-934d-7f6246126da1;2025-04-28T17:19:00Z;117.74;117.72;117.74;117.7;667;
509edd0c-129c-4ee2-934d-7f6246126da1;2025-04-28T17:20:00Z;117.7;117.28;117.7;117.28;12820;
509edd0c-129c-4ee2-934d-7f6246126da1;2025-04-28T17:21:00Z;117.3;117.34;117.42;117.3;4987;
509edd0c-129c-4ee2-934d-7f6246126da1;2025-04-28T17:22:00Z;117.3;117.4;117.44;117.2;5062;
509edd0c-129c-4ee2-934d-7f6246126da1;2025-04-28T17:23:00Z;117.4;117.18;117.58;117.14;11075;
509edd0c-129c-4ee2-934d-7f6246126da1;2025-04-28T17:24:00Z;117.18;117.56;117.56;117.16;2687;
509edd0c-129c-4ee2-934d-7f6246126da1;2025-04-28T17:25:00Z;117.56;117.58;117.6;117.5;954;
509edd0c-129c-4ee2-934d-7f6246126da1;2025-04-28T17:26:00Z;117.6;117.64;117.64;117.54;1817;
509edd0c-129c-4ee2-934d-7f6246126da1;2025-04-28T17:27:00Z;117.66;117.68;117.68;117.56;1230;
509edd0c-129c-4ee2-934d-7f6246126da1;2025-04-28T17:28:00Z;117.62;117.64;117.68;117.6;1339;
509edd0c-129c-4ee2-934d-7f6246126da1;2025-04-28T17:29:00Z;117.7;117.7;117.72;117.7;241;
509edd0c-129c-4ee2-934d-7f6246126da1;2025-04-28T17:30:00Z;117.7;117.64;117.7;117.62;1184;
509edd0c-129c-4ee2-934d-7f6246126da1;2025-04-28T17:31:00Z;117.62;117.6;117.62;117.54;2824;
509edd0c-129c-4ee2-934d-7f6246126da1;2025-04-28T17:32:00Z;117.6;117.56;117.6;117.52;85;
509edd0c-129c-4ee2-934d-7f6246126da1;2025-04-28T17:33:00Z;117.6;117.64;117.64;117.6;438;
509edd0c-129c-4ee2-934d-7f6246126da1;2025-04-28T17:34:00Z;117.64;117.64;117.64;117.62;323;
509edd0c-129c-4ee2-934d-7f6246126da1;2025-04-28T17:35:00Z;117.62;117.72;117.72;117.58;2307;
509edd0c-129c-4ee2-934d-7f6246126da1;2025-04-28T17:36:00Z;117.7;117.7;117.72;117.7;503;
509edd0c-129c-4ee2-934d-7f6246126da1;2025-04-28T17:37:00Z;117.7;117.72;117.72;117.7;394;
509edd0c-129c-4ee2-934d-7f6246126da1;2025-04-28T17:38:00Z;117.72;117.72;117.72;117.72;454;
509edd0c-129c-4ee2-934d-7f6246126da1;2025-04-28T17:39:00Z;117.72;117.76;117.76;117.7;276;
509edd0c-129c-4ee2-934d-7f6246126da1;2025-04-28T17:40:00Z;117.76;117.76;117.76;117.76;1;
509edd0c-129c-4ee2-934d-7f6246126da1;2025-04-28T17:41:00Z;117.76;117.74;117.76;117.7;217;
509edd0c-129c-4ee2-934d-7f6246126da1;2025-04-28T17:42:00Z;117.74;117.76;117.76;117.7;315;
509edd0c-129c-4ee2-934d-7f6246126da1;2025-04-28T17:43:00Z;117.76;117.76;117.76;117.72;84;
509edd0c-129c-4ee2-934d-7f6246126da1;2025-04-28T17:44:00Z;117.74;117.74;117.74;117.7;334;
509edd0c-129c-4ee2-934d-7f6246126da1;2025-04-28T17:45:00Z;117.72;117.6;117.72;117.6;1751;
509edd0c-129c-4ee2-934d-7f6246126da1;2025-04-28T17:46:00Z;117.6;117.52;117.6;117.5;677;
509edd0c-129c-4ee2-934d-7f6246126da1;2025-04-28T17:47:00Z;117.52;117.6;117.6;117.52;1268;
509edd0c-129c-4ee2-934d-7f6246126da1;2025-04-28T17:48:00Z;117.58;117.64;117.64;117.58;144;
509edd0c-129c-4ee2-934d-7f6246126da1;2025-04-28T17:49:00Z;117.64;117.68;117.72;117.62;141;
509edd0c-129c-4ee2-934d-7f6246126da1;2025-04-28T17:50:00Z;117.72;117.74;117.74;117.72;128;
509edd0c-129c-4ee2-934d-7f6246126da1;2025-04-28T17:51:00Z;117.74;117.74;117.76;117.72;1297;
509edd0c-129c-4ee2-934d-7f6246126da1;2025-04-28T17:52:00Z;117.76;117.68;117.76;117.68;4064;
509edd0c-129c-4ee2-934d-7f6246126da1;2025-04-28T17:53:00Z;117.68;117.68;117.68;117.66;65;
509edd0c-129c-4ee2-934d-7f6246126da1;2025-04-28T17:54:00Z;117.68;117.68;117.7;117.66;596;
509edd0c-129c-4ee2-934d-7f6246126da1;2025-04-28T17:55:00Z;117.68;117.64;117.68;117.64;36;
509edd0c-129c-4ee2-934d-7f6246126da1;2025-04-28T17:56:00Z;117.68;117.62;117.68;117.62;44;
509edd0c-129c-4ee2-934d-7f6246126da1;2025-04-28T17:57:00Z;117.62;117.6;117.66;117.6;313;
509edd0c-129c-4ee2-934d-7f6246126da1;2025-04-28T17:58:00Z;117.62;117.62;117.62;117.6;680;
509edd0c-129c-4ee2-934d-7f6246126da1;2025-04-28T17:59:00Z;117.62;117.64;117.64;117.62;98;
509edd0c-129c-4ee2-934d-7f6246126da1;2025-04-28T18:00:00Z;117.66;117.64;117.66;117.64;10;
509edd0c-129c-4ee2-934d-7f6246126da1;2025-04-28T18:01:00Z;117.68;117.68;117.68;117.64;157;
509edd0c-129c-4ee2-934d-7f6246126da1;2025-04-28T18:02:00Z;117.66;117.66;117.68;117.64;810;
509edd0c-129c-4ee2-934d-7f6246126da1;2025-04-28T18:03:00Z;117.66;117.34;117.68;117.34;1575;
509edd0c-129c-4ee2-934d-7f6246126da1;2025-04-28T18:04:00Z;117.4;117.46;117.46;117.4;381;
509edd0c-129c-4ee2-934d-7f6246126da1;2025-04-28T18:05:00Z;117.46;117.34;117.46;117.34;377;
509edd0c-129c-4ee2-934d-7f6246126da1;2025-04-28T18:06:00Z;117.36;117.34;117.42;117.34;1532;
509edd0c-129c-4ee2-934d-7f6246126da1;2025-04-28T18:07:00Z;117.38;117.44;117.46;117.3;4824;
509edd0c-129c-4ee2-934d-7f6246126da1;2025-04-28T18:08:00Z;117.48;117.48;117.54;117.46;1482;
509edd0c-129c-4ee2-934d-7f6246126da1;2025-04-28T18:09:00Z;117.48;117.56;117.56;117.48;27;
509edd0c-129c-4ee2-934d-7f6246126da1;2025-04-28T18:10:00Z;117.56;117.52;117.56;117.5;222;
509edd0c-129c-4ee2-934d-7f6246126da1;2025-04-28T18:11:00Z;117.5;117.44;117.5;117.3;1825;
509edd0c-129c-4ee2-934d-7f6246126da1;2025-04-28T18:12:00Z;117.42;117.46;117.48;117.42;40;
509edd0c-129c-4ee2-934d-7f6246126da1;2025-04-28T18:13:00Z;117.48;117.48;117.5;117.48;108;
509edd0c-129c-4ee2-934d-7f6246126da1;2025-04-28T18:14:00Z;117.52;117.42;117.52;117.42;562;
509edd0c-129c-4ee2-934d-7f6246126da1;2025-04-28T18:15:00Z;117.48;117.56;117.56;117.48;562;
509edd0c-129c-4ee2-934d-7f6246126da1;2025-04-28T18:16:00Z;117.54;117.5;117.54;117.5;14;
509edd0c-129c-4ee2-934d-7f6246126da1;2025-04-28T18:17:00Z;117.5;117.66;117.66;117.5;2656;
509edd0c-129c-4ee2-934d-7f6246126da1;2025-04-28T18:18:00Z;117.58;117.66;117.66;117.58;15;
509edd0c-129c-4ee2-934d-7f6246126da1;2025-04-28T18:19:00Z;117.64;117.64;117.68;117.6;154;
509edd0c-129c-4ee2-934d-7f6246126da1;2025-04-28T18:20:00Z;117.64;117.72;117.72;117.64;348;
509edd0c-129c-4ee2-934d-7f6246126da1;2025-04-28T18:21:00Z;117.72;117.72;117.72;117.7;210;
509edd0c-129c-4ee2-934d-7f6246126da1;2025-04-28T18:22:00Z;117.76;117.76;117.76;117.74;357;
509edd0c-129c-4ee2-934d-7f6246126da1;2025-04-28T18:23:00Z;117.74;117.74;117.74;117.7;1237;
509edd0c-129c-4ee2-934d-7f6246126da1;2025-04-28T18:24:00Z;117.7;117.66;117.7;117.64;462;
509edd0c-129c-4ee2-934d-7f6246126da1;2025-04-28T18:25:00Z;117.64;117.6;117.66;117.56;565;
509edd0c-129c-4ee2-934d-7f6246126da1;2025-04-28T18:26:00Z;117.6;117.62;117.64;117.6;367;
509edd0c-129c-4ee2-934d-7f6246126da1;2025-04-28T18:27:00Z;117.6;117.62;117.62;117.54;399;
509edd0c-129c-4ee2-934d-7f6246126da1;2025-04-28T18:28:00Z;117.62;117.62;117.68;117.62;150;
509edd0c-129c-4ee2-934d-7f6246126da1;2025-04-28T18:29:00Z;117.66;117.64;117.68;117.62;195;
509edd0c-129c-4ee2-934d-7f6246126da1;2025-04-28T18:30:00Z;117.7;117.66;117.7;117.62;46;
509edd0c-129c-4ee2-934d-7f6246126da1;2025-04-28T18:31:00Z;117.68;117.64;117.68;117.62;157;
509edd0c-129c-4ee2-934d-7f6246126da1;2025-04-28T18:32:00Z;117.62;117.5;117.62;117.48;1327;
509edd0c-129c-4ee2-934d-7f6246126da1;2025-04-28T18:33:00Z;117.52;117.48;117.52;117.48;488;
509edd0c-129c-4ee2-934d-7f6246126da1;2025-04-28T18:34:00Z;117.52;117.52;117.52;117.52;501;
509edd0c-129c-4ee2-934d-7f6246126da1;2025-04-28T18:35:00Z;117.52;117.5;117.52;117.48;677;
509edd0c-129c-4ee2-934d-7f6246126da1;2025-04-28T18:36:00Z;117.48;117.42;117.48;117.42;739;
509edd0c-129c-4ee2-934d-7f6246126da1;2025-04-28T18:37:00Z;117.44;117.44;117.46;117.38;1014;
509edd0c-129c-4ee2-934d-7f6246126da1;2025-04-28T18:38:00Z;117.44;117.34;117.44;117.34;627;
509edd0c-129c-4ee2-934d-7f6246126da1;2025-04-28T18:39:00Z;117.34;117.36;117.54;117.34;1000;
509edd0c-129c-4ee2-934d-7f6246126da1;2025-04-28T18:40:00Z;117.36;117.44;117.44;117.3;2274;
509edd0c-129c-4ee2-934d-7f6246126da1;2025-04-28T18:41:00Z;117.36;117.48;117.48;117.36;911;
509edd0c-129c-4ee2-934d-7f6246126da1;2025-04-28T18:42:00Z;117.48;117.46;117.48;117.46;164;
509edd0c-129c-4ee2-934d-7f6246126da1;2025-04-28T18:43:00Z;117.48;117.46;117.5;117.4;1084;
509edd0c-129c-4ee2-934d-7f6246126da1;2025-04-28T18:44:00Z;117.46;117.34;117.46;117.34;46;
509edd0c-129c-4ee2-934d-7f6246126da1;2025-04-28T18:45:00Z;117.34;117.08;117.34;117.08;5706;
509edd0c-129c-4ee2-934d-7f6246126da1;2025-04-28T18:46:00Z;117.1;117.02;117.22;117;17110;
509edd0c-129c-4ee2-934d-7f6246126da1;2025-04-28T18:47:00Z;117.04;116.84;117.08;116.78;16383;
509edd0c-129c-4ee2-934d-7f6246126da1;2025-04-28T18:48:00Z;116.84;116.82;116.9;116.8;1435;
509edd0c-129c-4ee2-934d-7f6246126da1;2025-04-28T18:49:00Z;116.8;116.66;116.8;116.5;23337;
509edd0c-129c-4ee2-934d-7f6246126da1;2025-04-28T18:50:00Z;116.66;116.78;116.78;116.62;2043;
509edd0c-129c-4ee2-934d-7f6246126da1;2025-04-28T18:51:00Z;116.76;116.76;116.78;116.74;512;
509edd0c-129c-4ee2-934d-7f6246126da1;2025-04-28T18:52:00Z;116.76;116.7;116.76;116.52;5652;
509edd0c-129c-4ee2-934d-7f6246126da1;2025-04-28T18:53:00Z;116.7;116.66;116.7;116.66;1466;
509edd0c-129c-4ee2-934d-7f6246126da1;2025-04-28T18:54:00Z;116.66;116.6;116.66;116.5;6945;
509edd0c-129c-4ee2-934d-7f6246126da1;2025-04-28T18:55:00Z;116.6;116.62;116.64;116.5;2976;
509edd0c-129c-4ee2-934d-7f6246126da1;2025-04-28T18:56:00Z;116.62;116.62;116.64;116.6;290;
509edd0c-129c-4ee2-934d-7f6246126da1;2025-04-28T18:57:00Z;116.62;116.52;116.64;116.52;1499;
509edd0c-129c-4ee2-934d-7f6246126da1;2025-04-28T18:58:00Z;116.52;116.56;116.56;116.5;1099;
509edd0c-129c-4ee2-934d-7f6246126da1;2025-04-28T18:59:00Z;116.54;116.68;116.68;116.5;2021;
509edd0c-129c-4ee2-934d-7f6246126da1;2025-04-28T19:00:00Z;116.68;116.64;116.68;116.58;821;
509edd0c-129c-4ee2-934d-7f6246126da1;2025-04-28T19:01:00Z;116.62;116.66;116.68;116.6;427;
509edd0c-129c-4ee2-934d-7f6246126da1;2025-04-28T19:02:00Z;116.68;116.66;116.68;116.6;758;
509edd0c-129c-4ee2-934d-7f6246126da1;2025-04-28T19:03:00Z;116.66;116.62;116.68;116.6;306;
509edd0c-129c-4ee2-934d-7f6246126da1;2025-04-28T19:04:00Z;116.62;116.86;116.86;116.62;1093;
509edd0c-129c-4ee2-934d-7f6246126da1;2025-04-28T19:05:00Z;116.86;116.94;116.94;116.82;1497;
509edd0c-129c-4ee2-934d-7f6246126da1;2025-04-28T19:06:00Z;116.92;116.9;116.94;116.9;957;
509edd0c-129c-4ee2-934d-7f6246126da1;2025-04-28T19:07:00Z;116.88;116.9;116.96;116.8;4776;
509edd0c-129c-4ee2-934d-7f6246126da1;2025-04-28T19:08:00Z;116.9;116.82;116.9;116.82;541;
509edd0c-129c-4ee2-934d-7f6246126da1;2025-04-28T19:09:00Z;116.78;116.8;116.8;116.76;461;
509edd0c-129c-4ee2-934d-7f6246126da1;2025-04-28T19:10:00Z;116.8;116.86;116.86;116.78;768;
509edd0c-129c-4ee2-934d-7f6246126da1;2025-04-28T19:11:00Z;116.82;116.96;116.98;116.82;2729;
509edd0c-129c-4ee2-934d-7f6246126da1;2025-04-28T19:12:00Z;116.98;116.88;116.98;116.82;1843;
509edd0c-129c-4ee2-934d-7f6246126da1;2025-04-28T19:13:00Z;116.86;116.84;116.9;116.8;2486;
509edd0c-129c-4ee2-934d-7f6246126da1;2025-04-28T19:14:00Z;116.84;116.8;116.84;116.8;129;
509edd0c-129c-4ee2-934d-7f6246126da1;2025-04-28T19:15:00Z;116.84;116.84;116.88;116.8;199;
509edd0c-129c-4ee2-934d-7f6246126da1;2025-04-28T19:16:00Z;116.84;116.84;116.9;116.84;189;
509edd0c-129c-4ee2-934d-7f6246126da1;2025-04-28T19:17:00Z;116.86;116.86;116.86;116.8;582;
509edd0c-129c-4ee2-934d-7f6246126da1;2025-04-28T19:18:00Z;116.96;116.98;116.98;116.92;423;
509edd0c-129c-4ee2-934d-7f6246126da1;2025-04-28T19:19:00Z;116.94;116.98;116.98;116.94;152;
509edd0c-129c-4ee2-934d-7f6246126da1;2025-04-28T19:20:00Z;116.98;116.96;116.98;116.96;79;
509edd0c-129c-4ee2-934d-7f6246126da1;2025-04-28T19:21:00Z;116.98;116.98;116.98;116.96;26;
509edd0c-129c-4ee2-934d-7f6246126da1;2025-04-28T19:22:00Z;116.98;116.96;116.98;116.96;123;
509edd0c-129c-4ee2-934d-7f6246126da1;2025-04-28T19:23:00Z;116.98;116.98;116.98;116.98;67;
509edd0c-129c-4ee2-934d-7f6246126da1;2025-04-28T19:24:00Z;116.98;116.98;116.98;116.96;162;
509edd0c-129c-4ee2-934d-7f6246126da1;2025-04-28T19:25:00Z;116.98;116.96;116.98;116.94;780;
509edd0c-129c-4ee2-934d-7f6246126da1;2025-04-28T19:26:00Z;116.96;116.96;116.98;116.96;144;
509edd0c-129c-4ee2-934d-7f6246126da1;2025-04-28T19:27:00Z;116.98;116.96;116.98;116.96;66;
509edd0c-129c-4ee2-934d-7f6246126da1;2025-04-28T19:28:00Z;116.98;116.98;116.98;116.94;1116;
509edd0c-129c-4ee2-934d-7f6246126da1;2025-04-28T19:29:00Z;117;117;117;117;21;
509edd0c-129c-4ee2-934d-7f6246126da1;2025-04-28T19:30:00Z;117;117.02;117.04;117;241;
509edd0c-129c-4ee2-934d-7f6246126da1;2025-04-28T19:31:00Z;117;116.92;117;116.92;567;
509edd0c-129c-4ee2-934d-7f6246126da1;2025-04-28T19:32:00Z;116.9;116.94;116.94;116.9;47;
509edd0c-129c-4ee2-934d-7f6246126da1;2025-04-28T19:33:00Z;116.88;116.96;116.96;116.88;636;
509edd0c-129c-4ee2-934d-7f6246126da1;2025-04-28T19:34:00Z;116.9;116.88;116.94;116.88;317;
509edd0c-129c-4ee2-934d-7f6246126da1;2025-04-28T19:35:00Z;116.94;117.02;117.02;116.88;809;
509edd0c-129c-4ee2-934d-7f6246126da1;2025-04-28T19:36:00Z;117.02;117.1;117.14;117.02;606;
509edd0c-129c-4ee2-934d-7f6246126da1;2025-04-28T19:37:00Z;117.12;117.18;117.18;117.12;610;
509edd0c-129c-4ee2-934d-7f6246126da1;2025-04-28T19:38:00Z;117.18;117.24;117.28;117.14;1465;
509edd0c-129c-4ee2-934d-7f6246126da1;2025-04-28T19:39:00Z;117.28;117.28;117.3;117.24;1081;
509edd0c-129c-4ee2-934d-7f6246126da1;2025-04-28T19:40:00Z;117.28;117.12;117.28;117.12;652;
509edd0c-129c-4ee2-934d-7f6246126da1;2025-04-28T19:41:00Z;117.14;117;117.14;117;1414;
509edd0c-129c-4ee2-934d-7f6246126da1;2025-04-28T19:42:00Z;117.04;117.02;117.08;117;342;
509edd0c-129c-4ee2-934d-7f6246126da1;2025-04-28T19:43:00Z;117.08;117.08;117.08;117.04;148;
509edd0c-129c-4ee2-934d-7f6246126da1;2025-04-28T19:44:00Z;117.16;117.2;117.2;117.1;238;
509edd0c-129c-4ee2-934d-7f6246126da1;2025-04-28T19:45:00Z;117.2;117.06;117.2;117.06;130;
509edd0c-129c-4ee2-934d-7f6246126da1;2025-04-28T19:46:00Z;117.06;117.02;117.06;117.02;11;
509edd0c-129c-4ee2-934d-7f6246126da1;2025-04-28T19:47:00Z;117.08;117.1;117.1;117.08;3;
509edd0c-129c-4ee2-934d-7f6246126da1;2025-04-28T19:48:00Z;117.1;117.1;117.1;117.1;233;
509edd0c-129c-4ee2-934d-7f6246126da1;2025-04-28T19:49:00Z;117.1;117.04;117.1;117.04;37;
509edd0c-129c-4ee2-934d-7f6246126da1;2025-04-28T19:50:00Z;117.04;117.04;117.04;117.04;453;
509edd0c-129c-4ee2-934d-7f6246126da1;2025-04-28T19:51:00Z;117.04;117.04;117.04;117;28;
509edd0c-129c-4ee2-934d-7f6246126da1;2025-04-28T19:52:00Z;117.04;117.04;117.04;117;15;
509edd0c-129c-4ee2-934d-7f6246126da1;2025-04-28T19:53:00Z;117;117;117.04;117;441;
509edd0c-129c-4ee2-934d-7f6246126da1;2025-04-28T19:54:00Z;117.02;117;117.02;117;138;
509edd0c-129c-4ee2-934d-7f6246126da1;2025-04-28T19:55:00Z;117.04;117.06;117.06;117.04;185;
509edd0c-129c-4ee2-934d-7f6246126da1;2025-04-28T19:56:00Z;117.06;117;117.06;117;21;
509edd0c-129c-4ee2-934d-7f6246126da1;2025-04-28T19:57:00Z;117;117.04;117.04;117;668;
509edd0c-129c-4ee2-934d-7f6246126da1;2025-04-28T19:58:00Z;117.06;117.06;117.06;117.06;7;
509edd0c-129c-4ee2-934d-7f6246126da1;2025-04-28T19:59:00Z;117.04;117.04;117.04;117.04;58;
509edd0c-129c-4ee2-934d-7f6246126da1;2025-04-28T20:00:00Z;117.04;117.04;117.04;117.04;175;
509edd0c-129c-4ee2-934d-7f6246126da1;2025-04-28T20:01:00Z;117.02;117.06;117.06;117.02;8;
509edd0c-129c-4ee2-934d-7f6246126da1;2025-04-28T20:02:00Z;117.06;117.4;117.48;117.06;10281;
509edd0c-129c-4ee2-934d-7f6246126da1;2025-04-28T20:03:00Z;117.36;117.32;117.36;117.32;258;
509edd0c-129c-4ee2-934d-7f6246126da1;2025-04-28T20:04:00Z;117.32;117.3;117.32;117.3;419;
509edd0c-129c-4ee2-934d-7f6246126da1;2025-04-28T20:05:00Z;117.3;117.32;117.32;117.28;518;
509edd0c-129c-4ee2-934d-7f6246126da1;2025-04-28T20:06:00Z;117.32;117.32;117.4;117.32;787;
509edd0c-129c-4ee2-934d-7f6246126da1;2025-04-28T20:07:00Z;117.34;117.4;117.44;117.34;744;
509edd0c-129c-4ee2-934d-7f6246126da1;2025-04-28T20:08:00Z;117.4;117.32;117.4;117.32;249;
509edd0c-129c-4ee2-934d-7f6246126da1;2025-04-28T20:09:00Z;117.34;117.4;117.4;117.3;1722;
509edd0c-129c-4ee2-934d-7f6246126da1;2025-04-28T20:10:00Z;117.36;117.36;117.38;117.36;536;
509edd0c-129c-4ee2-934d-7f6246126da1;2025-04-28T20:11:00Z;117.38;117.38;117.4;117.34;211;
509edd0c-129c-4ee2-934d-7f6246126da1;2025-04-28T20:12:00Z;117.4;117.4;117.4;117.4;3;
509edd0c-129c-4ee2-934d-7f6246126da1;2025-04-28T20:13:00Z;117.38;117.34;117.38;117.32;303;
509edd0c-129c-4ee2-934d-7f6246126da1;2025-04-28T20:14:00Z;117.34;117.34;117.34;117.34;4;
509edd0c-129c-4ee2-934d-7f6246126da1;2025-04-28T20:15:00Z;117.32;117.32;117.32;117.32;70;
509edd0c-129c-4ee2-934d-7f6246126da1;2025-04-28T20:16:00Z;117.3;117.3;117.32;117.3;389;
509edd0c-129c-4ee2-934d-7f6246126da1;2025-04-28T20:17:00Z;117.32;117.32;117.32;117.32;17;
509edd0c-129c-4ee2-934d-7f6246126da1;2025-04-28T20:18:00Z;117.32;117.34;117.34;117.32;57;
509edd0c-129c-4ee2-934d-7f6246126da1;2025-04-28T20:19:00Z;117.32;117.34;117.34;117.3;234;
509edd0c-129c-4ee2-934d-7f6246126da1;2025-04-28T20:20:00Z;117.34;117.34;117.34;117.34;4;
509edd0c-129c-4ee2-934d-7f6246126da1;2025-04-28T20:21:00Z;117.34;117.3;117.34;117.3;155;
509edd0c-129c-4ee2-934d-7f6246126da1;2025-04-28T20:22:00Z;117.3;117.24;117.3;117.24;354;
509edd0c-129c-4ee2-934d-7f6246126da1;2025-04-28T20:23:00Z;117.3;117.24;117.3;117.24;233;
509edd0c-129c-4ee2-934d-7f6246126da1;2025-04-28T20:24:00Z;117.26;117.26;117.26;117.26;3;
509edd0c-129c-4ee2-934d-7f6246126da1;2025-04-28T20:25:00Z;117.26;117.26;117.26;117.26;29;
509edd0c-129c-4ee2-934d-7f6246126da1;2025-04-28T20:26:00Z;117.24;117.24;117.24;117.24;12;
509edd0c-129c-4ee2-934d-7f6246126da1;2025-04-28T20:27:00Z;117.26;117.26;117.26;117.2;188;
509edd0c-129c-4ee2-934d-7f6246126da1;2025-04-28T20:28:00Z;117.26;117.26;117.26;117.26;52;
509edd0c-129c-4ee2-934d-7f6246126da1;2025-04-28T20:29:00Z;117.26;117.3;117.3;117.26;152;
509edd0c-129c-4ee2-934d-7f6246126da1;2025-04-28T20:30:00Z;117.26;117.24;117.3;117.24;175;
509edd0c-129c-4ee2-934d-7f6246126da1;2025-04-28T20:31:00Z;117.26;117.24;117.26;117.24;162;
509edd0c-129c-4ee2-934d-7f6246126da1;2025-04-28T20:32:00Z;117.24;117.22;117.3;117.22;52;
509edd0c-129c-4ee2-934d-7f6246126da1;2025-04-28T20:33:00Z;117.22;117.22;117.28;117.22;164;
509edd0c-129c-4ee2-934d-7f6246126da1;2025-04-28T20:35:00Z;117.28;117.1;117.28;117.08;4504;
509edd0c-129c-4ee2-934d-7f6246126da1;2025-04-28T20:36:00Z;117.1;117.1;117.16;117.1;49;
509edd0c-129c-4ee2-934d-7f6246126da1;2025-04-28T20:37:00Z;117.1;117.18;117.18;117.1;539;
509edd0c-129c-4ee2-934d-7f6246126da1;2025-04-28T20:38:00Z;117.18;117.36;117.36;117.18;591;
509edd0c-129c-4ee2-934d-7f6246126da1;2025-04-28T20:39:00Z;117.28;117.34;117.34;117.24;642;
509edd0c-129c-4ee2-934d-7f6246126da1;2025-04-28T20:40:00Z;117.28;117.42;117.42;117.28;627;
509edd0c-129c-4ee2-934d-7f6246126da1;2025-04-28T20:41:00Z;117.36;117.4;117.48;117.34;508;
509edd0c-129c-4ee2-934d-7f6246126da1;2025-04-28T20:42:00Z;117.44;117.4;117.44;117.32;88;
509edd0c-129c-4ee2-934d-7f6246126da1;2025-04-28T20:43:00Z;117.38;117.42;117.42;117.36;1387;
509edd0c-129c-4ee2-934d-7f6246126da1;2025-04-28T20:44:00Z;117.42;117.3;117.44;117.3;974;
509edd0c-129c-4ee2-934d-7f6246126da1;2025-04-28T20:45:00Z;117.44;117.44;117.44;117.34;450;
509edd0c-129c-4ee2-934d-7f6246126da1;2025-04-28T20:46:00Z;117.44;117.44;117.44;117.44;301;
509edd0c-129c-4ee2-934d-7f6246126da1;2025-04-28T20:47:00Z;117.4;117.44;117.44;117.4;136;
509edd0c-129c-4ee2-934d-7f6246126da1;2025-04-28T20:48:00Z;117.44;117.3;117.44;117.28;545;
509edd0c-129c-4ee2-934d-7f6246126da1;2025-04-28T20:49:00Z;117.42;117.3;117.44;117.24;259;
