date,avg_sentiment,sentiment_compound_median,sentiment_compound_std,sentiment_compound_min,sentiment_compound_max,sentiment_compound_count,sentiment_positive_mean,sentiment_positive_sum,sentiment_negative_mean,sentiment_negative_sum,sentiment_neutral_mean,news_count,stock_impact_mean,stock_impact_median,stock_impact_std,positive_ratio,negative_ratio,sentiment_ratio,sentiment_strength,sentiment_direction,cbr_meeting,days_to_cbr_meeting,cbr_proximity_factor,cbr_adjusted_sentiment,day_of_week,month,is_weekend,trading_activity_index,weighted_sentiment
2024-06-03 00:00:00+00:00,0.0,0.0,0.0,0.0,0.0,1,0.0,0.0,0.0,0.0,1.0,1,0.0,0.0,0.0,0.0,0.0,0.0,0.0,0.0,0,99,1.0,0.0,0,6,0,1.0,0.0
2024-06-04 00:00:00+00:00,0.025,0.025,0.03535533905932738,0.0,0.05,2,0.005434782608695653,0.010869565217391306,0.0,0.0,0.9945652173913043,2,0.0125,0.0125,0.01767766952966369,0.005434782608695653,0.0,5.434782608695653,0.027465307216702747,1.0,0,99,1.0,0.025,1,6,0,1.0,0.025
2024-06-05 00:00:00+00:00,0.025,0.025,0.03535533905932738,0.0,0.05,2,0.012195121951219513,0.024390243902439025,0.0,0.0,0.9878048780487805,2,0.0125,0.0125,0.01767766952966369,0.012195121951219513,0.0,12.195121951219512,0.027465307216702747,1.0,0,99,1.0,0.025,2,6,0,1.0,0.025
2024-06-06 00:00:00+00:00,0.025,0.025,0.03535533905932738,0.0,0.05,2,0.030231524229677502,0.060463048459355004,0.01637540895774198,0.03275081791548396,0.9533930668125805,2,0.0125,0.0125,0.01767766952966369,0.030231524229677502,0.01637540895774198,1.846153846153846,0.027465307216702747,1.0,0,99,1.0,0.025,3,6,0,1.0,0.025
2024-06-07 00:00:00+00:00,0.0,0.0,0.0,0.0,0.0,1,0.0,0.0,0.0,0.0,1.0,1,0.0,0.0,0.0,0.0,0.0,0.0,0.0,0.0,0,99,1.0,0.0,4,6,0,1.0,0.0
2024-06-08 00:00:00+00:00,0.0,0.0,0.0,0.0,0.0,0,0.0,0.0,0.0,0.0,0.0,0,0.0,0.0,0.0,0.0,0.0,0.0,0.0,0.0,0,99,1.0,0.0,5,6,1,0.3,0.0
2024-06-09 00:00:00+00:00,0.0,0.0,0.0,0.0,0.0,0,0.0,0.0,0.0,0.0,0.0,0,0.0,0.0,0.0,0.0,0.0,0.0,0.0,0.0,0,99,1.0,0.0,6,6,1,0.3,0.0
2024-06-10 00:00:00+00:00,0.03409090909090909,0.03409090909090909,0.04821182598999187,0.0,0.06818181818181818,2,0.022727272727272728,0.045454545454545456,0.0,0.0,0.9772727272727273,2,0.017045454545454544,0.017045454545454544,0.024105912994995937,0.022727272727272728,0.0,22.727272727272727,0.03745269165914011,1.0,0,99,1.0,0.03409090909090909,0,6,0,1.0,0.03409090909090909
2024-06-11 00:00:00+00:00,-0.10847333820306793,-0.10847333820306793,0.0,-0.10847333820306793,-0.10847333820306793,1,0.0,0.0,0.07231555880204528,0.07231555880204528,0.9276844411979547,1,-0.05423666910153396,-0.05423666910153396,0.0,0.0,0.07231555880204528,0.0,0.07518798854138194,-1.0,0,99,1.0,-0.10847333820306793,1,6,0,1.0,-0.10847333820306793
2024-06-12 00:00:00+00:00,0.0,0.0,0.0,0.0,0.0,0,0.0,0.0,0.0,0.0,0.0,0,0.0,0.0,0.0,0.0,0.0,0.0,0.0,0.0,0,99,1.0,0.0,2,6,0,1.0,0.0
2024-06-13 00:00:00+00:00,0.0,0.0,0.0,0.0,0.0,1,0.0,0.0,0.0,0.0,1.0,1,0.0,0.0,0.0,0.0,0.0,0.0,0.0,0.0,0,99,1.0,0.0,3,6,0,1.0,0.0
2024-06-14 00:00:00+00:00,-0.04362244897959183,-0.04362244897959183,0.06169145897086715,-0.08724489795918366,0.0,2,0.0,0.0,0.029081632653061223,0.058163265306122446,0.9709183673469388,2,-0.021811224489795916,-0.021811224489795916,0.030845729485433574,0.0,0.029081632653061223,0.0,0.047924158510777234,-1.0,0,99,1.0,-0.04362244897959183,4,6,0,1.0,-0.04362244897959183
2024-06-15 00:00:00+00:00,0.0,0.0,0.0,0.0,0.0,0,0.0,0.0,0.0,0.0,0.0,0,0.0,0.0,0.0,0.0,0.0,0.0,0.0,0.0,0,99,1.0,0.0,5,6,1,0.3,0.0
2024-06-16 00:00:00+00:00,0.0,0.0,0.0,0.0,0.0,0,0.0,0.0,0.0,0.0,0.0,0,0.0,0.0,0.0,0.0,0.0,0.0,0.0,0.0,0,99,1.0,0.0,6,6,1,0.3,0.0
2024-06-17 00:00:00+00:00,0.0,0.0,0.0,0.0,0.0,0,0.0,0.0,0.0,0.0,0.0,0,0.0,0.0,0.0,0.0,0.0,0.0,0.0,0.0,0,99,1.0,0.0,0,6,0,1.0,0.0
2024-06-18 00:00:00+00:00,0.0,0.0,0.0,0.0,0.0,0,0.0,0.0,0.0,0.0,0.0,0,0.0,0.0,0.0,0.0,0.0,0.0,0.0,0.0,0,99,1.0,0.0,1,6,0,1.0,0.0
2024-06-19 00:00:00+00:00,0.0,0.0,0.0,0.0,0.0,0,0.0,0.0,0.0,0.0,0.0,0,0.0,0.0,0.0,0.0,0.0,0.0,0.0,0.0,0,99,1.0,0.0,2,6,0,1.0,0.0
2024-06-20 00:00:00+00:00,0.0,0.0,0.0,0.0,0.0,0,0.0,0.0,0.0,0.0,0.0,0,0.0,0.0,0.0,0.0,0.0,0.0,0.0,0.0,0,99,1.0,0.0,3,6,0,1.0,0.0
2024-06-21 00:00:00+00:00,0.0,0.0,0.0,0.0,0.0,0,0.0,0.0,0.0,0.0,0.0,0,0.0,0.0,0.0,0.0,0.0,0.0,0.0,0.0,0,99,1.0,0.0,4,6,0,1.0,0.0
2024-06-22 00:00:00+00:00,0.0,0.0,0.0,0.0,0.0,0,0.0,0.0,0.0,0.0,0.0,0,0.0,0.0,0.0,0.0,0.0,0.0,0.0,0.0,0,99,1.0,0.0,5,6,1,0.3,0.0
2024-06-23 00:00:00+00:00,0.0,0.0,0.0,0.0,0.0,0,0.0,0.0,0.0,0.0,0.0,0,0.0,0.0,0.0,0.0,0.0,0.0,0.0,0.0,0,99,1.0,0.0,6,6,1,0.3,0.0
2024-06-24 00:00:00+00:00,-0.05,-0.05,0.0,-0.05,-0.05,1,0.0,0.0,0.007002891695383449,0.007002891695383449,0.9929971083046165,1,-0.025,-0.025,0.0,0.0,0.007002891695383449,0.0,0.03465735902799726,-1.0,0,99,1.0,-0.05,0,6,0,1.0,-0.05
2024-06-25 00:00:00+00:00,-0.05,-0.05,0.0,-0.05,-0.05,1,0.0009642778873548104,0.0009642778873548104,0.011571334648257724,0.011571334648257724,0.9874643874643875,1,-0.025,-0.025,0.0,0.0009642778873548104,0.011571334648257724,0.08333333333333334,0.03465735902799726,-1.0,0,99,1.0,-0.05,1,6,0,1.0,-0.05
2024-06-26 00:00:00+00:00,-0.05,-0.05,0.0,-0.05,-0.05,1,0.0009670391639847301,0.0009670391639847301,0.017406704951725138,0.017406704951725138,0.9816262558842901,1,-0.025,-0.025,0.0,0.0009670391639847301,0.017406704951725138,0.055555555555555566,0.03465735902799726,-1.0,0,99,1.0,-0.05,2,6,0,1.0,-0.05
2024-06-27 00:00:00+00:00,-0.05,-0.05,0.0,-0.05,-0.05,1,0.000734936807482701,0.000734936807482701,0.018373420187067526,0.018373420187067526,0.9808916430054497,1,-0.025,-0.025,0.0,0.000734936807482701,0.018373420187067526,0.039999999999999994,0.03465735902799726,-1.0,0,99,1.0,-0.05,3,6,0,1.0,-0.05
2024-06-28 00:00:00+00:00,-0.08085106382978724,-0.08085106382978724,0.04362999288172314,-0.11170212765957446,-0.05,2,0.00036270953828056076,0.0007254190765611215,0.0463017810102055,0.092603562020411,0.9533355094515139,2,-0.04042553191489362,-0.04042553191489362,0.02181499644086157,0.00036270953828056076,0.0463017810102055,0.007833597981913805,0.08882397227529398,-1.0,0,99,1.0,-0.08085106382978724,4,6,0,1.0,-0.08085106382978724
2024-06-29 00:00:00+00:00,0.0,0.0,0.0,0.0,0.0,0,0.0,0.0,0.0,0.0,0.0,0,0.0,0.0,0.0,0.0,0.0,0.0,0.0,0.0,0,99,1.0,0.0,5,6,1,0.3,0.0
2024-06-30 00:00:00+00:00,0.0,0.0,0.0,0.0,0.0,0,0.0,0.0,0.0,0.0,0.0,0,0.0,0.0,0.0,0.0,0.0,0.0,0.0,0.0,0,99,1.0,0.0,6,6,1,0.3,0.0
2024-07-01 00:00:00+00:00,0.0,0.0,0.0,0.0,0.0,0,0.0,0.0,0.0,0.0,0.0,0,0.0,0.0,0.0,0.0,0.0,0.0,0.0,0.0,0,99,1.0,0.0,0,7,0,1.0,0.0
2024-07-02 00:00:00+00:00,0.0,0.0,0.0,0.0,0.0,0,0.0,0.0,0.0,0.0,0.0,0,0.0,0.0,0.0,0.0,0.0,0.0,0.0,0.0,0,99,1.0,0.0,1,7,0,1.0,0.0
2024-07-03 00:00:00+00:00,0.0,0.0,0.0,0.0,0.0,0,0.0,0.0,0.0,0.0,0.0,0,0.0,0.0,0.0,0.0,0.0,0.0,0.0,0.0,0,99,1.0,0.0,2,7,0,1.0,0.0
2024-07-04 00:00:00+00:00,0.0,0.0,0.0,0.0,0.0,0,0.0,0.0,0.0,0.0,0.0,0,0.0,0.0,0.0,0.0,0.0,0.0,0.0,0.0,0,99,1.0,0.0,3,7,0,1.0,0.0
2024-07-05 00:00:00+00:00,-0.05,-0.05,0.0,-0.05,-0.05,1,0.0,0.0,0.02878578024007387,0.02878578024007387,0.9712142197599262,1,-0.025,-0.025,0.0,0.0,0.02878578024007387,0.0,0.03465735902799726,-1.0,0,99,1.0,-0.05,4,7,0,1.0,-0.05
2024-07-06 00:00:00+00:00,0.0,0.0,0.0,0.0,0.0,0,0.0,0.0,0.0,0.0,0.0,0,0.0,0.0,0.0,0.0,0.0,0.0,0.0,0.0,0,99,1.0,0.0,5,7,1,0.3,0.0
2024-07-07 00:00:00+00:00,0.0,0.0,0.0,0.0,0.0,0,0.0,0.0,0.0,0.0,0.0,0,0.0,0.0,0.0,0.0,0.0,0.0,0.0,0.0,0,99,1.0,0.0,6,7,1,0.3,0.0
2024-07-08 00:00:00+00:00,-0.06747404844290657,-0.06747404844290657,0.0,-0.06747404844290657,-0.06747404844290657,1,0.0011245674740484428,0.0011245674740484428,0.04610726643598616,0.04610726643598616,0.9527681660899654,1,-0.033737024221453284,-0.033737024221453284,0.0,0.0011245674740484428,0.04610726643598616,0.024390243902439022,0.046769446439165856,-1.0,0,99,1.0,-0.06747404844290657,0,7,0,1.0,-0.06747404844290657
2024-07-09 00:00:00+00:00,-0.07159853828503442,-0.07159853828503442,0.0,-0.07159853828503442,-0.07159853828503442,1,0.0013637816816197033,0.0013637816816197033,0.04909614053830932,0.04909614053830932,0.949540077780071,1,-0.03579926914251721,-0.03579926914251721,0.0,0.0013637816816197033,0.04909614053830932,0.02777777777777778,0.04962832494448491,-1.0,0,99,1.0,-0.07159853828503442,1,7,0,1.0,-0.07159853828503442
2024-07-10 00:00:00+00:00,-0.05533458747648483,-0.05533458747648483,0.0,-0.05533458747648483,-0.05533458747648483,1,0.00890441637552629,0.00890441637552629,0.04579414135984951,0.04579414135984951,0.9453014422646242,1,-0.027667293738242414,-0.027667293738242414,0.0,0.00890441637552629,0.04579414135984951,0.1944444444444444,0.03835501329677311,-1.0,0,99,1.0,-0.05533458747648483,2,7,0,1.0,-0.05533458747648483
2024-07-11 00:00:00+00:00,0.0524834235801326,0.0524834235801326,0.16147949096872038,-0.06169981950640145,0.16666666666666666,2,0.059668876855982315,0.11933775371196463,0.02467992780256058,0.04935985560512116,0.915651195341457,2,0.0262417117900663,0.0262417117900663,0.08073974548436019,0.059668876855982315,0.02467992780256058,2.417708728053555,0.05765893409650732,1.0,0,99,1.0,0.0524834235801326,3,7,0,1.0,0.0524834235801326
2024-07-12 00:00:00+00:00,-0.025,-0.025,0.03535533905932738,-0.05,0.0,2,0.004679583411521861,0.009359166823043722,0.020055357477950838,0.040110714955901676,0.9752650591105273,2,-0.0125,-0.0125,0.01767766952966369,0.004679583411521861,0.020055357477950838,0.23333333333333328,0.027465307216702747,-1.0,0,99,1.0,-0.025,4,7,0,1.0,-0.025
2024-07-13 00:00:00+00:00,0.22641804901511162,0.22641804901511162,0.0,0.22641804901511162,0.22641804901511162,1,0.1509453660100744,0.1509453660100744,0.0,0.0,0.8490546339899256,1,0.11320902450755581,0.11320902450755581,0.0,0.1509453660100744,0.0,150.9453660100744,0.15694103230270812,1.0,0,99,1.0,0.22641804901511162,5,7,1,0.3,0.06792541470453348
2024-07-14 00:00:00+00:00,0.0,0.0,0.0,0.0,0.0,0,0.0,0.0,0.0,0.0,0.0,0,0.0,0.0,0.0,0.0,0.0,0.0,0.0,0.0,0,99,1.0,0.0,6,7,1,0.3,0.0
2024-07-15 00:00:00+00:00,-0.05,-0.05,0.0,-0.05,-0.05,1,0.009090379348522814,0.009090379348522814,0.036361517394091256,0.036361517394091256,0.9545481032573859,1,-0.025,-0.025,0.0,0.009090379348522814,0.036361517394091256,0.25,0.03465735902799726,-1.0,0,99,1.0,-0.05,0,7,0,1.0,-0.05
2024-07-16 00:00:00+00:00,-0.05525492004173845,-0.05525492004173845,0.0,-0.05525492004173845,-0.05525492004173845,1,0.012278871120386323,0.012278871120386323,0.04911548448154529,0.04911548448154529,0.9386056443980684,1,-0.027627460020869226,-0.027627460020869226,0.0,0.012278871120386323,0.04911548448154529,0.25,0.03829979203899622,-1.0,0,99,1.0,-0.05525492004173845,1,7,0,1.0,-0.05525492004173845
2024-07-17 00:00:00+00:00,0.0,0.0,0.0,0.0,0.0,0,0.0,0.0,0.0,0.0,0.0,0,0.0,0.0,0.0,0.0,0.0,0.0,0.0,0.0,0,99,1.0,0.0,2,7,0,1.0,0.0
2024-07-18 00:00:00+00:00,0.0,0.0,0.0,0.0,0.0,0,0.0,0.0,0.0,0.0,0.0,0,0.0,0.0,0.0,0.0,0.0,0.0,0.0,0.0,0,99,1.0,0.0,3,7,0,1.0,0.0
2024-07-19 00:00:00+00:00,0.0,0.0,0.0,0.0,0.0,1,0.0,0.0,0.0,0.0,1.0,1,0.0,0.0,0.0,0.0,0.0,0.0,0.0,0.0,0,99,1.0,0.0,4,7,0,1.0,0.0
2024-07-20 00:00:00+00:00,0.0,0.0,0.0,0.0,0.0,0,0.0,0.0,0.0,0.0,0.0,0,0.0,0.0,0.0,0.0,0.0,0.0,0.0,0.0,0,99,1.0,0.0,5,7,1,0.3,0.0
2024-07-21 00:00:00+00:00,0.0,0.0,0.0,0.0,0.0,0,0.0,0.0,0.0,0.0,0.0,0,0.0,0.0,0.0,0.0,0.0,0.0,0.0,0.0,0,99,1.0,0.0,6,7,1,0.3,0.0
2024-07-22 00:00:00+00:00,0.0,0.0,0.0,0.0,0.0,0,0.0,0.0,0.0,0.0,0.0,0,0.0,0.0,0.0,0.0,0.0,0.0,0.0,0.0,0,99,1.0,0.0,0,7,0,1.0,0.0
2024-07-23 00:00:00+00:00,0.0,0.0,0.0,0.0,0.0,0,0.0,0.0,0.0,0.0,0.0,0,0.0,0.0,0.0,0.0,0.0,0.0,0.0,0.0,0,99,1.0,0.0,1,7,0,1.0,0.0
2024-07-24 00:00:00+00:00,-0.05,-0.05,0.0,-0.05,-0.05,1,0.01886642885453825,0.01886642885453825,0.020214030915576695,0.020214030915576695,0.960919540229885,1,-0.025,-0.025,0.0,0.01886642885453825,0.020214030915576695,0.9333333333333333,0.03465735902799726,-1.0,0,99,1.0,-0.05,2,7,0,1.0,-0.05
2024-07-25 00:00:00+00:00,0.0,0.0,0.0,0.0,0.0,0,0.0,0.0,0.0,0.0,0.0,0,0.0,0.0,0.0,0.0,0.0,0.0,0.0,0.0,0,99,1.0,0.0,3,7,0,1.0,0.0
2024-07-26 00:00:00+00:00,0.0,0.0,0.0,0.0,0.0,0,0.0,0.0,0.0,0.0,0.0,0,0.0,0.0,0.0,0.0,0.0,0.0,0.0,0.0,0,99,1.0,0.0,4,7,0,1.0,0.0
2024-07-27 00:00:00+00:00,0.0,0.0,0.0,0.0,0.0,0,0.0,0.0,0.0,0.0,0.0,0,0.0,0.0,0.0,0.0,0.0,0.0,0.0,0.0,0,99,1.0,0.0,5,7,1,0.3,0.0
2024-07-28 00:00:00+00:00,0.0,0.0,0.0,0.0,0.0,0,0.0,0.0,0.0,0.0,0.0,0,0.0,0.0,0.0,0.0,0.0,0.0,0.0,0.0,0,99,1.0,0.0,6,7,1,0.3,0.0
2024-07-29 00:00:00+00:00,0.0,0.0,0.0,0.0,0.0,0,0.0,0.0,0.0,0.0,0.0,0,0.0,0.0,0.0,0.0,0.0,0.0,0.0,0.0,0,99,1.0,0.0,0,7,0,1.0,0.0
2024-07-30 00:00:00+00:00,0.0,0.0,0.0,0.0,0.0,0,0.0,0.0,0.0,0.0,0.0,0,0.0,0.0,0.0,0.0,0.0,0.0,0.0,0.0,0,99,1.0,0.0,1,7,0,1.0,0.0
2024-07-31 00:00:00+00:00,0.0,0.0,0.0,0.0,0.0,0,0.0,0.0,0.0,0.0,0.0,0,0.0,0.0,0.0,0.0,0.0,0.0,0.0,0.0,0,99,1.0,0.0,2,7,0,1.0,0.0
2024-08-01 00:00:00+00:00,0.0,0.0,0.0,0.0,0.0,0,0.0,0.0,0.0,0.0,0.0,0,0.0,0.0,0.0,0.0,0.0,0.0,0.0,0.0,0,99,1.0,0.0,3,8,0,1.0,0.0
2024-08-02 00:00:00+00:00,0.0,0.0,0.0,0.0,0.0,0,0.0,0.0,0.0,0.0,0.0,0,0.0,0.0,0.0,0.0,0.0,0.0,0.0,0.0,0,99,1.0,0.0,4,8,0,1.0,0.0
2024-08-03 00:00:00+00:00,0.0,0.0,0.0,0.0,0.0,0,0.0,0.0,0.0,0.0,0.0,0,0.0,0.0,0.0,0.0,0.0,0.0,0.0,0.0,0,99,1.0,0.0,5,8,1,0.3,0.0
2024-08-04 00:00:00+00:00,0.0,0.0,0.0,0.0,0.0,0,0.0,0.0,0.0,0.0,0.0,0,0.0,0.0,0.0,0.0,0.0,0.0,0.0,0.0,0,99,1.0,0.0,6,8,1,0.3,0.0
2024-08-05 00:00:00+00:00,0.0,0.0,0.0,0.0,0.0,0,0.0,0.0,0.0,0.0,0.0,0,0.0,0.0,0.0,0.0,0.0,0.0,0.0,0.0,0,99,1.0,0.0,0,8,0,1.0,0.0
2024-08-06 00:00:00+00:00,0.0,0.0,0.0,0.0,0.0,0,0.0,0.0,0.0,0.0,0.0,0,0.0,0.0,0.0,0.0,0.0,0.0,0.0,0.0,0,99,1.0,0.0,1,8,0,1.0,0.0
2024-08-07 00:00:00+00:00,0.0,0.0,0.0,0.0,0.0,1,0.0,0.0,0.0,0.0,1.0,1,0.0,0.0,0.0,0.0,0.0,0.0,0.0,0.0,0,99,1.0,0.0,2,8,0,1.0,0.0
2024-08-08 00:00:00+00:00,0.0,0.0,0.0,0.0,0.0,0,0.0,0.0,0.0,0.0,0.0,0,0.0,0.0,0.0,0.0,0.0,0.0,0.0,0.0,0,99,1.0,0.0,3,8,0,1.0,0.0
2024-08-09 00:00:00+00:00,0.0,0.0,0.0,0.0,0.0,0,0.0,0.0,0.0,0.0,0.0,0,0.0,0.0,0.0,0.0,0.0,0.0,0.0,0.0,0,99,1.0,0.0,4,8,0,1.0,0.0
2024-08-10 00:00:00+00:00,0.0,0.0,0.0,0.0,0.0,0,0.0,0.0,0.0,0.0,0.0,0,0.0,0.0,0.0,0.0,0.0,0.0,0.0,0.0,0,99,1.0,0.0,5,8,1,0.3,0.0
2024-08-11 00:00:00+00:00,0.0,0.0,0.0,0.0,0.0,0,0.0,0.0,0.0,0.0,0.0,0,0.0,0.0,0.0,0.0,0.0,0.0,0.0,0.0,0,99,1.0,0.0,6,8,1,0.3,0.0
2024-08-12 00:00:00+00:00,0.0,0.0,0.0,0.0,0.0,0,0.0,0.0,0.0,0.0,0.0,0,0.0,0.0,0.0,0.0,0.0,0.0,0.0,0.0,0,99,1.0,0.0,0,8,0,1.0,0.0
2024-08-13 00:00:00+00:00,0.0,0.0,0.0,0.0,0.0,0,0.0,0.0,0.0,0.0,0.0,0,0.0,0.0,0.0,0.0,0.0,0.0,0.0,0.0,0,99,1.0,0.0,1,8,0,1.0,0.0
2024-08-14 00:00:00+00:00,0.0,0.0,0.0,0.0,0.0,1,0.0,0.0,0.0,0.0,1.0,1,0.0,0.0,0.0,0.0,0.0,0.0,0.0,0.0,0,99,1.0,0.0,2,8,0,1.0,0.0
2024-08-15 00:00:00+00:00,0.0,0.0,0.0,0.0,0.0,0,0.0,0.0,0.0,0.0,0.0,0,0.0,0.0,0.0,0.0,0.0,0.0,0.0,0.0,0,99,1.0,0.0,3,8,0,1.0,0.0
2024-08-16 00:00:00+00:00,0.08273854002937463,0.08273854002937463,0.0,0.08273854002937463,0.08273854002937463,1,0.05515902668624975,0.05515902668624975,0.0,0.0,0.9448409733137503,1,0.041369270014687314,0.041369270014687314,0.0,0.05515902668624975,0.0,55.15902668624975,0.057349985745007194,1.0,0,99,1.0,0.08273854002937463,4,8,0,1.0,0.08273854002937463
2024-08-17 00:00:00+00:00,0.0,0.0,0.0,0.0,0.0,0,0.0,0.0,0.0,0.0,0.0,0,0.0,0.0,0.0,0.0,0.0,0.0,0.0,0.0,0,99,1.0,0.0,5,8,1,0.3,0.0
2024-08-18 00:00:00+00:00,0.0,0.0,0.0,0.0,0.0,0,0.0,0.0,0.0,0.0,0.0,0,0.0,0.0,0.0,0.0,0.0,0.0,0.0,0.0,0,99,1.0,0.0,6,8,1,0.3,0.0
2024-08-19 00:00:00+00:00,0.0,0.0,0.0,0.0,0.0,0,0.0,0.0,0.0,0.0,0.0,0,0.0,0.0,0.0,0.0,0.0,0.0,0.0,0.0,0,99,1.0,0.0,0,8,0,1.0,0.0
2024-08-20 00:00:00+00:00,0.0,0.0,0.0,0.0,0.0,0,0.0,0.0,0.0,0.0,0.0,0,0.0,0.0,0.0,0.0,0.0,0.0,0.0,0.0,0,99,1.0,0.0,1,8,0,1.0,0.0
2024-08-21 00:00:00+00:00,0.0,0.0,0.0,0.0,0.0,0,0.0,0.0,0.0,0.0,0.0,0,0.0,0.0,0.0,0.0,0.0,0.0,0.0,0.0,0,99,1.0,0.0,2,8,0,1.0,0.0
2024-08-22 00:00:00+00:00,0.0,0.0,0.0,0.0,0.0,0,0.0,0.0,0.0,0.0,0.0,0,0.0,0.0,0.0,0.0,0.0,0.0,0.0,0.0,0,99,1.0,0.0,3,8,0,1.0,0.0
2024-08-23 00:00:00+00:00,0.0,0.0,0.0,0.0,0.0,0,0.0,0.0,0.0,0.0,0.0,0,0.0,0.0,0.0,0.0,0.0,0.0,0.0,0.0,0,99,1.0,0.0,4,8,0,1.0,0.0
2024-08-24 00:00:00+00:00,0.0,0.0,0.0,0.0,0.0,0,0.0,0.0,0.0,0.0,0.0,0,0.0,0.0,0.0,0.0,0.0,0.0,0.0,0.0,0,99,1.0,0.0,5,8,1,0.3,0.0
2024-08-25 00:00:00+00:00,0.0,0.0,0.0,0.0,0.0,0,0.0,0.0,0.0,0.0,0.0,0,0.0,0.0,0.0,0.0,0.0,0.0,0.0,0.0,0,99,1.0,0.0,6,8,1,0.3,0.0
2024-08-26 00:00:00+00:00,0.0,0.0,0.0,0.0,0.0,1,0.0,0.0,0.0,0.0,1.0,1,0.0,0.0,0.0,0.0,0.0,0.0,0.0,0.0,0,99,1.0,0.0,0,8,0,1.0,0.0
2024-08-27 00:00:00+00:00,-0.039999999999999994,-0.039999999999999994,0.05656854249492379,-0.07999999999999999,0.0,2,0.0,0.0,0.026666666666666665,0.05333333333333333,0.9733333333333334,2,-0.42000000000000004,-0.42000000000000004,0.5939696961966999,0.0,0.026666666666666665,0.0,0.04394449154672438,-1.0,0,99,1.0,-0.039999999999999994,1,8,0,1.0,-0.039999999999999994
2024-08-28 00:00:00+00:00,0.0,0.0,0.0,0.0,0.0,2,0.0,0.0,0.0,0.0,1.0,2,0.0,0.0,0.0,0.0,0.0,0.0,0.0,0.0,0,99,1.0,0.0,2,8,0,1.0,0.0
2024-08-29 00:00:00+00:00,0.11875,0.11875,0.09722718241315029,0.05,0.1875,2,0.06964285714285715,0.1392857142857143,0.0,0.0,0.9303571428571429,2,0.059375,0.059375,0.048613591206575144,0.06964285714285715,0.0,69.64285714285714,0.13046020927933802,1.0,0,99,1.0,0.11875,3,8,0,1.0,0.11875
2024-08-30 00:00:00+00:00,0.0,0.0,0.0,0.0,0.0,0,0.0,0.0,0.0,0.0,0.0,0,0.0,0.0,0.0,0.0,0.0,0.0,0.0,0.0,0,99,1.0,0.0,4,8,0,1.0,0.0
2024-08-31 00:00:00+00:00,0.0,0.0,0.0,0.0,0.0,0,0.0,0.0,0.0,0.0,0.0,0,0.0,0.0,0.0,0.0,0.0,0.0,0.0,0.0,0,99,1.0,0.0,5,8,1,0.3,0.0
2024-09-01 00:00:00+00:00,0.0,0.0,0.0,0.0,0.0,0,0.0,0.0,0.0,0.0,0.0,0,0.0,0.0,0.0,0.0,0.0,0.0,0.0,0.0,0,99,1.0,0.0,6,9,1,0.3,0.0
2024-09-02 00:00:00+00:00,0.0,0.0,0.0,0.0,0.0,0,0.0,0.0,0.0,0.0,0.0,0,0.0,0.0,0.0,0.0,0.0,0.0,0.0,0.0,0,99,1.0,0.0,0,9,0,1.0,0.0
2024-09-03 00:00:00+00:00,0.0,0.0,0.0,0.0,0.0,0,0.0,0.0,0.0,0.0,0.0,0,0.0,0.0,0.0,0.0,0.0,0.0,0.0,0.0,0,99,1.0,0.0,1,9,0,1.0,0.0
2024-09-04 00:00:00+00:00,0.0,0.0,0.0,0.0,0.0,0,0.0,0.0,0.0,0.0,0.0,0,0.0,0.0,0.0,0.0,0.0,0.0,0.0,0.0,0,99,1.0,0.0,2,9,0,1.0,0.0
2024-09-05 00:00:00+00:00,0.0,0.0,0.0,0.0,0.0,2,0.0,0.0,0.0,0.0,1.0,2,0.0,0.0,0.0,0.0,0.0,0.0,0.0,0.0,0,99,1.0,0.0,3,9,0,1.0,0.0
2024-09-06 00:00:00+00:00,0.0,0.0,0.0,0.0,0.0,0,0.0,0.0,0.0,0.0,0.0,0,0.0,0.0,0.0,0.0,0.0,0.0,0.0,0.0,0,99,1.0,0.0,4,9,0,1.0,0.0
2024-09-07 00:00:00+00:00,0.0,0.0,0.0,0.0,0.0,0,0.0,0.0,0.0,0.0,0.0,0,0.0,0.0,0.0,0.0,0.0,0.0,0.0,0.0,0,99,1.0,0.0,5,9,1,0.3,0.0
2024-09-08 00:00:00+00:00,0.0,0.0,0.0,0.0,0.0,0,0.0,0.0,0.0,0.0,0.0,0,0.0,0.0,0.0,0.0,0.0,0.0,0.0,0.0,0,99,1.0,0.0,6,9,1,0.3,0.0
2024-09-09 00:00:00+00:00,0.0,0.0,0.0,0.0,0.0,0,0.0,0.0,0.0,0.0,0.0,0,0.0,0.0,0.0,0.0,0.0,0.0,0.0,0.0,0,99,1.0,0.0,0,9,0,1.0,0.0
2024-09-10 00:00:00+00:00,0.0,0.0,0.0,0.0,0.0,0,0.0,0.0,0.0,0.0,0.0,0,0.0,0.0,0.0,0.0,0.0,0.0,0.0,0.0,0,99,1.0,0.0,1,9,0,1.0,0.0
2024-09-11 00:00:00+00:00,0.0,0.0,0.0,0.0,0.0,0,0.0,0.0,0.0,0.0,0.0,0,0.0,0.0,0.0,0.0,0.0,0.0,0.0,0.0,0,99,1.0,0.0,2,9,0,1.0,0.0
2024-09-12 00:00:00+00:00,0.0,0.0,0.0,0.0,0.0,0,0.0,0.0,0.0,0.0,0.0,0,0.0,0.0,0.0,0.0,0.0,0.0,0.0,0.0,0,99,1.0,0.0,3,9,0,1.0,0.0
2024-09-13 00:00:00+00:00,0.0,0.0,0.0,0.0,0.0,0,0.0,0.0,0.0,0.0,0.0,0,0.0,0.0,0.0,0.0,0.0,0.0,0.0,0.0,0,99,1.0,0.0,4,9,0,1.0,0.0
2024-09-14 00:00:00+00:00,0.0,0.0,0.0,0.0,0.0,0,0.0,0.0,0.0,0.0,0.0,0,0.0,0.0,0.0,0.0,0.0,0.0,0.0,0.0,0,99,1.0,0.0,5,9,1,0.3,0.0
2024-09-15 00:00:00+00:00,0.0,0.0,0.0,0.0,0.0,0,0.0,0.0,0.0,0.0,0.0,0,0.0,0.0,0.0,0.0,0.0,0.0,0.0,0.0,0,99,1.0,0.0,6,9,1,0.3,0.0
2024-09-16 00:00:00+00:00,0.0,0.0,0.0,0.0,0.0,0,0.0,0.0,0.0,0.0,0.0,0,0.0,0.0,0.0,0.0,0.0,0.0,0.0,0.0,0,99,1.0,0.0,0,9,0,1.0,0.0
2024-09-17 00:00:00+00:00,0.0,0.0,0.0,0.0,0.0,0,0.0,0.0,0.0,0.0,0.0,0,0.0,0.0,0.0,0.0,0.0,0.0,0.0,0.0,0,99,1.0,0.0,1,9,0,1.0,0.0
2024-09-18 00:00:00+00:00,0.0,0.0,0.0,0.0,0.0,0,0.0,0.0,0.0,0.0,0.0,0,0.0,0.0,0.0,0.0,0.0,0.0,0.0,0.0,0,99,1.0,0.0,2,9,0,1.0,0.0
2024-09-19 00:00:00+00:00,0.0,0.0,0.0,0.0,0.0,0,0.0,0.0,0.0,0.0,0.0,0,0.0,0.0,0.0,0.0,0.0,0.0,0.0,0.0,0,99,1.0,0.0,3,9,0,1.0,0.0
2024-09-20 00:00:00+00:00,0.0,0.0,0.0,0.0,0.0,0,0.0,0.0,0.0,0.0,0.0,0,0.0,0.0,0.0,0.0,0.0,0.0,0.0,0.0,0,99,1.0,0.0,4,9,0,1.0,0.0
2024-09-21 00:00:00+00:00,0.0,0.0,0.0,0.0,0.0,0,0.0,0.0,0.0,0.0,0.0,0,0.0,0.0,0.0,0.0,0.0,0.0,0.0,0.0,0,99,1.0,0.0,5,9,1,0.3,0.0
2024-09-22 00:00:00+00:00,0.0,0.0,0.0,0.0,0.0,0,0.0,0.0,0.0,0.0,0.0,0,0.0,0.0,0.0,0.0,0.0,0.0,0.0,0.0,0,99,1.0,0.0,6,9,1,0.3,0.0
2024-09-23 00:00:00+00:00,0.0,0.0,0.0,0.0,0.0,0,0.0,0.0,0.0,0.0,0.0,0,0.0,0.0,0.0,0.0,0.0,0.0,0.0,0.0,0,99,1.0,0.0,0,9,0,1.0,0.0
2024-09-24 00:00:00+00:00,0.0,0.0,0.0,0.0,0.0,0,0.0,0.0,0.0,0.0,0.0,0,0.0,0.0,0.0,0.0,0.0,0.0,0.0,0.0,0,99,1.0,0.0,1,9,0,1.0,0.0
2024-09-25 00:00:00+00:00,0.0,0.0,0.0,0.0,0.0,0,0.0,0.0,0.0,0.0,0.0,0,0.0,0.0,0.0,0.0,0.0,0.0,0.0,0.0,0,99,1.0,0.0,2,9,0,1.0,0.0
2024-09-26 00:00:00+00:00,0.0,0.0,0.0,0.0,0.0,0,0.0,0.0,0.0,0.0,0.0,0,0.0,0.0,0.0,0.0,0.0,0.0,0.0,0.0,0,99,1.0,0.0,3,9,0,1.0,0.0
2024-09-27 00:00:00+00:00,0.0,0.0,0.0,0.0,0.0,0,0.0,0.0,0.0,0.0,0.0,0,0.0,0.0,0.0,0.0,0.0,0.0,0.0,0.0,0,99,1.0,0.0,4,9,0,1.0,0.0
2024-09-28 00:00:00+00:00,0.0,0.0,0.0,0.0,0.0,0,0.0,0.0,0.0,0.0,0.0,0,0.0,0.0,0.0,0.0,0.0,0.0,0.0,0.0,0,99,1.0,0.0,5,9,1,0.3,0.0
2024-09-29 00:00:00+00:00,0.0,0.0,0.0,0.0,0.0,0,0.0,0.0,0.0,0.0,0.0,0,0.0,0.0,0.0,0.0,0.0,0.0,0.0,0.0,0,99,1.0,0.0,6,9,1,0.3,0.0
2024-09-30 00:00:00+00:00,0.0,0.0,0.0,0.0,0.0,0,0.0,0.0,0.0,0.0,0.0,0,0.0,0.0,0.0,0.0,0.0,0.0,0.0,0.0,0,99,1.0,0.0,0,9,0,1.0,0.0
2024-10-01 00:00:00+00:00,0.0,0.0,0.0,0.0,0.0,0,0.0,0.0,0.0,0.0,0.0,0,0.0,0.0,0.0,0.0,0.0,0.0,0.0,0.0,0,99,1.0,0.0,1,10,0,1.0,0.0
2024-10-02 00:00:00+00:00,0.0,0.0,0.0,0.0,0.0,0,0.0,0.0,0.0,0.0,0.0,0,0.0,0.0,0.0,0.0,0.0,0.0,0.0,0.0,0,99,1.0,0.0,2,10,0,1.0,0.0
2024-10-03 00:00:00+00:00,0.0,0.0,0.0,0.0,0.0,0,0.0,0.0,0.0,0.0,0.0,0,0.0,0.0,0.0,0.0,0.0,0.0,0.0,0.0,0,99,1.0,0.0,3,10,0,1.0,0.0
2024-10-04 00:00:00+00:00,0.0,0.0,0.0,0.0,0.0,0,0.0,0.0,0.0,0.0,0.0,0,0.0,0.0,0.0,0.0,0.0,0.0,0.0,0.0,0,99,1.0,0.0,4,10,0,1.0,0.0
2024-10-05 00:00:00+00:00,0.0,0.0,0.0,0.0,0.0,0,0.0,0.0,0.0,0.0,0.0,0,0.0,0.0,0.0,0.0,0.0,0.0,0.0,0.0,0,99,1.0,0.0,5,10,1,0.3,0.0
2024-10-06 00:00:00+00:00,0.0,0.0,0.0,0.0,0.0,0,0.0,0.0,0.0,0.0,0.0,0,0.0,0.0,0.0,0.0,0.0,0.0,0.0,0.0,0,99,1.0,0.0,6,10,1,0.3,0.0
2024-10-07 00:00:00+00:00,0.0,0.0,0.0,0.0,0.0,0,0.0,0.0,0.0,0.0,0.0,0,0.0,0.0,0.0,0.0,0.0,0.0,0.0,0.0,0,99,1.0,0.0,0,10,0,1.0,0.0
2024-10-08 00:00:00+00:00,0.0,0.0,0.0,0.0,0.0,0,0.0,0.0,0.0,0.0,0.0,0,0.0,0.0,0.0,0.0,0.0,0.0,0.0,0.0,0,99,1.0,0.0,1,10,0,1.0,0.0
2024-10-09 00:00:00+00:00,0.0,0.0,0.0,0.0,0.0,1,0.0,0.0,0.0,0.0,1.0,1,0.0,0.0,0.0,0.0,0.0,0.0,0.0,0.0,0,99,1.0,0.0,2,10,0,1.0,0.0
2024-10-10 00:00:00+00:00,0.0,0.0,0.0,0.0,0.0,0,0.0,0.0,0.0,0.0,0.0,0,0.0,0.0,0.0,0.0,0.0,0.0,0.0,0.0,0,99,1.0,0.0,3,10,0,1.0,0.0
2024-10-11 00:00:00+00:00,0.0,0.0,0.0,0.0,0.0,0,0.0,0.0,0.0,0.0,0.0,0,0.0,0.0,0.0,0.0,0.0,0.0,0.0,0.0,0,99,1.0,0.0,4,10,0,1.0,0.0
2024-10-12 00:00:00+00:00,0.0,0.0,0.0,0.0,0.0,0,0.0,0.0,0.0,0.0,0.0,0,0.0,0.0,0.0,0.0,0.0,0.0,0.0,0.0,0,99,1.0,0.0,5,10,1,0.3,0.0
2024-10-13 00:00:00+00:00,0.0,0.0,0.0,0.0,0.0,0,0.0,0.0,0.0,0.0,0.0,0,0.0,0.0,0.0,0.0,0.0,0.0,0.0,0.0,0,99,1.0,0.0,6,10,1,0.3,0.0
2024-10-14 00:00:00+00:00,0.0,0.0,0.0,0.0,0.0,0,0.0,0.0,0.0,0.0,0.0,0,0.0,0.0,0.0,0.0,0.0,0.0,0.0,0.0,0,99,1.0,0.0,0,10,0,1.0,0.0
2024-10-15 00:00:00+00:00,0.0,0.0,0.0,0.0,0.0,0,0.0,0.0,0.0,0.0,0.0,0,0.0,0.0,0.0,0.0,0.0,0.0,0.0,0.0,0,99,1.0,0.0,1,10,0,1.0,0.0
2024-10-16 00:00:00+00:00,0.0,0.0,0.0,0.0,0.0,0,0.0,0.0,0.0,0.0,0.0,0,0.0,0.0,0.0,0.0,0.0,0.0,0.0,0.0,0,99,1.0,0.0,2,10,0,1.0,0.0
2024-10-17 00:00:00+00:00,0.0,0.0,0.0,0.0,0.0,0,0.0,0.0,0.0,0.0,0.0,0,0.0,0.0,0.0,0.0,0.0,0.0,0.0,0.0,0,99,1.0,0.0,3,10,0,1.0,0.0
2024-10-18 00:00:00+00:00,0.0,0.0,0.0,0.0,0.0,0,0.0,0.0,0.0,0.0,0.0,0,0.0,0.0,0.0,0.0,0.0,0.0,0.0,0.0,0,99,1.0,0.0,4,10,0,1.0,0.0
2024-10-19 00:00:00+00:00,0.0,0.0,0.0,0.0,0.0,0,0.0,0.0,0.0,0.0,0.0,0,0.0,0.0,0.0,0.0,0.0,0.0,0.0,0.0,0,99,1.0,0.0,5,10,1,0.3,0.0
2024-10-20 00:00:00+00:00,0.0,0.0,0.0,0.0,0.0,0,0.0,0.0,0.0,0.0,0.0,0,0.0,0.0,0.0,0.0,0.0,0.0,0.0,0.0,0,99,1.0,0.0,6,10,1,0.3,0.0
2024-10-21 00:00:00+00:00,0.31395348837209297,0.31395348837209297,0.0,0.31395348837209297,0.31395348837209297,1,0.2093023255813953,0.2093023255813953,0.0,0.0,0.7906976744186047,1,0.15697674418604649,0.15697674418604649,0.0,0.2093023255813953,0.0,209.3023255813953,0.2176159752920758,1.0,0,99,1.0,0.31395348837209297,0,10,0,1.0,0.31395348837209297
2024-10-22 00:00:00+00:00,0.0,0.0,0.0,0.0,0.0,1,0.0,0.0,0.0,0.0,1.0,1,0.0,0.0,0.0,0.0,0.0,0.0,0.0,0.0,0,99,1.0,0.0,1,10,0,1.0,0.0
2024-10-23 00:00:00+00:00,0.0,0.0,0.0,0.0,0.0,0,0.0,0.0,0.0,0.0,0.0,0,0.0,0.0,0.0,0.0,0.0,0.0,0.0,0.0,0,99,1.0,0.0,2,10,0,1.0,0.0
2024-10-24 00:00:00+00:00,0.0,0.0,0.0,0.0,0.0,0,0.0,0.0,0.0,0.0,0.0,0,0.0,0.0,0.0,0.0,0.0,0.0,0.0,0.0,0,99,1.0,0.0,3,10,0,1.0,0.0
2024-10-25 00:00:00+00:00,0.0,0.0,0.0,0.0,0.0,1,0.0,0.0,0.0,0.0,1.0,1,0.0,0.0,0.0,0.0,0.0,0.0,0.0,0.0,0,99,1.0,0.0,4,10,0,1.0,0.0
2024-10-26 00:00:00+00:00,0.0,0.0,0.0,0.0,0.0,0,0.0,0.0,0.0,0.0,0.0,0,0.0,0.0,0.0,0.0,0.0,0.0,0.0,0.0,0,99,1.0,0.0,5,10,1,0.3,0.0
2024-10-27 00:00:00+00:00,0.0,0.0,0.0,0.0,0.0,0,0.0,0.0,0.0,0.0,0.0,0,0.0,0.0,0.0,0.0,0.0,0.0,0.0,0.0,0,99,1.0,0.0,6,10,1,0.3,0.0
2024-10-28 00:00:00+00:00,0.0,0.0,0.0,0.0,0.0,0,0.0,0.0,0.0,0.0,0.0,0,0.0,0.0,0.0,0.0,0.0,0.0,0.0,0.0,0,99,1.0,0.0,0,10,0,1.0,0.0
2024-10-29 00:00:00+00:00,0.0,0.0,0.0,0.0,0.0,0,0.0,0.0,0.0,0.0,0.0,0,0.0,0.0,0.0,0.0,0.0,0.0,0.0,0.0,0,99,1.0,0.0,1,10,0,1.0,0.0
2024-10-30 00:00:00+00:00,0.0,0.0,0.0,0.0,0.0,0,0.0,0.0,0.0,0.0,0.0,0,0.0,0.0,0.0,0.0,0.0,0.0,0.0,0.0,0,99,1.0,0.0,2,10,0,1.0,0.0
2024-10-31 00:00:00+00:00,0.0,0.0,0.0,0.0,0.0,0,0.0,0.0,0.0,0.0,0.0,0,0.0,0.0,0.0,0.0,0.0,0.0,0.0,0.0,0,99,1.0,0.0,3,10,0,1.0,0.0
2024-11-01 00:00:00+00:00,0.0,0.0,0.0,0.0,0.0,0,0.0,0.0,0.0,0.0,0.0,0,0.0,0.0,0.0,0.0,0.0,0.0,0.0,0.0,0,99,1.0,0.0,4,11,0,1.0,0.0
2024-11-02 00:00:00+00:00,0.0,0.0,0.0,0.0,0.0,0,0.0,0.0,0.0,0.0,0.0,0,0.0,0.0,0.0,0.0,0.0,0.0,0.0,0.0,0,99,1.0,0.0,5,11,1,0.3,0.0
2024-11-03 00:00:00+00:00,0.0,0.0,0.0,0.0,0.0,0,0.0,0.0,0.0,0.0,0.0,0,0.0,0.0,0.0,0.0,0.0,0.0,0.0,0.0,0,99,1.0,0.0,6,11,1,0.3,0.0
2024-11-04 00:00:00+00:00,0.0,0.0,0.0,0.0,0.0,0,0.0,0.0,0.0,0.0,0.0,0,0.0,0.0,0.0,0.0,0.0,0.0,0.0,0.0,0,99,1.0,0.0,0,11,0,1.0,0.0
2024-11-05 00:00:00+00:00,0.0,0.0,0.0,0.0,0.0,0,0.0,0.0,0.0,0.0,0.0,0,0.0,0.0,0.0,0.0,0.0,0.0,0.0,0.0,0,99,1.0,0.0,1,11,0,1.0,0.0
2024-11-06 00:00:00+00:00,0.0,0.0,0.0,0.0,0.0,0,0.0,0.0,0.0,0.0,0.0,0,0.0,0.0,0.0,0.0,0.0,0.0,0.0,0.0,0,99,1.0,0.0,2,11,0,1.0,0.0
2024-11-07 00:00:00+00:00,0.0,0.0,0.0,0.0,0.0,0,0.0,0.0,0.0,0.0,0.0,0,0.0,0.0,0.0,0.0,0.0,0.0,0.0,0.0,0,99,1.0,0.0,3,11,0,1.0,0.0
2024-11-08 00:00:00+00:00,0.0,0.0,0.0,0.0,0.0,0,0.0,0.0,0.0,0.0,0.0,0,0.0,0.0,0.0,0.0,0.0,0.0,0.0,0.0,0,99,1.0,0.0,4,11,0,1.0,0.0
2024-11-09 00:00:00+00:00,0.0,0.0,0.0,0.0,0.0,0,0.0,0.0,0.0,0.0,0.0,0,0.0,0.0,0.0,0.0,0.0,0.0,0.0,0.0,0,99,1.0,0.0,5,11,1,0.3,0.0
2024-11-10 00:00:00+00:00,0.0,0.0,0.0,0.0,0.0,0,0.0,0.0,0.0,0.0,0.0,0,0.0,0.0,0.0,0.0,0.0,0.0,0.0,0.0,0,99,1.0,0.0,6,11,1,0.3,0.0
2024-11-11 00:00:00+00:00,0.0,0.0,0.0,0.0,0.0,0,0.0,0.0,0.0,0.0,0.0,0,0.0,0.0,0.0,0.0,0.0,0.0,0.0,0.0,0,99,1.0,0.0,0,11,0,1.0,0.0
2024-11-12 00:00:00+00:00,0.0,0.0,0.0,0.0,0.0,0,0.0,0.0,0.0,0.0,0.0,0,0.0,0.0,0.0,0.0,0.0,0.0,0.0,0.0,0,99,1.0,0.0,1,11,0,1.0,0.0
2024-11-13 00:00:00+00:00,0.0,0.0,0.0,0.0,0.0,0,0.0,0.0,0.0,0.0,0.0,0,0.0,0.0,0.0,0.0,0.0,0.0,0.0,0.0,0,99,1.0,0.0,2,11,0,1.0,0.0
2024-11-14 00:00:00+00:00,0.0,0.0,0.0,0.0,0.0,0,0.0,0.0,0.0,0.0,0.0,0,0.0,0.0,0.0,0.0,0.0,0.0,0.0,0.0,0,99,1.0,0.0,3,11,0,1.0,0.0
2024-11-15 00:00:00+00:00,0.0,0.0,0.0,0.0,0.0,0,0.0,0.0,0.0,0.0,0.0,0,0.0,0.0,0.0,0.0,0.0,0.0,0.0,0.0,0,99,1.0,0.0,4,11,0,1.0,0.0
2024-11-16 00:00:00+00:00,0.0,0.0,0.0,0.0,0.0,0,0.0,0.0,0.0,0.0,0.0,0,0.0,0.0,0.0,0.0,0.0,0.0,0.0,0.0,0,99,1.0,0.0,5,11,1,0.3,0.0
2024-11-17 00:00:00+00:00,0.0,0.0,0.0,0.0,0.0,0,0.0,0.0,0.0,0.0,0.0,0,0.0,0.0,0.0,0.0,0.0,0.0,0.0,0.0,0,99,1.0,0.0,6,11,1,0.3,0.0
2024-11-18 00:00:00+00:00,0.05,0.05,0.0,0.05,0.05,1,0.028465678038327606,0.028465678038327606,0.0,0.0,0.9715343219616724,1,0.025,0.025,0.0,0.028465678038327606,0.0,28.465678038327606,0.03465735902799726,1.0,0,99,1.0,0.05,0,11,0,1.0,0.05
2024-11-19 00:00:00+00:00,0.0,0.0,0.0,0.0,0.0,0,0.0,0.0,0.0,0.0,0.0,0,0.0,0.0,0.0,0.0,0.0,0.0,0.0,0.0,0,99,1.0,0.0,1,11,0,1.0,0.0
2024-11-20 00:00:00+00:00,-0.06593406593406592,-0.06593406593406592,0.0932448502663579,-0.13186813186813184,0.0,2,0.0,0.0,0.04395604395604395,0.0879120879120879,0.956043956043956,2,-0.432967032967033,-0.432967032967033,0.6123078500824171,0.0,0.04395604395604395,0.0,0.07243597507701821,-1.0,0,99,1.0,-0.06593406593406592,2,11,0,1.0,-0.06593406593406592
2024-11-21 00:00:00+00:00,0.0,0.0,0.0,0.0,0.0,1,0.0,0.0,0.0,0.0,1.0,1,0.0,0.0,0.0,0.0,0.0,0.0,0.0,0.0,0,99,1.0,0.0,3,11,0,1.0,0.0
2024-11-22 00:00:00+00:00,0.3214285714285714,0.3214285714285714,0.0,0.3214285714285714,0.3214285714285714,1,0.21428571428571427,0.21428571428571427,0.0,0.0,0.7857142857142857,1,0.1607142857142857,0.1607142857142857,0.0,0.21428571428571427,0.0,214.28571428571428,0.22279730803712525,1.0,0,99,1.0,0.3214285714285714,4,11,0,1.0,0.3214285714285714
2024-11-23 00:00:00+00:00,0.0,0.0,0.0,0.0,0.0,0,0.0,0.0,0.0,0.0,0.0,0,0.0,0.0,0.0,0.0,0.0,0.0,0.0,0.0,0,99,1.0,0.0,5,11,1,0.3,0.0
2024-11-24 00:00:00+00:00,0.0,0.0,0.0,0.0,0.0,0,0.0,0.0,0.0,0.0,0.0,0,0.0,0.0,0.0,0.0,0.0,0.0,0.0,0.0,0,99,1.0,0.0,6,11,1,0.3,0.0
2024-11-25 00:00:00+00:00,0.0,0.0,0.0,0.0,0.0,1,0.0,0.0,0.0,0.0,1.0,1,0.0,0.0,0.0,0.0,0.0,0.0,0.0,0.0,0,99,1.0,0.0,0,11,0,1.0,0.0
2024-11-26 00:00:00+00:00,0.0,0.0,0.0,0.0,0.0,0,0.0,0.0,0.0,0.0,0.0,0,0.0,0.0,0.0,0.0,0.0,0.0,0.0,0.0,0,99,1.0,0.0,1,11,0,1.0,0.0
2024-11-27 00:00:00+00:00,0.0,0.0,0.0,0.0,0.0,0,0.0,0.0,0.0,0.0,0.0,0,0.0,0.0,0.0,0.0,0.0,0.0,0.0,0.0,0,99,1.0,0.0,2,11,0,1.0,0.0
2024-11-28 00:00:00+00:00,0.06551724137931034,0.06551724137931034,0.16336604944654717,-0.05,0.18103448275862066,2,0.10521662245800176,0.21043324491600351,0.05128205128205129,0.10256410256410257,0.8435013262599469,2,-0.36724137931034484,-0.36724137931034484,0.6473684496725116,0.10521662245800176,0.05128205128205129,2.0517241379310343,0.07197804649894511,1.0,0,99,1.0,0.06551724137931034,3,11,0,1.0,0.06551724137931034
2024-11-29 00:00:00+00:00,0.0,0.0,0.0,0.0,0.0,0,0.0,0.0,0.0,0.0,0.0,0,0.0,0.0,0.0,0.0,0.0,0.0,0.0,0.0,0,99,1.0,0.0,4,11,0,1.0,0.0
2024-11-30 00:00:00+00:00,0.0,0.0,0.0,0.0,0.0,0,0.0,0.0,0.0,0.0,0.0,0,0.0,0.0,0.0,0.0,0.0,0.0,0.0,0.0,0,99,1.0,0.0,5,11,1,0.3,0.0
2024-12-01 00:00:00+00:00,0.0,0.0,0.0,0.0,0.0,0,0.0,0.0,0.0,0.0,0.0,0,0.0,0.0,0.0,0.0,0.0,0.0,0.0,0.0,0,99,1.0,0.0,6,12,1,0.3,0.0
2024-12-02 00:00:00+00:00,0.0,0.0,0.0,0.0,0.0,0,0.0,0.0,0.0,0.0,0.0,0,0.0,0.0,0.0,0.0,0.0,0.0,0.0,0.0,0,99,1.0,0.0,0,12,0,1.0,0.0
2024-12-03 00:00:00+00:00,0.0,0.0,0.0,0.0,0.0,0,0.0,0.0,0.0,0.0,0.0,0,0.0,0.0,0.0,0.0,0.0,0.0,0.0,0.0,0,99,1.0,0.0,1,12,0,1.0,0.0
2024-12-04 00:00:00+00:00,0.0,0.0,0.0,0.0,0.0,0,0.0,0.0,0.0,0.0,0.0,0,0.0,0.0,0.0,0.0,0.0,0.0,0.0,0.0,0,99,1.0,0.0,2,12,0,1.0,0.0
2024-12-05 00:00:00+00:00,0.0,0.0,0.0,0.0,0.0,0,0.0,0.0,0.0,0.0,0.0,0,0.0,0.0,0.0,0.0,0.0,0.0,0.0,0.0,0,99,1.0,0.0,3,12,0,1.0,0.0
2024-12-06 00:00:00+00:00,0.0,0.0,0.0,0.0,0.0,0,0.0,0.0,0.0,0.0,0.0,0,0.0,0.0,0.0,0.0,0.0,0.0,0.0,0.0,0,99,1.0,0.0,4,12,0,1.0,0.0
2024-12-07 00:00:00+00:00,0.0,0.0,0.0,0.0,0.0,0,0.0,0.0,0.0,0.0,0.0,0,0.0,0.0,0.0,0.0,0.0,0.0,0.0,0.0,0,99,1.0,0.0,5,12,1,0.3,0.0
2024-12-08 00:00:00+00:00,0.0,0.0,0.0,0.0,0.0,0,0.0,0.0,0.0,0.0,0.0,0,0.0,0.0,0.0,0.0,0.0,0.0,0.0,0.0,0,99,1.0,0.0,6,12,1,0.3,0.0
2024-12-09 00:00:00+00:00,0.0,0.0,0.0,0.0,0.0,0,0.0,0.0,0.0,0.0,0.0,0,0.0,0.0,0.0,0.0,0.0,0.0,0.0,0.0,0,99,1.0,0.0,0,12,0,1.0,0.0
2024-12-10 00:00:00+00:00,0.0,0.0,0.0,0.0,0.0,0,0.0,0.0,0.0,0.0,0.0,0,0.0,0.0,0.0,0.0,0.0,0.0,0.0,0.0,0,99,1.0,0.0,1,12,0,1.0,0.0
2024-12-11 00:00:00+00:00,0.0,0.0,0.0,0.0,0.0,0,0.0,0.0,0.0,0.0,0.0,0,0.0,0.0,0.0,0.0,0.0,0.0,0.0,0.0,0,99,1.0,0.0,2,12,0,1.0,0.0
2024-12-12 00:00:00+00:00,0.0,0.0,0.0,0.0,0.0,0,0.0,0.0,0.0,0.0,0.0,0,0.0,0.0,0.0,0.0,0.0,0.0,0.0,0.0,0,99,1.0,0.0,3,12,0,1.0,0.0
2024-12-13 00:00:00+00:00,0.0,0.0,0.0,0.0,0.0,0,0.0,0.0,0.0,0.0,0.0,0,0.0,0.0,0.0,0.0,0.0,0.0,0.0,0.0,0,99,1.0,0.0,4,12,0,1.0,0.0
2024-12-14 00:00:00+00:00,0.0,0.0,0.0,0.0,0.0,0,0.0,0.0,0.0,0.0,0.0,0,0.0,0.0,0.0,0.0,0.0,0.0,0.0,0.0,0,99,1.0,0.0,5,12,1,0.3,0.0
2024-12-15 00:00:00+00:00,0.0,0.0,0.0,0.0,0.0,0,0.0,0.0,0.0,0.0,0.0,0,0.0,0.0,0.0,0.0,0.0,0.0,0.0,0.0,0,99,1.0,0.0,6,12,1,0.3,0.0
2024-12-16 00:00:00+00:00,0.0,0.0,0.0,0.0,0.0,0,0.0,0.0,0.0,0.0,0.0,0,0.0,0.0,0.0,0.0,0.0,0.0,0.0,0.0,0,99,1.0,0.0,0,12,0,1.0,0.0
2024-12-17 00:00:00+00:00,0.0,0.0,0.0,0.0,0.0,0,0.0,0.0,0.0,0.0,0.0,0,0.0,0.0,0.0,0.0,0.0,0.0,0.0,0.0,0,99,1.0,0.0,1,12,0,1.0,0.0
2024-12-18 00:00:00+00:00,0.0,0.0,0.0,0.0,0.0,0,0.0,0.0,0.0,0.0,0.0,0,0.0,0.0,0.0,0.0,0.0,0.0,0.0,0.0,0,99,1.0,0.0,2,12,0,1.0,0.0
2024-12-19 00:00:00+00:00,0.125,0.125,0.0,0.125,0.125,1,0.08333333333333334,0.08333333333333334,0.0,0.0,0.9166666666666666,1,0.0625,0.0625,0.0,0.08333333333333334,0.0,83.33333333333334,0.08664339756999316,1.0,0,99,1.0,0.125,3,12,0,1.0,0.125
2024-12-20 00:00:00+00:00,0.0,0.0,0.0,0.0,0.0,0,0.0,0.0,0.0,0.0,0.0,0,0.0,0.0,0.0,0.0,0.0,0.0,0.0,0.0,0,99,1.0,0.0,4,12,0,1.0,0.0
2024-12-21 00:00:00+00:00,0.0,0.0,0.0,0.0,0.0,0,0.0,0.0,0.0,0.0,0.0,0,0.0,0.0,0.0,0.0,0.0,0.0,0.0,0.0,0,99,1.0,0.0,5,12,1,0.3,0.0
2024-12-22 00:00:00+00:00,0.0,0.0,0.0,0.0,0.0,0,0.0,0.0,0.0,0.0,0.0,0,0.0,0.0,0.0,0.0,0.0,0.0,0.0,0.0,0,99,1.0,0.0,6,12,1,0.3,0.0
2024-12-23 00:00:00+00:00,0.0,0.0,0.0,0.0,0.0,0,0.0,0.0,0.0,0.0,0.0,0,0.0,0.0,0.0,0.0,0.0,0.0,0.0,0.0,0,99,1.0,0.0,0,12,0,1.0,0.0
2024-12-24 00:00:00+00:00,0.0,0.0,0.0,0.0,0.0,0,0.0,0.0,0.0,0.0,0.0,0,0.0,0.0,0.0,0.0,0.0,0.0,0.0,0.0,0,99,1.0,0.0,1,12,0,1.0,0.0
2024-12-25 00:00:00+00:00,0.0,0.0,0.0,0.0,0.0,0,0.0,0.0,0.0,0.0,0.0,0,0.0,0.0,0.0,0.0,0.0,0.0,0.0,0.0,0,99,1.0,0.0,2,12,0,1.0,0.0
2024-12-26 00:00:00+00:00,0.0,0.0,0.0,0.0,0.0,0,0.0,0.0,0.0,0.0,0.0,0,0.0,0.0,0.0,0.0,0.0,0.0,0.0,0.0,0,99,1.0,0.0,3,12,0,1.0,0.0
2024-12-27 00:00:00+00:00,0.0,0.0,0.0,0.0,0.0,0,0.0,0.0,0.0,0.0,0.0,0,0.0,0.0,0.0,0.0,0.0,0.0,0.0,0.0,0,99,1.0,0.0,4,12,0,1.0,0.0
2024-12-28 00:00:00+00:00,0.0,0.0,0.0,0.0,0.0,1,0.0,0.0,0.0,0.0,1.0,1,0.0,0.0,0.0,0.0,0.0,0.0,0.0,0.0,0,99,1.0,0.0,5,12,1,0.3,0.0
2024-12-29 00:00:00+00:00,0.0,0.0,0.0,0.0,0.0,0,0.0,0.0,0.0,0.0,0.0,0,0.0,0.0,0.0,0.0,0.0,0.0,0.0,0.0,0,99,1.0,0.0,6,12,1,0.3,0.0
2024-12-30 00:00:00+00:00,0.0,0.0,0.0,0.0,0.0,0,0.0,0.0,0.0,0.0,0.0,0,0.0,0.0,0.0,0.0,0.0,0.0,0.0,0.0,0,99,1.0,0.0,0,12,0,1.0,0.0
2024-12-31 00:00:00+00:00,0.0,0.0,0.0,0.0,0.0,0,0.0,0.0,0.0,0.0,0.0,0,0.0,0.0,0.0,0.0,0.0,0.0,0.0,0.0,0,99,1.0,0.0,1,12,0,1.0,0.0
2025-01-01 00:00:00+00:00,0.0,0.0,0.0,0.0,0.0,0,0.0,0.0,0.0,0.0,0.0,0,0.0,0.0,0.0,0.0,0.0,0.0,0.0,0.0,0,99,1.0,0.0,2,1,0,1.0,0.0
2025-01-02 00:00:00+00:00,0.0,0.0,0.0,0.0,0.0,0,0.0,0.0,0.0,0.0,0.0,0,0.0,0.0,0.0,0.0,0.0,0.0,0.0,0.0,0,99,1.0,0.0,3,1,0,1.0,0.0
2025-01-03 00:00:00+00:00,0.0,0.0,0.0,0.0,0.0,0,0.0,0.0,0.0,0.0,0.0,0,0.0,0.0,0.0,0.0,0.0,0.0,0.0,0.0,0,99,1.0,0.0,4,1,0,1.0,0.0
2025-01-04 00:00:00+00:00,0.0,0.0,0.0,0.0,0.0,0,0.0,0.0,0.0,0.0,0.0,0,0.0,0.0,0.0,0.0,0.0,0.0,0.0,0.0,0,99,1.0,0.0,5,1,1,0.3,0.0
2025-01-05 00:00:00+00:00,0.0,0.0,0.0,0.0,0.0,0,0.0,0.0,0.0,0.0,0.0,0,0.0,0.0,0.0,0.0,0.0,0.0,0.0,0.0,0,99,1.0,0.0,6,1,1,0.3,0.0
2025-01-06 00:00:00+00:00,0.0,0.0,0.0,0.0,0.0,0,0.0,0.0,0.0,0.0,0.0,0,0.0,0.0,0.0,0.0,0.0,0.0,0.0,0.0,0,99,1.0,0.0,0,1,0,1.0,0.0
2025-01-07 00:00:00+00:00,0.0,0.0,0.0,0.0,0.0,0,0.0,0.0,0.0,0.0,0.0,0,0.0,0.0,0.0,0.0,0.0,0.0,0.0,0.0,0,99,1.0,0.0,1,1,0,1.0,0.0
2025-01-08 00:00:00+00:00,0.0,0.0,0.0,0.0,0.0,0,0.0,0.0,0.0,0.0,0.0,0,0.0,0.0,0.0,0.0,0.0,0.0,0.0,0.0,0,99,1.0,0.0,2,1,0,1.0,0.0
2025-01-09 00:00:00+00:00,0.0,0.0,0.0,0.0,0.0,0,0.0,0.0,0.0,0.0,0.0,0,0.0,0.0,0.0,0.0,0.0,0.0,0.0,0.0,0,99,1.0,0.0,3,1,0,1.0,0.0
2025-01-10 00:00:00+00:00,0.0,0.0,0.0,0.0,0.0,0,0.0,0.0,0.0,0.0,0.0,0,0.0,0.0,0.0,0.0,0.0,0.0,0.0,0.0,0,99,1.0,0.0,4,1,0,1.0,0.0
2025-01-11 00:00:00+00:00,0.0,0.0,0.0,0.0,0.0,0,0.0,0.0,0.0,0.0,0.0,0,0.0,0.0,0.0,0.0,0.0,0.0,0.0,0.0,0,99,1.0,0.0,5,1,1,0.3,0.0
2025-01-12 00:00:00+00:00,0.0,0.0,0.0,0.0,0.0,0,0.0,0.0,0.0,0.0,0.0,0,0.0,0.0,0.0,0.0,0.0,0.0,0.0,0.0,0,99,1.0,0.0,6,1,1,0.3,0.0
2025-01-13 00:00:00+00:00,0.0,0.0,0.0,0.0,0.0,0,0.0,0.0,0.0,0.0,0.0,0,0.0,0.0,0.0,0.0,0.0,0.0,0.0,0.0,0,99,1.0,0.0,0,1,0,1.0,0.0
2025-01-14 00:00:00+00:00,0.0,0.0,0.0,0.0,0.0,0,0.0,0.0,0.0,0.0,0.0,0,0.0,0.0,0.0,0.0,0.0,0.0,0.0,0.0,0,99,1.0,0.0,1,1,0,1.0,0.0
2025-01-15 00:00:00+00:00,0.0,0.0,0.0,0.0,0.0,0,0.0,0.0,0.0,0.0,0.0,0,0.0,0.0,0.0,0.0,0.0,0.0,0.0,0.0,0,99,1.0,0.0,2,1,0,1.0,0.0
2025-01-16 00:00:00+00:00,0.0,0.0,0.0,0.0,0.0,0,0.0,0.0,0.0,0.0,0.0,0,0.0,0.0,0.0,0.0,0.0,0.0,0.0,0.0,0,99,1.0,0.0,3,1,0,1.0,0.0
2025-01-17 00:00:00+00:00,0.0,0.0,0.0,0.0,0.0,0,0.0,0.0,0.0,0.0,0.0,0,0.0,0.0,0.0,0.0,0.0,0.0,0.0,0.0,0,99,1.0,0.0,4,1,0,1.0,0.0
2025-01-18 00:00:00+00:00,0.0,0.0,0.0,0.0,0.0,0,0.0,0.0,0.0,0.0,0.0,0,0.0,0.0,0.0,0.0,0.0,0.0,0.0,0.0,0,99,1.0,0.0,5,1,1,0.3,0.0
2025-01-19 00:00:00+00:00,0.0,0.0,0.0,0.0,0.0,0,0.0,0.0,0.0,0.0,0.0,0,0.0,0.0,0.0,0.0,0.0,0.0,0.0,0.0,0,99,1.0,0.0,6,1,1,0.3,0.0
2025-01-20 00:00:00+00:00,0.0,0.0,0.0,0.0,0.0,0,0.0,0.0,0.0,0.0,0.0,0,0.0,0.0,0.0,0.0,0.0,0.0,0.0,0.0,0,99,1.0,0.0,0,1,0,1.0,0.0
2025-01-21 00:00:00+00:00,0.0,0.0,0.0,0.0,0.0,0,0.0,0.0,0.0,0.0,0.0,0,0.0,0.0,0.0,0.0,0.0,0.0,0.0,0.0,0,99,1.0,0.0,1,1,0,1.0,0.0
2025-01-22 00:00:00+00:00,0.0,0.0,0.0,0.0,0.0,0,0.0,0.0,0.0,0.0,0.0,0,0.0,0.0,0.0,0.0,0.0,0.0,0.0,0.0,0,99,1.0,0.0,2,1,0,1.0,0.0
2025-01-23 00:00:00+00:00,0.0,0.0,0.0,0.0,0.0,0,0.0,0.0,0.0,0.0,0.0,0,0.0,0.0,0.0,0.0,0.0,0.0,0.0,0.0,0,99,1.0,0.0,3,1,0,1.0,0.0
2025-01-24 00:00:00+00:00,0.0,0.0,0.0,0.0,0.0,0,0.0,0.0,0.0,0.0,0.0,0,0.0,0.0,0.0,0.0,0.0,0.0,0.0,0.0,0,99,1.0,0.0,4,1,0,1.0,0.0
2025-01-25 00:00:00+00:00,0.0,0.0,0.0,0.0,0.0,0,0.0,0.0,0.0,0.0,0.0,0,0.0,0.0,0.0,0.0,0.0,0.0,0.0,0.0,0,99,1.0,0.0,5,1,1,0.3,0.0
2025-01-26 00:00:00+00:00,0.0,0.0,0.0,0.0,0.0,0,0.0,0.0,0.0,0.0,0.0,0,0.0,0.0,0.0,0.0,0.0,0.0,0.0,0.0,0,99,1.0,0.0,6,1,1,0.3,0.0
2025-01-27 00:00:00+00:00,0.0,0.0,0.0,0.0,0.0,0,0.0,0.0,0.0,0.0,0.0,0,0.0,0.0,0.0,0.0,0.0,0.0,0.0,0.0,0,99,1.0,0.0,0,1,0,1.0,0.0
2025-01-28 00:00:00+00:00,0.0,0.0,0.0,0.0,0.0,0,0.0,0.0,0.0,0.0,0.0,0,0.0,0.0,0.0,0.0,0.0,0.0,0.0,0.0,0,99,1.0,0.0,1,1,0,1.0,0.0
2025-01-29 00:00:00+00:00,0.0,0.0,0.0,0.0,0.0,0,0.0,0.0,0.0,0.0,0.0,0,0.0,0.0,0.0,0.0,0.0,0.0,0.0,0.0,0,99,1.0,0.0,2,1,0,1.0,0.0
2025-01-30 00:00:00+00:00,0.05,0.05,0.0,0.05,0.05,1,0.025098651923962906,0.025098651923962906,0.0,0.0,0.9749013480760371,1,0.025,0.025,0.0,0.025098651923962906,0.0,25.098651923962905,0.03465735902799726,1.0,0,99,1.0,0.05,3,1,0,1.0,0.05
2025-01-31 00:00:00+00:00,0.0,0.0,0.0,0.0,0.0,0,0.0,0.0,0.0,0.0,0.0,0,0.0,0.0,0.0,0.0,0.0,0.0,0.0,0.0,0,99,1.0,0.0,4,1,0,1.0,0.0
2025-02-01 00:00:00+00:00,0.0,0.0,0.0,0.0,0.0,0,0.0,0.0,0.0,0.0,0.0,0,0.0,0.0,0.0,0.0,0.0,0.0,0.0,0.0,0,99,1.0,0.0,5,2,1,0.3,0.0
2025-02-02 00:00:00+00:00,0.0,0.0,0.0,0.0,0.0,0,0.0,0.0,0.0,0.0,0.0,0,0.0,0.0,0.0,0.0,0.0,0.0,0.0,0.0,0,5,1.1,0.0,6,2,1,0.3,0.0
2025-02-03 00:00:00+00:00,0.0,0.0,0.0,0.0,0.0,0,0.0,0.0,0.0,0.0,0.0,0,0.0,0.0,0.0,0.0,0.0,0.0,0.0,0.0,0,4,1.2,0.0,0,2,0,1.0,0.0
2025-02-04 00:00:00+00:00,0.0,0.0,0.0,0.0,0.0,0,0.0,0.0,0.0,0.0,0.0,0,0.0,0.0,0.0,0.0,0.0,0.0,0.0,0.0,0,3,1.3,0.0,1,2,0,1.0,0.0
2025-02-05 00:00:00+00:00,0.125,0.125,0.0,0.125,0.125,1,0.08333333333333334,0.08333333333333334,0.0,0.0,0.9166666666666666,1,0.0625,0.0625,0.0,0.08333333333333334,0.0,83.33333333333334,0.08664339756999316,1.0,0,2,1.4,0.175,2,2,0,1.0,0.125
2025-02-06 00:00:00+00:00,0.0,0.0,0.0,0.0,0.0,0,0.0,0.0,0.0,0.0,0.0,0,0.0,0.0,0.0,0.0,0.0,0.0,0.0,0.0,0,1,1.5,0.0,3,2,0,1.0,0.0
2025-02-07 00:00:00+00:00,0.0,0.0,0.0,0.0,0.0,0,0.0,0.0,0.0,0.0,0.0,0,0.0,0.0,0.0,0.0,0.0,0.0,0.0,0.0,1,99,1.5,0.0,4,2,0,1.0,0.0
2025-02-08 00:00:00+00:00,0.0,0.0,0.0,0.0,0.0,0,0.0,0.0,0.0,0.0,0.0,0,0.0,0.0,0.0,0.0,0.0,0.0,0.0,0.0,0,99,1.0,0.0,5,2,1,0.3,0.0
2025-02-09 00:00:00+00:00,0.0,0.0,0.0,0.0,0.0,0,0.0,0.0,0.0,0.0,0.0,0,0.0,0.0,0.0,0.0,0.0,0.0,0.0,0.0,0,99,1.0,0.0,6,2,1,0.3,0.0
2025-02-10 00:00:00+00:00,0.0,0.0,0.0,0.0,0.0,0,0.0,0.0,0.0,0.0,0.0,0,0.0,0.0,0.0,0.0,0.0,0.0,0.0,0.0,0,99,1.0,0.0,0,2,0,1.0,0.0
2025-02-11 00:00:00+00:00,0.0,0.0,0.0,0.0,0.0,0,0.0,0.0,0.0,0.0,0.0,0,0.0,0.0,0.0,0.0,0.0,0.0,0.0,0.0,0,99,1.0,0.0,1,2,0,1.0,0.0
2025-02-12 00:00:00+00:00,0.0,0.0,0.0,0.0,0.0,0,0.0,0.0,0.0,0.0,0.0,0,0.0,0.0,0.0,0.0,0.0,0.0,0.0,0.0,0,99,1.0,0.0,2,2,0,1.0,0.0
2025-02-13 00:00:00+00:00,0.0,0.0,0.0,0.0,0.0,0,0.0,0.0,0.0,0.0,0.0,0,0.0,0.0,0.0,0.0,0.0,0.0,0.0,0.0,0,99,1.0,0.0,3,2,0,1.0,0.0
2025-02-14 00:00:00+00:00,0.0,0.0,0.0,0.0,0.0,0,0.0,0.0,0.0,0.0,0.0,0,0.0,0.0,0.0,0.0,0.0,0.0,0.0,0.0,0,99,1.0,0.0,4,2,0,1.0,0.0
2025-02-15 00:00:00+00:00,0.0,0.0,0.0,0.0,0.0,0,0.0,0.0,0.0,0.0,0.0,0,0.0,0.0,0.0,0.0,0.0,0.0,0.0,0.0,0,99,1.0,0.0,5,2,1,0.3,0.0
2025-02-16 00:00:00+00:00,0.0,0.0,0.0,0.0,0.0,0,0.0,0.0,0.0,0.0,0.0,0,0.0,0.0,0.0,0.0,0.0,0.0,0.0,0.0,0,99,1.0,0.0,6,2,1,0.3,0.0
2025-02-17 00:00:00+00:00,-0.05,-0.05,0.0,-0.05,-0.05,1,0.033714880332986474,0.033714880332986474,0.037460978147762745,0.037460978147762745,0.9288241415192507,1,-0.025,-0.025,0.0,0.033714880332986474,0.037460978147762745,0.9000000000000001,0.03465735902799726,-1.0,0,99,1.0,-0.05,0,2,0,1.0,-0.05
2025-02-18 00:00:00+00:00,0.0,0.0,0.0,0.0,0.0,1,0.0,0.0,0.0,0.0,1.0,1,0.0,0.0,0.0,0.0,0.0,0.0,0.0,0.0,0,99,1.0,0.0,1,2,0,1.0,0.0
2025-02-19 00:00:00+00:00,0.0,0.0,0.0,0.0,0.0,0,0.0,0.0,0.0,0.0,0.0,0,0.0,0.0,0.0,0.0,0.0,0.0,0.0,0.0,0,99,1.0,0.0,2,2,0,1.0,0.0
2025-02-20 00:00:00+00:00,0.0,0.0,0.0,0.0,0.0,0,0.0,0.0,0.0,0.0,0.0,0,0.0,0.0,0.0,0.0,0.0,0.0,0.0,0.0,0,99,1.0,0.0,3,2,0,1.0,0.0
2025-02-21 00:00:00+00:00,0.0,0.0,0.0,0.0,0.0,0,0.0,0.0,0.0,0.0,0.0,0,0.0,0.0,0.0,0.0,0.0,0.0,0.0,0.0,0,99,1.0,0.0,4,2,0,1.0,0.0
2025-02-22 00:00:00+00:00,0.0,0.0,0.0,0.0,0.0,0,0.0,0.0,0.0,0.0,0.0,0,0.0,0.0,0.0,0.0,0.0,0.0,0.0,0.0,0,99,1.0,0.0,5,2,1,0.3,0.0
2025-02-23 00:00:00+00:00,0.0,0.0,0.0,0.0,0.0,0,0.0,0.0,0.0,0.0,0.0,0,0.0,0.0,0.0,0.0,0.0,0.0,0.0,0.0,0,99,1.0,0.0,6,2,1,0.3,0.0
2025-02-24 00:00:00+00:00,0.0,0.0,0.0,0.0,0.0,0,0.0,0.0,0.0,0.0,0.0,0,0.0,0.0,0.0,0.0,0.0,0.0,0.0,0.0,0,99,1.0,0.0,0,2,0,1.0,0.0
2025-02-25 00:00:00+00:00,0.0,0.0,0.0,0.0,0.0,0,0.0,0.0,0.0,0.0,0.0,0,0.0,0.0,0.0,0.0,0.0,0.0,0.0,0.0,0,99,1.0,0.0,1,2,0,1.0,0.0
2025-02-26 00:00:00+00:00,0.0,0.0,0.0,0.0,0.0,0,0.0,0.0,0.0,0.0,0.0,0,0.0,0.0,0.0,0.0,0.0,0.0,0.0,0.0,0,99,1.0,0.0,2,2,0,1.0,0.0
2025-02-27 00:00:00+00:00,0.0,0.0,0.0,0.0,0.0,0,0.0,0.0,0.0,0.0,0.0,0,0.0,0.0,0.0,0.0,0.0,0.0,0.0,0.0,0,99,1.0,0.0,3,2,0,1.0,0.0
2025-02-28 00:00:00+00:00,0.0,0.0,0.0,0.0,0.0,0,0.0,0.0,0.0,0.0,0.0,0,0.0,0.0,0.0,0.0,0.0,0.0,0.0,0.0,0,99,1.0,0.0,4,2,0,1.0,0.0
2025-03-01 00:00:00+00:00,0.0,0.0,0.0,0.0,0.0,0,0.0,0.0,0.0,0.0,0.0,0,0.0,0.0,0.0,0.0,0.0,0.0,0.0,0.0,0,99,1.0,0.0,5,3,1,0.3,0.0
2025-03-02 00:00:00+00:00,0.0,0.0,0.0,0.0,0.0,0,0.0,0.0,0.0,0.0,0.0,0,0.0,0.0,0.0,0.0,0.0,0.0,0.0,0.0,0,99,1.0,0.0,6,3,1,0.3,0.0
2025-03-03 00:00:00+00:00,0.0,0.0,0.0,0.0,0.0,0,0.0,0.0,0.0,0.0,0.0,0,0.0,0.0,0.0,0.0,0.0,0.0,0.0,0.0,0,99,1.0,0.0,0,3,0,1.0,0.0
2025-03-04 00:00:00+00:00,0.0,0.0,0.0,0.0,0.0,1,0.0,0.0,0.0,0.0,1.0,1,0.0,0.0,0.0,0.0,0.0,0.0,0.0,0.0,0,99,1.0,0.0,1,3,0,1.0,0.0
2025-03-05 00:00:00+00:00,0.0,0.0,0.0,0.0,0.0,0,0.0,0.0,0.0,0.0,0.0,0,0.0,0.0,0.0,0.0,0.0,0.0,0.0,0.0,0,99,1.0,0.0,2,3,0,1.0,0.0
2025-03-06 00:00:00+00:00,0.0,0.0,0.0,0.0,0.0,0,0.0,0.0,0.0,0.0,0.0,0,0.0,0.0,0.0,0.0,0.0,0.0,0.0,0.0,0,99,1.0,0.0,3,3,0,1.0,0.0
2025-03-07 00:00:00+00:00,0.0,0.0,0.0,0.0,0.0,0,0.0,0.0,0.0,0.0,0.0,0,0.0,0.0,0.0,0.0,0.0,0.0,0.0,0.0,0,99,1.0,0.0,4,3,0,1.0,0.0
2025-03-08 00:00:00+00:00,0.0,0.0,0.0,0.0,0.0,0,0.0,0.0,0.0,0.0,0.0,0,0.0,0.0,0.0,0.0,0.0,0.0,0.0,0.0,0,99,1.0,0.0,5,3,1,0.3,0.0
2025-03-09 00:00:00+00:00,0.0,0.0,0.0,0.0,0.0,0,0.0,0.0,0.0,0.0,0.0,0,0.0,0.0,0.0,0.0,0.0,0.0,0.0,0.0,0,99,1.0,0.0,6,3,1,0.3,0.0
2025-03-10 00:00:00+00:00,0.0,0.0,0.0,0.0,0.0,0,0.0,0.0,0.0,0.0,0.0,0,0.0,0.0,0.0,0.0,0.0,0.0,0.0,0.0,0,99,1.0,0.0,0,3,0,1.0,0.0
2025-03-11 00:00:00+00:00,0.0,0.0,0.0,0.0,0.0,0,0.0,0.0,0.0,0.0,0.0,0,0.0,0.0,0.0,0.0,0.0,0.0,0.0,0.0,0,99,1.0,0.0,1,3,0,1.0,0.0
2025-03-12 00:00:00+00:00,0.0,0.0,0.0,0.0,0.0,0,0.0,0.0,0.0,0.0,0.0,0,0.0,0.0,0.0,0.0,0.0,0.0,0.0,0.0,0,99,1.0,0.0,2,3,0,1.0,0.0
2025-03-13 00:00:00+00:00,0.0,0.0,0.0,0.0,0.0,0,0.0,0.0,0.0,0.0,0.0,0,0.0,0.0,0.0,0.0,0.0,0.0,0.0,0.0,0,99,1.0,0.0,3,3,0,1.0,0.0
2025-03-14 00:00:00+00:00,0.0,0.0,0.0,0.0,0.0,0,0.0,0.0,0.0,0.0,0.0,0,0.0,0.0,0.0,0.0,0.0,0.0,0.0,0.0,0,99,1.0,0.0,4,3,0,1.0,0.0
2025-03-15 00:00:00+00:00,0.0,0.0,0.0,0.0,0.0,0,0.0,0.0,0.0,0.0,0.0,0,0.0,0.0,0.0,0.0,0.0,0.0,0.0,0.0,0,99,1.0,0.0,5,3,1,0.3,0.0
2025-03-16 00:00:00+00:00,0.0,0.0,0.0,0.0,0.0,0,0.0,0.0,0.0,0.0,0.0,0,0.0,0.0,0.0,0.0,0.0,0.0,0.0,0.0,0,5,1.1,0.0,6,3,1,0.3,0.0
2025-03-17 00:00:00+00:00,0.0,0.0,0.0,0.0,0.0,0,0.0,0.0,0.0,0.0,0.0,0,0.0,0.0,0.0,0.0,0.0,0.0,0.0,0.0,0,4,1.2,0.0,0,3,0,1.0,0.0
2025-03-18 00:00:00+00:00,0.0,0.0,0.0,0.0,0.0,0,0.0,0.0,0.0,0.0,0.0,0,0.0,0.0,0.0,0.0,0.0,0.0,0.0,0.0,0,3,1.3,0.0,1,3,0,1.0,0.0
2025-03-19 00:00:00+00:00,0.0,0.0,0.0,0.0,0.0,1,0.0,0.0,0.0,0.0,1.0,1,0.0,0.0,0.0,0.0,0.0,0.0,0.0,0.0,0,2,1.4,0.0,2,3,0,1.0,0.0
2025-03-20 00:00:00+00:00,0.0,0.0,0.0,0.0,0.0,0,0.0,0.0,0.0,0.0,0.0,0,0.0,0.0,0.0,0.0,0.0,0.0,0.0,0.0,0,1,1.5,0.0,3,3,0,1.0,0.0
2025-03-21 00:00:00+00:00,0.0,0.0,0.0,0.0,0.0,0,0.0,0.0,0.0,0.0,0.0,0,0.0,0.0,0.0,0.0,0.0,0.0,0.0,0.0,1,99,1.5,0.0,4,3,0,1.0,0.0
2025-03-22 00:00:00+00:00,0.0,0.0,0.0,0.0,0.0,0,0.0,0.0,0.0,0.0,0.0,0,0.0,0.0,0.0,0.0,0.0,0.0,0.0,0.0,0,99,1.0,0.0,5,3,1,0.3,0.0
2025-03-23 00:00:00+00:00,0.0,0.0,0.0,0.0,0.0,0,0.0,0.0,0.0,0.0,0.0,0,0.0,0.0,0.0,0.0,0.0,0.0,0.0,0.0,0,99,1.0,0.0,6,3,1,0.3,0.0
2025-03-24 00:00:00+00:00,0.0,0.0,0.0,0.0,0.0,0,0.0,0.0,0.0,0.0,0.0,0,0.0,0.0,0.0,0.0,0.0,0.0,0.0,0.0,0,99,1.0,0.0,0,3,0,1.0,0.0
2025-03-25 00:00:00+00:00,0.05,0.05,0.0,0.05,0.05,1,0.022175329945435703,0.022175329945435703,0.009701706851128119,0.009701706851128119,0.9681229632034362,1,0.025,0.025,0.0,0.022175329945435703,0.009701706851128119,2.285714285714286,0.03465735902799726,1.0,0,99,1.0,0.05,1,3,0,1.0,0.05
2025-03-26 00:00:00+00:00,0.0,0.0,0.0,0.0,0.0,0,0.0,0.0,0.0,0.0,0.0,0,0.0,0.0,0.0,0.0,0.0,0.0,0.0,0.0,0,99,1.0,0.0,2,3,0,1.0,0.0
2025-03-27 00:00:00+00:00,0.0,0.0,0.0,0.0,0.0,0,0.0,0.0,0.0,0.0,0.0,0,0.0,0.0,0.0,0.0,0.0,0.0,0.0,0.0,0,99,1.0,0.0,3,3,0,1.0,0.0
2025-03-28 00:00:00+00:00,0.0,0.0,0.0,0.0,0.0,0,0.0,0.0,0.0,0.0,0.0,0,0.0,0.0,0.0,0.0,0.0,0.0,0.0,0.0,0,99,1.0,0.0,4,3,0,1.0,0.0
2025-03-29 00:00:00+00:00,0.0,0.0,0.0,0.0,0.0,0,0.0,0.0,0.0,0.0,0.0,0,0.0,0.0,0.0,0.0,0.0,0.0,0.0,0.0,0,99,1.0,0.0,5,3,1,0.3,0.0
2025-03-30 00:00:00+00:00,0.0,0.0,0.0,0.0,0.0,0,0.0,0.0,0.0,0.0,0.0,0,0.0,0.0,0.0,0.0,0.0,0.0,0.0,0.0,0,99,1.0,0.0,6,3,1,0.3,0.0
2025-03-31 00:00:00+00:00,0.0,0.0,0.0,0.0,0.0,0,0.0,0.0,0.0,0.0,0.0,0,0.0,0.0,0.0,0.0,0.0,0.0,0.0,0.0,0,99,1.0,0.0,0,3,0,1.0,0.0
2025-04-01 00:00:00+00:00,0.0,0.0,0.0,0.0,0.0,1,0.0,0.0,0.0,0.0,1.0,1,0.0,0.0,0.0,0.0,0.0,0.0,0.0,0.0,0,99,1.0,0.0,1,4,0,1.0,0.0
2025-04-02 00:00:00+00:00,0.0,0.0,0.0,0.0,0.0,0,0.0,0.0,0.0,0.0,0.0,0,0.0,0.0,0.0,0.0,0.0,0.0,0.0,0.0,0,99,1.0,0.0,2,4,0,1.0,0.0
2025-04-03 00:00:00+00:00,0.0,0.0,0.0,0.0,0.0,1,0.0,0.0,0.0,0.0,1.0,1,0.0,0.0,0.0,0.0,0.0,0.0,0.0,0.0,0,99,1.0,0.0,3,4,0,1.0,0.0
2025-04-04 00:00:00+00:00,0.0,0.0,0.0,0.0,0.0,0,0.0,0.0,0.0,0.0,0.0,0,0.0,0.0,0.0,0.0,0.0,0.0,0.0,0.0,0,99,1.0,0.0,4,4,0,1.0,0.0
2025-04-05 00:00:00+00:00,0.0,0.0,0.0,0.0,0.0,0,0.0,0.0,0.0,0.0,0.0,0,0.0,0.0,0.0,0.0,0.0,0.0,0.0,0.0,0,99,1.0,0.0,5,4,1,0.3,0.0
2025-04-06 00:00:00+00:00,0.0,0.0,0.0,0.0,0.0,0,0.0,0.0,0.0,0.0,0.0,0,0.0,0.0,0.0,0.0,0.0,0.0,0.0,0.0,0,99,1.0,0.0,6,4,1,0.3,0.0
2025-04-07 00:00:00+00:00,-0.3157894736842105,-0.3157894736842105,0.0,-0.3157894736842105,-0.3157894736842105,1,0.0,0.0,0.21052631578947367,0.21052631578947367,0.7894736842105263,1,-0.15789473684210525,-0.15789473684210525,0.0,0.0,0.21052631578947367,0.0,0.21888858333471956,-1.0,0,99,1.0,-0.3157894736842105,0,4,0,1.0,-0.3157894736842105
2025-04-08 00:00:00+00:00,0.0,0.0,0.0,0.0,0.0,0,0.0,0.0,0.0,0.0,0.0,0,0.0,0.0,0.0,0.0,0.0,0.0,0.0,0.0,0,99,1.0,0.0,1,4,0,1.0,0.0
2025-04-09 00:00:00+00:00,0.0,0.0,0.0,0.0,0.0,0,0.0,0.0,0.0,0.0,0.0,0,0.0,0.0,0.0,0.0,0.0,0.0,0.0,0.0,0,99,1.0,0.0,2,4,0,1.0,0.0
2025-04-10 00:00:00+00:00,0.0,0.0,0.0,0.0,0.0,0,0.0,0.0,0.0,0.0,0.0,0,0.0,0.0,0.0,0.0,0.0,0.0,0.0,0.0,0,99,1.0,0.0,3,4,0,1.0,0.0
2025-04-11 00:00:00+00:00,-0.05,-0.05,0.0,-0.05,-0.05,1,0.033987568749173455,0.033987568749173455,0.03598683749912483,0.03598683749912483,0.9300255937517017,1,-0.025,-0.025,0.0,0.033987568749173455,0.03598683749912483,0.9444444444444445,0.03465735902799726,-1.0,0,99,1.0,-0.05,4,4,0,1.0,-0.05
2025-04-12 00:00:00+00:00,0.0,0.0,0.0,0.0,0.0,0,0.0,0.0,0.0,0.0,0.0,0,0.0,0.0,0.0,0.0,0.0,0.0,0.0,0.0,0,99,1.0,0.0,5,4,1,0.3,0.0
2025-04-13 00:00:00+00:00,0.0,0.0,0.0,0.0,0.0,0,0.0,0.0,0.0,0.0,0.0,0,0.0,0.0,0.0,0.0,0.0,0.0,0.0,0.0,0,99,1.0,0.0,6,4,1,0.3,0.0
2025-04-14 00:00:00+00:00,0.0,0.0,0.0,0.0,0.0,0,0.0,0.0,0.0,0.0,0.0,0,0.0,0.0,0.0,0.0,0.0,0.0,0.0,0.0,0,99,1.0,0.0,0,4,0,1.0,0.0
2025-04-15 00:00:00+00:00,0.0,0.0,0.0,0.0,0.0,0,0.0,0.0,0.0,0.0,0.0,0,0.0,0.0,0.0,0.0,0.0,0.0,0.0,0.0,0,99,1.0,0.0,1,4,0,1.0,0.0
2025-04-16 00:00:00+00:00,0.0,0.0,0.0,0.0,0.0,0,0.0,0.0,0.0,0.0,0.0,0,0.0,0.0,0.0,0.0,0.0,0.0,0.0,0.0,0,99,1.0,0.0,2,4,0,1.0,0.0
2025-04-17 00:00:00+00:00,0.0,0.0,0.0,0.0,0.0,0,0.0,0.0,0.0,0.0,0.0,0,0.0,0.0,0.0,0.0,0.0,0.0,0.0,0.0,0,99,1.0,0.0,3,4,0,1.0,0.0
2025-04-18 00:00:00+00:00,0.0,0.0,0.0,0.0,0.0,0,0.0,0.0,0.0,0.0,0.0,0,0.0,0.0,0.0,0.0,0.0,0.0,0.0,0.0,0,99,1.0,0.0,4,4,0,1.0,0.0
2025-04-19 00:00:00+00:00,0.0,0.0,0.0,0.0,0.0,0,0.0,0.0,0.0,0.0,0.0,0,0.0,0.0,0.0,0.0,0.0,0.0,0.0,0.0,0,99,1.0,0.0,5,4,1,0.3,0.0
2025-04-20 00:00:00+00:00,0.0,0.0,0.0,0.0,0.0,0,0.0,0.0,0.0,0.0,0.0,0,0.0,0.0,0.0,0.0,0.0,0.0,0.0,0.0,0,5,1.1,0.0,6,4,1,0.3,0.0
2025-04-21 00:00:00+00:00,0.0,0.0,0.0,0.0,0.0,1,0.0,0.0,0.0,0.0,1.0,1,0.0,0.0,0.0,0.0,0.0,0.0,0.0,0.0,0,4,1.2,0.0,0,4,0,1.0,0.0
