962e2a95-02a9-4171-abd7-aa198dbe643a;2024-10-01T04:00:00Z;138.49;137.55;138.49;137.51;151;
962e2a95-02a9-4171-abd7-aa198dbe643a;2024-10-01T04:01:00Z;138.46;138.48;138.49;138.43;115;
962e2a95-02a9-4171-abd7-aa198dbe643a;2024-10-01T04:02:00Z;138.48;138.49;138.49;137.93;132;
962e2a95-02a9-4171-abd7-aa198dbe643a;2024-10-01T04:03:00Z;138.49;138.49;138.49;138.15;109;
962e2a95-02a9-4171-abd7-aa198dbe643a;2024-10-01T04:04:00Z;138.45;138.38;138.45;138.16;7;
962e2a95-02a9-4171-abd7-aa198dbe643a;2024-10-01T04:05:00Z;138.16;138.48;138.48;138.01;121;
962e2a95-02a9-4171-abd7-aa198dbe643a;2024-10-01T04:06:00Z;138.48;138.47;138.49;138.28;913;
962e2a95-02a9-4171-abd7-aa198dbe643a;2024-10-01T04:07:00Z;138.31;138.31;138.31;138.31;9;
962e2a95-02a9-4171-abd7-aa198dbe643a;2024-10-01T04:08:00Z;138.3;138.27;138.48;138.27;510;
962e2a95-02a9-4171-abd7-aa198dbe643a;2024-10-01T04:09:00Z;138.48;138.46;138.48;138.29;147;
962e2a95-02a9-4171-abd7-aa198dbe643a;2024-10-01T04:10:00Z;138.29;138.29;138.46;138.28;69;
962e2a95-02a9-4171-abd7-aa198dbe643a;2024-10-01T04:11:00Z;138.44;138.3;138.44;138.29;10;
962e2a95-02a9-4171-abd7-aa198dbe643a;2024-10-01T04:12:00Z;138.29;138.29;138.3;138.28;18;
962e2a95-02a9-4171-abd7-aa198dbe643a;2024-10-01T04:13:00Z;138.29;138.28;138.3;138.28;53;
962e2a95-02a9-4171-abd7-aa198dbe643a;2024-10-01T04:14:00Z;138.28;138.1;138.29;138.09;164;
962e2a95-02a9-4171-abd7-aa198dbe643a;2024-10-01T04:15:00Z;138.1;138.25;138.25;138.1;17;
962e2a95-02a9-4171-abd7-aa198dbe643a;2024-10-01T04:16:00Z;138.22;138.22;138.22;138.1;19;
962e2a95-02a9-4171-abd7-aa198dbe643a;2024-10-01T04:17:00Z;138.22;138.22;138.22;138.22;11;
962e2a95-02a9-4171-abd7-aa198dbe643a;2024-10-01T04:18:00Z;138.22;138.2;138.22;138.1;8;
962e2a95-02a9-4171-abd7-aa198dbe643a;2024-10-01T04:19:00Z;138.2;138.22;138.22;138.1;94;
962e2a95-02a9-4171-abd7-aa198dbe643a;2024-10-01T04:20:00Z;138.21;138.21;138.24;138.08;497;
962e2a95-02a9-4171-abd7-aa198dbe643a;2024-10-01T04:21:00Z;138.09;138.23;138.24;138.07;44;
962e2a95-02a9-4171-abd7-aa198dbe643a;2024-10-01T04:22:00Z;138.23;138.08;138.23;138.08;310;
962e2a95-02a9-4171-abd7-aa198dbe643a;2024-10-01T04:23:00Z;138.08;138.28;138.28;138.08;51;
962e2a95-02a9-4171-abd7-aa198dbe643a;2024-10-01T04:24:00Z;138.19;138.19;138.28;138.19;102;
962e2a95-02a9-4171-abd7-aa198dbe643a;2024-10-01T04:25:00Z;138.19;138.18;138.19;138.18;16;
962e2a95-02a9-4171-abd7-aa198dbe643a;2024-10-01T04:26:00Z;138.19;138.42;138.42;138.19;54;
962e2a95-02a9-4171-abd7-aa198dbe643a;2024-10-01T04:27:00Z;138.42;138.3;138.42;138.3;121;
962e2a95-02a9-4171-abd7-aa198dbe643a;2024-10-01T04:28:00Z;138.39;138.4;138.4;138.3;46;
962e2a95-02a9-4171-abd7-aa198dbe643a;2024-10-01T04:29:00Z;138.39;138.21;138.39;138.21;44;
962e2a95-02a9-4171-abd7-aa198dbe643a;2024-10-01T04:30:00Z;138.37;138.37;138.37;138.37;1;
962e2a95-02a9-4171-abd7-aa198dbe643a;2024-10-01T04:31:00Z;138.37;138.39;138.42;138.3;148;
962e2a95-02a9-4171-abd7-aa198dbe643a;2024-10-01T04:32:00Z;138.4;138.1;138.42;138.1;384;
962e2a95-02a9-4171-abd7-aa198dbe643a;2024-10-01T04:33:00Z;138.38;138.38;138.38;138.38;2;
962e2a95-02a9-4171-abd7-aa198dbe643a;2024-10-01T04:34:00Z;138.21;138.38;138.38;138.11;76;
962e2a95-02a9-4171-abd7-aa198dbe643a;2024-10-01T04:35:00Z;138.19;138.19;138.19;138.19;2;
962e2a95-02a9-4171-abd7-aa198dbe643a;2024-10-01T04:36:00Z;138.19;138.37;138.37;138.19;2;
962e2a95-02a9-4171-abd7-aa198dbe643a;2024-10-01T04:37:00Z;138.2;138.39;138.4;138.2;111;
962e2a95-02a9-4171-abd7-aa198dbe643a;2024-10-01T04:38:00Z;138.22;138.39;138.39;138.22;3;
962e2a95-02a9-4171-abd7-aa198dbe643a;2024-10-01T04:39:00Z;138.23;138.41;138.41;138.22;112;
962e2a95-02a9-4171-abd7-aa198dbe643a;2024-10-01T04:40:00Z;138.23;138.45;138.45;138.21;1444;
962e2a95-02a9-4171-abd7-aa198dbe643a;2024-10-01T04:41:00Z;138.25;138.43;138.43;138.25;2;
962e2a95-02a9-4171-abd7-aa198dbe643a;2024-10-01T04:42:00Z;138.43;138.43;138.43;138.43;1;
962e2a95-02a9-4171-abd7-aa198dbe643a;2024-10-01T04:43:00Z;138.43;138.39;138.43;138.17;144;
962e2a95-02a9-4171-abd7-aa198dbe643a;2024-10-01T04:44:00Z;138.35;138.17;138.35;138.17;11;
962e2a95-02a9-4171-abd7-aa198dbe643a;2024-10-01T04:45:00Z;138.31;138.19;138.32;138.19;23;
962e2a95-02a9-4171-abd7-aa198dbe643a;2024-10-01T04:47:00Z;138.19;138.45;138.45;138.13;283;
962e2a95-02a9-4171-abd7-aa198dbe643a;2024-10-01T04:48:00Z;138.3;138.44;138.45;138.3;85;
962e2a95-02a9-4171-abd7-aa198dbe643a;2024-10-01T04:49:00Z;138.3;138.44;138.44;138.22;140;
962e2a95-02a9-4171-abd7-aa198dbe643a;2024-10-01T04:50:00Z;138.24;138.23;138.24;138.23;10;
962e2a95-02a9-4171-abd7-aa198dbe643a;2024-10-01T04:51:00Z;138.24;138.25;138.41;138.24;9;
962e2a95-02a9-4171-abd7-aa198dbe643a;2024-10-01T04:52:00Z;138.4;138.4;138.4;138.25;61;
962e2a95-02a9-4171-abd7-aa198dbe643a;2024-10-01T04:53:00Z;138.4;138.25;138.4;138.25;22;
962e2a95-02a9-4171-abd7-aa198dbe643a;2024-10-01T04:54:00Z;138.25;138.4;138.4;138.25;8;
962e2a95-02a9-4171-abd7-aa198dbe643a;2024-10-01T04:55:00Z;138.4;138.41;138.41;138.4;17;
962e2a95-02a9-4171-abd7-aa198dbe643a;2024-10-01T04:56:00Z;138.41;138.41;138.41;138.41;8;
962e2a95-02a9-4171-abd7-aa198dbe643a;2024-10-01T04:57:00Z;138.43;138.43;138.43;138.43;2;
962e2a95-02a9-4171-abd7-aa198dbe643a;2024-10-01T04:58:00Z;138.41;138.41;138.41;138.41;2;
962e2a95-02a9-4171-abd7-aa198dbe643a;2024-10-01T04:59:00Z;138.43;138.42;138.43;138.32;12;
962e2a95-02a9-4171-abd7-aa198dbe643a;2024-10-01T05:00:00Z;138.42;138.42;138.42;138.42;4;
962e2a95-02a9-4171-abd7-aa198dbe643a;2024-10-01T05:01:00Z;138.4;138.4;138.4;138.4;1;
962e2a95-02a9-4171-abd7-aa198dbe643a;2024-10-01T05:02:00Z;138.41;138.27;138.42;138.25;157;
962e2a95-02a9-4171-abd7-aa198dbe643a;2024-10-01T05:03:00Z;138.41;138.42;138.42;138.27;24;
962e2a95-02a9-4171-abd7-aa198dbe643a;2024-10-01T05:04:00Z;138.42;138.44;138.44;138.42;522;
962e2a95-02a9-4171-abd7-aa198dbe643a;2024-10-01T05:05:00Z;138.44;138.45;138.45;138.25;125;
962e2a95-02a9-4171-abd7-aa198dbe643a;2024-10-01T05:06:00Z;138.26;138.25;138.26;138.24;76;
962e2a95-02a9-4171-abd7-aa198dbe643a;2024-10-01T05:07:00Z;138.42;138.43;138.43;138.25;8;
962e2a95-02a9-4171-abd7-aa198dbe643a;2024-10-01T05:08:00Z;138.43;138.44;138.44;138.43;12;
962e2a95-02a9-4171-abd7-aa198dbe643a;2024-10-01T05:09:00Z;138.26;138.25;138.43;138.25;129;
962e2a95-02a9-4171-abd7-aa198dbe643a;2024-10-01T05:10:00Z;138.26;138.25;138.26;138.25;4;
962e2a95-02a9-4171-abd7-aa198dbe643a;2024-10-01T05:11:00Z;138.26;138.41;138.41;138.25;47;
962e2a95-02a9-4171-abd7-aa198dbe643a;2024-10-01T05:12:00Z;138.26;138.26;138.44;138.26;46;
962e2a95-02a9-4171-abd7-aa198dbe643a;2024-10-01T05:13:00Z;138.43;138.28;138.46;138.27;478;
962e2a95-02a9-4171-abd7-aa198dbe643a;2024-10-01T05:14:00Z;138.45;138.45;138.45;138.45;1;
962e2a95-02a9-4171-abd7-aa198dbe643a;2024-10-01T05:15:00Z;138.45;138.45;138.47;138.45;225;
962e2a95-02a9-4171-abd7-aa198dbe643a;2024-10-01T05:16:00Z;138.47;138.47;138.47;138.28;61;
962e2a95-02a9-4171-abd7-aa198dbe643a;2024-10-01T05:17:00Z;138.3;138.29;138.44;138.29;8;
962e2a95-02a9-4171-abd7-aa198dbe643a;2024-10-01T05:18:00Z;138.29;138.47;138.47;138.25;129;
962e2a95-02a9-4171-abd7-aa198dbe643a;2024-10-01T05:19:00Z;138.25;138.46;138.46;138.25;3;
962e2a95-02a9-4171-abd7-aa198dbe643a;2024-10-01T05:20:00Z;138.45;138.26;138.46;138.26;15;
962e2a95-02a9-4171-abd7-aa198dbe643a;2024-10-01T05:21:00Z;138.26;138.26;138.45;138.26;42;
962e2a95-02a9-4171-abd7-aa198dbe643a;2024-10-01T05:22:00Z;138.42;138.41;138.42;138.26;8;
962e2a95-02a9-4171-abd7-aa198dbe643a;2024-10-01T05:23:00Z;138.27;138.26;138.39;138.26;26;
962e2a95-02a9-4171-abd7-aa198dbe643a;2024-10-01T05:24:00Z;138.27;138.35;138.35;138.26;42;
962e2a95-02a9-4171-abd7-aa198dbe643a;2024-10-01T05:25:00Z;138.33;138.28;138.33;138.28;4;
962e2a95-02a9-4171-abd7-aa198dbe643a;2024-10-01T05:26:00Z;138.29;138.25;138.29;138.25;233;
962e2a95-02a9-4171-abd7-aa198dbe643a;2024-10-01T05:27:00Z;138.27;138.46;138.47;138.26;57;
962e2a95-02a9-4171-abd7-aa198dbe643a;2024-10-01T05:28:00Z;138.26;138.46;138.46;138.26;124;
962e2a95-02a9-4171-abd7-aa198dbe643a;2024-10-01T05:29:00Z;138.28;138.47;138.47;138.28;187;
962e2a95-02a9-4171-abd7-aa198dbe643a;2024-10-01T05:30:00Z;138.3;138.27;138.47;138.27;41;
962e2a95-02a9-4171-abd7-aa198dbe643a;2024-10-01T05:31:00Z;138.28;138.27;138.44;138.27;100;
962e2a95-02a9-4171-abd7-aa198dbe643a;2024-10-01T05:32:00Z;138.43;138.47;138.47;138.43;119;
962e2a95-02a9-4171-abd7-aa198dbe643a;2024-10-01T05:33:00Z;138.46;138.46;138.46;138.28;4;
962e2a95-02a9-4171-abd7-aa198dbe643a;2024-10-01T05:34:00Z;138.46;138.46;138.46;138.46;1;
962e2a95-02a9-4171-abd7-aa198dbe643a;2024-10-01T05:35:00Z;138.29;138.47;138.47;138.29;35;
962e2a95-02a9-4171-abd7-aa198dbe643a;2024-10-01T05:36:00Z;138.3;138.29;138.3;138.29;35;
962e2a95-02a9-4171-abd7-aa198dbe643a;2024-10-01T05:37:00Z;138.45;138.42;138.45;138.29;119;
962e2a95-02a9-4171-abd7-aa198dbe643a;2024-10-01T05:38:00Z;138.46;138.26;138.46;138.26;437;
962e2a95-02a9-4171-abd7-aa198dbe643a;2024-10-01T05:39:00Z;138.26;138.24;138.27;138.24;289;
962e2a95-02a9-4171-abd7-aa198dbe643a;2024-10-01T05:40:00Z;138.25;138.29;138.29;138.24;6;
962e2a95-02a9-4171-abd7-aa198dbe643a;2024-10-01T05:41:00Z;138.29;138.22;138.29;138.22;209;
962e2a95-02a9-4171-abd7-aa198dbe643a;2024-10-01T05:42:00Z;138.29;138.23;138.3;138.23;103;
962e2a95-02a9-4171-abd7-aa198dbe643a;2024-10-01T05:43:00Z;138.3;138.25;138.48;138.25;351;
962e2a95-02a9-4171-abd7-aa198dbe643a;2024-10-01T05:44:00Z;138.45;138.48;138.48;138.27;173;
962e2a95-02a9-4171-abd7-aa198dbe643a;2024-10-01T05:45:00Z;138.47;138.3;138.48;138.3;28;
962e2a95-02a9-4171-abd7-aa198dbe643a;2024-10-01T05:46:00Z;138.47;138.32;138.5;138.3;528;
962e2a95-02a9-4171-abd7-aa198dbe643a;2024-10-01T05:47:00Z;138.33;138.5;138.5;138.32;59;
962e2a95-02a9-4171-abd7-aa198dbe643a;2024-10-01T05:48:00Z;138.31;138.54;138.54;138.31;238;
962e2a95-02a9-4171-abd7-aa198dbe643a;2024-10-01T05:49:00Z;138.54;138.5;138.55;138.5;66;
962e2a95-02a9-4171-abd7-aa198dbe643a;2024-10-01T05:50:00Z;138.55;138.53;138.56;138.33;10;
962e2a95-02a9-4171-abd7-aa198dbe643a;2024-10-01T05:51:00Z;138.51;138.51;138.51;138.51;1;
962e2a95-02a9-4171-abd7-aa198dbe643a;2024-10-01T05:52:00Z;138.36;138.52;138.52;138.28;243;
962e2a95-02a9-4171-abd7-aa198dbe643a;2024-10-01T05:53:00Z;138.52;138.54;138.54;138.52;38;
962e2a95-02a9-4171-abd7-aa198dbe643a;2024-10-01T05:54:00Z;138.54;138.54;138.55;138.54;23;
962e2a95-02a9-4171-abd7-aa198dbe643a;2024-10-01T05:55:00Z;138.54;138.31;138.54;138.31;48;
962e2a95-02a9-4171-abd7-aa198dbe643a;2024-10-01T05:56:00Z;138.37;138.29;138.37;138.28;89;
962e2a95-02a9-4171-abd7-aa198dbe643a;2024-10-01T05:57:00Z;138.29;138.29;138.29;138.28;12;
962e2a95-02a9-4171-abd7-aa198dbe643a;2024-10-01T05:58:00Z;138.29;138.29;138.29;138.29;1;
962e2a95-02a9-4171-abd7-aa198dbe643a;2024-10-01T05:59:00Z;138.29;138.29;138.29;138.29;3;
962e2a95-02a9-4171-abd7-aa198dbe643a;2024-10-01T06:00:00Z;138.29;138.26;138.29;138.26;106;
962e2a95-02a9-4171-abd7-aa198dbe643a;2024-10-01T06:01:00Z;138.3;138.4;138.4;138.26;22;
962e2a95-02a9-4171-abd7-aa198dbe643a;2024-10-01T06:02:00Z;138.4;138.4;138.4;138.4;3;
962e2a95-02a9-4171-abd7-aa198dbe643a;2024-10-01T06:03:00Z;138.3;138.3;138.4;138.3;18;
962e2a95-02a9-4171-abd7-aa198dbe643a;2024-10-01T06:04:00Z;138.4;138.4;138.4;138.3;84;
962e2a95-02a9-4171-abd7-aa198dbe643a;2024-10-01T06:05:00Z;138.3;138.49;138.49;138.3;14;
962e2a95-02a9-4171-abd7-aa198dbe643a;2024-10-01T06:06:00Z;138.31;138.48;138.48;138.31;3;
962e2a95-02a9-4171-abd7-aa198dbe643a;2024-10-01T06:07:00Z;138.48;138.48;138.48;138.48;3;
962e2a95-02a9-4171-abd7-aa198dbe643a;2024-10-01T06:08:00Z;138.48;138.32;138.48;138.32;16;
962e2a95-02a9-4171-abd7-aa198dbe643a;2024-10-01T06:09:00Z;138.32;138.3;138.32;138.3;98;
962e2a95-02a9-4171-abd7-aa198dbe643a;2024-10-01T06:10:00Z;138.3;138.24;138.3;138.24;61;
962e2a95-02a9-4171-abd7-aa198dbe643a;2024-10-01T06:11:00Z;138.24;138.26;138.31;138.1;1535;
962e2a95-02a9-4171-abd7-aa198dbe643a;2024-10-01T06:12:00Z;138.2;138.2;138.22;138.2;25;
962e2a95-02a9-4171-abd7-aa198dbe643a;2024-10-01T06:13:00Z;138.2;138.11;138.2;138.1;22;
962e2a95-02a9-4171-abd7-aa198dbe643a;2024-10-01T06:14:00Z;138.11;138.09;138.25;138.08;282;
962e2a95-02a9-4171-abd7-aa198dbe643a;2024-10-01T06:15:00Z;138.08;138.04;138.26;138.04;257;
962e2a95-02a9-4171-abd7-aa198dbe643a;2024-10-01T06:16:00Z;138.04;138.04;138.04;138.03;30;
962e2a95-02a9-4171-abd7-aa198dbe643a;2024-10-01T06:17:00Z;138.03;138.05;138.2;138.03;55;
962e2a95-02a9-4171-abd7-aa198dbe643a;2024-10-01T06:18:00Z;138.2;138.3;138.3;138.05;206;
962e2a95-02a9-4171-abd7-aa198dbe643a;2024-10-01T06:19:00Z;138.11;138.28;138.28;138.11;12;
962e2a95-02a9-4171-abd7-aa198dbe643a;2024-10-01T06:20:00Z;138.14;138.28;138.28;138.13;32;
962e2a95-02a9-4171-abd7-aa198dbe643a;2024-10-01T06:21:00Z;138.16;138.16;138.28;138.16;34;
962e2a95-02a9-4171-abd7-aa198dbe643a;2024-10-01T06:22:00Z;138.27;138.28;138.28;138.27;30;
962e2a95-02a9-4171-abd7-aa198dbe643a;2024-10-01T06:23:00Z;138.28;138.27;138.28;138.27;13;
962e2a95-02a9-4171-abd7-aa198dbe643a;2024-10-01T06:24:00Z;138.27;138.27;138.27;138.27;7;
962e2a95-02a9-4171-abd7-aa198dbe643a;2024-10-01T06:25:00Z;138.28;138.27;138.28;138.27;9;
962e2a95-02a9-4171-abd7-aa198dbe643a;2024-10-01T06:26:00Z;138.28;138.2;138.28;138.2;203;
962e2a95-02a9-4171-abd7-aa198dbe643a;2024-10-01T06:27:00Z;138.2;138.18;138.2;138.18;262;
962e2a95-02a9-4171-abd7-aa198dbe643a;2024-10-01T06:28:00Z;138.19;138.2;138.2;138.19;13;
962e2a95-02a9-4171-abd7-aa198dbe643a;2024-10-01T06:29:00Z;138.2;138.3;138.3;138.18;20;
962e2a95-02a9-4171-abd7-aa198dbe643a;2024-10-01T06:30:00Z;138.18;138.18;138.3;138.18;33;
962e2a95-02a9-4171-abd7-aa198dbe643a;2024-10-01T06:31:00Z;138.18;138.3;138.3;138.18;24;
962e2a95-02a9-4171-abd7-aa198dbe643a;2024-10-01T06:32:00Z;138.3;138.15;138.3;138.15;138;
962e2a95-02a9-4171-abd7-aa198dbe643a;2024-10-01T06:33:00Z;138.3;138.12;138.3;138.12;93;
962e2a95-02a9-4171-abd7-aa198dbe643a;2024-10-01T06:34:00Z;138.12;138.3;138.3;138.11;182;
962e2a95-02a9-4171-abd7-aa198dbe643a;2024-10-01T06:35:00Z;138.11;138.08;138.41;138.06;220;
962e2a95-02a9-4171-abd7-aa198dbe643a;2024-10-01T06:36:00Z;138.08;138.29;138.29;138.08;48;
962e2a95-02a9-4171-abd7-aa198dbe643a;2024-10-01T06:37:00Z;138.09;138.29;138.29;138.08;12;
962e2a95-02a9-4171-abd7-aa198dbe643a;2024-10-01T06:38:00Z;138.1;138.12;138.25;138.1;69;
962e2a95-02a9-4171-abd7-aa198dbe643a;2024-10-01T06:39:00Z;138.13;138.19;138.19;138.11;111;
962e2a95-02a9-4171-abd7-aa198dbe643a;2024-10-01T06:59:00Z;137.9;137.9;137.9;137.9;9242;
962e2a95-02a9-4171-abd7-aa198dbe643a;2024-10-01T07:00:00Z;137.9;138.2;138.2;137.61;77340;
962e2a95-02a9-4171-abd7-aa198dbe643a;2024-10-01T07:01:00Z;138.2;137.78;138.52;137.65;68347;
962e2a95-02a9-4171-abd7-aa198dbe643a;2024-10-01T07:02:00Z;137.79;138.13;138.29;137.72;38400;
962e2a95-02a9-4171-abd7-aa198dbe643a;2024-10-01T07:03:00Z;138.08;138.24;138.33;138.06;28416;
962e2a95-02a9-4171-abd7-aa198dbe643a;2024-10-01T07:04:00Z;138.24;138.63;138.69;138.23;42332;
962e2a95-02a9-4171-abd7-aa198dbe643a;2024-10-01T07:05:00Z;138.57;138.5;138.64;138.22;36937;
962e2a95-02a9-4171-abd7-aa198dbe643a;2024-10-01T07:06:00Z;138.49;138.68;138.77;138.49;27972;
962e2a95-02a9-4171-abd7-aa198dbe643a;2024-10-01T07:07:00Z;138.72;138.67;139.2;138.62;93223;
962e2a95-02a9-4171-abd7-aa198dbe643a;2024-10-01T07:08:00Z;138.66;138.81;138.89;138.55;30104;
962e2a95-02a9-4171-abd7-aa198dbe643a;2024-10-01T07:09:00Z;138.81;138.84;138.93;138.75;41094;
962e2a95-02a9-4171-abd7-aa198dbe643a;2024-10-01T07:10:00Z;138.89;138.51;138.89;138.5;18107;
962e2a95-02a9-4171-abd7-aa198dbe643a;2024-10-01T07:11:00Z;138.52;138.57;138.63;138.51;20532;
962e2a95-02a9-4171-abd7-aa198dbe643a;2024-10-01T07:12:00Z;138.57;138.28;138.57;138.27;15169;
962e2a95-02a9-4171-abd7-aa198dbe643a;2024-10-01T07:13:00Z;138.27;138;138.29;137.87;53826;
962e2a95-02a9-4171-abd7-aa198dbe643a;2024-10-01T07:14:00Z;138;138.15;138.36;137.99;42664;
962e2a95-02a9-4171-abd7-aa198dbe643a;2024-10-01T07:15:00Z;138.14;138.12;138.19;138.01;15139;
962e2a95-02a9-4171-abd7-aa198dbe643a;2024-10-01T07:16:00Z;138.12;138.32;138.32;138.06;23330;
962e2a95-02a9-4171-abd7-aa198dbe643a;2024-10-01T07:17:00Z;138.31;138.23;138.35;138.18;15774;
962e2a95-02a9-4171-abd7-aa198dbe643a;2024-10-01T07:18:00Z;138.23;138.15;138.24;138.15;9069;
962e2a95-02a9-4171-abd7-aa198dbe643a;2024-10-01T07:19:00Z;138.15;138.22;138.35;138.14;15367;
962e2a95-02a9-4171-abd7-aa198dbe643a;2024-10-01T07:20:00Z;138.24;138.3;138.39;138.11;29499;
962e2a95-02a9-4171-abd7-aa198dbe643a;2024-10-01T07:21:00Z;138.3;138.74;138.81;138.3;34628;
962e2a95-02a9-4171-abd7-aa198dbe643a;2024-10-01T07:22:00Z;138.78;138.53;138.78;138.52;13627;
962e2a95-02a9-4171-abd7-aa198dbe643a;2024-10-01T07:23:00Z;138.53;138.51;138.59;138.34;16851;
962e2a95-02a9-4171-abd7-aa198dbe643a;2024-10-01T07:24:00Z;138.49;138.4;138.61;138.36;12999;
962e2a95-02a9-4171-abd7-aa198dbe643a;2024-10-01T07:25:00Z;138.4;138.5;138.54;138.36;6602;
962e2a95-02a9-4171-abd7-aa198dbe643a;2024-10-01T07:26:00Z;138.49;138.53;138.55;138.43;12096;
962e2a95-02a9-4171-abd7-aa198dbe643a;2024-10-01T07:27:00Z;138.52;138.8;138.86;138.51;27377;
962e2a95-02a9-4171-abd7-aa198dbe643a;2024-10-01T07:28:00Z;138.8;138.81;138.92;138.66;35664;
962e2a95-02a9-4171-abd7-aa198dbe643a;2024-10-01T07:29:00Z;138.8;138.68;138.85;138.59;20369;
962e2a95-02a9-4171-abd7-aa198dbe643a;2024-10-01T07:30:00Z;138.65;138.85;138.85;138.53;11918;
962e2a95-02a9-4171-abd7-aa198dbe643a;2024-10-01T07:31:00Z;138.84;138.74;138.84;138.66;9278;
962e2a95-02a9-4171-abd7-aa198dbe643a;2024-10-01T07:32:00Z;138.73;138.67;138.75;138.67;4851;
962e2a95-02a9-4171-abd7-aa198dbe643a;2024-10-01T07:33:00Z;138.68;138.59;138.73;138.54;11113;
962e2a95-02a9-4171-abd7-aa198dbe643a;2024-10-01T07:34:00Z;138.6;138.62;138.63;138.55;4541;
962e2a95-02a9-4171-abd7-aa198dbe643a;2024-10-01T07:35:00Z;138.62;138.63;138.66;138.57;4790;
962e2a95-02a9-4171-abd7-aa198dbe643a;2024-10-01T07:36:00Z;138.63;138.67;138.67;138.55;7639;
962e2a95-02a9-4171-abd7-aa198dbe643a;2024-10-01T07:37:00Z;138.67;138.3;138.67;138.3;19851;
962e2a95-02a9-4171-abd7-aa198dbe643a;2024-10-01T07:38:00Z;138.31;138.38;138.4;138.19;11877;
962e2a95-02a9-4171-abd7-aa198dbe643a;2024-10-01T07:39:00Z;138.36;138.32;138.4;138.28;7205;
962e2a95-02a9-4171-abd7-aa198dbe643a;2024-10-01T07:40:00Z;138.34;138.35;138.4;138.26;8607;
962e2a95-02a9-4171-abd7-aa198dbe643a;2024-10-01T07:41:00Z;138.3;138.3;138.4;138.3;6472;
962e2a95-02a9-4171-abd7-aa198dbe643a;2024-10-01T07:42:00Z;138.31;138.18;138.35;138.16;11005;
962e2a95-02a9-4171-abd7-aa198dbe643a;2024-10-01T07:43:00Z;138.18;138.06;138.26;138.05;16844;
962e2a95-02a9-4171-abd7-aa198dbe643a;2024-10-01T07:44:00Z;138.05;137.75;138.1;137.7;32428;
962e2a95-02a9-4171-abd7-aa198dbe643a;2024-10-01T07:45:00Z;137.75;138.13;138.47;137.75;30433;
962e2a95-02a9-4171-abd7-aa198dbe643a;2024-10-01T07:46:00Z;138.12;138.12;138.19;138.01;14281;
962e2a95-02a9-4171-abd7-aa198dbe643a;2024-10-01T07:47:00Z;138.11;137.95;138.17;137.9;10340;
962e2a95-02a9-4171-abd7-aa198dbe643a;2024-10-01T07:48:00Z;137.94;137.92;138.08;137.88;10829;
962e2a95-02a9-4171-abd7-aa198dbe643a;2024-10-01T07:49:00Z;137.94;138.05;138.05;137.84;20037;
962e2a95-02a9-4171-abd7-aa198dbe643a;2024-10-01T07:50:00Z;138.05;138.1;138.19;138.02;11208;
962e2a95-02a9-4171-abd7-aa198dbe643a;2024-10-01T07:51:00Z;138.11;138;138.12;137.86;22058;
962e2a95-02a9-4171-abd7-aa198dbe643a;2024-10-01T07:52:00Z;138.01;137.98;138.11;137.96;13177;
962e2a95-02a9-4171-abd7-aa198dbe643a;2024-10-01T07:53:00Z;138;137.92;138.03;137.92;6093;
962e2a95-02a9-4171-abd7-aa198dbe643a;2024-10-01T07:54:00Z;137.95;138.03;138.1;137.9;9698;
962e2a95-02a9-4171-abd7-aa198dbe643a;2024-10-01T07:55:00Z;138.04;137.78;138.09;137.77;20780;
962e2a95-02a9-4171-abd7-aa198dbe643a;2024-10-01T07:56:00Z;137.77;137.72;137.83;137.3;83435;
962e2a95-02a9-4171-abd7-aa198dbe643a;2024-10-01T07:57:00Z;137.69;137.51;137.72;137.51;16982;
962e2a95-02a9-4171-abd7-aa198dbe643a;2024-10-01T07:58:00Z;137.53;137.36;137.54;137.3;34996;
962e2a95-02a9-4171-abd7-aa198dbe643a;2024-10-01T07:59:00Z;137.39;137.36;137.41;137.35;16148;
962e2a95-02a9-4171-abd7-aa198dbe643a;2024-10-01T08:00:00Z;137.36;137.59;137.75;137.32;36408;
962e2a95-02a9-4171-abd7-aa198dbe643a;2024-10-01T08:01:00Z;137.65;137.7;137.83;137.64;14854;
962e2a95-02a9-4171-abd7-aa198dbe643a;2024-10-01T08:02:00Z;137.7;137.6;137.75;137.6;10224;
962e2a95-02a9-4171-abd7-aa198dbe643a;2024-10-01T08:03:00Z;137.59;137.47;137.6;137.47;9605;
962e2a95-02a9-4171-abd7-aa198dbe643a;2024-10-01T08:04:00Z;137.47;137.53;137.53;137.41;11819;
962e2a95-02a9-4171-abd7-aa198dbe643a;2024-10-01T08:05:00Z;137.5;137.45;137.53;137.31;21118;
962e2a95-02a9-4171-abd7-aa198dbe643a;2024-10-01T08:06:00Z;137.43;137.07;137.49;137.07;40015;
962e2a95-02a9-4171-abd7-aa198dbe643a;2024-10-01T08:07:00Z;137.09;136.98;137.31;136.87;122418;
962e2a95-02a9-4171-abd7-aa198dbe643a;2024-10-01T08:08:00Z;136.98;137.2;137.24;136.94;38901;
962e2a95-02a9-4171-abd7-aa198dbe643a;2024-10-01T08:09:00Z;137.2;137.08;137.28;137.06;26271;
962e2a95-02a9-4171-abd7-aa198dbe643a;2024-10-01T08:10:00Z;137.08;137.29;137.3;137.08;23454;
962e2a95-02a9-4171-abd7-aa198dbe643a;2024-10-01T08:11:00Z;137.3;137.39;137.43;137.3;16536;
962e2a95-02a9-4171-abd7-aa198dbe643a;2024-10-01T08:12:00Z;137.34;137.39;137.46;137.3;15491;
962e2a95-02a9-4171-abd7-aa198dbe643a;2024-10-01T08:13:00Z;137.39;137.36;137.4;137.27;18730;
962e2a95-02a9-4171-abd7-aa198dbe643a;2024-10-01T08:14:00Z;137.33;137.39;137.42;137.24;16522;
962e2a95-02a9-4171-abd7-aa198dbe643a;2024-10-01T08:15:00Z;137.4;137.42;137.46;137.34;8718;
962e2a95-02a9-4171-abd7-aa198dbe643a;2024-10-01T08:16:00Z;137.43;137.43;137.5;137.34;24255;
962e2a95-02a9-4171-abd7-aa198dbe643a;2024-10-01T08:17:00Z;137.43;137.68;137.77;137.42;28470;
962e2a95-02a9-4171-abd7-aa198dbe643a;2024-10-01T08:18:00Z;137.68;137.71;137.72;137.62;15302;
962e2a95-02a9-4171-abd7-aa198dbe643a;2024-10-01T08:19:00Z;137.7;137.58;137.71;137.51;14365;
962e2a95-02a9-4171-abd7-aa198dbe643a;2024-10-01T08:20:00Z;137.57;137.54;137.59;137.48;6047;
962e2a95-02a9-4171-abd7-aa198dbe643a;2024-10-01T08:21:00Z;137.53;137.5;137.54;137.45;5926;
962e2a95-02a9-4171-abd7-aa198dbe643a;2024-10-01T08:22:00Z;137.54;137.53;137.57;137.45;6557;
962e2a95-02a9-4171-abd7-aa198dbe643a;2024-10-01T08:23:00Z;137.53;137.37;137.53;137.25;13308;
962e2a95-02a9-4171-abd7-aa198dbe643a;2024-10-01T08:24:00Z;137.37;137.32;137.43;137.31;4211;
962e2a95-02a9-4171-abd7-aa198dbe643a;2024-10-01T08:25:00Z;137.32;137.42;137.46;137.32;2435;
962e2a95-02a9-4171-abd7-aa198dbe643a;2024-10-01T08:26:00Z;137.44;137.43;137.5;137.41;5790;
962e2a95-02a9-4171-abd7-aa198dbe643a;2024-10-01T08:27:00Z;137.43;137.4;137.45;137.33;3628;
962e2a95-02a9-4171-abd7-aa198dbe643a;2024-10-01T08:28:00Z;137.42;137.42;137.48;137.4;5264;
962e2a95-02a9-4171-abd7-aa198dbe643a;2024-10-01T08:29:00Z;137.42;137.43;137.45;137.36;3126;
962e2a95-02a9-4171-abd7-aa198dbe643a;2024-10-01T08:30:00Z;137.43;137.39;137.45;137.34;4393;
962e2a95-02a9-4171-abd7-aa198dbe643a;2024-10-01T08:31:00Z;137.39;137.42;137.45;137.35;6591;
962e2a95-02a9-4171-abd7-aa198dbe643a;2024-10-01T08:32:00Z;137.38;137.25;137.5;137.25;16004;
962e2a95-02a9-4171-abd7-aa198dbe643a;2024-10-01T08:33:00Z;137.25;137.18;137.35;137.16;13681;
962e2a95-02a9-4171-abd7-aa198dbe643a;2024-10-01T08:34:00Z;137.2;137.28;137.3;137.13;8860;
962e2a95-02a9-4171-abd7-aa198dbe643a;2024-10-01T08:35:00Z;137.28;137.39;137.4;137.25;7261;
962e2a95-02a9-4171-abd7-aa198dbe643a;2024-10-01T08:36:00Z;137.39;137;137.39;137;31184;
962e2a95-02a9-4171-abd7-aa198dbe643a;2024-10-01T08:37:00Z;137.02;136.87;137.06;136.84;21944;
962e2a95-02a9-4171-abd7-aa198dbe643a;2024-10-01T08:38:00Z;136.86;136.93;137.01;136.84;23806;
962e2a95-02a9-4171-abd7-aa198dbe643a;2024-10-01T08:39:00Z;136.94;137.04;137.07;136.64;48491;
962e2a95-02a9-4171-abd7-aa198dbe643a;2024-10-01T08:40:00Z;137.04;137.13;137.13;136.92;15213;
962e2a95-02a9-4171-abd7-aa198dbe643a;2024-10-01T08:41:00Z;137.13;137.14;137.18;137;9381;
962e2a95-02a9-4171-abd7-aa198dbe643a;2024-10-01T08:42:00Z;137.14;137.18;137.19;137.14;3668;
962e2a95-02a9-4171-abd7-aa198dbe643a;2024-10-01T08:43:00Z;137.17;137.26;137.26;137.14;6736;
962e2a95-02a9-4171-abd7-aa198dbe643a;2024-10-01T08:44:00Z;137.25;137.07;137.26;137.05;11803;
962e2a95-02a9-4171-abd7-aa198dbe643a;2024-10-01T08:45:00Z;137.08;137.18;137.27;137.05;6012;
962e2a95-02a9-4171-abd7-aa198dbe643a;2024-10-01T08:46:00Z;137.17;137.21;137.27;137.12;11369;
962e2a95-02a9-4171-abd7-aa198dbe643a;2024-10-01T08:47:00Z;137.24;137.25;137.29;137.13;16061;
962e2a95-02a9-4171-abd7-aa198dbe643a;2024-10-01T08:48:00Z;137.25;137;137.26;137;22942;
962e2a95-02a9-4171-abd7-aa198dbe643a;2024-10-01T08:49:00Z;137.01;136.86;137.03;136.85;19069;
962e2a95-02a9-4171-abd7-aa198dbe643a;2024-10-01T08:50:00Z;136.9;136.81;136.91;136.81;13336;
962e2a95-02a9-4171-abd7-aa198dbe643a;2024-10-01T08:51:00Z;136.81;136.8;136.9;136.8;6868;
962e2a95-02a9-4171-abd7-aa198dbe643a;2024-10-01T08:52:00Z;136.8;136.59;136.81;136.5;42444;
962e2a95-02a9-4171-abd7-aa198dbe643a;2024-10-01T08:53:00Z;136.59;136.5;136.64;136.5;26682;
962e2a95-02a9-4171-abd7-aa198dbe643a;2024-10-01T08:54:00Z;136.5;136.55;136.76;136.5;9127;
962e2a95-02a9-4171-abd7-aa198dbe643a;2024-10-01T08:55:00Z;136.55;136.35;136.55;136.07;78156;
962e2a95-02a9-4171-abd7-aa198dbe643a;2024-10-01T08:56:00Z;136.35;136.34;136.43;136.31;11340;
962e2a95-02a9-4171-abd7-aa198dbe643a;2024-10-01T08:57:00Z;136.35;136.46;136.56;136.3;19815;
962e2a95-02a9-4171-abd7-aa198dbe643a;2024-10-01T08:58:00Z;136.46;136.5;136.54;136.39;4686;
962e2a95-02a9-4171-abd7-aa198dbe643a;2024-10-01T08:59:00Z;136.48;136.54;136.56;136.4;10834;
962e2a95-02a9-4171-abd7-aa198dbe643a;2024-10-01T09:00:00Z;136.53;136.31;136.53;136.3;12060;
962e2a95-02a9-4171-abd7-aa198dbe643a;2024-10-01T09:01:00Z;136.31;136.14;136.37;136.12;18846;
962e2a95-02a9-4171-abd7-aa198dbe643a;2024-10-01T09:02:00Z;136.13;136.07;136.15;136.06;34185;
962e2a95-02a9-4171-abd7-aa198dbe643a;2024-10-01T09:03:00Z;136.07;136.05;136.11;135.8;78752;
962e2a95-02a9-4171-abd7-aa198dbe643a;2024-10-01T09:04:00Z;136.07;136.01;136.13;135.85;33532;
962e2a95-02a9-4171-abd7-aa198dbe643a;2024-10-01T09:05:00Z;136.05;136.14;136.2;136.04;14788;
962e2a95-02a9-4171-abd7-aa198dbe643a;2024-10-01T09:06:00Z;136.15;136.38;136.47;136.12;22253;
962e2a95-02a9-4171-abd7-aa198dbe643a;2024-10-01T09:07:00Z;136.37;136.32;136.39;136.32;14478;
962e2a95-02a9-4171-abd7-aa198dbe643a;2024-10-01T09:08:00Z;136.33;136.09;136.35;136.04;12931;
962e2a95-02a9-4171-abd7-aa198dbe643a;2024-10-01T09:09:00Z;136.09;136.05;136.13;135.97;18367;
962e2a95-02a9-4171-abd7-aa198dbe643a;2024-10-01T09:10:00Z;136.05;135.87;136.05;135.87;23477;
962e2a95-02a9-4171-abd7-aa198dbe643a;2024-10-01T09:11:00Z;135.88;135.71;135.88;135.64;24163;
962e2a95-02a9-4171-abd7-aa198dbe643a;2024-10-01T09:12:00Z;135.72;135.9;135.94;135.72;18987;
962e2a95-02a9-4171-abd7-aa198dbe643a;2024-10-01T09:13:00Z;135.91;136.06;136.09;135.8;14664;
962e2a95-02a9-4171-abd7-aa198dbe643a;2024-10-01T09:14:00Z;136.04;136.4;136.45;136.02;27611;
962e2a95-02a9-4171-abd7-aa198dbe643a;2024-10-01T09:15:00Z;136.4;136.73;136.74;136.24;44589;
962e2a95-02a9-4171-abd7-aa198dbe643a;2024-10-01T09:16:00Z;136.73;136.83;137.13;136.7;64478;
962e2a95-02a9-4171-abd7-aa198dbe643a;2024-10-01T09:17:00Z;136.83;136.79;136.85;136.58;24177;
962e2a95-02a9-4171-abd7-aa198dbe643a;2024-10-01T09:18:00Z;136.76;136.74;136.84;136.7;31691;
962e2a95-02a9-4171-abd7-aa198dbe643a;2024-10-01T09:19:00Z;136.75;136.67;136.82;136.67;14062;
962e2a95-02a9-4171-abd7-aa198dbe643a;2024-10-01T09:20:00Z;136.69;136.59;136.69;136.37;12443;
962e2a95-02a9-4171-abd7-aa198dbe643a;2024-10-01T09:21:00Z;136.59;136.42;136.59;136.42;4067;
962e2a95-02a9-4171-abd7-aa198dbe643a;2024-10-01T09:22:00Z;136.45;136.4;136.6;136.4;11310;
962e2a95-02a9-4171-abd7-aa198dbe643a;2024-10-01T09:23:00Z;136.38;136.49;136.49;136.35;6100;
962e2a95-02a9-4171-abd7-aa198dbe643a;2024-10-01T09:24:00Z;136.49;136.47;136.49;136.44;1755;
962e2a95-02a9-4171-abd7-aa198dbe643a;2024-10-01T09:25:00Z;136.46;136.36;136.46;136.36;3332;
962e2a95-02a9-4171-abd7-aa198dbe643a;2024-10-01T09:26:00Z;136.36;136.42;136.46;136.35;4005;
962e2a95-02a9-4171-abd7-aa198dbe643a;2024-10-01T09:27:00Z;136.46;136.37;136.49;136.36;11850;
962e2a95-02a9-4171-abd7-aa198dbe643a;2024-10-01T09:28:00Z;136.37;136.58;136.69;136.35;15188;
962e2a95-02a9-4171-abd7-aa198dbe643a;2024-10-01T09:29:00Z;136.59;136.68;136.69;136.5;11941;
962e2a95-02a9-4171-abd7-aa198dbe643a;2024-10-01T09:30:00Z;136.66;136.67;136.75;136.57;14600;
962e2a95-02a9-4171-abd7-aa198dbe643a;2024-10-01T09:31:00Z;136.66;136.82;136.85;136.66;17080;
962e2a95-02a9-4171-abd7-aa198dbe643a;2024-10-01T09:32:00Z;136.82;136.98;137;136.8;36263;
962e2a95-02a9-4171-abd7-aa198dbe643a;2024-10-01T09:33:00Z;136.96;136.71;137;136.7;9861;
962e2a95-02a9-4171-abd7-aa198dbe643a;2024-10-01T09:34:00Z;136.7;136.8;136.88;136.68;6361;
962e2a95-02a9-4171-abd7-aa198dbe643a;2024-10-01T09:35:00Z;136.82;136.75;136.87;136.71;4136;
962e2a95-02a9-4171-abd7-aa198dbe643a;2024-10-01T09:36:00Z;136.75;136.76;136.8;136.74;2301;
962e2a95-02a9-4171-abd7-aa198dbe643a;2024-10-01T09:37:00Z;136.77;136.85;136.87;136.75;8260;
962e2a95-02a9-4171-abd7-aa198dbe643a;2024-10-01T09:38:00Z;136.84;136.7;136.84;136.7;3150;
962e2a95-02a9-4171-abd7-aa198dbe643a;2024-10-01T09:39:00Z;136.71;136.57;136.72;136.57;7763;
962e2a95-02a9-4171-abd7-aa198dbe643a;2024-10-01T09:40:00Z;136.6;136.62;136.68;136.55;4944;
962e2a95-02a9-4171-abd7-aa198dbe643a;2024-10-01T09:41:00Z;136.6;136.79;136.84;136.56;7564;
962e2a95-02a9-4171-abd7-aa198dbe643a;2024-10-01T09:42:00Z;136.76;137.07;137.09;136.76;33303;
962e2a95-02a9-4171-abd7-aa198dbe643a;2024-10-01T09:43:00Z;137.06;137.33;137.37;137.03;43393;
962e2a95-02a9-4171-abd7-aa198dbe643a;2024-10-01T09:44:00Z;137.31;137.24;137.35;137.09;11005;
962e2a95-02a9-4171-abd7-aa198dbe643a;2024-10-01T09:45:00Z;137.23;137.14;137.23;137.08;9150;
962e2a95-02a9-4171-abd7-aa198dbe643a;2024-10-01T09:46:00Z;137.14;137.15;137.21;137.1;9420;
962e2a95-02a9-4171-abd7-aa198dbe643a;2024-10-01T09:47:00Z;137.15;137;137.15;137;6942;
962e2a95-02a9-4171-abd7-aa198dbe643a;2024-10-01T09:48:00Z;137.03;137.08;137.1;137;6212;
962e2a95-02a9-4171-abd7-aa198dbe643a;2024-10-01T09:49:00Z;137.06;137.24;137.29;137.05;10271;
962e2a95-02a9-4171-abd7-aa198dbe643a;2024-10-01T09:50:00Z;137.23;137.3;137.3;137.2;8265;
962e2a95-02a9-4171-abd7-aa198dbe643a;2024-10-01T09:51:00Z;137.29;137.34;137.34;137.28;7793;
962e2a95-02a9-4171-abd7-aa198dbe643a;2024-10-01T09:52:00Z;137.34;137.53;137.53;137.34;28661;
962e2a95-02a9-4171-abd7-aa198dbe643a;2024-10-01T09:53:00Z;137.54;137.46;137.55;137.38;18298;
962e2a95-02a9-4171-abd7-aa198dbe643a;2024-10-01T09:54:00Z;137.45;137.65;137.66;137.45;26587;
962e2a95-02a9-4171-abd7-aa198dbe643a;2024-10-01T09:55:00Z;137.64;137.51;137.64;137.45;11373;
962e2a95-02a9-4171-abd7-aa198dbe643a;2024-10-01T09:56:00Z;137.5;137.36;137.51;137.36;11705;
962e2a95-02a9-4171-abd7-aa198dbe643a;2024-10-01T09:57:00Z;137.36;137.42;137.5;137.36;2600;
962e2a95-02a9-4171-abd7-aa198dbe643a;2024-10-01T09:58:00Z;137.41;137.39;137.46;137.38;2416;
962e2a95-02a9-4171-abd7-aa198dbe643a;2024-10-01T09:59:00Z;137.38;137.34;137.47;137.32;9834;
962e2a95-02a9-4171-abd7-aa198dbe643a;2024-10-01T10:00:00Z;137.36;137.46;137.49;137.36;4987;
962e2a95-02a9-4171-abd7-aa198dbe643a;2024-10-01T10:01:00Z;137.46;137.46;137.49;137.45;5032;
962e2a95-02a9-4171-abd7-aa198dbe643a;2024-10-01T10:02:00Z;137.45;137.47;137.49;137.45;7510;
962e2a95-02a9-4171-abd7-aa198dbe643a;2024-10-01T10:03:00Z;137.47;137.4;137.55;137.4;29393;
962e2a95-02a9-4171-abd7-aa198dbe643a;2024-10-01T10:04:00Z;137.41;137.25;137.43;137.12;21940;
962e2a95-02a9-4171-abd7-aa198dbe643a;2024-10-01T10:05:00Z;137.27;137;137.28;137;23528;
962e2a95-02a9-4171-abd7-aa198dbe643a;2024-10-01T10:06:00Z;137.01;136.92;137.03;136.87;16324;
962e2a95-02a9-4171-abd7-aa198dbe643a;2024-10-01T10:07:00Z;136.92;136.86;137;136.86;7023;
962e2a95-02a9-4171-abd7-aa198dbe643a;2024-10-01T10:08:00Z;136.86;136.99;137;136.61;19010;
962e2a95-02a9-4171-abd7-aa198dbe643a;2024-10-01T10:09:00Z;136.98;137.03;137.15;136.86;16719;
962e2a95-02a9-4171-abd7-aa198dbe643a;2024-10-01T10:10:00Z;137.02;137.16;137.22;136.86;12316;
962e2a95-02a9-4171-abd7-aa198dbe643a;2024-10-01T10:11:00Z;137.15;137.08;137.17;137.04;2671;
962e2a95-02a9-4171-abd7-aa198dbe643a;2024-10-01T10:12:00Z;137.08;137.14;137.14;137.05;2468;
962e2a95-02a9-4171-abd7-aa198dbe643a;2024-10-01T10:13:00Z;137.14;137.11;137.15;137.1;5013;
962e2a95-02a9-4171-abd7-aa198dbe643a;2024-10-01T10:14:00Z;137.11;137.17;137.18;137.06;4101;
962e2a95-02a9-4171-abd7-aa198dbe643a;2024-10-01T10:15:00Z;137.18;137.18;137.28;137.17;4089;
962e2a95-02a9-4171-abd7-aa198dbe643a;2024-10-01T10:16:00Z;137.19;137.56;137.79;137.19;37742;
962e2a95-02a9-4171-abd7-aa198dbe643a;2024-10-01T10:17:00Z;137.59;137.75;137.75;137.59;17758;
962e2a95-02a9-4171-abd7-aa198dbe643a;2024-10-01T10:18:00Z;137.75;137.75;137.93;137.74;21735;
962e2a95-02a9-4171-abd7-aa198dbe643a;2024-10-01T10:19:00Z;137.76;137.79;137.8;137.71;7390;
962e2a95-02a9-4171-abd7-aa198dbe643a;2024-10-01T10:20:00Z;137.79;137.81;137.9;137.78;9622;
962e2a95-02a9-4171-abd7-aa198dbe643a;2024-10-01T10:21:00Z;137.81;138.34;138.4;137.81;109126;
962e2a95-02a9-4171-abd7-aa198dbe643a;2024-10-01T10:22:00Z;138.33;138.25;138.33;138.11;16500;
962e2a95-02a9-4171-abd7-aa198dbe643a;2024-10-01T10:23:00Z;138.22;138.14;138.28;138.08;11357;
962e2a95-02a9-4171-abd7-aa198dbe643a;2024-10-01T10:24:00Z;138.1;137.76;138.15;137.6;53647;
962e2a95-02a9-4171-abd7-aa198dbe643a;2024-10-01T10:25:00Z;137.73;137.85;137.85;137.52;18469;
962e2a95-02a9-4171-abd7-aa198dbe643a;2024-10-01T10:26:00Z;137.82;137.97;137.97;137.66;6971;
962e2a95-02a9-4171-abd7-aa198dbe643a;2024-10-01T10:27:00Z;137.97;137.79;137.98;137.61;18887;
962e2a95-02a9-4171-abd7-aa198dbe643a;2024-10-01T10:28:00Z;137.77;137.76;137.98;137.7;14309;
962e2a95-02a9-4171-abd7-aa198dbe643a;2024-10-01T10:29:00Z;137.75;137.9;137.91;137.75;12670;
962e2a95-02a9-4171-abd7-aa198dbe643a;2024-10-01T10:30:00Z;137.9;138.01;138.01;137.8;32090;
962e2a95-02a9-4171-abd7-aa198dbe643a;2024-10-01T10:31:00Z;138.02;137.91;138.23;137.86;20433;
962e2a95-02a9-4171-abd7-aa198dbe643a;2024-10-01T10:32:00Z;137.9;137.72;137.91;137.7;10951;
962e2a95-02a9-4171-abd7-aa198dbe643a;2024-10-01T10:33:00Z;137.73;137.79;137.8;137.65;10591;
962e2a95-02a9-4171-abd7-aa198dbe643a;2024-10-01T10:34:00Z;137.78;137.78;137.83;137.76;2682;
962e2a95-02a9-4171-abd7-aa198dbe643a;2024-10-01T10:35:00Z;137.79;137.78;137.81;137.74;5346;
962e2a95-02a9-4171-abd7-aa198dbe643a;2024-10-01T10:36:00Z;137.78;137.73;137.78;137.7;6621;
962e2a95-02a9-4171-abd7-aa198dbe643a;2024-10-01T10:37:00Z;137.71;137.48;137.76;137.37;36813;
962e2a95-02a9-4171-abd7-aa198dbe643a;2024-10-01T10:38:00Z;137.47;137.46;137.9;137.44;21909;
962e2a95-02a9-4171-abd7-aa198dbe643a;2024-10-01T10:39:00Z;137.47;137.59;137.64;137.43;12121;
962e2a95-02a9-4171-abd7-aa198dbe643a;2024-10-01T10:40:00Z;137.56;137.7;137.9;137.51;8754;
962e2a95-02a9-4171-abd7-aa198dbe643a;2024-10-01T10:41:00Z;137.71;137.52;137.72;137.52;9375;
962e2a95-02a9-4171-abd7-aa198dbe643a;2024-10-01T10:42:00Z;137.52;137.52;137.61;137.51;2430;
962e2a95-02a9-4171-abd7-aa198dbe643a;2024-10-01T10:43:00Z;137.52;137.81;137.83;137.52;6755;
962e2a95-02a9-4171-abd7-aa198dbe643a;2024-10-01T10:44:00Z;137.76;137.64;137.77;137.62;2736;
962e2a95-02a9-4171-abd7-aa198dbe643a;2024-10-01T10:45:00Z;137.67;137.62;137.7;137.62;1701;
962e2a95-02a9-4171-abd7-aa198dbe643a;2024-10-01T10:46:00Z;137.63;137.62;137.64;137.62;2520;
962e2a95-02a9-4171-abd7-aa198dbe643a;2024-10-01T10:47:00Z;137.63;137.46;137.63;137.35;8962;
962e2a95-02a9-4171-abd7-aa198dbe643a;2024-10-01T10:48:00Z;137.45;137.33;137.49;137.32;4741;
962e2a95-02a9-4171-abd7-aa198dbe643a;2024-10-01T10:49:00Z;137.32;137.3;137.32;137.27;2461;
962e2a95-02a9-4171-abd7-aa198dbe643a;2024-10-01T10:50:00Z;137.29;137.14;137.32;136.89;24976;
962e2a95-02a9-4171-abd7-aa198dbe643a;2024-10-01T10:51:00Z;137.15;137.08;137.2;137.08;7752;
962e2a95-02a9-4171-abd7-aa198dbe643a;2024-10-01T10:52:00Z;137.09;137.23;137.23;137.09;7586;
962e2a95-02a9-4171-abd7-aa198dbe643a;2024-10-01T10:53:00Z;137.24;137.52;137.6;137.24;30115;
962e2a95-02a9-4171-abd7-aa198dbe643a;2024-10-01T10:54:00Z;137.46;137.43;137.48;137.33;4124;
962e2a95-02a9-4171-abd7-aa198dbe643a;2024-10-01T10:55:00Z;137.43;137.35;137.46;137.32;1964;
962e2a95-02a9-4171-abd7-aa198dbe643a;2024-10-01T10:56:00Z;137.36;137.68;137.71;137.36;18505;
962e2a95-02a9-4171-abd7-aa198dbe643a;2024-10-01T10:57:00Z;137.7;137.74;137.9;137.68;9943;
962e2a95-02a9-4171-abd7-aa198dbe643a;2024-10-01T10:58:00Z;137.73;137.77;137.88;137.69;13262;
962e2a95-02a9-4171-abd7-aa198dbe643a;2024-10-01T10:59:00Z;137.79;137.75;137.81;137.75;2054;
962e2a95-02a9-4171-abd7-aa198dbe643a;2024-10-01T11:00:00Z;137.76;137.82;137.85;137.76;1406;
962e2a95-02a9-4171-abd7-aa198dbe643a;2024-10-01T11:01:00Z;137.8;138.01;138.03;137.8;10532;
962e2a95-02a9-4171-abd7-aa198dbe643a;2024-10-01T11:02:00Z;138.01;138.01;138.04;138;1938;
962e2a95-02a9-4171-abd7-aa198dbe643a;2024-10-01T11:03:00Z;138.01;137.84;138.02;137.84;6643;
962e2a95-02a9-4171-abd7-aa198dbe643a;2024-10-01T11:04:00Z;137.84;138.03;138.05;137.81;4172;
962e2a95-02a9-4171-abd7-aa198dbe643a;2024-10-01T11:05:00Z;138;137.86;138.01;137.8;1839;
962e2a95-02a9-4171-abd7-aa198dbe643a;2024-10-01T11:06:00Z;137.85;137.74;137.86;137.74;3969;
962e2a95-02a9-4171-abd7-aa198dbe643a;2024-10-01T11:07:00Z;137.73;137.43;137.73;137.37;10684;
962e2a95-02a9-4171-abd7-aa198dbe643a;2024-10-01T11:08:00Z;137.47;137.26;137.49;137.21;16119;
962e2a95-02a9-4171-abd7-aa198dbe643a;2024-10-01T11:09:00Z;137.25;137.28;137.28;137.22;11081;
962e2a95-02a9-4171-abd7-aa198dbe643a;2024-10-01T11:10:00Z;137.28;137.41;137.41;137.27;8897;
962e2a95-02a9-4171-abd7-aa198dbe643a;2024-10-01T11:11:00Z;137.41;137.42;137.42;137.41;1342;
962e2a95-02a9-4171-abd7-aa198dbe643a;2024-10-01T11:12:00Z;137.41;137.42;137.42;137.3;3758;
962e2a95-02a9-4171-abd7-aa198dbe643a;2024-10-01T11:13:00Z;137.41;137.2;137.42;137.19;9641;
962e2a95-02a9-4171-abd7-aa198dbe643a;2024-10-01T11:14:00Z;137.2;137.3;137.33;137.2;1926;
962e2a95-02a9-4171-abd7-aa198dbe643a;2024-10-01T11:15:00Z;137.3;137.22;137.3;137.19;1331;
962e2a95-02a9-4171-abd7-aa198dbe643a;2024-10-01T11:16:00Z;137.23;137.08;137.23;137.06;4514;
962e2a95-02a9-4171-abd7-aa198dbe643a;2024-10-01T11:17:00Z;137.05;137.14;137.18;137.04;3451;
962e2a95-02a9-4171-abd7-aa198dbe643a;2024-10-01T11:18:00Z;137.14;137.03;137.17;137.02;7620;
962e2a95-02a9-4171-abd7-aa198dbe643a;2024-10-01T11:19:00Z;137.02;137.09;137.09;137.01;3557;
962e2a95-02a9-4171-abd7-aa198dbe643a;2024-10-01T11:20:00Z;137.09;137.26;137.34;137.09;5163;
962e2a95-02a9-4171-abd7-aa198dbe643a;2024-10-01T11:21:00Z;137.27;137.24;137.3;137.22;1350;
962e2a95-02a9-4171-abd7-aa198dbe643a;2024-10-01T11:22:00Z;137.23;137.18;137.23;137.15;2056;
962e2a95-02a9-4171-abd7-aa198dbe643a;2024-10-01T11:23:00Z;137.17;137.25;137.25;137.17;970;
962e2a95-02a9-4171-abd7-aa198dbe643a;2024-10-01T11:24:00Z;137.23;137.63;137.69;137.23;18928;
962e2a95-02a9-4171-abd7-aa198dbe643a;2024-10-01T11:25:00Z;137.61;136.8;137.62;136.57;82133;
962e2a95-02a9-4171-abd7-aa198dbe643a;2024-10-01T11:26:00Z;136.79;136.63;137;136.62;44338;
962e2a95-02a9-4171-abd7-aa198dbe643a;2024-10-01T11:27:00Z;136.64;136.19;136.71;135.98;235558;
962e2a95-02a9-4171-abd7-aa198dbe643a;2024-10-01T11:28:00Z;136.23;136.5;136.53;136.16;22414;
962e2a95-02a9-4171-abd7-aa198dbe643a;2024-10-01T11:29:00Z;136.52;136.26;136.54;136.1;38002;
962e2a95-02a9-4171-abd7-aa198dbe643a;2024-10-01T11:30:00Z;136.29;135.9;136.34;135.6;119243;
962e2a95-02a9-4171-abd7-aa198dbe643a;2024-10-01T11:31:00Z;135.89;135.97;136.03;135.77;23978;
962e2a95-02a9-4171-abd7-aa198dbe643a;2024-10-01T11:32:00Z;135.96;136.15;136.27;135.77;84432;
962e2a95-02a9-4171-abd7-aa198dbe643a;2024-10-01T11:33:00Z;136.15;136.2;136.28;136.03;42502;
962e2a95-02a9-4171-abd7-aa198dbe643a;2024-10-01T11:34:00Z;136.2;136.36;136.36;136.2;17512;
962e2a95-02a9-4171-abd7-aa198dbe643a;2024-10-01T11:35:00Z;136.35;136.05;136.36;135.98;23642;
962e2a95-02a9-4171-abd7-aa198dbe643a;2024-10-01T11:36:00Z;136.05;136.15;136.2;135.98;16678;
962e2a95-02a9-4171-abd7-aa198dbe643a;2024-10-01T11:37:00Z;136.19;136.13;136.26;136.1;6560;
962e2a95-02a9-4171-abd7-aa198dbe643a;2024-10-01T11:38:00Z;136.13;136.08;136.15;136.05;6816;
962e2a95-02a9-4171-abd7-aa198dbe643a;2024-10-01T11:39:00Z;136.08;136.2;136.25;136.08;9544;
962e2a95-02a9-4171-abd7-aa198dbe643a;2024-10-01T11:40:00Z;136.2;136.66;136.66;136.19;33747;
962e2a95-02a9-4171-abd7-aa198dbe643a;2024-10-01T11:41:00Z;136.62;136.43;136.62;136.41;14153;
962e2a95-02a9-4171-abd7-aa198dbe643a;2024-10-01T11:42:00Z;136.43;136.4;136.53;136.28;10790;
962e2a95-02a9-4171-abd7-aa198dbe643a;2024-10-01T11:43:00Z;136.4;136.37;136.4;136.33;2804;
962e2a95-02a9-4171-abd7-aa198dbe643a;2024-10-01T11:44:00Z;136.35;136.41;136.49;136.35;4904;
962e2a95-02a9-4171-abd7-aa198dbe643a;2024-10-01T11:45:00Z;136.42;136.64;136.68;136.42;12192;
962e2a95-02a9-4171-abd7-aa198dbe643a;2024-10-01T11:46:00Z;136.64;136.55;136.64;136.52;13627;
962e2a95-02a9-4171-abd7-aa198dbe643a;2024-10-01T11:47:00Z;136.54;136.63;136.68;136.52;17038;
962e2a95-02a9-4171-abd7-aa198dbe643a;2024-10-01T11:48:00Z;136.65;136.67;136.88;136.64;14492;
962e2a95-02a9-4171-abd7-aa198dbe643a;2024-10-01T11:49:00Z;136.67;136.66;136.72;136.56;8113;
962e2a95-02a9-4171-abd7-aa198dbe643a;2024-10-01T11:50:00Z;136.63;136.6;136.67;136.55;3617;
962e2a95-02a9-4171-abd7-aa198dbe643a;2024-10-01T11:51:00Z;136.6;136.56;136.6;136.42;11055;
962e2a95-02a9-4171-abd7-aa198dbe643a;2024-10-01T11:52:00Z;136.57;136.47;136.61;136.45;4833;
962e2a95-02a9-4171-abd7-aa198dbe643a;2024-10-01T11:53:00Z;136.46;136.76;136.88;136.44;34606;
962e2a95-02a9-4171-abd7-aa198dbe643a;2024-10-01T11:54:00Z;136.74;136.86;136.88;136.73;16309;
962e2a95-02a9-4171-abd7-aa198dbe643a;2024-10-01T11:55:00Z;136.87;137.04;137.16;136.84;33921;
962e2a95-02a9-4171-abd7-aa198dbe643a;2024-10-01T11:56:00Z;137.01;137.02;137.14;137;9335;
962e2a95-02a9-4171-abd7-aa198dbe643a;2024-10-01T11:57:00Z;137.03;137.16;137.2;137.01;8470;
962e2a95-02a9-4171-abd7-aa198dbe643a;2024-10-01T11:58:00Z;137.14;137.18;137.29;137.14;11758;
962e2a95-02a9-4171-abd7-aa198dbe643a;2024-10-01T11:59:00Z;137.19;137.03;137.19;136.84;8899;
962e2a95-02a9-4171-abd7-aa198dbe643a;2024-10-01T12:00:00Z;137.02;136.91;137.03;136.91;7045;
962e2a95-02a9-4171-abd7-aa198dbe643a;2024-10-01T12:01:00Z;136.91;136.76;136.92;136.76;6089;
962e2a95-02a9-4171-abd7-aa198dbe643a;2024-10-01T12:02:00Z;136.76;136.84;136.9;136.76;5054;
962e2a95-02a9-4171-abd7-aa198dbe643a;2024-10-01T12:03:00Z;136.83;136.92;136.92;136.82;3741;
962e2a95-02a9-4171-abd7-aa198dbe643a;2024-10-01T12:04:00Z;136.92;136.71;136.93;136.68;10349;
962e2a95-02a9-4171-abd7-aa198dbe643a;2024-10-01T12:05:00Z;136.7;136.81;136.83;136.69;8635;
962e2a95-02a9-4171-abd7-aa198dbe643a;2024-10-01T12:06:00Z;136.8;136.69;136.8;136.6;12182;
962e2a95-02a9-4171-abd7-aa198dbe643a;2024-10-01T12:07:00Z;136.69;136.6;136.7;136.5;12891;
962e2a95-02a9-4171-abd7-aa198dbe643a;2024-10-01T12:08:00Z;136.62;136.55;136.65;136.5;5077;
962e2a95-02a9-4171-abd7-aa198dbe643a;2024-10-01T12:09:00Z;136.57;136.55;136.59;136.38;4515;
962e2a95-02a9-4171-abd7-aa198dbe643a;2024-10-01T12:10:00Z;136.53;136.51;136.54;136.42;2870;
962e2a95-02a9-4171-abd7-aa198dbe643a;2024-10-01T12:11:00Z;136.51;136.5;136.55;136.5;2186;
962e2a95-02a9-4171-abd7-aa198dbe643a;2024-10-01T12:12:00Z;136.51;136.61;136.62;136.51;3922;
962e2a95-02a9-4171-abd7-aa198dbe643a;2024-10-01T12:13:00Z;136.62;136.63;136.7;136.56;4176;
962e2a95-02a9-4171-abd7-aa198dbe643a;2024-10-01T12:14:00Z;136.63;136.68;136.7;136.6;3296;
962e2a95-02a9-4171-abd7-aa198dbe643a;2024-10-01T12:15:00Z;136.67;136.67;136.7;136.6;6292;
962e2a95-02a9-4171-abd7-aa198dbe643a;2024-10-01T12:16:00Z;136.65;136.59;136.65;136.56;3333;
962e2a95-02a9-4171-abd7-aa198dbe643a;2024-10-01T12:17:00Z;136.56;136.55;136.58;136.53;2148;
962e2a95-02a9-4171-abd7-aa198dbe643a;2024-10-01T12:18:00Z;136.54;136.47;136.56;136.47;9343;
962e2a95-02a9-4171-abd7-aa198dbe643a;2024-10-01T12:19:00Z;136.47;136.3;136.47;136.3;10419;
962e2a95-02a9-4171-abd7-aa198dbe643a;2024-10-01T12:20:00Z;136.32;136.41;136.45;136.32;1767;
962e2a95-02a9-4171-abd7-aa198dbe643a;2024-10-01T12:21:00Z;136.41;136.3;136.44;136.3;3931;
962e2a95-02a9-4171-abd7-aa198dbe643a;2024-10-01T12:22:00Z;136.31;136.51;136.52;136.31;3823;
962e2a95-02a9-4171-abd7-aa198dbe643a;2024-10-01T12:23:00Z;136.49;136.53;136.61;136.47;5652;
962e2a95-02a9-4171-abd7-aa198dbe643a;2024-10-01T12:24:00Z;136.53;136.42;136.59;136.42;3671;
962e2a95-02a9-4171-abd7-aa198dbe643a;2024-10-01T12:25:00Z;136.44;136.58;136.6;136.44;1610;
962e2a95-02a9-4171-abd7-aa198dbe643a;2024-10-01T12:26:00Z;136.57;136.7;136.71;136.55;6062;
962e2a95-02a9-4171-abd7-aa198dbe643a;2024-10-01T12:27:00Z;136.7;136.48;136.71;136.39;12085;
962e2a95-02a9-4171-abd7-aa198dbe643a;2024-10-01T12:28:00Z;136.46;136.39;136.5;136.38;2758;
962e2a95-02a9-4171-abd7-aa198dbe643a;2024-10-01T12:29:00Z;136.38;136.26;136.39;136.25;8675;
962e2a95-02a9-4171-abd7-aa198dbe643a;2024-10-01T12:30:00Z;136.25;136.29;136.4;136.25;4355;
962e2a95-02a9-4171-abd7-aa198dbe643a;2024-10-01T12:31:00Z;136.28;136.36;136.36;136.27;2491;
962e2a95-02a9-4171-abd7-aa198dbe643a;2024-10-01T12:32:00Z;136.35;136.3;136.36;136.3;2119;
962e2a95-02a9-4171-abd7-aa198dbe643a;2024-10-01T12:33:00Z;136.3;136.37;136.39;136.29;5022;
962e2a95-02a9-4171-abd7-aa198dbe643a;2024-10-01T12:34:00Z;136.33;136.37;136.4;136.33;8238;
962e2a95-02a9-4171-abd7-aa198dbe643a;2024-10-01T12:35:00Z;136.38;136.22;136.39;136.22;4072;
962e2a95-02a9-4171-abd7-aa198dbe643a;2024-10-01T12:36:00Z;136.23;136.12;136.23;136.12;9475;
962e2a95-02a9-4171-abd7-aa198dbe643a;2024-10-01T12:37:00Z;136.12;136.2;136.23;136.12;10294;
962e2a95-02a9-4171-abd7-aa198dbe643a;2024-10-01T12:38:00Z;136.21;136.29;136.35;136.21;7871;
962e2a95-02a9-4171-abd7-aa198dbe643a;2024-10-01T12:39:00Z;136.3;136.24;136.34;136.22;5878;
962e2a95-02a9-4171-abd7-aa198dbe643a;2024-10-01T12:40:00Z;136.25;136.4;136.41;136.25;20250;
962e2a95-02a9-4171-abd7-aa198dbe643a;2024-10-01T12:41:00Z;136.41;136.45;136.45;136.37;5049;
962e2a95-02a9-4171-abd7-aa198dbe643a;2024-10-01T12:42:00Z;136.45;136.61;136.66;136.45;10802;
962e2a95-02a9-4171-abd7-aa198dbe643a;2024-10-01T12:43:00Z;136.61;136.58;136.63;136.51;8472;
962e2a95-02a9-4171-abd7-aa198dbe643a;2024-10-01T12:44:00Z;136.6;136.47;136.63;136.44;3557;
962e2a95-02a9-4171-abd7-aa198dbe643a;2024-10-01T12:45:00Z;136.47;136.43;136.52;136.41;2039;
962e2a95-02a9-4171-abd7-aa198dbe643a;2024-10-01T12:46:00Z;136.44;136.66;136.66;136.44;3779;
962e2a95-02a9-4171-abd7-aa198dbe643a;2024-10-01T12:47:00Z;136.67;136.46;136.68;136.43;4702;
962e2a95-02a9-4171-abd7-aa198dbe643a;2024-10-01T12:48:00Z;136.46;136.38;136.49;136.33;5458;
962e2a95-02a9-4171-abd7-aa198dbe643a;2024-10-01T12:49:00Z;136.37;136.46;136.52;136.35;2855;
962e2a95-02a9-4171-abd7-aa198dbe643a;2024-10-01T12:50:00Z;136.43;136.48;136.49;136.38;1275;
962e2a95-02a9-4171-abd7-aa198dbe643a;2024-10-01T12:51:00Z;136.48;136.52;136.59;136.48;4436;
962e2a95-02a9-4171-abd7-aa198dbe643a;2024-10-01T12:52:00Z;136.52;136.43;136.55;136.43;4510;
962e2a95-02a9-4171-abd7-aa198dbe643a;2024-10-01T12:53:00Z;136.43;136.26;136.43;136.23;7797;
962e2a95-02a9-4171-abd7-aa198dbe643a;2024-10-01T12:54:00Z;136.28;136.39;136.45;136.27;2849;
962e2a95-02a9-4171-abd7-aa198dbe643a;2024-10-01T12:55:00Z;136.38;136.36;136.4;136.31;2041;
962e2a95-02a9-4171-abd7-aa198dbe643a;2024-10-01T12:56:00Z;136.36;136.27;136.36;136.25;5541;
962e2a95-02a9-4171-abd7-aa198dbe643a;2024-10-01T12:57:00Z;136.25;136.28;136.28;136.21;4322;
962e2a95-02a9-4171-abd7-aa198dbe643a;2024-10-01T12:58:00Z;136.25;136.27;136.32;136.23;2234;
962e2a95-02a9-4171-abd7-aa198dbe643a;2024-10-01T12:59:00Z;136.26;136.32;136.32;136.22;3969;
962e2a95-02a9-4171-abd7-aa198dbe643a;2024-10-01T13:00:00Z;136.29;136.25;136.31;136.22;2464;
962e2a95-02a9-4171-abd7-aa198dbe643a;2024-10-01T13:01:00Z;136.25;136.23;136.29;136.22;1719;
962e2a95-02a9-4171-abd7-aa198dbe643a;2024-10-01T13:02:00Z;136.23;136.12;136.26;136.12;19744;
962e2a95-02a9-4171-abd7-aa198dbe643a;2024-10-01T13:03:00Z;136.12;136.19;136.2;136.12;6716;
962e2a95-02a9-4171-abd7-aa198dbe643a;2024-10-01T13:04:00Z;136.19;136.35;136.42;136.19;7058;
962e2a95-02a9-4171-abd7-aa198dbe643a;2024-10-01T13:05:00Z;136.39;136.36;136.42;136.33;3174;
962e2a95-02a9-4171-abd7-aa198dbe643a;2024-10-01T13:06:00Z;136.35;136.24;136.39;136.24;5321;
962e2a95-02a9-4171-abd7-aa198dbe643a;2024-10-01T13:07:00Z;136.24;136.22;136.24;136.21;8566;
962e2a95-02a9-4171-abd7-aa198dbe643a;2024-10-01T13:08:00Z;136.23;136.17;136.24;136.13;5402;
962e2a95-02a9-4171-abd7-aa198dbe643a;2024-10-01T13:09:00Z;136.13;136.02;136.13;136.02;8661;
962e2a95-02a9-4171-abd7-aa198dbe643a;2024-10-01T13:10:00Z;136.03;136;136.03;136;21075;
962e2a95-02a9-4171-abd7-aa198dbe643a;2024-10-01T13:11:00Z;136;135.84;136.01;135.75;29409;
962e2a95-02a9-4171-abd7-aa198dbe643a;2024-10-01T13:12:00Z;135.83;135.84;135.91;135.83;88639;
962e2a95-02a9-4171-abd7-aa198dbe643a;2024-10-01T13:13:00Z;135.84;135.98;136;135.84;5577;
962e2a95-02a9-4171-abd7-aa198dbe643a;2024-10-01T13:14:00Z;135.98;135.9;135.99;135.88;6505;
962e2a95-02a9-4171-abd7-aa198dbe643a;2024-10-01T13:15:00Z;135.9;136.1;136.1;135.89;14065;
962e2a95-02a9-4171-abd7-aa198dbe643a;2024-10-01T13:16:00Z;136.09;136.07;136.23;136;8465;
962e2a95-02a9-4171-abd7-aa198dbe643a;2024-10-01T13:17:00Z;136.1;136.02;136.1;136.02;4526;
962e2a95-02a9-4171-abd7-aa198dbe643a;2024-10-01T13:18:00Z;136.03;135.89;136.03;135.89;9323;
962e2a95-02a9-4171-abd7-aa198dbe643a;2024-10-01T13:19:00Z;135.89;135.56;135.9;135.56;41792;
962e2a95-02a9-4171-abd7-aa198dbe643a;2024-10-01T13:20:00Z;135.56;135.68;135.72;135.51;21763;
962e2a95-02a9-4171-abd7-aa198dbe643a;2024-10-01T13:21:00Z;135.68;135.72;135.74;135.66;8877;
962e2a95-02a9-4171-abd7-aa198dbe643a;2024-10-01T13:22:00Z;135.71;135.61;135.72;135.52;18397;
962e2a95-02a9-4171-abd7-aa198dbe643a;2024-10-01T13:23:00Z;135.62;135.55;135.67;135.55;28337;
962e2a95-02a9-4171-abd7-aa198dbe643a;2024-10-01T13:24:00Z;135.56;135.5;135.56;135.5;32277;
962e2a95-02a9-4171-abd7-aa198dbe643a;2024-10-01T13:25:00Z;135.5;134.95;135.51;134.88;169355;
962e2a95-02a9-4171-abd7-aa198dbe643a;2024-10-01T13:26:00Z;134.95;134.88;135.2;134.75;111628;
962e2a95-02a9-4171-abd7-aa198dbe643a;2024-10-01T13:27:00Z;134.88;135;135.01;134.79;50602;
962e2a95-02a9-4171-abd7-aa198dbe643a;2024-10-01T13:28:00Z;134.96;135.06;135.16;134.81;22973;
962e2a95-02a9-4171-abd7-aa198dbe643a;2024-10-01T13:29:00Z;135.07;135.51;135.69;135.04;82711;
962e2a95-02a9-4171-abd7-aa198dbe643a;2024-10-01T13:30:00Z;135.5;135.5;135.67;135.5;24198;
962e2a95-02a9-4171-abd7-aa198dbe643a;2024-10-01T13:31:00Z;135.53;135.45;135.63;135.4;10034;
962e2a95-02a9-4171-abd7-aa198dbe643a;2024-10-01T13:32:00Z;135.43;135.28;135.43;135.18;16601;
962e2a95-02a9-4171-abd7-aa198dbe643a;2024-10-01T13:33:00Z;135.29;135.36;135.37;135.13;8611;
962e2a95-02a9-4171-abd7-aa198dbe643a;2024-10-01T13:34:00Z;135.37;135.49;135.49;135.32;8738;
962e2a95-02a9-4171-abd7-aa198dbe643a;2024-10-01T13:35:00Z;135.49;135.81;135.82;135.49;21443;
962e2a95-02a9-4171-abd7-aa198dbe643a;2024-10-01T13:36:00Z;135.81;135.79;135.86;135.75;18173;
962e2a95-02a9-4171-abd7-aa198dbe643a;2024-10-01T13:37:00Z;135.79;136.1;136.13;135.79;29466;
962e2a95-02a9-4171-abd7-aa198dbe643a;2024-10-01T13:38:00Z;136.09;136.16;136.2;135.83;33428;
962e2a95-02a9-4171-abd7-aa198dbe643a;2024-10-01T13:39:00Z;136.18;135.93;136.22;135.92;9101;
962e2a95-02a9-4171-abd7-aa198dbe643a;2024-10-01T13:40:00Z;135.95;136.05;136.05;135.83;23272;
962e2a95-02a9-4171-abd7-aa198dbe643a;2024-10-01T13:41:00Z;136.02;136.1;136.1;136;3501;
962e2a95-02a9-4171-abd7-aa198dbe643a;2024-10-01T13:42:00Z;136.1;136.17;136.2;136.09;10639;
962e2a95-02a9-4171-abd7-aa198dbe643a;2024-10-01T13:43:00Z;136.19;135.9;136.19;135.89;22914;
962e2a95-02a9-4171-abd7-aa198dbe643a;2024-10-01T13:44:00Z;135.9;136.04;136.17;135.9;8445;
962e2a95-02a9-4171-abd7-aa198dbe643a;2024-10-01T13:45:00Z;136.12;136.08;136.12;135.98;6462;
962e2a95-02a9-4171-abd7-aa198dbe643a;2024-10-01T13:46:00Z;136.07;136.01;136.09;135.98;5795;
962e2a95-02a9-4171-abd7-aa198dbe643a;2024-10-01T13:47:00Z;136.01;135.89;136.02;135.88;4932;
962e2a95-02a9-4171-abd7-aa198dbe643a;2024-10-01T13:48:00Z;135.88;135.73;135.88;135.71;26672;
962e2a95-02a9-4171-abd7-aa198dbe643a;2024-10-01T13:49:00Z;135.73;135.76;135.77;135.71;9832;
962e2a95-02a9-4171-abd7-aa198dbe643a;2024-10-01T13:50:00Z;135.77;135.92;136;135.77;12607;
962e2a95-02a9-4171-abd7-aa198dbe643a;2024-10-01T13:51:00Z;135.91;136.02;136.05;135.86;8103;
962e2a95-02a9-4171-abd7-aa198dbe643a;2024-10-01T13:52:00Z;136.01;136.12;136.14;136;4575;
962e2a95-02a9-4171-abd7-aa198dbe643a;2024-10-01T13:53:00Z;136.12;136.13;136.15;136;16542;
962e2a95-02a9-4171-abd7-aa198dbe643a;2024-10-01T13:54:00Z;136.13;136.42;136.45;136.13;29653;
962e2a95-02a9-4171-abd7-aa198dbe643a;2024-10-01T13:55:00Z;136.43;136.23;136.45;136.22;24395;
962e2a95-02a9-4171-abd7-aa198dbe643a;2024-10-01T13:56:00Z;136.24;136.31;136.31;136.18;4731;
962e2a95-02a9-4171-abd7-aa198dbe643a;2024-10-01T13:57:00Z;136.31;136.22;136.31;136.22;3870;
962e2a95-02a9-4171-abd7-aa198dbe643a;2024-10-01T13:58:00Z;136.22;136.16;136.27;136.16;10524;
962e2a95-02a9-4171-abd7-aa198dbe643a;2024-10-01T13:59:00Z;136.17;136.2;136.3;136.13;4753;
962e2a95-02a9-4171-abd7-aa198dbe643a;2024-10-01T14:00:00Z;136.17;136.09;136.25;136.09;8758;
962e2a95-02a9-4171-abd7-aa198dbe643a;2024-10-01T14:01:00Z;136.09;136.1;136.15;136.06;2324;
962e2a95-02a9-4171-abd7-aa198dbe643a;2024-10-01T14:02:00Z;136.12;136.28;136.3;136.11;8197;
962e2a95-02a9-4171-abd7-aa198dbe643a;2024-10-01T14:03:00Z;136.29;136.28;136.29;136.19;4301;
962e2a95-02a9-4171-abd7-aa198dbe643a;2024-10-01T14:04:00Z;136.28;136.29;136.3;136.27;2677;
962e2a95-02a9-4171-abd7-aa198dbe643a;2024-10-01T14:05:00Z;136.28;136.36;136.39;136.28;5904;
962e2a95-02a9-4171-abd7-aa198dbe643a;2024-10-01T14:06:00Z;136.38;136.49;136.58;136.36;16607;
962e2a95-02a9-4171-abd7-aa198dbe643a;2024-10-01T14:07:00Z;136.5;136.66;136.67;136.5;15047;
962e2a95-02a9-4171-abd7-aa198dbe643a;2024-10-01T14:08:00Z;136.66;136.59;136.75;136.59;18025;
962e2a95-02a9-4171-abd7-aa198dbe643a;2024-10-01T14:09:00Z;136.6;136.38;136.6;136.35;10920;
962e2a95-02a9-4171-abd7-aa198dbe643a;2024-10-01T14:10:00Z;136.36;136.41;136.5;136.35;4849;
962e2a95-02a9-4171-abd7-aa198dbe643a;2024-10-01T14:11:00Z;136.41;136.48;136.53;136.37;5406;
962e2a95-02a9-4171-abd7-aa198dbe643a;2024-10-01T14:12:00Z;136.47;136.7;136.76;136.47;15793;
962e2a95-02a9-4171-abd7-aa198dbe643a;2024-10-01T14:13:00Z;136.7;136.47;136.7;136.45;15665;
962e2a95-02a9-4171-abd7-aa198dbe643a;2024-10-01T14:14:00Z;136.44;136.2;136.5;136.19;21732;
962e2a95-02a9-4171-abd7-aa198dbe643a;2024-10-01T14:15:00Z;136.21;136.26;136.29;136.14;5633;
962e2a95-02a9-4171-abd7-aa198dbe643a;2024-10-01T14:16:00Z;136.26;135.94;136.26;135.92;17157;
962e2a95-02a9-4171-abd7-aa198dbe643a;2024-10-01T14:17:00Z;135.94;135.92;136.02;135.91;7372;
962e2a95-02a9-4171-abd7-aa198dbe643a;2024-10-01T14:18:00Z;135.91;135.9;135.98;135.89;5887;
962e2a95-02a9-4171-abd7-aa198dbe643a;2024-10-01T14:19:00Z;135.91;135.94;135.95;135.86;5153;
962e2a95-02a9-4171-abd7-aa198dbe643a;2024-10-01T14:20:00Z;135.95;135.79;135.99;135.79;5471;
962e2a95-02a9-4171-abd7-aa198dbe643a;2024-10-01T14:21:00Z;135.81;135.83;135.88;135.8;2131;
962e2a95-02a9-4171-abd7-aa198dbe643a;2024-10-01T14:22:00Z;135.84;135.84;135.87;135.81;2552;
962e2a95-02a9-4171-abd7-aa198dbe643a;2024-10-01T14:23:00Z;135.85;136.08;136.08;135.83;7761;
962e2a95-02a9-4171-abd7-aa198dbe643a;2024-10-01T14:24:00Z;136.07;136.16;136.19;135.96;6491;
962e2a95-02a9-4171-abd7-aa198dbe643a;2024-10-01T14:25:00Z;136.16;136;136.2;136;6825;
962e2a95-02a9-4171-abd7-aa198dbe643a;2024-10-01T14:26:00Z;136.01;136;136.07;136;904;
962e2a95-02a9-4171-abd7-aa198dbe643a;2024-10-01T14:27:00Z;136.01;136.06;136.07;136;2016;
962e2a95-02a9-4171-abd7-aa198dbe643a;2024-10-01T14:28:00Z;136.06;135.96;136.16;135.92;11610;
962e2a95-02a9-4171-abd7-aa198dbe643a;2024-10-01T14:29:00Z;135.96;135.72;135.97;135.61;44411;
962e2a95-02a9-4171-abd7-aa198dbe643a;2024-10-01T14:30:00Z;135.74;135.8;135.81;135.72;3116;
962e2a95-02a9-4171-abd7-aa198dbe643a;2024-10-01T14:31:00Z;135.82;135.54;135.83;135.53;18171;
962e2a95-02a9-4171-abd7-aa198dbe643a;2024-10-01T14:32:00Z;135.53;135.61;135.68;135.5;8294;
962e2a95-02a9-4171-abd7-aa198dbe643a;2024-10-01T14:33:00Z;135.62;135.63;135.66;135.53;9128;
962e2a95-02a9-4171-abd7-aa198dbe643a;2024-10-01T14:34:00Z;135.62;135.73;135.77;135.55;6102;
962e2a95-02a9-4171-abd7-aa198dbe643a;2024-10-01T14:35:00Z;135.72;135.77;135.92;135.72;9718;
962e2a95-02a9-4171-abd7-aa198dbe643a;2024-10-01T14:36:00Z;135.77;135.75;135.98;135.73;18631;
962e2a95-02a9-4171-abd7-aa198dbe643a;2024-10-01T14:37:00Z;135.75;135.73;135.75;135.66;2771;
962e2a95-02a9-4171-abd7-aa198dbe643a;2024-10-01T14:38:00Z;135.74;135.69;135.84;135.69;4369;
962e2a95-02a9-4171-abd7-aa198dbe643a;2024-10-01T14:39:00Z;135.72;135.74;135.82;135.68;2129;
962e2a95-02a9-4171-abd7-aa198dbe643a;2024-10-01T14:40:00Z;135.74;135.57;135.83;135.5;12327;
962e2a95-02a9-4171-abd7-aa198dbe643a;2024-10-01T14:41:00Z;135.57;135.61;135.61;135.5;10108;
962e2a95-02a9-4171-abd7-aa198dbe643a;2024-10-01T14:42:00Z;135.6;135.55;135.62;135.41;16299;
962e2a95-02a9-4171-abd7-aa198dbe643a;2024-10-01T14:43:00Z;135.6;135.45;135.71;135.45;5054;
962e2a95-02a9-4171-abd7-aa198dbe643a;2024-10-01T14:44:00Z;135.46;135.28;135.46;135.24;22290;
962e2a95-02a9-4171-abd7-aa198dbe643a;2024-10-01T14:45:00Z;135.28;135.43;135.58;135.25;10861;
962e2a95-02a9-4171-abd7-aa198dbe643a;2024-10-01T14:46:00Z;135.49;135.56;135.59;135.37;9928;
962e2a95-02a9-4171-abd7-aa198dbe643a;2024-10-01T14:47:00Z;135.5;135.49;135.69;135.43;10276;
962e2a95-02a9-4171-abd7-aa198dbe643a;2024-10-01T14:48:00Z;135.5;135.53;135.68;135.49;4205;
962e2a95-02a9-4171-abd7-aa198dbe643a;2024-10-01T14:49:00Z;135.57;135.67;135.78;135.53;11308;
962e2a95-02a9-4171-abd7-aa198dbe643a;2024-10-01T14:50:00Z;135.69;135.57;135.69;135.51;6208;
962e2a95-02a9-4171-abd7-aa198dbe643a;2024-10-01T14:51:00Z;135.6;135.56;135.65;135.51;4505;
962e2a95-02a9-4171-abd7-aa198dbe643a;2024-10-01T14:52:00Z;135.55;135.65;135.68;135.55;2796;
962e2a95-02a9-4171-abd7-aa198dbe643a;2024-10-01T14:53:00Z;135.65;135.67;135.68;135.65;2337;
962e2a95-02a9-4171-abd7-aa198dbe643a;2024-10-01T14:54:00Z;135.68;135.65;135.74;135.65;3468;
962e2a95-02a9-4171-abd7-aa198dbe643a;2024-10-01T14:55:00Z;135.67;135.79;135.93;135.65;17187;
962e2a95-02a9-4171-abd7-aa198dbe643a;2024-10-01T14:56:00Z;135.79;135.87;135.94;135.77;8799;
962e2a95-02a9-4171-abd7-aa198dbe643a;2024-10-01T14:57:00Z;135.89;135.99;136;135.87;11269;
962e2a95-02a9-4171-abd7-aa198dbe643a;2024-10-01T14:58:00Z;135.95;135.94;136;135.89;15554;
962e2a95-02a9-4171-abd7-aa198dbe643a;2024-10-01T14:59:00Z;135.98;135.89;136;135.89;6735;
962e2a95-02a9-4171-abd7-aa198dbe643a;2024-10-01T15:00:00Z;135.9;135.95;135.96;135.82;7199;
962e2a95-02a9-4171-abd7-aa198dbe643a;2024-10-01T15:01:00Z;135.91;135.71;135.94;135.7;37234;
962e2a95-02a9-4171-abd7-aa198dbe643a;2024-10-01T15:02:00Z;135.72;135.84;135.91;135.7;8001;
962e2a95-02a9-4171-abd7-aa198dbe643a;2024-10-01T15:03:00Z;135.84;135.85;135.87;135.7;5173;
962e2a95-02a9-4171-abd7-aa198dbe643a;2024-10-01T15:04:00Z;135.85;135.63;135.85;135.63;10141;
962e2a95-02a9-4171-abd7-aa198dbe643a;2024-10-01T15:05:00Z;135.63;135.55;135.68;135.51;3105;
962e2a95-02a9-4171-abd7-aa198dbe643a;2024-10-01T15:06:00Z;135.56;135.41;135.57;135.25;22498;
962e2a95-02a9-4171-abd7-aa198dbe643a;2024-10-01T15:07:00Z;135.41;135.3;135.46;135.22;11680;
962e2a95-02a9-4171-abd7-aa198dbe643a;2024-10-01T15:08:00Z;135.34;135.16;135.37;135.12;23858;
962e2a95-02a9-4171-abd7-aa198dbe643a;2024-10-01T15:09:00Z;135.19;135.14;135.33;135.09;15734;
962e2a95-02a9-4171-abd7-aa198dbe643a;2024-10-01T15:10:00Z;135.12;135.18;135.2;135;29803;
962e2a95-02a9-4171-abd7-aa198dbe643a;2024-10-01T15:11:00Z;135.18;135.06;135.21;135.01;8156;
962e2a95-02a9-4171-abd7-aa198dbe643a;2024-10-01T15:12:00Z;135.05;135.13;135.18;135.01;9712;
962e2a95-02a9-4171-abd7-aa198dbe643a;2024-10-01T15:13:00Z;135.15;135.06;135.17;135.06;13402;
962e2a95-02a9-4171-abd7-aa198dbe643a;2024-10-01T15:14:00Z;135.06;135.06;135.08;135.06;6838;
962e2a95-02a9-4171-abd7-aa198dbe643a;2024-10-01T15:15:00Z;135.06;135.02;135.08;135;12039;
962e2a95-02a9-4171-abd7-aa198dbe643a;2024-10-01T15:16:00Z;135.02;135.05;135.1;135.02;8073;
962e2a95-02a9-4171-abd7-aa198dbe643a;2024-10-01T15:17:00Z;135.05;135.21;135.25;135.05;12889;
962e2a95-02a9-4171-abd7-aa198dbe643a;2024-10-01T15:18:00Z;135.17;135.14;135.27;135.1;11258;
962e2a95-02a9-4171-abd7-aa198dbe643a;2024-10-01T15:19:00Z;135.14;135.24;135.29;135.14;3400;
962e2a95-02a9-4171-abd7-aa198dbe643a;2024-10-01T15:20:00Z;135.26;135.27;135.46;135.26;13619;
962e2a95-02a9-4171-abd7-aa198dbe643a;2024-10-01T15:21:00Z;135.3;135.31;135.43;135.24;6721;
962e2a95-02a9-4171-abd7-aa198dbe643a;2024-10-01T15:22:00Z;135.31;135.32;135.37;135.3;1643;
962e2a95-02a9-4171-abd7-aa198dbe643a;2024-10-01T15:23:00Z;135.34;135.29;135.39;135.24;4410;
962e2a95-02a9-4171-abd7-aa198dbe643a;2024-10-01T15:24:00Z;135.28;135.13;135.28;135.13;14960;
962e2a95-02a9-4171-abd7-aa198dbe643a;2024-10-01T15:25:00Z;135.13;135.25;135.36;135.11;17287;
962e2a95-02a9-4171-abd7-aa198dbe643a;2024-10-01T15:26:00Z;135.27;135.34;135.44;135.21;17940;
962e2a95-02a9-4171-abd7-aa198dbe643a;2024-10-01T15:27:00Z;135.31;135.12;135.37;135.12;9728;
962e2a95-02a9-4171-abd7-aa198dbe643a;2024-10-01T15:28:00Z;135.13;135.13;135.15;135.1;9974;
962e2a95-02a9-4171-abd7-aa198dbe643a;2024-10-01T15:29:00Z;135.13;135.1;135.15;135.1;8696;
962e2a95-02a9-4171-abd7-aa198dbe643a;2024-10-01T15:30:00Z;135.11;135.09;135.12;135.05;9533;
962e2a95-02a9-4171-abd7-aa198dbe643a;2024-10-01T15:31:00Z;135.09;135.08;135.15;135.05;5547;
962e2a95-02a9-4171-abd7-aa198dbe643a;2024-10-01T15:32:00Z;135.08;135.05;135.15;135.05;5416;
962e2a95-02a9-4171-abd7-aa198dbe643a;2024-10-01T15:33:00Z;135.07;135.03;135.12;135.03;9650;
962e2a95-02a9-4171-abd7-aa198dbe643a;2024-10-01T15:34:00Z;135.05;134.92;135.08;134.91;32814;
962e2a95-02a9-4171-abd7-aa198dbe643a;2024-10-01T15:35:00Z;134.93;134.83;134.95;134.83;21354;
962e2a95-02a9-4171-abd7-aa198dbe643a;2024-10-01T15:36:00Z;134.84;134.95;134.99;134.83;10803;
962e2a95-02a9-4171-abd7-aa198dbe643a;2024-10-01T15:37:00Z;134.94;134.87;134.96;134.85;16969;
962e2a95-02a9-4171-abd7-aa198dbe643a;2024-10-01T15:38:00Z;134.87;134.85;134.97;134.84;13080;
962e2a95-02a9-4171-abd7-aa198dbe643a;2024-10-01T15:39:00Z;134.84;134.9;134.98;134.81;14717;
962e2a95-02a9-4171-abd7-aa198dbe643a;2024-10-01T15:45:00Z;134.9;134.9;134.9;134.9;3274;
962e2a95-02a9-4171-abd7-aa198dbe643a;2024-10-01T15:46:00Z;134.9;134.9;134.9;134.9;459;
962e2a95-02a9-4171-abd7-aa198dbe643a;2024-10-01T15:47:00Z;134.9;134.9;134.9;134.9;475;
962e2a95-02a9-4171-abd7-aa198dbe643a;2024-10-01T15:48:00Z;134.9;134.9;134.9;134.9;7695;
962e2a95-02a9-4171-abd7-aa198dbe643a;2024-10-01T15:49:00Z;134.9;134.9;134.9;134.9;550;
962e2a95-02a9-4171-abd7-aa198dbe643a;2024-10-01T16:04:00Z;134.9;134.9;134.9;134.9;1852;
962e2a95-02a9-4171-abd7-aa198dbe643a;2024-10-01T16:05:00Z;134.89;135;135;134.87;6165;
962e2a95-02a9-4171-abd7-aa198dbe643a;2024-10-01T16:06:00Z;134.99;135.05;135.05;134.99;5202;
962e2a95-02a9-4171-abd7-aa198dbe643a;2024-10-01T16:07:00Z;135.04;135.12;135.15;135.02;10972;
962e2a95-02a9-4171-abd7-aa198dbe643a;2024-10-01T16:08:00Z;135.15;135.13;135.15;135.12;6025;
962e2a95-02a9-4171-abd7-aa198dbe643a;2024-10-01T16:09:00Z;135.14;134.92;135.15;134.92;12399;
962e2a95-02a9-4171-abd7-aa198dbe643a;2024-10-01T16:10:00Z;134.97;135.01;135.06;134.9;4574;
962e2a95-02a9-4171-abd7-aa198dbe643a;2024-10-01T16:11:00Z;135;134.92;135;134.88;1182;
962e2a95-02a9-4171-abd7-aa198dbe643a;2024-10-01T16:12:00Z;134.92;134.87;134.92;134.86;6155;
962e2a95-02a9-4171-abd7-aa198dbe643a;2024-10-01T16:13:00Z;134.86;134.83;134.87;134.82;4163;
962e2a95-02a9-4171-abd7-aa198dbe643a;2024-10-01T16:14:00Z;134.83;134.68;134.84;134.67;32812;
962e2a95-02a9-4171-abd7-aa198dbe643a;2024-10-01T16:15:00Z;134.69;134.68;134.7;134.66;11940;
962e2a95-02a9-4171-abd7-aa198dbe643a;2024-10-01T16:16:00Z;134.67;134.6;134.68;134.6;13086;
962e2a95-02a9-4171-abd7-aa198dbe643a;2024-10-01T16:17:00Z;134.59;134.52;134.6;134.52;34969;
962e2a95-02a9-4171-abd7-aa198dbe643a;2024-10-01T16:18:00Z;134.53;134.54;134.56;134.5;20750;
962e2a95-02a9-4171-abd7-aa198dbe643a;2024-10-01T16:19:00Z;134.54;134.57;134.61;134.51;10097;
962e2a95-02a9-4171-abd7-aa198dbe643a;2024-10-01T16:20:00Z;134.64;134.88;134.9;134.61;10640;
962e2a95-02a9-4171-abd7-aa198dbe643a;2024-10-01T16:21:00Z;134.88;134.77;134.9;134.72;8363;
962e2a95-02a9-4171-abd7-aa198dbe643a;2024-10-01T16:22:00Z;134.77;134.81;134.84;134.73;2280;
962e2a95-02a9-4171-abd7-aa198dbe643a;2024-10-01T16:23:00Z;134.81;134.79;134.87;134.69;5590;
962e2a95-02a9-4171-abd7-aa198dbe643a;2024-10-01T16:24:00Z;134.79;134.85;134.86;134.79;1250;
962e2a95-02a9-4171-abd7-aa198dbe643a;2024-10-01T16:25:00Z;134.85;134.9;134.95;134.85;4506;
962e2a95-02a9-4171-abd7-aa198dbe643a;2024-10-01T16:26:00Z;134.93;134.77;134.93;134.77;1506;
962e2a95-02a9-4171-abd7-aa198dbe643a;2024-10-01T16:27:00Z;134.77;134.71;134.79;134.7;5420;
962e2a95-02a9-4171-abd7-aa198dbe643a;2024-10-01T16:28:00Z;134.74;134.74;134.77;134.7;3255;
962e2a95-02a9-4171-abd7-aa198dbe643a;2024-10-01T16:29:00Z;134.73;134.7;134.73;134.67;1373;
962e2a95-02a9-4171-abd7-aa198dbe643a;2024-10-01T16:30:00Z;134.7;134.54;134.71;134.49;19165;
962e2a95-02a9-4171-abd7-aa198dbe643a;2024-10-01T16:31:00Z;134.54;134.52;134.59;134.5;7355;
962e2a95-02a9-4171-abd7-aa198dbe643a;2024-10-01T16:32:00Z;134.5;134.52;134.52;134.44;8192;
962e2a95-02a9-4171-abd7-aa198dbe643a;2024-10-01T16:33:00Z;134.5;134.57;134.57;134.5;5286;
962e2a95-02a9-4171-abd7-aa198dbe643a;2024-10-01T16:34:00Z;134.58;134.66;134.69;134.57;1925;
962e2a95-02a9-4171-abd7-aa198dbe643a;2024-10-01T16:35:00Z;134.67;134.65;134.67;134.62;2550;
962e2a95-02a9-4171-abd7-aa198dbe643a;2024-10-01T16:36:00Z;134.66;134.67;134.76;134.65;6663;
962e2a95-02a9-4171-abd7-aa198dbe643a;2024-10-01T16:37:00Z;134.7;134.66;134.7;134.65;2657;
962e2a95-02a9-4171-abd7-aa198dbe643a;2024-10-01T16:38:00Z;134.65;134.73;134.78;134.65;11015;
962e2a95-02a9-4171-abd7-aa198dbe643a;2024-10-01T16:39:00Z;134.75;134.78;134.79;134.73;1875;
962e2a95-02a9-4171-abd7-aa198dbe643a;2024-10-01T16:40:00Z;134.78;134.73;134.79;134.66;5766;
962e2a95-02a9-4171-abd7-aa198dbe643a;2024-10-01T16:41:00Z;134.75;134.74;134.75;134.72;318;
962e2a95-02a9-4171-abd7-aa198dbe643a;2024-10-01T16:42:00Z;134.74;134.75;134.75;134.72;3870;
962e2a95-02a9-4171-abd7-aa198dbe643a;2024-10-01T16:43:00Z;134.75;134.76;134.77;134.73;2760;
962e2a95-02a9-4171-abd7-aa198dbe643a;2024-10-01T16:44:00Z;134.76;134.75;134.8;134.75;1471;
962e2a95-02a9-4171-abd7-aa198dbe643a;2024-10-01T16:45:00Z;134.77;134.83;134.84;134.76;9678;
962e2a95-02a9-4171-abd7-aa198dbe643a;2024-10-01T16:46:00Z;134.84;135.12;135.15;134.83;14376;
962e2a95-02a9-4171-abd7-aa198dbe643a;2024-10-01T16:47:00Z;135.13;135.11;135.14;135.1;6312;
962e2a95-02a9-4171-abd7-aa198dbe643a;2024-10-01T16:48:00Z;135.11;135.11;135.15;135.1;22544;
962e2a95-02a9-4171-abd7-aa198dbe643a;2024-10-01T16:49:00Z;135.11;135.11;135.23;135.1;21428;
962e2a95-02a9-4171-abd7-aa198dbe643a;2024-10-01T16:50:00Z;135.11;135.11;135.28;135.1;17612;
962e2a95-02a9-4171-abd7-aa198dbe643a;2024-10-01T16:51:00Z;135.1;135.13;135.25;135.1;12568;
962e2a95-02a9-4171-abd7-aa198dbe643a;2024-10-01T16:52:00Z;135.13;135.04;135.13;135.04;6212;
962e2a95-02a9-4171-abd7-aa198dbe643a;2024-10-01T16:53:00Z;135.04;134.94;135.05;134.94;19288;
962e2a95-02a9-4171-abd7-aa198dbe643a;2024-10-01T16:54:00Z;134.94;134.94;134.95;134.92;2673;
962e2a95-02a9-4171-abd7-aa198dbe643a;2024-10-01T16:55:00Z;134.94;134.88;134.94;134.88;2504;
962e2a95-02a9-4171-abd7-aa198dbe643a;2024-10-01T16:56:00Z;134.88;134.91;134.91;134.88;371;
962e2a95-02a9-4171-abd7-aa198dbe643a;2024-10-01T16:57:00Z;134.91;134.91;134.93;134.88;2437;
962e2a95-02a9-4171-abd7-aa198dbe643a;2024-10-01T16:58:00Z;134.93;134.95;134.99;134.91;1961;
962e2a95-02a9-4171-abd7-aa198dbe643a;2024-10-01T16:59:00Z;134.95;134.94;134.99;134.94;970;
962e2a95-02a9-4171-abd7-aa198dbe643a;2024-10-01T17:00:00Z;134.95;135.01;135.01;134.94;10494;
962e2a95-02a9-4171-abd7-aa198dbe643a;2024-10-01T17:01:00Z;135.03;135.04;135.14;134.99;7862;
962e2a95-02a9-4171-abd7-aa198dbe643a;2024-10-01T17:02:00Z;135.04;135.05;135.05;135.03;7114;
962e2a95-02a9-4171-abd7-aa198dbe643a;2024-10-01T17:03:00Z;135.04;135.23;135.23;135.03;19157;
962e2a95-02a9-4171-abd7-aa198dbe643a;2024-10-01T17:04:00Z;135.23;135.27;135.3;135.17;12702;
962e2a95-02a9-4171-abd7-aa198dbe643a;2024-10-01T17:05:00Z;135.27;135.24;135.3;135.16;10333;
962e2a95-02a9-4171-abd7-aa198dbe643a;2024-10-01T17:06:00Z;135.22;135.3;135.33;135.22;4517;
962e2a95-02a9-4171-abd7-aa198dbe643a;2024-10-01T17:07:00Z;135.31;135.34;135.44;135.3;24658;
962e2a95-02a9-4171-abd7-aa198dbe643a;2024-10-01T17:08:00Z;135.33;135.53;135.56;135.33;18097;
962e2a95-02a9-4171-abd7-aa198dbe643a;2024-10-01T17:09:00Z;135.53;135.72;135.77;135.49;27374;
962e2a95-02a9-4171-abd7-aa198dbe643a;2024-10-01T17:10:00Z;135.7;135.83;135.93;135.7;23075;
962e2a95-02a9-4171-abd7-aa198dbe643a;2024-10-01T17:11:00Z;135.79;135.89;135.95;135.79;13714;
962e2a95-02a9-4171-abd7-aa198dbe643a;2024-10-01T17:12:00Z;135.89;135.79;136.14;135.77;30057;
962e2a95-02a9-4171-abd7-aa198dbe643a;2024-10-01T17:13:00Z;135.77;135.63;135.77;135.6;9728;
962e2a95-02a9-4171-abd7-aa198dbe643a;2024-10-01T17:14:00Z;135.64;135.74;135.74;135.62;3958;
962e2a95-02a9-4171-abd7-aa198dbe643a;2024-10-01T17:15:00Z;135.7;135.7;135.82;135.69;7929;
962e2a95-02a9-4171-abd7-aa198dbe643a;2024-10-01T17:16:00Z;135.69;135.89;135.9;135.69;9052;
962e2a95-02a9-4171-abd7-aa198dbe643a;2024-10-01T17:17:00Z;135.85;135.79;135.93;135.7;16333;
962e2a95-02a9-4171-abd7-aa198dbe643a;2024-10-01T17:18:00Z;135.78;136.1;136.16;135.76;34862;
962e2a95-02a9-4171-abd7-aa198dbe643a;2024-10-01T17:19:00Z;136.08;135.77;136.08;135.77;9238;
962e2a95-02a9-4171-abd7-aa198dbe643a;2024-10-01T17:20:00Z;135.82;136.09;136.14;135.82;17559;
962e2a95-02a9-4171-abd7-aa198dbe643a;2024-10-01T17:21:00Z;136.09;136.1;136.1;136;6711;
962e2a95-02a9-4171-abd7-aa198dbe643a;2024-10-01T17:22:00Z;136.05;136.16;136.21;136;18300;
962e2a95-02a9-4171-abd7-aa198dbe643a;2024-10-01T17:23:00Z;136.15;135.74;136.17;135.7;10105;
962e2a95-02a9-4171-abd7-aa198dbe643a;2024-10-01T17:24:00Z;135.74;135.98;136.02;135.74;7764;
962e2a95-02a9-4171-abd7-aa198dbe643a;2024-10-01T17:25:00Z;135.98;135.76;135.98;135.76;3608;
962e2a95-02a9-4171-abd7-aa198dbe643a;2024-10-01T17:26:00Z;135.77;135.64;135.77;135.59;13847;
962e2a95-02a9-4171-abd7-aa198dbe643a;2024-10-01T17:27:00Z;135.63;135.65;135.66;135.63;2133;
962e2a95-02a9-4171-abd7-aa198dbe643a;2024-10-01T17:28:00Z;135.65;135.65;135.7;135.65;3009;
962e2a95-02a9-4171-abd7-aa198dbe643a;2024-10-01T17:29:00Z;135.67;135.4;135.69;135.4;9771;
962e2a95-02a9-4171-abd7-aa198dbe643a;2024-10-01T17:30:00Z;135.41;135.27;135.43;135.1;30650;
962e2a95-02a9-4171-abd7-aa198dbe643a;2024-10-01T17:31:00Z;135.26;135.5;135.5;135.26;6068;
962e2a95-02a9-4171-abd7-aa198dbe643a;2024-10-01T17:32:00Z;135.5;135.45;135.54;135.31;6004;
962e2a95-02a9-4171-abd7-aa198dbe643a;2024-10-01T17:33:00Z;135.45;135.35;135.5;135.35;4783;
962e2a95-02a9-4171-abd7-aa198dbe643a;2024-10-01T17:34:00Z;135.35;135.21;135.38;135.1;12131;
962e2a95-02a9-4171-abd7-aa198dbe643a;2024-10-01T17:35:00Z;135.17;135.33;135.35;135.16;613;
962e2a95-02a9-4171-abd7-aa198dbe643a;2024-10-01T17:36:00Z;135.33;135.5;135.62;135.33;6346;
962e2a95-02a9-4171-abd7-aa198dbe643a;2024-10-01T17:37:00Z;135.54;135.51;135.54;135.46;1786;
962e2a95-02a9-4171-abd7-aa198dbe643a;2024-10-01T17:38:00Z;135.52;135.51;135.52;135.48;608;
962e2a95-02a9-4171-abd7-aa198dbe643a;2024-10-01T17:39:00Z;135.5;135.47;135.52;135.47;3219;
962e2a95-02a9-4171-abd7-aa198dbe643a;2024-10-01T17:40:00Z;135.47;135.44;135.48;135.43;364;
962e2a95-02a9-4171-abd7-aa198dbe643a;2024-10-01T17:41:00Z;135.43;135.25;135.46;135.23;3632;
962e2a95-02a9-4171-abd7-aa198dbe643a;2024-10-01T17:42:00Z;135.25;135.31;135.36;135.25;516;
962e2a95-02a9-4171-abd7-aa198dbe643a;2024-10-01T17:43:00Z;135.31;135.37;135.41;135.31;1106;
962e2a95-02a9-4171-abd7-aa198dbe643a;2024-10-01T17:44:00Z;135.37;135.37;135.38;135.37;172;
962e2a95-02a9-4171-abd7-aa198dbe643a;2024-10-01T17:45:00Z;135.37;135.38;135.38;135.36;1246;
962e2a95-02a9-4171-abd7-aa198dbe643a;2024-10-01T17:46:00Z;135.37;135.35;135.37;135.35;2128;
962e2a95-02a9-4171-abd7-aa198dbe643a;2024-10-01T17:47:00Z;135.35;135.31;135.37;135.31;3437;
962e2a95-02a9-4171-abd7-aa198dbe643a;2024-10-01T17:48:00Z;135.3;135.32;135.34;135.25;2168;
962e2a95-02a9-4171-abd7-aa198dbe643a;2024-10-01T17:49:00Z;135.32;135.31;135.34;135.31;1780;
962e2a95-02a9-4171-abd7-aa198dbe643a;2024-10-01T17:50:00Z;135.31;135.25;135.32;135.25;1106;
962e2a95-02a9-4171-abd7-aa198dbe643a;2024-10-01T17:51:00Z;135.24;135.27;135.28;135.22;3402;
962e2a95-02a9-4171-abd7-aa198dbe643a;2024-10-01T17:52:00Z;135.27;135.51;135.55;135.27;16366;
962e2a95-02a9-4171-abd7-aa198dbe643a;2024-10-01T17:53:00Z;135.43;135.34;135.43;135.34;180;
962e2a95-02a9-4171-abd7-aa198dbe643a;2024-10-01T17:54:00Z;135.35;135.35;135.37;135.28;3352;
962e2a95-02a9-4171-abd7-aa198dbe643a;2024-10-01T17:55:00Z;135.35;135.36;135.37;135.35;356;
962e2a95-02a9-4171-abd7-aa198dbe643a;2024-10-01T17:56:00Z;135.35;135.27;135.35;135.21;6347;
962e2a95-02a9-4171-abd7-aa198dbe643a;2024-10-01T17:57:00Z;135.22;135.28;135.36;135.22;3969;
962e2a95-02a9-4171-abd7-aa198dbe643a;2024-10-01T17:58:00Z;135.27;135.3;135.35;135.24;3659;
962e2a95-02a9-4171-abd7-aa198dbe643a;2024-10-01T17:59:00Z;135.26;135.27;135.27;135.23;352;
962e2a95-02a9-4171-abd7-aa198dbe643a;2024-10-01T18:00:00Z;135.26;135.27;135.28;135.26;620;
962e2a95-02a9-4171-abd7-aa198dbe643a;2024-10-01T18:01:00Z;135.26;135.27;135.27;135.26;331;
962e2a95-02a9-4171-abd7-aa198dbe643a;2024-10-01T18:02:00Z;135.26;135.29;135.3;135.26;1507;
962e2a95-02a9-4171-abd7-aa198dbe643a;2024-10-01T18:03:00Z;135.3;135.35;135.35;135.3;69;
962e2a95-02a9-4171-abd7-aa198dbe643a;2024-10-01T18:04:00Z;135.35;135.35;135.37;135.34;231;
962e2a95-02a9-4171-abd7-aa198dbe643a;2024-10-01T18:05:00Z;135.36;135.38;135.39;135.35;1573;
962e2a95-02a9-4171-abd7-aa198dbe643a;2024-10-01T18:06:00Z;135.38;135.38;135.39;135.36;682;
962e2a95-02a9-4171-abd7-aa198dbe643a;2024-10-01T18:07:00Z;135.38;135.43;135.5;135.37;5652;
962e2a95-02a9-4171-abd7-aa198dbe643a;2024-10-01T18:08:00Z;135.43;135.37;135.43;135.36;1150;
962e2a95-02a9-4171-abd7-aa198dbe643a;2024-10-01T18:09:00Z;135.38;135.36;135.38;135.35;1829;
962e2a95-02a9-4171-abd7-aa198dbe643a;2024-10-01T18:10:00Z;135.36;135.37;135.39;135.35;509;
962e2a95-02a9-4171-abd7-aa198dbe643a;2024-10-01T18:11:00Z;135.37;135.39;135.39;135.36;237;
962e2a95-02a9-4171-abd7-aa198dbe643a;2024-10-01T18:12:00Z;135.36;135.35;135.37;135.35;1141;
962e2a95-02a9-4171-abd7-aa198dbe643a;2024-10-01T18:13:00Z;135.35;135.3;135.35;135.29;343;
962e2a95-02a9-4171-abd7-aa198dbe643a;2024-10-01T18:14:00Z;135.29;135.18;135.29;135.15;4747;
962e2a95-02a9-4171-abd7-aa198dbe643a;2024-10-01T18:15:00Z;135.18;135.08;135.2;135;5797;
962e2a95-02a9-4171-abd7-aa198dbe643a;2024-10-01T18:16:00Z;135.04;135.07;135.08;135;4443;
962e2a95-02a9-4171-abd7-aa198dbe643a;2024-10-01T18:17:00Z;135.02;135.04;135.07;135;3714;
962e2a95-02a9-4171-abd7-aa198dbe643a;2024-10-01T18:18:00Z;135.04;135;135.09;135;3712;
962e2a95-02a9-4171-abd7-aa198dbe643a;2024-10-01T18:19:00Z;134.99;135.03;135.04;134.98;1128;
962e2a95-02a9-4171-abd7-aa198dbe643a;2024-10-01T18:20:00Z;135.04;135.03;135.07;134.98;3270;
962e2a95-02a9-4171-abd7-aa198dbe643a;2024-10-01T18:21:00Z;135.02;134.98;135.03;134.98;909;
962e2a95-02a9-4171-abd7-aa198dbe643a;2024-10-01T18:22:00Z;134.99;134.98;135;134.98;386;
962e2a95-02a9-4171-abd7-aa198dbe643a;2024-10-01T18:23:00Z;134.99;134.98;134.99;134.97;1043;
962e2a95-02a9-4171-abd7-aa198dbe643a;2024-10-01T18:24:00Z;134.98;134.96;134.98;134.96;1058;
962e2a95-02a9-4171-abd7-aa198dbe643a;2024-10-01T18:25:00Z;134.95;134.72;134.95;134.65;16874;
962e2a95-02a9-4171-abd7-aa198dbe643a;2024-10-01T18:26:00Z;134.72;134.78;134.79;134.65;6460;
962e2a95-02a9-4171-abd7-aa198dbe643a;2024-10-01T18:27:00Z;134.78;134.78;134.8;134.7;13654;
962e2a95-02a9-4171-abd7-aa198dbe643a;2024-10-01T18:28:00Z;134.79;134.9;134.96;134.79;6364;
962e2a95-02a9-4171-abd7-aa198dbe643a;2024-10-01T18:29:00Z;134.89;134.86;134.89;134.8;3621;
962e2a95-02a9-4171-abd7-aa198dbe643a;2024-10-01T18:30:00Z;134.89;134.9;134.93;134.85;2408;
962e2a95-02a9-4171-abd7-aa198dbe643a;2024-10-01T18:31:00Z;134.93;134.93;134.98;134.93;1935;
962e2a95-02a9-4171-abd7-aa198dbe643a;2024-10-01T18:32:00Z;134.93;135;135;134.93;1220;
962e2a95-02a9-4171-abd7-aa198dbe643a;2024-10-01T18:33:00Z;135;134.97;135.01;134.97;4218;
962e2a95-02a9-4171-abd7-aa198dbe643a;2024-10-01T18:34:00Z;134.97;134.97;134.98;134.93;2861;
962e2a95-02a9-4171-abd7-aa198dbe643a;2024-10-01T18:35:00Z;134.95;134.94;134.98;134.91;1661;
962e2a95-02a9-4171-abd7-aa198dbe643a;2024-10-01T18:36:00Z;134.92;134.93;134.94;134.92;104;
962e2a95-02a9-4171-abd7-aa198dbe643a;2024-10-01T18:37:00Z;134.94;135.12;135.12;134.91;20551;
962e2a95-02a9-4171-abd7-aa198dbe643a;2024-10-01T18:38:00Z;135.12;135.69;135.74;135.12;32236;
962e2a95-02a9-4171-abd7-aa198dbe643a;2024-10-01T18:39:00Z;135.68;135.51;135.69;135.51;9737;
962e2a95-02a9-4171-abd7-aa198dbe643a;2024-10-01T18:40:00Z;135.52;135.51;135.54;135.5;9723;
962e2a95-02a9-4171-abd7-aa198dbe643a;2024-10-01T18:41:00Z;135.51;135.5;135.52;135.5;2516;
962e2a95-02a9-4171-abd7-aa198dbe643a;2024-10-01T18:42:00Z;135.51;135.36;135.57;135.27;16274;
962e2a95-02a9-4171-abd7-aa198dbe643a;2024-10-01T18:43:00Z;135.36;135.3;135.36;135.27;1313;
962e2a95-02a9-4171-abd7-aa198dbe643a;2024-10-01T18:44:00Z;135.34;135.55;135.55;135.34;5445;
962e2a95-02a9-4171-abd7-aa198dbe643a;2024-10-01T18:45:00Z;135.54;135.56;135.63;135.5;7246;
962e2a95-02a9-4171-abd7-aa198dbe643a;2024-10-01T18:46:00Z;135.56;135.59;135.63;135.5;6115;
962e2a95-02a9-4171-abd7-aa198dbe643a;2024-10-01T18:47:00Z;135.58;135.54;135.59;135.54;771;
962e2a95-02a9-4171-abd7-aa198dbe643a;2024-10-01T18:48:00Z;135.54;135.78;135.82;135.32;15878;
962e2a95-02a9-4171-abd7-aa198dbe643a;2024-10-01T18:49:00Z;135.76;135.8;135.82;135.51;18516;
962e2a95-02a9-4171-abd7-aa198dbe643a;2024-10-01T18:50:00Z;135.8;135.8;135.83;135.8;86646;
962e2a95-02a9-4171-abd7-aa198dbe643a;2024-10-01T18:51:00Z;135.8;135.71;135.8;135.61;12892;
962e2a95-02a9-4171-abd7-aa198dbe643a;2024-10-01T18:52:00Z;135.73;135.69;135.74;135.69;653;
962e2a95-02a9-4171-abd7-aa198dbe643a;2024-10-01T18:53:00Z;135.7;135.69;135.7;135.68;1203;
962e2a95-02a9-4171-abd7-aa198dbe643a;2024-10-01T18:54:00Z;135.67;135.66;135.68;135.66;614;
962e2a95-02a9-4171-abd7-aa198dbe643a;2024-10-01T18:55:00Z;135.67;135.77;135.78;135.66;2297;
962e2a95-02a9-4171-abd7-aa198dbe643a;2024-10-01T18:56:00Z;135.78;135.72;135.78;135.72;494;
962e2a95-02a9-4171-abd7-aa198dbe643a;2024-10-01T18:57:00Z;135.72;135.77;135.78;135.69;1767;
962e2a95-02a9-4171-abd7-aa198dbe643a;2024-10-01T18:58:00Z;135.78;135.77;135.78;135.71;3493;
962e2a95-02a9-4171-abd7-aa198dbe643a;2024-10-01T18:59:00Z;135.78;135.77;135.8;135.77;7053;
962e2a95-02a9-4171-abd7-aa198dbe643a;2024-10-01T19:00:00Z;135.77;135.78;135.78;135.77;562;
962e2a95-02a9-4171-abd7-aa198dbe643a;2024-10-01T19:01:00Z;135.77;135.78;135.78;135.77;397;
962e2a95-02a9-4171-abd7-aa198dbe643a;2024-10-01T19:02:00Z;135.78;135.91;135.93;135.77;6275;
962e2a95-02a9-4171-abd7-aa198dbe643a;2024-10-01T19:03:00Z;135.93;135.92;135.94;135.92;1203;
962e2a95-02a9-4171-abd7-aa198dbe643a;2024-10-01T19:04:00Z;135.92;135.93;135.94;135.92;2091;
962e2a95-02a9-4171-abd7-aa198dbe643a;2024-10-01T19:05:00Z;135.93;135.93;135.94;135.91;1023;
962e2a95-02a9-4171-abd7-aa198dbe643a;2024-10-01T19:06:00Z;135.94;135.85;135.95;135.85;1281;
962e2a95-02a9-4171-abd7-aa198dbe643a;2024-10-01T19:07:00Z;135.84;135.88;135.92;135.84;2256;
962e2a95-02a9-4171-abd7-aa198dbe643a;2024-10-01T19:08:00Z;135.89;135.76;135.89;135.76;2101;
962e2a95-02a9-4171-abd7-aa198dbe643a;2024-10-01T19:09:00Z;135.76;135.79;135.81;135.76;165;
962e2a95-02a9-4171-abd7-aa198dbe643a;2024-10-01T19:10:00Z;135.79;135.79;135.8;135.78;444;
962e2a95-02a9-4171-abd7-aa198dbe643a;2024-10-01T19:11:00Z;135.79;135.78;135.79;135.78;118;
962e2a95-02a9-4171-abd7-aa198dbe643a;2024-10-01T19:12:00Z;135.79;135.78;135.79;135.77;1296;
962e2a95-02a9-4171-abd7-aa198dbe643a;2024-10-01T19:13:00Z;135.76;135.72;135.76;135.72;819;
962e2a95-02a9-4171-abd7-aa198dbe643a;2024-10-01T19:14:00Z;135.73;135.74;135.74;135.72;604;
962e2a95-02a9-4171-abd7-aa198dbe643a;2024-10-01T19:15:00Z;135.74;135.73;135.74;135.73;119;
962e2a95-02a9-4171-abd7-aa198dbe643a;2024-10-01T19:16:00Z;135.73;135.73;135.73;135.7;339;
962e2a95-02a9-4171-abd7-aa198dbe643a;2024-10-01T19:17:00Z;135.73;135.73;135.73;135.71;923;
962e2a95-02a9-4171-abd7-aa198dbe643a;2024-10-01T19:18:00Z;135.74;135.79;135.79;135.74;1689;
962e2a95-02a9-4171-abd7-aa198dbe643a;2024-10-01T19:19:00Z;135.78;135.8;135.8;135.77;803;
962e2a95-02a9-4171-abd7-aa198dbe643a;2024-10-01T19:20:00Z;135.79;135.8;135.8;135.79;63;
962e2a95-02a9-4171-abd7-aa198dbe643a;2024-10-01T19:21:00Z;135.79;135.87;135.88;135.79;402;
962e2a95-02a9-4171-abd7-aa198dbe643a;2024-10-01T19:22:00Z;135.87;135.9;135.9;135.87;1579;
962e2a95-02a9-4171-abd7-aa198dbe643a;2024-10-01T19:23:00Z;135.9;135.91;135.91;135.89;2032;
962e2a95-02a9-4171-abd7-aa198dbe643a;2024-10-01T19:24:00Z;135.9;135.92;135.92;135.9;5398;
962e2a95-02a9-4171-abd7-aa198dbe643a;2024-10-01T19:25:00Z;135.91;135.98;135.98;135.91;2558;
962e2a95-02a9-4171-abd7-aa198dbe643a;2024-10-01T19:26:00Z;135.99;136.04;136.1;135.98;10878;
962e2a95-02a9-4171-abd7-aa198dbe643a;2024-10-01T19:27:00Z;136.07;135.92;136.07;135.9;3531;
962e2a95-02a9-4171-abd7-aa198dbe643a;2024-10-01T19:28:00Z;135.91;135.8;135.91;135.75;7356;
962e2a95-02a9-4171-abd7-aa198dbe643a;2024-10-01T19:29:00Z;135.8;135.8;135.84;135.77;1016;
962e2a95-02a9-4171-abd7-aa198dbe643a;2024-10-01T19:30:00Z;135.8;135.79;135.8;135.79;122;
962e2a95-02a9-4171-abd7-aa198dbe643a;2024-10-01T19:31:00Z;135.8;135.83;135.84;135.79;195;
962e2a95-02a9-4171-abd7-aa198dbe643a;2024-10-01T19:32:00Z;135.84;135.87;135.9;135.84;2570;
962e2a95-02a9-4171-abd7-aa198dbe643a;2024-10-01T19:33:00Z;135.82;135.8;135.82;135.8;827;
962e2a95-02a9-4171-abd7-aa198dbe643a;2024-10-01T19:34:00Z;135.8;135.87;135.87;135.8;284;
962e2a95-02a9-4171-abd7-aa198dbe643a;2024-10-01T19:35:00Z;135.88;135.88;135.88;135.87;280;
962e2a95-02a9-4171-abd7-aa198dbe643a;2024-10-01T19:36:00Z;135.88;135.86;135.89;135.86;342;
962e2a95-02a9-4171-abd7-aa198dbe643a;2024-10-01T19:37:00Z;135.86;135.89;135.94;135.86;786;
962e2a95-02a9-4171-abd7-aa198dbe643a;2024-10-01T19:38:00Z;135.92;135.88;135.92;135.88;1442;
962e2a95-02a9-4171-abd7-aa198dbe643a;2024-10-01T19:39:00Z;135.88;135.86;135.88;135.86;745;
962e2a95-02a9-4171-abd7-aa198dbe643a;2024-10-01T19:40:00Z;135.87;135.87;135.87;135.86;873;
962e2a95-02a9-4171-abd7-aa198dbe643a;2024-10-01T19:41:00Z;135.87;135.86;135.87;135.84;694;
962e2a95-02a9-4171-abd7-aa198dbe643a;2024-10-01T19:42:00Z;135.85;135.8;135.85;135.8;1241;
962e2a95-02a9-4171-abd7-aa198dbe643a;2024-10-01T19:43:00Z;135.8;135.72;135.8;135.71;2608;
962e2a95-02a9-4171-abd7-aa198dbe643a;2024-10-01T19:44:00Z;135.72;135.69;135.72;135.64;2626;
962e2a95-02a9-4171-abd7-aa198dbe643a;2024-10-01T19:45:00Z;135.69;135.64;135.7;135.61;2454;
962e2a95-02a9-4171-abd7-aa198dbe643a;2024-10-01T19:46:00Z;135.64;135.65;135.68;135.64;541;
962e2a95-02a9-4171-abd7-aa198dbe643a;2024-10-01T19:47:00Z;135.66;135.66;135.66;135.61;1144;
962e2a95-02a9-4171-abd7-aa198dbe643a;2024-10-01T19:48:00Z;135.66;135.72;135.72;135.66;2039;
962e2a95-02a9-4171-abd7-aa198dbe643a;2024-10-01T19:49:00Z;135.72;135.7;135.72;135.66;725;
962e2a95-02a9-4171-abd7-aa198dbe643a;2024-10-01T19:50:00Z;135.7;135.71;135.72;135.61;2043;
962e2a95-02a9-4171-abd7-aa198dbe643a;2024-10-01T19:51:00Z;135.71;135.7;135.71;135.67;92;
962e2a95-02a9-4171-abd7-aa198dbe643a;2024-10-01T19:52:00Z;135.69;135.69;135.69;135.69;4;
962e2a95-02a9-4171-abd7-aa198dbe643a;2024-10-01T19:53:00Z;135.64;135.62;135.64;135.62;865;
962e2a95-02a9-4171-abd7-aa198dbe643a;2024-10-01T19:54:00Z;135.63;135.63;135.64;135.59;2331;
962e2a95-02a9-4171-abd7-aa198dbe643a;2024-10-01T19:55:00Z;135.63;135.75;136;135.63;46038;
962e2a95-02a9-4171-abd7-aa198dbe643a;2024-10-01T19:56:00Z;135.79;135.85;135.85;135.76;74;
962e2a95-02a9-4171-abd7-aa198dbe643a;2024-10-01T19:57:00Z;135.86;135.89;135.95;135.83;1783;
962e2a95-02a9-4171-abd7-aa198dbe643a;2024-10-01T19:58:00Z;135.84;135.83;135.9;135.83;93;
962e2a95-02a9-4171-abd7-aa198dbe643a;2024-10-01T19:59:00Z;135.83;135.83;135.84;135.83;141;
962e2a95-02a9-4171-abd7-aa198dbe643a;2024-10-01T20:00:00Z;135.86;135.94;136;135.85;10729;
962e2a95-02a9-4171-abd7-aa198dbe643a;2024-10-01T20:01:00Z;135.94;135.95;135.97;135.94;535;
962e2a95-02a9-4171-abd7-aa198dbe643a;2024-10-01T20:02:00Z;135.95;135.95;135.95;135.92;1996;
962e2a95-02a9-4171-abd7-aa198dbe643a;2024-10-01T20:03:00Z;135.93;135.95;135.97;135.93;887;
962e2a95-02a9-4171-abd7-aa198dbe643a;2024-10-01T20:04:00Z;135.95;135.95;135.96;135.95;214;
962e2a95-02a9-4171-abd7-aa198dbe643a;2024-10-01T20:05:00Z;135.96;135.99;136;135.96;4033;
962e2a95-02a9-4171-abd7-aa198dbe643a;2024-10-01T20:06:00Z;135.98;136.1;136.1;135.98;19287;
962e2a95-02a9-4171-abd7-aa198dbe643a;2024-10-01T20:07:00Z;136.09;136.09;136.1;136.06;4613;
962e2a95-02a9-4171-abd7-aa198dbe643a;2024-10-01T20:08:00Z;136.09;136.01;136.17;135.98;7235;
962e2a95-02a9-4171-abd7-aa198dbe643a;2024-10-01T20:09:00Z;136.08;136.06;136.08;136.05;116;
962e2a95-02a9-4171-abd7-aa198dbe643a;2024-10-01T20:10:00Z;136.06;136.02;136.06;136;901;
962e2a95-02a9-4171-abd7-aa198dbe643a;2024-10-01T20:11:00Z;136.02;135.98;136.02;135.98;2429;
962e2a95-02a9-4171-abd7-aa198dbe643a;2024-10-01T20:12:00Z;135.98;135.8;135.98;135.8;4127;
962e2a95-02a9-4171-abd7-aa198dbe643a;2024-10-01T20:13:00Z;135.87;135.81;135.88;135.81;758;
962e2a95-02a9-4171-abd7-aa198dbe643a;2024-10-01T20:14:00Z;135.85;135.86;135.87;135.84;2013;
962e2a95-02a9-4171-abd7-aa198dbe643a;2024-10-01T20:15:00Z;135.86;135.89;135.91;135.85;1115;
962e2a95-02a9-4171-abd7-aa198dbe643a;2024-10-01T20:16:00Z;135.87;135.85;135.88;135.85;848;
962e2a95-02a9-4171-abd7-aa198dbe643a;2024-10-01T20:17:00Z;135.85;135.8;135.86;135.8;2332;
962e2a95-02a9-4171-abd7-aa198dbe643a;2024-10-01T20:18:00Z;135.8;135.68;135.83;135.65;2296;
962e2a95-02a9-4171-abd7-aa198dbe643a;2024-10-01T20:19:00Z;135.69;135.7;135.7;135.69;796;
962e2a95-02a9-4171-abd7-aa198dbe643a;2024-10-01T20:20:00Z;135.7;135.7;135.7;135.69;66;
962e2a95-02a9-4171-abd7-aa198dbe643a;2024-10-01T20:21:00Z;135.7;135.73;135.73;135.69;955;
962e2a95-02a9-4171-abd7-aa198dbe643a;2024-10-01T20:22:00Z;135.73;135.73;135.73;135.71;246;
962e2a95-02a9-4171-abd7-aa198dbe643a;2024-10-01T20:23:00Z;135.72;135.72;135.72;135.72;3;
962e2a95-02a9-4171-abd7-aa198dbe643a;2024-10-01T20:24:00Z;135.72;135.9;135.9;135.72;2350;
962e2a95-02a9-4171-abd7-aa198dbe643a;2024-10-01T20:25:00Z;135.89;135.98;135.98;135.89;1000;
962e2a95-02a9-4171-abd7-aa198dbe643a;2024-10-01T20:26:00Z;135.97;135.95;135.97;135.86;308;
962e2a95-02a9-4171-abd7-aa198dbe643a;2024-10-01T20:27:00Z;135.94;135.94;135.95;135.94;248;
962e2a95-02a9-4171-abd7-aa198dbe643a;2024-10-01T20:28:00Z;135.94;136;136.05;135.94;1585;
962e2a95-02a9-4171-abd7-aa198dbe643a;2024-10-01T20:29:00Z;136;136.01;136.06;136;1185;
962e2a95-02a9-4171-abd7-aa198dbe643a;2024-10-01T20:30:00Z;136.01;136;136.03;136;332;
962e2a95-02a9-4171-abd7-aa198dbe643a;2024-10-01T20:31:00Z;136.02;136;136.02;136;117;
962e2a95-02a9-4171-abd7-aa198dbe643a;2024-10-01T20:32:00Z;136;136.06;136.06;135.95;3270;
962e2a95-02a9-4171-abd7-aa198dbe643a;2024-10-01T20:33:00Z;136.05;136.01;136.06;136.01;1540;
962e2a95-02a9-4171-abd7-aa198dbe643a;2024-10-01T20:34:00Z;136.01;136.08;136.1;136.01;1939;
962e2a95-02a9-4171-abd7-aa198dbe643a;2024-10-01T20:35:00Z;136.07;136.05;136.07;136.05;62;
962e2a95-02a9-4171-abd7-aa198dbe643a;2024-10-01T20:36:00Z;136.05;136;136.07;136;814;
962e2a95-02a9-4171-abd7-aa198dbe643a;2024-10-01T20:37:00Z;136.04;136.05;136.05;136.04;186;
962e2a95-02a9-4171-abd7-aa198dbe643a;2024-10-01T20:38:00Z;136.05;136.05;136.08;136.05;354;
962e2a95-02a9-4171-abd7-aa198dbe643a;2024-10-01T20:39:00Z;136.05;136.05;136.06;136;832;
962e2a95-02a9-4171-abd7-aa198dbe643a;2024-10-01T20:40:00Z;136.05;136.05;136.05;136;149;
962e2a95-02a9-4171-abd7-aa198dbe643a;2024-10-01T20:41:00Z;136.05;136.05;136.06;136;1183;
962e2a95-02a9-4171-abd7-aa198dbe643a;2024-10-01T20:42:00Z;136.06;136.05;136.1;136.05;5163;
962e2a95-02a9-4171-abd7-aa198dbe643a;2024-10-01T20:43:00Z;136.05;136.1;136.1;136.02;1830;
962e2a95-02a9-4171-abd7-aa198dbe643a;2024-10-01T20:44:00Z;136.07;136.1;136.18;136.07;1819;
962e2a95-02a9-4171-abd7-aa198dbe643a;2024-10-01T20:45:00Z;136.08;136.15;136.18;136.08;267;
962e2a95-02a9-4171-abd7-aa198dbe643a;2024-10-01T20:46:00Z;136.14;136.18;136.18;136.14;2063;
962e2a95-02a9-4171-abd7-aa198dbe643a;2024-10-01T20:47:00Z;136.15;136.19;136.19;136.15;1787;
962e2a95-02a9-4171-abd7-aa198dbe643a;2024-10-01T20:48:00Z;136.19;136.19;136.2;136.18;3134;
962e2a95-02a9-4171-abd7-aa198dbe643a;2024-10-01T20:49:00Z;136.2;136.21;136.26;136.1;5144;
