e6123145-9665-43e0-8413-cd61b8aa9b13;2024-10-08T04:01:00Z;263.4;263.98;263.98;263.36;13;
e6123145-9665-43e0-8413-cd61b8aa9b13;2024-10-08T04:02:00Z;263.36;263.36;263.98;263.36;7;
e6123145-9665-43e0-8413-cd61b8aa9b13;2024-10-08T04:03:00Z;263.37;263.37;263.37;263.37;3;
e6123145-9665-43e0-8413-cd61b8aa9b13;2024-10-08T04:04:00Z;263.95;263.95;263.95;263.95;1;
e6123145-9665-43e0-8413-cd61b8aa9b13;2024-10-08T04:05:00Z;263.89;263.4;263.89;263.4;4;
e6123145-9665-43e0-8413-cd61b8aa9b13;2024-10-08T04:06:00Z;263.4;263.79;263.79;263.4;9;
e6123145-9665-43e0-8413-cd61b8aa9b13;2024-10-08T04:07:00Z;263.79;263.78;263.79;263.78;3;
e6123145-9665-43e0-8413-cd61b8aa9b13;2024-10-08T04:08:00Z;263.78;263.39;263.78;263.39;3;
e6123145-9665-43e0-8413-cd61b8aa9b13;2024-10-08T04:09:00Z;263.39;263.74;263.74;263.39;4;
e6123145-9665-43e0-8413-cd61b8aa9b13;2024-10-08T04:10:00Z;263.73;263.74;263.74;263.73;2;
e6123145-9665-43e0-8413-cd61b8aa9b13;2024-10-08T04:11:00Z;263.73;263.73;263.73;263.73;1;
e6123145-9665-43e0-8413-cd61b8aa9b13;2024-10-08T04:12:00Z;263.4;263.39;263.73;263.39;6;
e6123145-9665-43e0-8413-cd61b8aa9b13;2024-10-08T04:13:00Z;263.39;263.39;263.39;263.39;1;
e6123145-9665-43e0-8413-cd61b8aa9b13;2024-10-08T04:14:00Z;263.71;263.78;263.78;263.71;20;
e6123145-9665-43e0-8413-cd61b8aa9b13;2024-10-08T04:15:00Z;263.78;263.78;263.78;263.39;25;
e6123145-9665-43e0-8413-cd61b8aa9b13;2024-10-08T04:16:00Z;263.55;263.55;263.55;263.55;2;
e6123145-9665-43e0-8413-cd61b8aa9b13;2024-10-08T04:17:00Z;263.75;263.79;263.79;263.75;103;
e6123145-9665-43e0-8413-cd61b8aa9b13;2024-10-08T04:18:00Z;263.78;263.55;263.79;263.55;27;
e6123145-9665-43e0-8413-cd61b8aa9b13;2024-10-08T04:19:00Z;263.79;263.78;263.79;263.37;65;
e6123145-9665-43e0-8413-cd61b8aa9b13;2024-10-08T04:20:00Z;263.6;263.6;263.6;263.6;1;
e6123145-9665-43e0-8413-cd61b8aa9b13;2024-10-08T04:22:00Z;263.4;263.77;263.77;263.39;5;
e6123145-9665-43e0-8413-cd61b8aa9b13;2024-10-08T04:23:00Z;263.77;263.77;263.77;263.77;1;
e6123145-9665-43e0-8413-cd61b8aa9b13;2024-10-08T04:24:00Z;263.77;263.78;263.78;263.77;7;
e6123145-9665-43e0-8413-cd61b8aa9b13;2024-10-08T04:25:00Z;263.51;263.78;263.78;263.51;6;
e6123145-9665-43e0-8413-cd61b8aa9b13;2024-10-08T04:26:00Z;263.51;263.78;263.78;263.51;50;
e6123145-9665-43e0-8413-cd61b8aa9b13;2024-10-08T04:27:00Z;263.78;263.78;263.78;263.37;45;
e6123145-9665-43e0-8413-cd61b8aa9b13;2024-10-08T04:28:00Z;263.37;263.36;263.37;263.36;4;
e6123145-9665-43e0-8413-cd61b8aa9b13;2024-10-08T04:29:00Z;263.77;262.75;263.78;262.75;233;
e6123145-9665-43e0-8413-cd61b8aa9b13;2024-10-08T04:30:00Z;262.55;262.59;263.64;262.55;9;
e6123145-9665-43e0-8413-cd61b8aa9b13;2024-10-08T04:31:00Z;263.51;263.61;263.61;263.51;32;
e6123145-9665-43e0-8413-cd61b8aa9b13;2024-10-08T04:32:00Z;263.58;263.78;263.78;263.58;130;
e6123145-9665-43e0-8413-cd61b8aa9b13;2024-10-08T04:34:00Z;262.88;263.7;263.7;262.88;6;
e6123145-9665-43e0-8413-cd61b8aa9b13;2024-10-08T04:35:00Z;262.89;262.89;262.89;262.89;1;
e6123145-9665-43e0-8413-cd61b8aa9b13;2024-10-08T04:36:00Z;262.93;262.93;262.93;262.93;2;
e6123145-9665-43e0-8413-cd61b8aa9b13;2024-10-08T04:37:00Z;263.59;263.61;263.61;263.59;4;
e6123145-9665-43e0-8413-cd61b8aa9b13;2024-10-08T04:38:00Z;263.6;263.6;263.6;263.6;3;
e6123145-9665-43e0-8413-cd61b8aa9b13;2024-10-08T04:39:00Z;263.6;263.6;263.6;263.6;1;
e6123145-9665-43e0-8413-cd61b8aa9b13;2024-10-08T04:40:00Z;263.6;263.59;263.6;263.59;3;
e6123145-9665-43e0-8413-cd61b8aa9b13;2024-10-08T04:43:00Z;263.03;263.5;263.5;263.03;7;
e6123145-9665-43e0-8413-cd61b8aa9b13;2024-10-08T04:45:00Z;263.05;263.03;263.05;263.03;4;
e6123145-9665-43e0-8413-cd61b8aa9b13;2024-10-08T04:46:00Z;263.5;263.04;263.5;263.04;3;
e6123145-9665-43e0-8413-cd61b8aa9b13;2024-10-08T04:47:00Z;263.04;263.04;263.04;263.04;10;
e6123145-9665-43e0-8413-cd61b8aa9b13;2024-10-08T04:48:00Z;263.05;263;263.05;262.99;58;
e6123145-9665-43e0-8413-cd61b8aa9b13;2024-10-08T04:49:00Z;262.99;263;263;262.98;46;
e6123145-9665-43e0-8413-cd61b8aa9b13;2024-10-08T04:50:00Z;263;263;263;262.98;8;
e6123145-9665-43e0-8413-cd61b8aa9b13;2024-10-08T04:51:00Z;262.98;262.98;262.98;262.98;106;
e6123145-9665-43e0-8413-cd61b8aa9b13;2024-10-08T04:52:00Z;263;262.98;263;262.98;15;
e6123145-9665-43e0-8413-cd61b8aa9b13;2024-10-08T04:53:00Z;263;262.98;263;262.98;4;
e6123145-9665-43e0-8413-cd61b8aa9b13;2024-10-08T04:54:00Z;262.98;262.98;263;262.98;40;
e6123145-9665-43e0-8413-cd61b8aa9b13;2024-10-08T04:55:00Z;262.98;263.5;263.5;262.98;17;
e6123145-9665-43e0-8413-cd61b8aa9b13;2024-10-08T04:56:00Z;262.99;262.99;263.5;262.99;5;
e6123145-9665-43e0-8413-cd61b8aa9b13;2024-10-08T04:57:00Z;263.55;263;263.58;263;9;
e6123145-9665-43e0-8413-cd61b8aa9b13;2024-10-08T04:59:00Z;263.57;263.56;263.57;263.56;2;
e6123145-9665-43e0-8413-cd61b8aa9b13;2024-10-08T05:00:00Z;263.04;263.03;263.04;263.03;3;
e6123145-9665-43e0-8413-cd61b8aa9b13;2024-10-08T05:02:00Z;263.53;263.04;263.54;263.04;9;
e6123145-9665-43e0-8413-cd61b8aa9b13;2024-10-08T05:03:00Z;263.05;263.52;263.52;263.04;4;
e6123145-9665-43e0-8413-cd61b8aa9b13;2024-10-08T05:04:00Z;263.54;263.55;263.55;263.05;4;
e6123145-9665-43e0-8413-cd61b8aa9b13;2024-10-08T05:05:00Z;263.55;263.55;263.55;263.55;4;
e6123145-9665-43e0-8413-cd61b8aa9b13;2024-10-08T05:06:00Z;263.08;263.54;263.56;263.07;27;
e6123145-9665-43e0-8413-cd61b8aa9b13;2024-10-08T05:08:00Z;263.56;263.57;263.57;263.56;19;
e6123145-9665-43e0-8413-cd61b8aa9b13;2024-10-08T05:09:00Z;263.1;263.09;263.1;263.09;4;
e6123145-9665-43e0-8413-cd61b8aa9b13;2024-10-08T05:10:00Z;263.52;263.53;263.53;263.11;3;
e6123145-9665-43e0-8413-cd61b8aa9b13;2024-10-08T05:11:00Z;263.09;263.09;263.09;263.09;5;
e6123145-9665-43e0-8413-cd61b8aa9b13;2024-10-08T05:12:00Z;263.09;263.09;263.09;263.09;2;
e6123145-9665-43e0-8413-cd61b8aa9b13;2024-10-08T05:13:00Z;263.1;263.51;263.51;263.1;2;
e6123145-9665-43e0-8413-cd61b8aa9b13;2024-10-08T05:15:00Z;263.5;263.1;263.5;263.1;9;
e6123145-9665-43e0-8413-cd61b8aa9b13;2024-10-08T05:16:00Z;263.5;263.11;263.5;263.11;14;
e6123145-9665-43e0-8413-cd61b8aa9b13;2024-10-08T05:17:00Z;263.11;263.06;263.11;263.06;14;
e6123145-9665-43e0-8413-cd61b8aa9b13;2024-10-08T05:19:00Z;263.06;263.44;263.44;263.06;4;
e6123145-9665-43e0-8413-cd61b8aa9b13;2024-10-08T05:20:00Z;263.08;263.06;263.08;263.06;18;
e6123145-9665-43e0-8413-cd61b8aa9b13;2024-10-08T05:21:00Z;263.45;263.46;263.46;263.06;10;
e6123145-9665-43e0-8413-cd61b8aa9b13;2024-10-08T05:22:00Z;263.45;263.44;263.45;263.07;7;
e6123145-9665-43e0-8413-cd61b8aa9b13;2024-10-08T05:23:00Z;263.45;263.45;263.45;263.45;1;
e6123145-9665-43e0-8413-cd61b8aa9b13;2024-10-08T05:25:00Z;263.41;263.46;263.46;263.07;9;
e6123145-9665-43e0-8413-cd61b8aa9b13;2024-10-08T05:26:00Z;263.07;263.07;263.07;263.07;3;
e6123145-9665-43e0-8413-cd61b8aa9b13;2024-10-08T05:27:00Z;263.44;263.44;263.44;263.44;3;
e6123145-9665-43e0-8413-cd61b8aa9b13;2024-10-08T05:28:00Z;263.07;263.07;263.07;263.07;1;
e6123145-9665-43e0-8413-cd61b8aa9b13;2024-10-08T05:29:00Z;263.07;263.05;263.43;263.05;80;
e6123145-9665-43e0-8413-cd61b8aa9b13;2024-10-08T05:30:00Z;263.05;263.44;263.44;262.99;8;
e6123145-9665-43e0-8413-cd61b8aa9b13;2024-10-08T05:31:00Z;263.44;263.4;263.44;263.4;3;
e6123145-9665-43e0-8413-cd61b8aa9b13;2024-10-08T05:32:00Z;263.42;263.42;263.42;263.42;1;
e6123145-9665-43e0-8413-cd61b8aa9b13;2024-10-08T05:33:00Z;263.42;263.4;263.49;263.4;57;
e6123145-9665-43e0-8413-cd61b8aa9b13;2024-10-08T05:34:00Z;263.49;263.41;263.49;263.41;6;
e6123145-9665-43e0-8413-cd61b8aa9b13;2024-10-08T05:35:00Z;263.48;263.02;263.48;263.02;5;
e6123145-9665-43e0-8413-cd61b8aa9b13;2024-10-08T05:37:00Z;263.47;263.84;263.84;263.47;502;
e6123145-9665-43e0-8413-cd61b8aa9b13;2024-10-08T05:38:00Z;263.08;263.07;263.08;263.07;10;
e6123145-9665-43e0-8413-cd61b8aa9b13;2024-10-08T05:39:00Z;263.77;263.76;263.77;263.76;13;
e6123145-9665-43e0-8413-cd61b8aa9b13;2024-10-08T05:40:00Z;263.76;263.76;263.76;263.75;17;
e6123145-9665-43e0-8413-cd61b8aa9b13;2024-10-08T05:41:00Z;263.74;263.74;263.74;263.74;2;
e6123145-9665-43e0-8413-cd61b8aa9b13;2024-10-08T05:43:00Z;263.24;263.69;263.69;263.1;39;
e6123145-9665-43e0-8413-cd61b8aa9b13;2024-10-08T05:44:00Z;263.63;263.75;263.75;263.01;84;
e6123145-9665-43e0-8413-cd61b8aa9b13;2024-10-08T05:45:00Z;263.03;263.58;263.58;263.03;3;
e6123145-9665-43e0-8413-cd61b8aa9b13;2024-10-08T05:46:00Z;263.05;263.07;263.53;263.04;11;
e6123145-9665-43e0-8413-cd61b8aa9b13;2024-10-08T05:47:00Z;263.21;263.25;263.25;263.21;4;
e6123145-9665-43e0-8413-cd61b8aa9b13;2024-10-08T05:48:00Z;263.26;263.25;263.47;263.25;13;
e6123145-9665-43e0-8413-cd61b8aa9b13;2024-10-08T05:49:00Z;263.25;263.25;263.7;263.25;53;
e6123145-9665-43e0-8413-cd61b8aa9b13;2024-10-08T05:50:00Z;263.69;263.26;263.69;263.26;3;
e6123145-9665-43e0-8413-cd61b8aa9b13;2024-10-08T05:51:00Z;263.26;263.69;263.69;263.26;7;
e6123145-9665-43e0-8413-cd61b8aa9b13;2024-10-08T05:52:00Z;263.69;263.68;263.69;263.29;11;
e6123145-9665-43e0-8413-cd61b8aa9b13;2024-10-08T05:53:00Z;263.29;263.68;263.68;263.29;3;
e6123145-9665-43e0-8413-cd61b8aa9b13;2024-10-08T05:54:00Z;263.68;263.3;263.68;263.3;10;
e6123145-9665-43e0-8413-cd61b8aa9b13;2024-10-08T05:55:00Z;263.66;263.3;263.67;263.3;4;
e6123145-9665-43e0-8413-cd61b8aa9b13;2024-10-08T05:56:00Z;263.3;263.3;263.3;263.3;1;
e6123145-9665-43e0-8413-cd61b8aa9b13;2024-10-08T05:57:00Z;263.3;263.26;263.59;263.25;7;
e6123145-9665-43e0-8413-cd61b8aa9b13;2024-10-08T05:58:00Z;263.26;263.58;263.58;263.26;5;
e6123145-9665-43e0-8413-cd61b8aa9b13;2024-10-08T05:59:00Z;263.28;263.27;263.28;263.27;2;
e6123145-9665-43e0-8413-cd61b8aa9b13;2024-10-08T06:00:00Z;263.29;263.3;263.3;263.29;10;
e6123145-9665-43e0-8413-cd61b8aa9b13;2024-10-08T06:01:00Z;263.3;263.3;263.3;263.3;1;
e6123145-9665-43e0-8413-cd61b8aa9b13;2024-10-08T06:02:00Z;263.3;263.26;263.3;263.26;8;
e6123145-9665-43e0-8413-cd61b8aa9b13;2024-10-08T06:03:00Z;263.3;263.3;263.3;263.3;2;
e6123145-9665-43e0-8413-cd61b8aa9b13;2024-10-08T06:04:00Z;263.26;263.3;263.3;263.26;15;
e6123145-9665-43e0-8413-cd61b8aa9b13;2024-10-08T06:05:00Z;263.26;263.27;263.27;263.26;6;
e6123145-9665-43e0-8413-cd61b8aa9b13;2024-10-08T06:06:00Z;263.29;263.26;263.3;263.26;12;
e6123145-9665-43e0-8413-cd61b8aa9b13;2024-10-08T06:07:00Z;263.3;263.55;263.55;263.3;3;
e6123145-9665-43e0-8413-cd61b8aa9b13;2024-10-08T06:08:00Z;263.27;263.26;263.56;263.26;13;
e6123145-9665-43e0-8413-cd61b8aa9b13;2024-10-08T06:09:00Z;263.27;263.56;263.56;263.27;7;
e6123145-9665-43e0-8413-cd61b8aa9b13;2024-10-08T06:10:00Z;263.56;263.56;263.56;263.56;5;
e6123145-9665-43e0-8413-cd61b8aa9b13;2024-10-08T06:11:00Z;263.33;263.57;263.57;263.33;10;
e6123145-9665-43e0-8413-cd61b8aa9b13;2024-10-08T06:12:00Z;263.57;263.57;263.57;263.57;4;
e6123145-9665-43e0-8413-cd61b8aa9b13;2024-10-08T06:13:00Z;263.33;263.33;263.57;263.33;16;
e6123145-9665-43e0-8413-cd61b8aa9b13;2024-10-08T06:14:00Z;263.57;263.57;263.57;263.57;2;
e6123145-9665-43e0-8413-cd61b8aa9b13;2024-10-08T06:15:00Z;263.57;263.34;263.57;263.33;18;
e6123145-9665-43e0-8413-cd61b8aa9b13;2024-10-08T06:16:00Z;263.57;263.57;263.57;263.57;3;
e6123145-9665-43e0-8413-cd61b8aa9b13;2024-10-08T06:17:00Z;263.34;263.2;263.34;263.2;208;
e6123145-9665-43e0-8413-cd61b8aa9b13;2024-10-08T06:18:00Z;263.2;262.99;263.2;262.99;250;
e6123145-9665-43e0-8413-cd61b8aa9b13;2024-10-08T06:19:00Z;262.99;263.25;263.25;262.98;222;
e6123145-9665-43e0-8413-cd61b8aa9b13;2024-10-08T06:20:00Z;263.24;263.24;263.24;263.24;4;
e6123145-9665-43e0-8413-cd61b8aa9b13;2024-10-08T06:21:00Z;263.24;263.25;263.25;263.24;3;
e6123145-9665-43e0-8413-cd61b8aa9b13;2024-10-08T06:22:00Z;263.25;263.25;263.25;263.25;5;
e6123145-9665-43e0-8413-cd61b8aa9b13;2024-10-08T06:23:00Z;262.99;263.25;263.25;262.99;4;
e6123145-9665-43e0-8413-cd61b8aa9b13;2024-10-08T06:24:00Z;263.26;262.99;263.26;262.99;12;
e6123145-9665-43e0-8413-cd61b8aa9b13;2024-10-08T06:25:00Z;262.99;262.98;263.25;262.98;19;
e6123145-9665-43e0-8413-cd61b8aa9b13;2024-10-08T06:26:00Z;262.99;262.98;262.99;262.98;2;
e6123145-9665-43e0-8413-cd61b8aa9b13;2024-10-08T06:27:00Z;263.25;262.98;263.25;262.98;3;
e6123145-9665-43e0-8413-cd61b8aa9b13;2024-10-08T06:28:00Z;263.25;262.98;263.25;262.98;44;
e6123145-9665-43e0-8413-cd61b8aa9b13;2024-10-08T06:29:00Z;262.98;262.98;262.98;262.98;11;
e6123145-9665-43e0-8413-cd61b8aa9b13;2024-10-08T06:30:00Z;262.98;262.8;263.24;262.8;51;
e6123145-9665-43e0-8413-cd61b8aa9b13;2024-10-08T06:31:00Z;262.8;263.25;263.25;262.8;11;
e6123145-9665-43e0-8413-cd61b8aa9b13;2024-10-08T06:32:00Z;263.25;263.25;263.25;263.25;7;
e6123145-9665-43e0-8413-cd61b8aa9b13;2024-10-08T06:33:00Z;263;263.25;263.25;262.8;9;
e6123145-9665-43e0-8413-cd61b8aa9b13;2024-10-08T06:34:00Z;263.2;263;263.2;263;4;
e6123145-9665-43e0-8413-cd61b8aa9b13;2024-10-08T06:35:00Z;263.24;262.8;263.24;262.8;101;
e6123145-9665-43e0-8413-cd61b8aa9b13;2024-10-08T06:36:00Z;262.81;263.25;263.25;262.8;124;
e6123145-9665-43e0-8413-cd61b8aa9b13;2024-10-08T06:37:00Z;262.81;263.2;263.2;262.81;6;
e6123145-9665-43e0-8413-cd61b8aa9b13;2024-10-08T06:38:00Z;262.81;262.81;262.81;262.81;11;
e6123145-9665-43e0-8413-cd61b8aa9b13;2024-10-08T06:39:00Z;263.19;263.2;263.2;263.19;20;
e6123145-9665-43e0-8413-cd61b8aa9b13;2024-10-08T06:59:00Z;263;263;263;263;4397;
e6123145-9665-43e0-8413-cd61b8aa9b13;2024-10-08T07:00:00Z;263.19;263;263.33;263;12690;
e6123145-9665-43e0-8413-cd61b8aa9b13;2024-10-08T07:01:00Z;263.01;263.14;263.21;262.86;4241;
e6123145-9665-43e0-8413-cd61b8aa9b13;2024-10-08T07:02:00Z;263.13;263.17;263.25;263.09;4671;
e6123145-9665-43e0-8413-cd61b8aa9b13;2024-10-08T07:03:00Z;263.15;262.92;263.15;262.88;7759;
e6123145-9665-43e0-8413-cd61b8aa9b13;2024-10-08T07:04:00Z;262.92;262.88;262.96;262.56;12449;
e6123145-9665-43e0-8413-cd61b8aa9b13;2024-10-08T07:05:00Z;262.87;262.98;262.98;262.71;9830;
e6123145-9665-43e0-8413-cd61b8aa9b13;2024-10-08T07:06:00Z;262.97;262.87;263;262.87;6979;
e6123145-9665-43e0-8413-cd61b8aa9b13;2024-10-08T07:07:00Z;262.88;262.94;263;262.71;3931;
e6123145-9665-43e0-8413-cd61b8aa9b13;2024-10-08T07:08:00Z;262.99;262.87;262.99;262.87;810;
e6123145-9665-43e0-8413-cd61b8aa9b13;2024-10-08T07:09:00Z;262.87;262.98;262.99;262.87;2067;
e6123145-9665-43e0-8413-cd61b8aa9b13;2024-10-08T07:10:00Z;262.98;263.16;263.4;262.98;8836;
e6123145-9665-43e0-8413-cd61b8aa9b13;2024-10-08T07:11:00Z;263.17;263.39;263.41;263.17;2273;
e6123145-9665-43e0-8413-cd61b8aa9b13;2024-10-08T07:12:00Z;263.38;263.23;263.38;263.21;2578;
e6123145-9665-43e0-8413-cd61b8aa9b13;2024-10-08T07:13:00Z;263.23;263.36;263.36;263.17;2075;
e6123145-9665-43e0-8413-cd61b8aa9b13;2024-10-08T07:14:00Z;263.34;263.2;263.36;263.17;3722;
e6123145-9665-43e0-8413-cd61b8aa9b13;2024-10-08T07:15:00Z;263.21;262.86;263.25;262.55;22108;
e6123145-9665-43e0-8413-cd61b8aa9b13;2024-10-08T07:16:00Z;262.85;262.83;262.95;262.8;1597;
e6123145-9665-43e0-8413-cd61b8aa9b13;2024-10-08T07:17:00Z;262.83;262.62;262.85;262.61;11237;
e6123145-9665-43e0-8413-cd61b8aa9b13;2024-10-08T07:18:00Z;262.61;262.67;262.83;262.51;30318;
e6123145-9665-43e0-8413-cd61b8aa9b13;2024-10-08T07:19:00Z;262.67;262.43;262.69;262.41;10677;
e6123145-9665-43e0-8413-cd61b8aa9b13;2024-10-08T07:20:00Z;262.41;262.63;262.63;262.34;4460;
e6123145-9665-43e0-8413-cd61b8aa9b13;2024-10-08T07:21:00Z;262.64;262.53;262.71;262.5;1044;
e6123145-9665-43e0-8413-cd61b8aa9b13;2024-10-08T07:22:00Z;262.51;262.4;262.52;262.4;8214;
e6123145-9665-43e0-8413-cd61b8aa9b13;2024-10-08T07:23:00Z;262.41;262.38;262.42;262.35;2446;
e6123145-9665-43e0-8413-cd61b8aa9b13;2024-10-08T07:24:00Z;262.38;262.36;262.5;262.35;2423;
e6123145-9665-43e0-8413-cd61b8aa9b13;2024-10-08T07:25:00Z;262.36;262.76;262.8;262.34;11480;
e6123145-9665-43e0-8413-cd61b8aa9b13;2024-10-08T07:26:00Z;262.82;262.82;262.86;262.73;2454;
e6123145-9665-43e0-8413-cd61b8aa9b13;2024-10-08T07:27:00Z;262.82;262.74;262.82;262.73;2003;
e6123145-9665-43e0-8413-cd61b8aa9b13;2024-10-08T07:28:00Z;262.74;262.96;262.97;262.73;4071;
e6123145-9665-43e0-8413-cd61b8aa9b13;2024-10-08T07:29:00Z;262.97;262.77;262.97;262.77;1202;
e6123145-9665-43e0-8413-cd61b8aa9b13;2024-10-08T07:30:00Z;262.8;262.84;262.92;262.74;2269;
e6123145-9665-43e0-8413-cd61b8aa9b13;2024-10-08T07:31:00Z;262.8;262.79;262.84;262.76;716;
e6123145-9665-43e0-8413-cd61b8aa9b13;2024-10-08T07:32:00Z;262.79;262.65;262.79;262.61;2160;
e6123145-9665-43e0-8413-cd61b8aa9b13;2024-10-08T07:33:00Z;262.63;262.73;262.76;262.61;2638;
e6123145-9665-43e0-8413-cd61b8aa9b13;2024-10-08T07:34:00Z;262.74;262.63;262.74;262.58;1295;
e6123145-9665-43e0-8413-cd61b8aa9b13;2024-10-08T07:35:00Z;262.63;262.7;262.7;262.62;3395;
e6123145-9665-43e0-8413-cd61b8aa9b13;2024-10-08T07:36:00Z;262.7;262.76;262.76;262.69;1011;
e6123145-9665-43e0-8413-cd61b8aa9b13;2024-10-08T07:37:00Z;262.75;262.79;262.8;262.75;576;
e6123145-9665-43e0-8413-cd61b8aa9b13;2024-10-08T07:38:00Z;262.8;262.79;262.8;262.79;4313;
e6123145-9665-43e0-8413-cd61b8aa9b13;2024-10-08T07:39:00Z;262.79;262.78;262.8;262.78;1745;
e6123145-9665-43e0-8413-cd61b8aa9b13;2024-10-08T07:40:00Z;262.77;262.8;262.8;262.74;1670;
e6123145-9665-43e0-8413-cd61b8aa9b13;2024-10-08T07:41:00Z;262.8;262.77;262.8;262.77;957;
e6123145-9665-43e0-8413-cd61b8aa9b13;2024-10-08T07:42:00Z;262.75;262.74;262.75;262.74;1213;
e6123145-9665-43e0-8413-cd61b8aa9b13;2024-10-08T07:43:00Z;262.73;262.64;262.73;262.64;713;
e6123145-9665-43e0-8413-cd61b8aa9b13;2024-10-08T07:44:00Z;262.63;262.5;262.64;262.5;2488;
e6123145-9665-43e0-8413-cd61b8aa9b13;2024-10-08T07:45:00Z;262.51;262.25;262.51;262.25;7668;
e6123145-9665-43e0-8413-cd61b8aa9b13;2024-10-08T07:46:00Z;262.25;262.49;262.51;262.24;6355;
e6123145-9665-43e0-8413-cd61b8aa9b13;2024-10-08T07:47:00Z;262.49;262.45;262.51;262.45;1876;
e6123145-9665-43e0-8413-cd61b8aa9b13;2024-10-08T07:48:00Z;262.46;262.23;262.46;262.23;1273;
e6123145-9665-43e0-8413-cd61b8aa9b13;2024-10-08T07:49:00Z;262.23;262.08;262.24;262.08;4067;
e6123145-9665-43e0-8413-cd61b8aa9b13;2024-10-08T07:50:00Z;262.08;262.15;262.17;262.08;1691;
e6123145-9665-43e0-8413-cd61b8aa9b13;2024-10-08T07:51:00Z;262.15;262.08;262.17;262.08;2276;
e6123145-9665-43e0-8413-cd61b8aa9b13;2024-10-08T07:52:00Z;262.08;262.23;262.23;262.02;2327;
e6123145-9665-43e0-8413-cd61b8aa9b13;2024-10-08T07:53:00Z;262.23;262.23;262.36;262.21;3066;
e6123145-9665-43e0-8413-cd61b8aa9b13;2024-10-08T07:54:00Z;262.23;262.46;262.46;262.22;2066;
e6123145-9665-43e0-8413-cd61b8aa9b13;2024-10-08T07:55:00Z;262.45;262.49;262.65;262.45;2433;
e6123145-9665-43e0-8413-cd61b8aa9b13;2024-10-08T07:56:00Z;262.49;262.5;262.5;262.48;762;
e6123145-9665-43e0-8413-cd61b8aa9b13;2024-10-08T07:57:00Z;262.48;262.25;262.48;262.24;631;
e6123145-9665-43e0-8413-cd61b8aa9b13;2024-10-08T07:58:00Z;262.24;262.44;262.5;262.19;2701;
e6123145-9665-43e0-8413-cd61b8aa9b13;2024-10-08T07:59:00Z;262.42;262.25;262.42;262.24;1045;
e6123145-9665-43e0-8413-cd61b8aa9b13;2024-10-08T08:00:00Z;262.25;262;262.25;262;4190;
e6123145-9665-43e0-8413-cd61b8aa9b13;2024-10-08T08:01:00Z;262.01;262.04;262.05;261.95;11330;
e6123145-9665-43e0-8413-cd61b8aa9b13;2024-10-08T08:02:00Z;262.04;261.97;262.05;261.89;13132;
e6123145-9665-43e0-8413-cd61b8aa9b13;2024-10-08T08:03:00Z;261.93;262.07;262.16;261.93;3853;
e6123145-9665-43e0-8413-cd61b8aa9b13;2024-10-08T08:04:00Z;262.15;262.02;262.17;262.02;1010;
e6123145-9665-43e0-8413-cd61b8aa9b13;2024-10-08T08:05:00Z;262.05;262.1;262.1;262.01;1147;
e6123145-9665-43e0-8413-cd61b8aa9b13;2024-10-08T08:06:00Z;262.11;262.04;262.11;262.02;1666;
e6123145-9665-43e0-8413-cd61b8aa9b13;2024-10-08T08:07:00Z;262.05;262.26;262.37;262.05;2419;
e6123145-9665-43e0-8413-cd61b8aa9b13;2024-10-08T08:08:00Z;262.26;262.43;262.43;262.26;3427;
e6123145-9665-43e0-8413-cd61b8aa9b13;2024-10-08T08:09:00Z;262.42;262.44;262.45;262.39;795;
e6123145-9665-43e0-8413-cd61b8aa9b13;2024-10-08T08:10:00Z;262.45;262.54;262.54;262.44;1715;
e6123145-9665-43e0-8413-cd61b8aa9b13;2024-10-08T08:11:00Z;262.54;262.46;262.6;262.45;1902;
e6123145-9665-43e0-8413-cd61b8aa9b13;2024-10-08T08:12:00Z;262.46;262.5;262.69;262.46;12301;
e6123145-9665-43e0-8413-cd61b8aa9b13;2024-10-08T08:13:00Z;262.49;262.36;262.49;262.35;1524;
e6123145-9665-43e0-8413-cd61b8aa9b13;2024-10-08T08:14:00Z;262.36;262.31;262.36;262.3;901;
e6123145-9665-43e0-8413-cd61b8aa9b13;2024-10-08T08:15:00Z;262.31;262.29;262.31;262.28;754;
e6123145-9665-43e0-8413-cd61b8aa9b13;2024-10-08T08:16:00Z;262.28;262.26;262.29;262.25;613;
e6123145-9665-43e0-8413-cd61b8aa9b13;2024-10-08T08:17:00Z;262.26;262.18;262.26;262.18;984;
e6123145-9665-43e0-8413-cd61b8aa9b13;2024-10-08T08:18:00Z;262.18;262.14;262.18;262.12;1065;
e6123145-9665-43e0-8413-cd61b8aa9b13;2024-10-08T08:19:00Z;262.13;262.12;262.14;262.11;1425;
e6123145-9665-43e0-8413-cd61b8aa9b13;2024-10-08T08:20:00Z;262.13;262.21;262.21;262.12;2422;
e6123145-9665-43e0-8413-cd61b8aa9b13;2024-10-08T08:21:00Z;262.21;261.92;262.21;261.9;4397;
e6123145-9665-43e0-8413-cd61b8aa9b13;2024-10-08T08:22:00Z;261.99;262.15;262.22;261.98;6020;
e6123145-9665-43e0-8413-cd61b8aa9b13;2024-10-08T08:23:00Z;262.14;262.15;262.19;262.13;854;
e6123145-9665-43e0-8413-cd61b8aa9b13;2024-10-08T08:24:00Z;262.14;262.14;262.15;262.13;266;
e6123145-9665-43e0-8413-cd61b8aa9b13;2024-10-08T08:25:00Z;262.14;262.23;262.27;262.13;1392;
e6123145-9665-43e0-8413-cd61b8aa9b13;2024-10-08T08:26:00Z;262.23;262.13;262.23;262.13;826;
e6123145-9665-43e0-8413-cd61b8aa9b13;2024-10-08T08:27:00Z;262.11;262.1;262.12;262.09;3563;
e6123145-9665-43e0-8413-cd61b8aa9b13;2024-10-08T08:28:00Z;262.12;262.29;262.37;262.1;2275;
e6123145-9665-43e0-8413-cd61b8aa9b13;2024-10-08T08:29:00Z;262.31;262.24;262.35;262.22;756;
e6123145-9665-43e0-8413-cd61b8aa9b13;2024-10-08T08:30:00Z;262.23;262.15;262.24;262.13;1781;
e6123145-9665-43e0-8413-cd61b8aa9b13;2024-10-08T08:31:00Z;262.14;262.19;262.2;262.13;1595;
e6123145-9665-43e0-8413-cd61b8aa9b13;2024-10-08T08:32:00Z;262.18;262.25;262.28;262.18;1306;
e6123145-9665-43e0-8413-cd61b8aa9b13;2024-10-08T08:33:00Z;262.25;262.1;262.26;262.1;4943;
e6123145-9665-43e0-8413-cd61b8aa9b13;2024-10-08T08:34:00Z;262.1;262.09;262.1;262.09;1797;
e6123145-9665-43e0-8413-cd61b8aa9b13;2024-10-08T08:35:00Z;262.1;262.09;262.1;262.09;3382;
e6123145-9665-43e0-8413-cd61b8aa9b13;2024-10-08T08:36:00Z;262.1;262.1;262.16;262.09;5809;
e6123145-9665-43e0-8413-cd61b8aa9b13;2024-10-08T08:37:00Z;262.1;262.14;262.14;262.08;1238;
e6123145-9665-43e0-8413-cd61b8aa9b13;2024-10-08T08:38:00Z;262.19;262.28;262.32;262.18;1182;
e6123145-9665-43e0-8413-cd61b8aa9b13;2024-10-08T08:39:00Z;262.27;262.38;262.39;262.27;3389;
e6123145-9665-43e0-8413-cd61b8aa9b13;2024-10-08T08:40:00Z;262.38;262.39;262.4;262.16;12802;
e6123145-9665-43e0-8413-cd61b8aa9b13;2024-10-08T08:41:00Z;262.38;262.34;262.39;262.34;1009;
e6123145-9665-43e0-8413-cd61b8aa9b13;2024-10-08T08:42:00Z;262.33;262.18;262.33;262.16;1117;
e6123145-9665-43e0-8413-cd61b8aa9b13;2024-10-08T08:43:00Z;262.18;262.2;262.23;262.16;2091;
e6123145-9665-43e0-8413-cd61b8aa9b13;2024-10-08T08:44:00Z;262.24;262.18;262.24;262.04;9014;
e6123145-9665-43e0-8413-cd61b8aa9b13;2024-10-08T08:45:00Z;262.19;262.2;262.2;262.17;388;
e6123145-9665-43e0-8413-cd61b8aa9b13;2024-10-08T08:46:00Z;262.2;262.26;262.26;262.18;2222;
e6123145-9665-43e0-8413-cd61b8aa9b13;2024-10-08T08:47:00Z;262.27;262.19;262.28;262.18;326;
e6123145-9665-43e0-8413-cd61b8aa9b13;2024-10-08T08:48:00Z;262.21;262.27;262.27;262.21;3042;
e6123145-9665-43e0-8413-cd61b8aa9b13;2024-10-08T08:49:00Z;262.27;262.45;262.46;262.25;2366;
e6123145-9665-43e0-8413-cd61b8aa9b13;2024-10-08T08:50:00Z;262.44;262.31;262.49;262.27;3090;
e6123145-9665-43e0-8413-cd61b8aa9b13;2024-10-08T08:51:00Z;262.3;262.48;262.49;262.29;10523;
e6123145-9665-43e0-8413-cd61b8aa9b13;2024-10-08T08:52:00Z;262.49;262.48;262.49;262.48;405;
e6123145-9665-43e0-8413-cd61b8aa9b13;2024-10-08T08:53:00Z;262.47;262.44;262.47;262.41;404;
e6123145-9665-43e0-8413-cd61b8aa9b13;2024-10-08T08:54:00Z;262.45;262.46;262.46;262.45;320;
e6123145-9665-43e0-8413-cd61b8aa9b13;2024-10-08T08:55:00Z;262.46;262.48;262.49;262.45;462;
e6123145-9665-43e0-8413-cd61b8aa9b13;2024-10-08T08:56:00Z;262.49;262.45;262.5;262.45;460;
e6123145-9665-43e0-8413-cd61b8aa9b13;2024-10-08T08:57:00Z;262.44;262.35;262.45;262.3;621;
e6123145-9665-43e0-8413-cd61b8aa9b13;2024-10-08T08:58:00Z;262.35;262.28;262.35;262.28;68;
e6123145-9665-43e0-8413-cd61b8aa9b13;2024-10-08T08:59:00Z;262.29;262.29;262.38;262.29;3496;
e6123145-9665-43e0-8413-cd61b8aa9b13;2024-10-08T09:00:00Z;262.28;262.29;262.29;262.26;496;
e6123145-9665-43e0-8413-cd61b8aa9b13;2024-10-08T09:01:00Z;262.28;262.28;262.29;262.27;789;
e6123145-9665-43e0-8413-cd61b8aa9b13;2024-10-08T09:02:00Z;262.27;262.29;262.29;262.27;428;
e6123145-9665-43e0-8413-cd61b8aa9b13;2024-10-08T09:03:00Z;262.28;262.29;262.29;262.28;522;
e6123145-9665-43e0-8413-cd61b8aa9b13;2024-10-08T09:04:00Z;262.28;262.28;262.29;262.28;172;
e6123145-9665-43e0-8413-cd61b8aa9b13;2024-10-08T09:05:00Z;262.29;262.29;262.29;262.28;50;
e6123145-9665-43e0-8413-cd61b8aa9b13;2024-10-08T09:06:00Z;262.29;262.38;262.48;262.29;6033;
e6123145-9665-43e0-8413-cd61b8aa9b13;2024-10-08T09:07:00Z;262.35;262.4;262.4;262.31;427;
e6123145-9665-43e0-8413-cd61b8aa9b13;2024-10-08T09:08:00Z;262.41;262.49;262.5;262.41;1813;
e6123145-9665-43e0-8413-cd61b8aa9b13;2024-10-08T09:09:00Z;262.48;262.5;262.51;262.48;877;
e6123145-9665-43e0-8413-cd61b8aa9b13;2024-10-08T09:10:00Z;262.51;262.49;262.51;262.49;834;
e6123145-9665-43e0-8413-cd61b8aa9b13;2024-10-08T09:11:00Z;262.49;262.56;262.56;262.49;4784;
e6123145-9665-43e0-8413-cd61b8aa9b13;2024-10-08T09:12:00Z;262.55;262.65;262.66;262.54;1364;
e6123145-9665-43e0-8413-cd61b8aa9b13;2024-10-08T09:13:00Z;262.62;262.47;262.66;262.46;2117;
e6123145-9665-43e0-8413-cd61b8aa9b13;2024-10-08T09:14:00Z;262.46;262.4;262.47;262.4;1834;
e6123145-9665-43e0-8413-cd61b8aa9b13;2024-10-08T09:15:00Z;262.41;262.41;262.41;262.4;394;
e6123145-9665-43e0-8413-cd61b8aa9b13;2024-10-08T09:16:00Z;262.41;262.45;262.5;262.4;1668;
e6123145-9665-43e0-8413-cd61b8aa9b13;2024-10-08T09:17:00Z;262.41;262.49;262.5;262.41;648;
e6123145-9665-43e0-8413-cd61b8aa9b13;2024-10-08T09:18:00Z;262.49;262.5;262.5;262.47;197;
e6123145-9665-43e0-8413-cd61b8aa9b13;2024-10-08T09:19:00Z;262.5;262.53;262.54;262.47;2102;
e6123145-9665-43e0-8413-cd61b8aa9b13;2024-10-08T09:20:00Z;262.55;262.48;262.55;262.48;583;
e6123145-9665-43e0-8413-cd61b8aa9b13;2024-10-08T09:21:00Z;262.48;262.48;262.48;262.47;172;
e6123145-9665-43e0-8413-cd61b8aa9b13;2024-10-08T09:22:00Z;262.48;262.55;262.55;262.47;1824;
e6123145-9665-43e0-8413-cd61b8aa9b13;2024-10-08T09:23:00Z;262.55;262.51;262.55;262.46;3457;
e6123145-9665-43e0-8413-cd61b8aa9b13;2024-10-08T09:24:00Z;262.49;262.46;262.53;262.44;70;
e6123145-9665-43e0-8413-cd61b8aa9b13;2024-10-08T09:25:00Z;262.47;262.53;262.53;262.47;171;
e6123145-9665-43e0-8413-cd61b8aa9b13;2024-10-08T09:26:00Z;262.52;262.54;262.55;262.52;294;
e6123145-9665-43e0-8413-cd61b8aa9b13;2024-10-08T09:27:00Z;262.55;262.6;262.6;262.54;2362;
e6123145-9665-43e0-8413-cd61b8aa9b13;2024-10-08T09:28:00Z;262.59;262.98;263;262.59;13421;
e6123145-9665-43e0-8413-cd61b8aa9b13;2024-10-08T09:29:00Z;262.99;262.87;262.99;262.86;1302;
e6123145-9665-43e0-8413-cd61b8aa9b13;2024-10-08T09:30:00Z;262.86;262.97;262.97;262.86;3293;
e6123145-9665-43e0-8413-cd61b8aa9b13;2024-10-08T09:31:00Z;262.96;262.93;263.1;262.9;12844;
e6123145-9665-43e0-8413-cd61b8aa9b13;2024-10-08T09:32:00Z;262.91;262.99;263.06;262.91;1139;
e6123145-9665-43e0-8413-cd61b8aa9b13;2024-10-08T09:33:00Z;262.96;262.97;263.1;262.96;1851;
e6123145-9665-43e0-8413-cd61b8aa9b13;2024-10-08T09:34:00Z;262.97;263.02;263.08;262.97;2182;
e6123145-9665-43e0-8413-cd61b8aa9b13;2024-10-08T09:35:00Z;263.04;263.23;263.23;263.04;4205;
e6123145-9665-43e0-8413-cd61b8aa9b13;2024-10-08T09:36:00Z;263.24;263.29;263.4;263.19;11203;
e6123145-9665-43e0-8413-cd61b8aa9b13;2024-10-08T09:37:00Z;263.26;263.23;263.4;263.2;3697;
e6123145-9665-43e0-8413-cd61b8aa9b13;2024-10-08T09:38:00Z;263.23;263.31;263.33;263.23;1360;
e6123145-9665-43e0-8413-cd61b8aa9b13;2024-10-08T09:39:00Z;263.31;263.32;263.34;263.31;1934;
e6123145-9665-43e0-8413-cd61b8aa9b13;2024-10-08T09:40:00Z;263.32;263.64;263.77;263.31;55558;
e6123145-9665-43e0-8413-cd61b8aa9b13;2024-10-08T09:41:00Z;263.64;263.75;263.8;263.54;16737;
e6123145-9665-43e0-8413-cd61b8aa9b13;2024-10-08T09:42:00Z;263.74;263.62;263.8;263.51;11675;
e6123145-9665-43e0-8413-cd61b8aa9b13;2024-10-08T09:43:00Z;263.54;263.51;263.64;263.51;1884;
e6123145-9665-43e0-8413-cd61b8aa9b13;2024-10-08T09:44:00Z;263.51;263.52;263.54;263.5;6067;
e6123145-9665-43e0-8413-cd61b8aa9b13;2024-10-08T09:45:00Z;263.51;263.41;263.68;263.2;26213;
e6123145-9665-43e0-8413-cd61b8aa9b13;2024-10-08T09:46:00Z;263.37;263.46;263.47;263.18;10762;
e6123145-9665-43e0-8413-cd61b8aa9b13;2024-10-08T09:47:00Z;263.45;263.53;263.6;263.45;5761;
e6123145-9665-43e0-8413-cd61b8aa9b13;2024-10-08T09:48:00Z;263.47;263.6;263.63;263.47;13675;
e6123145-9665-43e0-8413-cd61b8aa9b13;2024-10-08T09:49:00Z;263.6;263.44;263.61;263.26;10105;
e6123145-9665-43e0-8413-cd61b8aa9b13;2024-10-08T09:50:00Z;263.44;263.26;263.46;263.23;5613;
e6123145-9665-43e0-8413-cd61b8aa9b13;2024-10-08T09:51:00Z;263.28;263.33;263.33;263.25;3238;
e6123145-9665-43e0-8413-cd61b8aa9b13;2024-10-08T09:52:00Z;263.33;263.48;263.49;263.33;4131;
e6123145-9665-43e0-8413-cd61b8aa9b13;2024-10-08T09:53:00Z;263.48;263.44;263.52;263.44;2545;
e6123145-9665-43e0-8413-cd61b8aa9b13;2024-10-08T09:54:00Z;263.44;263.21;263.46;263.21;1796;
e6123145-9665-43e0-8413-cd61b8aa9b13;2024-10-08T09:55:00Z;263.21;263.28;263.32;263.21;1368;
e6123145-9665-43e0-8413-cd61b8aa9b13;2024-10-08T09:56:00Z;263.28;263.41;263.41;263.22;3557;
e6123145-9665-43e0-8413-cd61b8aa9b13;2024-10-08T09:57:00Z;263.39;263.33;263.45;263.33;1378;
e6123145-9665-43e0-8413-cd61b8aa9b13;2024-10-08T09:58:00Z;263.33;263.36;263.38;263.33;1167;
e6123145-9665-43e0-8413-cd61b8aa9b13;2024-10-08T09:59:00Z;263.35;263.35;263.38;263.34;639;
e6123145-9665-43e0-8413-cd61b8aa9b13;2024-10-08T10:00:00Z;263.36;263.41;263.41;263.35;1567;
e6123145-9665-43e0-8413-cd61b8aa9b13;2024-10-08T10:01:00Z;263.39;263.36;263.4;263.35;1752;
e6123145-9665-43e0-8413-cd61b8aa9b13;2024-10-08T10:02:00Z;263.35;263.2;263.36;263.2;1754;
e6123145-9665-43e0-8413-cd61b8aa9b13;2024-10-08T10:03:00Z;263.21;263.25;263.26;263.11;5450;
e6123145-9665-43e0-8413-cd61b8aa9b13;2024-10-08T10:04:00Z;263.25;263.23;263.29;263.15;2544;
e6123145-9665-43e0-8413-cd61b8aa9b13;2024-10-08T10:05:00Z;263.25;263.25;263.25;263.22;547;
e6123145-9665-43e0-8413-cd61b8aa9b13;2024-10-08T10:06:00Z;263.25;263.23;263.27;263.21;961;
e6123145-9665-43e0-8413-cd61b8aa9b13;2024-10-08T10:07:00Z;263.23;263.31;263.33;263.14;1988;
e6123145-9665-43e0-8413-cd61b8aa9b13;2024-10-08T10:08:00Z;263.3;263.24;263.33;263.2;416;
e6123145-9665-43e0-8413-cd61b8aa9b13;2024-10-08T10:09:00Z;263.24;263.22;263.27;263.21;525;
e6123145-9665-43e0-8413-cd61b8aa9b13;2024-10-08T10:10:00Z;263.23;263.12;263.23;263.12;757;
e6123145-9665-43e0-8413-cd61b8aa9b13;2024-10-08T10:11:00Z;263.13;262.98;263.13;262.97;4590;
e6123145-9665-43e0-8413-cd61b8aa9b13;2024-10-08T10:12:00Z;262.99;263;263.03;262.95;3543;
e6123145-9665-43e0-8413-cd61b8aa9b13;2024-10-08T10:13:00Z;263;262.98;263.02;262.97;2248;
e6123145-9665-43e0-8413-cd61b8aa9b13;2024-10-08T10:14:00Z;262.98;262.97;262.99;262.96;426;
e6123145-9665-43e0-8413-cd61b8aa9b13;2024-10-08T10:15:00Z;262.98;263.12;263.13;262.96;2065;
e6123145-9665-43e0-8413-cd61b8aa9b13;2024-10-08T10:16:00Z;263.11;263.05;263.11;263.03;810;
e6123145-9665-43e0-8413-cd61b8aa9b13;2024-10-08T10:17:00Z;263.05;263.07;263.07;262.98;1047;
e6123145-9665-43e0-8413-cd61b8aa9b13;2024-10-08T10:18:00Z;263.07;262.98;263.07;262.98;1627;
e6123145-9665-43e0-8413-cd61b8aa9b13;2024-10-08T10:19:00Z;262.98;263.17;263.18;262.95;1764;
e6123145-9665-43e0-8413-cd61b8aa9b13;2024-10-08T10:20:00Z;263.17;263.22;263.25;263.15;2982;
e6123145-9665-43e0-8413-cd61b8aa9b13;2024-10-08T10:21:00Z;263.23;263.19;263.3;263.19;555;
e6123145-9665-43e0-8413-cd61b8aa9b13;2024-10-08T10:22:00Z;263.19;263.21;263.24;263.16;1027;
e6123145-9665-43e0-8413-cd61b8aa9b13;2024-10-08T10:23:00Z;263.21;263.34;263.36;263.21;274;
e6123145-9665-43e0-8413-cd61b8aa9b13;2024-10-08T10:24:00Z;263.34;263.27;263.41;263.2;2013;
e6123145-9665-43e0-8413-cd61b8aa9b13;2024-10-08T10:25:00Z;263.29;263.3;263.3;263.25;1499;
e6123145-9665-43e0-8413-cd61b8aa9b13;2024-10-08T10:26:00Z;263.3;263.34;263.5;263.26;17432;
e6123145-9665-43e0-8413-cd61b8aa9b13;2024-10-08T10:27:00Z;263.34;263.34;263.49;263.26;7585;
e6123145-9665-43e0-8413-cd61b8aa9b13;2024-10-08T10:28:00Z;263.32;263.25;263.34;263.23;1472;
e6123145-9665-43e0-8413-cd61b8aa9b13;2024-10-08T10:29:00Z;263.26;263.37;263.46;263.23;7377;
e6123145-9665-43e0-8413-cd61b8aa9b13;2024-10-08T10:30:00Z;263.36;263.31;263.36;263.29;608;
e6123145-9665-43e0-8413-cd61b8aa9b13;2024-10-08T10:31:00Z;263.3;263.27;263.38;263.23;445;
e6123145-9665-43e0-8413-cd61b8aa9b13;2024-10-08T10:32:00Z;263.27;263.27;263.32;263.26;1145;
e6123145-9665-43e0-8413-cd61b8aa9b13;2024-10-08T10:33:00Z;263.26;263.32;263.32;263.24;391;
e6123145-9665-43e0-8413-cd61b8aa9b13;2024-10-08T10:34:00Z;263.32;263.39;263.39;263.22;1574;
e6123145-9665-43e0-8413-cd61b8aa9b13;2024-10-08T10:35:00Z;263.36;263.31;263.36;263.26;776;
e6123145-9665-43e0-8413-cd61b8aa9b13;2024-10-08T10:36:00Z;263.3;263.25;263.4;263.25;1209;
e6123145-9665-43e0-8413-cd61b8aa9b13;2024-10-08T10:37:00Z;263.26;263.23;263.26;263.22;448;
e6123145-9665-43e0-8413-cd61b8aa9b13;2024-10-08T10:38:00Z;263.23;263.22;263.26;263.21;333;
e6123145-9665-43e0-8413-cd61b8aa9b13;2024-10-08T10:39:00Z;263.22;263.2;263.24;263.16;2899;
e6123145-9665-43e0-8413-cd61b8aa9b13;2024-10-08T10:40:00Z;263.22;263.23;263.23;263.06;3078;
e6123145-9665-43e0-8413-cd61b8aa9b13;2024-10-08T10:41:00Z;263.27;263.5;263.5;263.2;5849;
e6123145-9665-43e0-8413-cd61b8aa9b13;2024-10-08T10:42:00Z;263.5;263.55;263.66;263.4;28817;
e6123145-9665-43e0-8413-cd61b8aa9b13;2024-10-08T10:43:00Z;263.57;263.62;263.7;263.57;3472;
e6123145-9665-43e0-8413-cd61b8aa9b13;2024-10-08T10:44:00Z;263.63;263.57;263.63;263.54;977;
e6123145-9665-43e0-8413-cd61b8aa9b13;2024-10-08T10:45:00Z;263.56;263.51;263.56;263.51;654;
e6123145-9665-43e0-8413-cd61b8aa9b13;2024-10-08T10:46:00Z;263.53;263.39;263.53;263.39;866;
e6123145-9665-43e0-8413-cd61b8aa9b13;2024-10-08T10:47:00Z;263.4;263.34;263.4;263.3;1446;
e6123145-9665-43e0-8413-cd61b8aa9b13;2024-10-08T10:48:00Z;263.35;263.37;263.41;263.31;806;
e6123145-9665-43e0-8413-cd61b8aa9b13;2024-10-08T10:49:00Z;263.38;263.32;263.43;263.28;704;
e6123145-9665-43e0-8413-cd61b8aa9b13;2024-10-08T10:50:00Z;263.32;263.42;263.48;263.32;1084;
e6123145-9665-43e0-8413-cd61b8aa9b13;2024-10-08T10:51:00Z;263.42;263.37;263.44;263.36;861;
e6123145-9665-43e0-8413-cd61b8aa9b13;2024-10-08T10:52:00Z;263.37;263.31;263.37;263.27;502;
e6123145-9665-43e0-8413-cd61b8aa9b13;2024-10-08T10:53:00Z;263.31;263.27;263.33;263.26;1106;
e6123145-9665-43e0-8413-cd61b8aa9b13;2024-10-08T10:54:00Z;263.27;263.14;263.27;263.12;1280;
e6123145-9665-43e0-8413-cd61b8aa9b13;2024-10-08T10:55:00Z;263.13;263.15;263.21;263.08;2596;
e6123145-9665-43e0-8413-cd61b8aa9b13;2024-10-08T10:56:00Z;263.14;263.28;263.28;263.1;1425;
e6123145-9665-43e0-8413-cd61b8aa9b13;2024-10-08T10:57:00Z;263.29;263.39;263.39;263.28;468;
e6123145-9665-43e0-8413-cd61b8aa9b13;2024-10-08T10:58:00Z;263.39;263.39;263.4;263.23;944;
e6123145-9665-43e0-8413-cd61b8aa9b13;2024-10-08T10:59:00Z;263.39;263.33;263.44;263.33;826;
e6123145-9665-43e0-8413-cd61b8aa9b13;2024-10-08T11:00:00Z;263.31;263.49;263.49;263.31;438;
e6123145-9665-43e0-8413-cd61b8aa9b13;2024-10-08T11:01:00Z;263.49;263.46;263.63;263.17;5465;
e6123145-9665-43e0-8413-cd61b8aa9b13;2024-10-08T11:02:00Z;263.36;263.45;263.6;263.36;3312;
e6123145-9665-43e0-8413-cd61b8aa9b13;2024-10-08T11:03:00Z;263.45;263.34;263.46;263.19;1120;
e6123145-9665-43e0-8413-cd61b8aa9b13;2024-10-08T11:04:00Z;263.41;263.46;263.46;263.32;271;
e6123145-9665-43e0-8413-cd61b8aa9b13;2024-10-08T11:05:00Z;263.45;263.15;263.46;263.13;1616;
e6123145-9665-43e0-8413-cd61b8aa9b13;2024-10-08T11:06:00Z;263.17;263.14;263.27;263.14;729;
e6123145-9665-43e0-8413-cd61b8aa9b13;2024-10-08T11:07:00Z;263.14;263.07;263.14;263.07;2284;
e6123145-9665-43e0-8413-cd61b8aa9b13;2024-10-08T11:08:00Z;263.07;263.07;263.09;263.05;492;
e6123145-9665-43e0-8413-cd61b8aa9b13;2024-10-08T11:09:00Z;263.09;263.12;263.15;263.08;311;
e6123145-9665-43e0-8413-cd61b8aa9b13;2024-10-08T11:10:00Z;263.08;263.02;263.15;263.02;1621;
e6123145-9665-43e0-8413-cd61b8aa9b13;2024-10-08T11:11:00Z;263.03;262.89;263.03;262.78;6562;
e6123145-9665-43e0-8413-cd61b8aa9b13;2024-10-08T11:12:00Z;262.88;262.92;262.92;262.88;729;
e6123145-9665-43e0-8413-cd61b8aa9b13;2024-10-08T11:13:00Z;262.92;262.8;262.93;262.8;997;
e6123145-9665-43e0-8413-cd61b8aa9b13;2024-10-08T11:14:00Z;262.8;262.78;262.8;262.7;3238;
e6123145-9665-43e0-8413-cd61b8aa9b13;2024-10-08T11:15:00Z;262.77;262.86;262.93;262.76;3364;
e6123145-9665-43e0-8413-cd61b8aa9b13;2024-10-08T11:16:00Z;262.87;262.86;262.95;262.86;543;
e6123145-9665-43e0-8413-cd61b8aa9b13;2024-10-08T11:17:00Z;262.86;262.7;262.86;262.7;1417;
e6123145-9665-43e0-8413-cd61b8aa9b13;2024-10-08T11:18:00Z;262.7;262.78;262.81;262.7;934;
e6123145-9665-43e0-8413-cd61b8aa9b13;2024-10-08T11:19:00Z;262.79;262.54;262.79;262.54;5352;
e6123145-9665-43e0-8413-cd61b8aa9b13;2024-10-08T11:20:00Z;262.55;262.46;262.56;262.46;8053;
e6123145-9665-43e0-8413-cd61b8aa9b13;2024-10-08T11:21:00Z;262.46;262.26;262.47;262.25;7511;
e6123145-9665-43e0-8413-cd61b8aa9b13;2024-10-08T11:22:00Z;262.26;262.38;262.43;262.2;6183;
e6123145-9665-43e0-8413-cd61b8aa9b13;2024-10-08T11:23:00Z;262.39;262.58;262.61;262.39;1918;
e6123145-9665-43e0-8413-cd61b8aa9b13;2024-10-08T11:24:00Z;262.57;262.5;262.58;262.42;412;
e6123145-9665-43e0-8413-cd61b8aa9b13;2024-10-08T11:25:00Z;262.5;262.62;262.63;262.49;1161;
e6123145-9665-43e0-8413-cd61b8aa9b13;2024-10-08T11:26:00Z;262.62;262.66;262.66;262.59;937;
e6123145-9665-43e0-8413-cd61b8aa9b13;2024-10-08T11:27:00Z;262.66;262.6;262.66;262.6;1310;
e6123145-9665-43e0-8413-cd61b8aa9b13;2024-10-08T11:28:00Z;262.6;262.57;262.62;262.56;384;
e6123145-9665-43e0-8413-cd61b8aa9b13;2024-10-08T11:29:00Z;262.56;262.65;262.68;262.54;3113;
e6123145-9665-43e0-8413-cd61b8aa9b13;2024-10-08T11:30:00Z;262.66;262.82;262.88;262.65;8860;
e6123145-9665-43e0-8413-cd61b8aa9b13;2024-10-08T11:31:00Z;262.85;262.85;262.87;262.81;620;
e6123145-9665-43e0-8413-cd61b8aa9b13;2024-10-08T11:32:00Z;262.84;262.81;262.84;262.8;1555;
e6123145-9665-43e0-8413-cd61b8aa9b13;2024-10-08T11:33:00Z;262.81;262.67;262.82;262.55;5371;
e6123145-9665-43e0-8413-cd61b8aa9b13;2024-10-08T11:34:00Z;262.65;262.57;262.65;262.52;1876;
e6123145-9665-43e0-8413-cd61b8aa9b13;2024-10-08T11:35:00Z;262.55;262.7;262.7;262.55;2531;
e6123145-9665-43e0-8413-cd61b8aa9b13;2024-10-08T11:36:00Z;262.7;262.85;262.85;262.65;2155;
e6123145-9665-43e0-8413-cd61b8aa9b13;2024-10-08T11:37:00Z;262.85;262.85;262.86;262.83;226;
e6123145-9665-43e0-8413-cd61b8aa9b13;2024-10-08T11:38:00Z;262.86;262.95;262.96;262.86;1886;
e6123145-9665-43e0-8413-cd61b8aa9b13;2024-10-08T11:39:00Z;262.95;262.99;263;262.95;3694;
e6123145-9665-43e0-8413-cd61b8aa9b13;2024-10-08T11:40:00Z;262.99;262.99;263;262.97;3807;
e6123145-9665-43e0-8413-cd61b8aa9b13;2024-10-08T11:41:00Z;263;262.75;263;262.71;8030;
e6123145-9665-43e0-8413-cd61b8aa9b13;2024-10-08T11:42:00Z;262.76;262.68;262.84;262.68;3096;
e6123145-9665-43e0-8413-cd61b8aa9b13;2024-10-08T11:43:00Z;262.68;262.68;262.68;262.63;755;
e6123145-9665-43e0-8413-cd61b8aa9b13;2024-10-08T11:44:00Z;262.68;262.34;262.68;262.32;4409;
e6123145-9665-43e0-8413-cd61b8aa9b13;2024-10-08T11:45:00Z;262.31;262.43;262.48;262.29;1687;
e6123145-9665-43e0-8413-cd61b8aa9b13;2024-10-08T11:46:00Z;262.5;262.43;262.56;262.42;979;
e6123145-9665-43e0-8413-cd61b8aa9b13;2024-10-08T11:47:00Z;262.41;262.5;262.5;262.4;646;
e6123145-9665-43e0-8413-cd61b8aa9b13;2024-10-08T11:48:00Z;262.5;262.6;262.65;262.48;1443;
e6123145-9665-43e0-8413-cd61b8aa9b13;2024-10-08T11:49:00Z;262.6;262.52;262.61;262.51;1504;
e6123145-9665-43e0-8413-cd61b8aa9b13;2024-10-08T11:50:00Z;262.52;262.38;262.52;262.35;1826;
e6123145-9665-43e0-8413-cd61b8aa9b13;2024-10-08T11:51:00Z;262.38;262.43;262.46;262.35;840;
e6123145-9665-43e0-8413-cd61b8aa9b13;2024-10-08T11:52:00Z;262.43;262.51;262.55;262.37;983;
e6123145-9665-43e0-8413-cd61b8aa9b13;2024-10-08T11:53:00Z;262.54;262.57;262.6;262.48;459;
e6123145-9665-43e0-8413-cd61b8aa9b13;2024-10-08T11:54:00Z;262.59;262.68;262.68;262.56;1118;
e6123145-9665-43e0-8413-cd61b8aa9b13;2024-10-08T11:55:00Z;262.7;262.78;262.84;262.7;2632;
e6123145-9665-43e0-8413-cd61b8aa9b13;2024-10-08T11:56:00Z;262.79;262.79;262.85;262.73;3909;
e6123145-9665-43e0-8413-cd61b8aa9b13;2024-10-08T11:57:00Z;262.81;262.64;262.81;262.59;1598;
e6123145-9665-43e0-8413-cd61b8aa9b13;2024-10-08T11:58:00Z;262.63;262.67;262.68;262.63;1020;
e6123145-9665-43e0-8413-cd61b8aa9b13;2024-10-08T11:59:00Z;262.65;262.72;262.72;262.61;540;
e6123145-9665-43e0-8413-cd61b8aa9b13;2024-10-08T12:00:00Z;262.71;262.61;262.75;262.6;1086;
e6123145-9665-43e0-8413-cd61b8aa9b13;2024-10-08T12:01:00Z;262.61;262.55;262.61;262.53;756;
e6123145-9665-43e0-8413-cd61b8aa9b13;2024-10-08T12:02:00Z;262.55;262.54;262.57;262.53;405;
e6123145-9665-43e0-8413-cd61b8aa9b13;2024-10-08T12:03:00Z;262.54;262.55;262.55;262.47;1601;
e6123145-9665-43e0-8413-cd61b8aa9b13;2024-10-08T12:04:00Z;262.54;262.53;262.54;262.5;543;
e6123145-9665-43e0-8413-cd61b8aa9b13;2024-10-08T12:05:00Z;262.52;262.42;262.52;262.42;1493;
e6123145-9665-43e0-8413-cd61b8aa9b13;2024-10-08T12:06:00Z;262.42;262.41;262.42;262.28;3377;
e6123145-9665-43e0-8413-cd61b8aa9b13;2024-10-08T12:07:00Z;262.42;262.32;262.42;262.3;2951;
e6123145-9665-43e0-8413-cd61b8aa9b13;2024-10-08T12:08:00Z;262.32;262.35;262.48;262.31;737;
e6123145-9665-43e0-8413-cd61b8aa9b13;2024-10-08T12:09:00Z;262.36;262.36;262.36;262.33;1326;
e6123145-9665-43e0-8413-cd61b8aa9b13;2024-10-08T12:10:00Z;262.36;262.29;262.38;262.29;4929;
e6123145-9665-43e0-8413-cd61b8aa9b13;2024-10-08T12:11:00Z;262.29;262.44;262.45;262.29;1962;
e6123145-9665-43e0-8413-cd61b8aa9b13;2024-10-08T12:12:00Z;262.45;262.47;262.49;262.45;405;
e6123145-9665-43e0-8413-cd61b8aa9b13;2024-10-08T12:13:00Z;262.49;262.45;262.51;262.43;2141;
e6123145-9665-43e0-8413-cd61b8aa9b13;2024-10-08T12:14:00Z;262.45;262.55;262.55;262.43;817;
e6123145-9665-43e0-8413-cd61b8aa9b13;2024-10-08T12:15:00Z;262.51;262.53;262.55;262.51;320;
e6123145-9665-43e0-8413-cd61b8aa9b13;2024-10-08T12:16:00Z;262.52;262.6;262.6;262.52;2425;
e6123145-9665-43e0-8413-cd61b8aa9b13;2024-10-08T12:17:00Z;262.6;262.52;262.6;262.49;1096;
e6123145-9665-43e0-8413-cd61b8aa9b13;2024-10-08T12:18:00Z;262.51;262.53;262.58;262.51;765;
e6123145-9665-43e0-8413-cd61b8aa9b13;2024-10-08T12:19:00Z;262.53;262.6;262.6;262.53;793;
e6123145-9665-43e0-8413-cd61b8aa9b13;2024-10-08T12:20:00Z;262.58;262.57;262.58;262.55;352;
e6123145-9665-43e0-8413-cd61b8aa9b13;2024-10-08T12:21:00Z;262.57;262.7;262.7;262.57;1399;
e6123145-9665-43e0-8413-cd61b8aa9b13;2024-10-08T12:22:00Z;262.69;262.82;262.83;262.69;795;
e6123145-9665-43e0-8413-cd61b8aa9b13;2024-10-08T12:23:00Z;262.82;262.78;262.83;262.78;441;
e6123145-9665-43e0-8413-cd61b8aa9b13;2024-10-08T12:24:00Z;262.78;262.87;262.87;262.78;237;
e6123145-9665-43e0-8413-cd61b8aa9b13;2024-10-08T12:25:00Z;262.9;262.99;263;262.81;7169;
e6123145-9665-43e0-8413-cd61b8aa9b13;2024-10-08T12:26:00Z;263;263;263.17;262.96;2713;
e6123145-9665-43e0-8413-cd61b8aa9b13;2024-10-08T12:27:00Z;263;262.96;263;262.95;524;
e6123145-9665-43e0-8413-cd61b8aa9b13;2024-10-08T12:28:00Z;262.95;263.11;263.11;262.95;421;
e6123145-9665-43e0-8413-cd61b8aa9b13;2024-10-08T12:29:00Z;263.12;263.3;263.3;263.11;5161;
e6123145-9665-43e0-8413-cd61b8aa9b13;2024-10-08T12:30:00Z;263.3;263.25;263.3;263.17;3717;
e6123145-9665-43e0-8413-cd61b8aa9b13;2024-10-08T12:31:00Z;263.24;263.3;263.3;263.23;12905;
e6123145-9665-43e0-8413-cd61b8aa9b13;2024-10-08T12:32:00Z;263.3;263.29;263.39;263.24;6705;
e6123145-9665-43e0-8413-cd61b8aa9b13;2024-10-08T12:33:00Z;263.28;263.07;263.29;263.05;10522;
e6123145-9665-43e0-8413-cd61b8aa9b13;2024-10-08T12:34:00Z;263.12;263.03;263.13;263.03;2811;
e6123145-9665-43e0-8413-cd61b8aa9b13;2024-10-08T12:35:00Z;263.02;262.87;263.02;262.81;1210;
e6123145-9665-43e0-8413-cd61b8aa9b13;2024-10-08T12:36:00Z;262.89;262.91;263.01;262.89;1085;
e6123145-9665-43e0-8413-cd61b8aa9b13;2024-10-08T12:37:00Z;262.93;262.92;262.94;262.92;189;
e6123145-9665-43e0-8413-cd61b8aa9b13;2024-10-08T12:38:00Z;262.91;262.94;262.94;262.91;692;
e6123145-9665-43e0-8413-cd61b8aa9b13;2024-10-08T12:39:00Z;262.94;262.95;262.96;262.94;422;
e6123145-9665-43e0-8413-cd61b8aa9b13;2024-10-08T12:40:00Z;262.94;262.96;263;262.91;781;
e6123145-9665-43e0-8413-cd61b8aa9b13;2024-10-08T12:41:00Z;262.96;262.91;262.96;262.9;358;
e6123145-9665-43e0-8413-cd61b8aa9b13;2024-10-08T12:42:00Z;262.91;262.78;262.91;262.77;2717;
e6123145-9665-43e0-8413-cd61b8aa9b13;2024-10-08T12:43:00Z;262.77;262.78;262.78;262.71;1309;
e6123145-9665-43e0-8413-cd61b8aa9b13;2024-10-08T12:44:00Z;262.78;262.75;262.78;262.74;395;
e6123145-9665-43e0-8413-cd61b8aa9b13;2024-10-08T12:45:00Z;262.73;262.7;262.73;262.68;680;
e6123145-9665-43e0-8413-cd61b8aa9b13;2024-10-08T12:46:00Z;262.69;262.7;262.7;262.69;177;
e6123145-9665-43e0-8413-cd61b8aa9b13;2024-10-08T12:47:00Z;262.7;262.7;262.7;262.69;755;
e6123145-9665-43e0-8413-cd61b8aa9b13;2024-10-08T12:48:00Z;262.69;262.78;262.78;262.69;449;
e6123145-9665-43e0-8413-cd61b8aa9b13;2024-10-08T12:49:00Z;262.76;262.61;262.76;262.6;1520;
e6123145-9665-43e0-8413-cd61b8aa9b13;2024-10-08T12:50:00Z;262.6;262.58;262.69;262.56;2383;
e6123145-9665-43e0-8413-cd61b8aa9b13;2024-10-08T12:51:00Z;262.58;262.6;262.65;262.58;510;
e6123145-9665-43e0-8413-cd61b8aa9b13;2024-10-08T12:52:00Z;262.61;262.56;262.62;262.55;7175;
e6123145-9665-43e0-8413-cd61b8aa9b13;2024-10-08T12:53:00Z;262.55;262.59;262.7;262.46;14685;
e6123145-9665-43e0-8413-cd61b8aa9b13;2024-10-08T12:54:00Z;262.59;262.27;262.6;262.11;23823;
e6123145-9665-43e0-8413-cd61b8aa9b13;2024-10-08T12:55:00Z;262.26;262.46;262.48;262.25;5578;
e6123145-9665-43e0-8413-cd61b8aa9b13;2024-10-08T12:56:00Z;262.46;262.5;262.5;262.43;1927;
e6123145-9665-43e0-8413-cd61b8aa9b13;2024-10-08T12:57:00Z;262.5;262.62;262.63;262.5;863;
e6123145-9665-43e0-8413-cd61b8aa9b13;2024-10-08T12:58:00Z;262.62;262.61;262.64;262.6;244;
e6123145-9665-43e0-8413-cd61b8aa9b13;2024-10-08T12:59:00Z;262.6;262.37;262.61;262.35;3805;
e6123145-9665-43e0-8413-cd61b8aa9b13;2024-10-08T13:00:00Z;262.36;262.26;262.36;262.25;3671;
e6123145-9665-43e0-8413-cd61b8aa9b13;2024-10-08T13:01:00Z;262.25;262.41;262.41;262.25;441;
e6123145-9665-43e0-8413-cd61b8aa9b13;2024-10-08T13:02:00Z;262.41;262.41;262.45;262.33;354;
e6123145-9665-43e0-8413-cd61b8aa9b13;2024-10-08T13:03:00Z;262.43;262.56;262.62;262.43;1350;
e6123145-9665-43e0-8413-cd61b8aa9b13;2024-10-08T13:04:00Z;262.53;262.62;262.66;262.52;351;
e6123145-9665-43e0-8413-cd61b8aa9b13;2024-10-08T13:05:00Z;262.65;262.62;262.68;262.61;402;
e6123145-9665-43e0-8413-cd61b8aa9b13;2024-10-08T13:06:00Z;262.61;262.65;262.66;262.61;372;
e6123145-9665-43e0-8413-cd61b8aa9b13;2024-10-08T13:07:00Z;262.66;262.67;262.71;262.62;489;
e6123145-9665-43e0-8413-cd61b8aa9b13;2024-10-08T13:08:00Z;262.66;262.59;262.69;262.59;686;
e6123145-9665-43e0-8413-cd61b8aa9b13;2024-10-08T13:09:00Z;262.61;262.45;262.61;262.45;3973;
e6123145-9665-43e0-8413-cd61b8aa9b13;2024-10-08T13:10:00Z;262.51;262.33;262.57;262.32;1937;
e6123145-9665-43e0-8413-cd61b8aa9b13;2024-10-08T13:11:00Z;262.32;262.34;262.35;262.26;2517;
e6123145-9665-43e0-8413-cd61b8aa9b13;2024-10-08T13:12:00Z;262.34;262.3;262.37;262.26;754;
e6123145-9665-43e0-8413-cd61b8aa9b13;2024-10-08T13:13:00Z;262.3;262.46;262.47;262.3;1246;
e6123145-9665-43e0-8413-cd61b8aa9b13;2024-10-08T13:14:00Z;262.46;262.5;262.53;262.46;458;
e6123145-9665-43e0-8413-cd61b8aa9b13;2024-10-08T13:15:00Z;262.5;262.45;262.54;262.42;813;
e6123145-9665-43e0-8413-cd61b8aa9b13;2024-10-08T13:16:00Z;262.45;262.03;262.46;262;31445;
e6123145-9665-43e0-8413-cd61b8aa9b13;2024-10-08T13:17:00Z;262.06;262.2;262.2;262.05;1573;
e6123145-9665-43e0-8413-cd61b8aa9b13;2024-10-08T13:18:00Z;262.15;262.11;262.2;262.07;2056;
e6123145-9665-43e0-8413-cd61b8aa9b13;2024-10-08T13:19:00Z;262.16;262.28;262.31;262.13;1246;
e6123145-9665-43e0-8413-cd61b8aa9b13;2024-10-08T13:20:00Z;262.31;262.21;262.33;262.2;3196;
e6123145-9665-43e0-8413-cd61b8aa9b13;2024-10-08T13:21:00Z;262.21;262.19;262.23;262.1;3259;
e6123145-9665-43e0-8413-cd61b8aa9b13;2024-10-08T13:22:00Z;262.2;262.17;262.21;262.16;3401;
e6123145-9665-43e0-8413-cd61b8aa9b13;2024-10-08T13:23:00Z;262.17;262.14;262.23;262.09;3329;
e6123145-9665-43e0-8413-cd61b8aa9b13;2024-10-08T13:24:00Z;262.16;262.2;262.28;262.16;2266;
e6123145-9665-43e0-8413-cd61b8aa9b13;2024-10-08T13:25:00Z;262.17;262.36;262.37;262.14;4987;
e6123145-9665-43e0-8413-cd61b8aa9b13;2024-10-08T13:26:00Z;262.36;262.4;262.4;262.36;1410;
e6123145-9665-43e0-8413-cd61b8aa9b13;2024-10-08T13:27:00Z;262.39;262.48;262.51;262.38;879;
e6123145-9665-43e0-8413-cd61b8aa9b13;2024-10-08T13:28:00Z;262.49;262.57;262.58;262.47;1061;
e6123145-9665-43e0-8413-cd61b8aa9b13;2024-10-08T13:29:00Z;262.57;262.51;262.57;262.5;1754;
e6123145-9665-43e0-8413-cd61b8aa9b13;2024-10-08T13:30:00Z;262.51;262.48;262.51;262.47;625;
e6123145-9665-43e0-8413-cd61b8aa9b13;2024-10-08T13:31:00Z;262.5;262.44;262.52;262.43;1990;
e6123145-9665-43e0-8413-cd61b8aa9b13;2024-10-08T13:32:00Z;262.41;262.52;262.52;262.41;579;
e6123145-9665-43e0-8413-cd61b8aa9b13;2024-10-08T13:33:00Z;262.52;262.59;262.6;262.49;4780;
e6123145-9665-43e0-8413-cd61b8aa9b13;2024-10-08T13:34:00Z;262.6;262.63;262.63;262.59;491;
e6123145-9665-43e0-8413-cd61b8aa9b13;2024-10-08T13:35:00Z;262.63;262.66;262.67;262.62;546;
e6123145-9665-43e0-8413-cd61b8aa9b13;2024-10-08T13:36:00Z;262.67;262.65;262.67;262.64;262;
e6123145-9665-43e0-8413-cd61b8aa9b13;2024-10-08T13:37:00Z;262.65;262.5;262.65;262.43;2015;
e6123145-9665-43e0-8413-cd61b8aa9b13;2024-10-08T13:38:00Z;262.47;262.55;262.6;262.46;330;
e6123145-9665-43e0-8413-cd61b8aa9b13;2024-10-08T13:39:00Z;262.52;262.46;262.55;262.46;618;
e6123145-9665-43e0-8413-cd61b8aa9b13;2024-10-08T13:40:00Z;262.47;262.48;262.48;262.44;342;
e6123145-9665-43e0-8413-cd61b8aa9b13;2024-10-08T13:41:00Z;262.47;262.5;262.51;262.38;544;
e6123145-9665-43e0-8413-cd61b8aa9b13;2024-10-08T13:42:00Z;262.49;262.49;262.54;262.45;576;
e6123145-9665-43e0-8413-cd61b8aa9b13;2024-10-08T13:43:00Z;262.49;262.48;262.49;262.45;340;
e6123145-9665-43e0-8413-cd61b8aa9b13;2024-10-08T13:44:00Z;262.49;262.6;262.67;262.49;1254;
e6123145-9665-43e0-8413-cd61b8aa9b13;2024-10-08T13:45:00Z;262.57;262.49;262.57;262.49;1118;
e6123145-9665-43e0-8413-cd61b8aa9b13;2024-10-08T13:46:00Z;262.5;262.47;262.5;262.46;2528;
e6123145-9665-43e0-8413-cd61b8aa9b13;2024-10-08T13:47:00Z;262.46;262.37;262.48;262.34;2209;
e6123145-9665-43e0-8413-cd61b8aa9b13;2024-10-08T13:48:00Z;262.38;262.47;262.47;262.38;390;
e6123145-9665-43e0-8413-cd61b8aa9b13;2024-10-08T13:49:00Z;262.47;262.47;262.48;262.42;201;
e6123145-9665-43e0-8413-cd61b8aa9b13;2024-10-08T13:50:00Z;262.47;262.54;262.54;262.42;460;
e6123145-9665-43e0-8413-cd61b8aa9b13;2024-10-08T13:51:00Z;262.54;262.7;262.7;262.52;1116;
e6123145-9665-43e0-8413-cd61b8aa9b13;2024-10-08T13:52:00Z;262.7;262.8;263;262.7;5917;
e6123145-9665-43e0-8413-cd61b8aa9b13;2024-10-08T13:53:00Z;262.8;262.73;262.81;262.71;1522;
e6123145-9665-43e0-8413-cd61b8aa9b13;2024-10-08T13:54:00Z;262.72;262.82;262.87;262.72;1173;
e6123145-9665-43e0-8413-cd61b8aa9b13;2024-10-08T13:55:00Z;262.8;262.89;262.89;262.8;384;
e6123145-9665-43e0-8413-cd61b8aa9b13;2024-10-08T13:56:00Z;262.89;262.85;262.89;262.8;1128;
e6123145-9665-43e0-8413-cd61b8aa9b13;2024-10-08T13:57:00Z;262.82;262.86;262.92;262.82;253;
e6123145-9665-43e0-8413-cd61b8aa9b13;2024-10-08T13:58:00Z;262.84;262.85;262.86;262.84;262;
e6123145-9665-43e0-8413-cd61b8aa9b13;2024-10-08T13:59:00Z;262.86;262.85;262.86;262.85;274;
e6123145-9665-43e0-8413-cd61b8aa9b13;2024-10-08T14:00:00Z;262.86;262.86;262.89;262.85;1182;
e6123145-9665-43e0-8413-cd61b8aa9b13;2024-10-08T14:01:00Z;262.86;262.88;262.88;262.86;175;
e6123145-9665-43e0-8413-cd61b8aa9b13;2024-10-08T14:02:00Z;262.88;262.87;262.88;262.86;475;
e6123145-9665-43e0-8413-cd61b8aa9b13;2024-10-08T14:03:00Z;262.87;262.87;262.9;262.87;333;
e6123145-9665-43e0-8413-cd61b8aa9b13;2024-10-08T14:04:00Z;262.88;262.87;262.88;262.86;309;
e6123145-9665-43e0-8413-cd61b8aa9b13;2024-10-08T14:05:00Z;262.87;262.88;262.88;262.86;396;
e6123145-9665-43e0-8413-cd61b8aa9b13;2024-10-08T14:06:00Z;262.87;262.64;262.87;262.49;6537;
e6123145-9665-43e0-8413-cd61b8aa9b13;2024-10-08T14:07:00Z;262.63;262.67;262.67;262.57;885;
e6123145-9665-43e0-8413-cd61b8aa9b13;2024-10-08T14:08:00Z;262.63;262.61;262.65;262.6;179;
e6123145-9665-43e0-8413-cd61b8aa9b13;2024-10-08T14:09:00Z;262.63;262.65;262.71;262.62;362;
e6123145-9665-43e0-8413-cd61b8aa9b13;2024-10-08T14:10:00Z;262.66;262.67;262.67;262.66;392;
e6123145-9665-43e0-8413-cd61b8aa9b13;2024-10-08T14:11:00Z;262.67;262.67;262.67;262.66;409;
e6123145-9665-43e0-8413-cd61b8aa9b13;2024-10-08T14:12:00Z;262.66;262.66;262.68;262.59;562;
e6123145-9665-43e0-8413-cd61b8aa9b13;2024-10-08T14:13:00Z;262.65;262.7;262.73;262.65;408;
e6123145-9665-43e0-8413-cd61b8aa9b13;2024-10-08T14:14:00Z;262.68;262.68;262.7;262.68;149;
e6123145-9665-43e0-8413-cd61b8aa9b13;2024-10-08T14:15:00Z;262.7;262.6;262.7;262.6;206;
e6123145-9665-43e0-8413-cd61b8aa9b13;2024-10-08T14:16:00Z;262.62;262.7;262.7;262.6;736;
e6123145-9665-43e0-8413-cd61b8aa9b13;2024-10-08T14:17:00Z;262.7;262.76;262.76;262.62;1175;
e6123145-9665-43e0-8413-cd61b8aa9b13;2024-10-08T14:18:00Z;262.69;262.6;262.74;262.55;2681;
e6123145-9665-43e0-8413-cd61b8aa9b13;2024-10-08T14:19:00Z;262.61;262.57;262.61;262.53;382;
e6123145-9665-43e0-8413-cd61b8aa9b13;2024-10-08T14:20:00Z;262.57;262.6;262.62;262.56;373;
e6123145-9665-43e0-8413-cd61b8aa9b13;2024-10-08T14:21:00Z;262.6;262.79;262.8;262.6;2668;
e6123145-9665-43e0-8413-cd61b8aa9b13;2024-10-08T14:22:00Z;262.79;262.77;262.81;262.77;442;
e6123145-9665-43e0-8413-cd61b8aa9b13;2024-10-08T14:23:00Z;262.76;262.72;262.77;262.72;504;
e6123145-9665-43e0-8413-cd61b8aa9b13;2024-10-08T14:24:00Z;262.71;262.73;262.73;262.68;190;
e6123145-9665-43e0-8413-cd61b8aa9b13;2024-10-08T14:25:00Z;262.75;262.76;262.77;262.74;216;
e6123145-9665-43e0-8413-cd61b8aa9b13;2024-10-08T14:26:00Z;262.73;262.73;262.74;262.72;292;
e6123145-9665-43e0-8413-cd61b8aa9b13;2024-10-08T14:27:00Z;262.72;262.57;262.73;262.57;523;
e6123145-9665-43e0-8413-cd61b8aa9b13;2024-10-08T14:28:00Z;262.57;262.65;262.69;262.57;165;
e6123145-9665-43e0-8413-cd61b8aa9b13;2024-10-08T14:29:00Z;262.68;262.72;262.73;262.66;371;
e6123145-9665-43e0-8413-cd61b8aa9b13;2024-10-08T14:30:00Z;262.65;262.83;262.87;262.65;3373;
e6123145-9665-43e0-8413-cd61b8aa9b13;2024-10-08T14:31:00Z;262.84;262.93;262.93;262.84;1640;
e6123145-9665-43e0-8413-cd61b8aa9b13;2024-10-08T14:32:00Z;262.93;263.05;263.05;262.92;4671;
e6123145-9665-43e0-8413-cd61b8aa9b13;2024-10-08T14:33:00Z;263;262.94;263.05;262.91;1240;
e6123145-9665-43e0-8413-cd61b8aa9b13;2024-10-08T14:34:00Z;262.94;262.98;263.03;262.92;791;
e6123145-9665-43e0-8413-cd61b8aa9b13;2024-10-08T14:35:00Z;262.99;263.01;263.1;262.99;1428;
e6123145-9665-43e0-8413-cd61b8aa9b13;2024-10-08T14:36:00Z;263;262.95;263.08;262.92;845;
e6123145-9665-43e0-8413-cd61b8aa9b13;2024-10-08T14:37:00Z;262.93;262.99;263;262.9;1674;
e6123145-9665-43e0-8413-cd61b8aa9b13;2024-10-08T14:38:00Z;263;263.02;263.05;262.99;1023;
e6123145-9665-43e0-8413-cd61b8aa9b13;2024-10-08T14:39:00Z;263.02;262.99;263.05;262.98;228;
e6123145-9665-43e0-8413-cd61b8aa9b13;2024-10-08T14:40:00Z;262.99;262.97;262.99;262.97;603;
e6123145-9665-43e0-8413-cd61b8aa9b13;2024-10-08T14:41:00Z;262.95;262.95;262.97;262.83;4193;
e6123145-9665-43e0-8413-cd61b8aa9b13;2024-10-08T14:42:00Z;262.94;262.98;262.98;262.94;390;
e6123145-9665-43e0-8413-cd61b8aa9b13;2024-10-08T14:43:00Z;262.98;262.96;262.98;262.94;351;
e6123145-9665-43e0-8413-cd61b8aa9b13;2024-10-08T14:44:00Z;262.95;262.97;262.97;262.94;184;
e6123145-9665-43e0-8413-cd61b8aa9b13;2024-10-08T14:45:00Z;262.97;262.85;262.97;262.85;1154;
e6123145-9665-43e0-8413-cd61b8aa9b13;2024-10-08T14:46:00Z;262.84;262.84;262.88;262.83;232;
e6123145-9665-43e0-8413-cd61b8aa9b13;2024-10-08T14:47:00Z;262.83;262.83;262.85;262.72;1965;
e6123145-9665-43e0-8413-cd61b8aa9b13;2024-10-08T14:48:00Z;262.82;262.84;262.84;262.75;1238;
e6123145-9665-43e0-8413-cd61b8aa9b13;2024-10-08T14:49:00Z;262.84;262.84;262.85;262.84;237;
e6123145-9665-43e0-8413-cd61b8aa9b13;2024-10-08T14:50:00Z;262.85;262.94;262.95;262.85;1335;
e6123145-9665-43e0-8413-cd61b8aa9b13;2024-10-08T14:51:00Z;262.94;263.02;263.15;262.94;5200;
e6123145-9665-43e0-8413-cd61b8aa9b13;2024-10-08T14:52:00Z;263.06;263.08;263.17;263.01;6134;
e6123145-9665-43e0-8413-cd61b8aa9b13;2024-10-08T14:53:00Z;263.07;263.12;263.17;263.07;1925;
e6123145-9665-43e0-8413-cd61b8aa9b13;2024-10-08T14:54:00Z;263.12;263.17;263.17;263.12;1200;
e6123145-9665-43e0-8413-cd61b8aa9b13;2024-10-08T14:55:00Z;263.17;263.2;263.2;263.17;5873;
e6123145-9665-43e0-8413-cd61b8aa9b13;2024-10-08T14:56:00Z;263.22;263.24;263.24;263.22;2752;
e6123145-9665-43e0-8413-cd61b8aa9b13;2024-10-08T14:57:00Z;263.23;263.24;263.24;263.23;3595;
e6123145-9665-43e0-8413-cd61b8aa9b13;2024-10-08T14:58:00Z;263.24;263.3;263.3;263.23;6315;
e6123145-9665-43e0-8413-cd61b8aa9b13;2024-10-08T14:59:00Z;263.3;263.25;263.31;263.25;1618;
e6123145-9665-43e0-8413-cd61b8aa9b13;2024-10-08T15:00:00Z;263.25;263.32;263.32;263.25;2229;
e6123145-9665-43e0-8413-cd61b8aa9b13;2024-10-08T15:01:00Z;263.31;263.31;263.32;263.31;2022;
e6123145-9665-43e0-8413-cd61b8aa9b13;2024-10-08T15:02:00Z;263.31;263.24;263.31;263.24;4167;
e6123145-9665-43e0-8413-cd61b8aa9b13;2024-10-08T15:03:00Z;263.25;263.29;263.29;263.24;643;
e6123145-9665-43e0-8413-cd61b8aa9b13;2024-10-08T15:04:00Z;263.29;263.04;263.3;263.04;7397;
e6123145-9665-43e0-8413-cd61b8aa9b13;2024-10-08T15:05:00Z;263.04;263.01;263.04;263;674;
e6123145-9665-43e0-8413-cd61b8aa9b13;2024-10-08T15:06:00Z;263;263.02;263.02;263;2325;
e6123145-9665-43e0-8413-cd61b8aa9b13;2024-10-08T15:07:00Z;263.08;263.1;263.14;263.04;242;
e6123145-9665-43e0-8413-cd61b8aa9b13;2024-10-08T15:08:00Z;263.1;263.16;263.16;263.1;384;
e6123145-9665-43e0-8413-cd61b8aa9b13;2024-10-08T15:09:00Z;263.14;263.09;263.14;263.08;255;
e6123145-9665-43e0-8413-cd61b8aa9b13;2024-10-08T15:10:00Z;263.09;263.07;263.1;263.04;364;
e6123145-9665-43e0-8413-cd61b8aa9b13;2024-10-08T15:11:00Z;263.1;263.17;263.17;263.09;1477;
e6123145-9665-43e0-8413-cd61b8aa9b13;2024-10-08T15:12:00Z;263.15;263.15;263.2;263.15;466;
e6123145-9665-43e0-8413-cd61b8aa9b13;2024-10-08T15:13:00Z;263.16;263.17;263.17;263.11;176;
e6123145-9665-43e0-8413-cd61b8aa9b13;2024-10-08T15:14:00Z;263.17;263.16;263.21;263.08;591;
e6123145-9665-43e0-8413-cd61b8aa9b13;2024-10-08T15:15:00Z;263.19;263.2;263.21;263.14;284;
e6123145-9665-43e0-8413-cd61b8aa9b13;2024-10-08T15:16:00Z;263.19;263.17;263.2;263.13;271;
e6123145-9665-43e0-8413-cd61b8aa9b13;2024-10-08T15:17:00Z;263.16;263.21;263.23;263.16;573;
e6123145-9665-43e0-8413-cd61b8aa9b13;2024-10-08T15:18:00Z;263.23;263.18;263.23;263.18;844;
e6123145-9665-43e0-8413-cd61b8aa9b13;2024-10-08T15:19:00Z;263.19;263.29;263.3;263.18;1841;
e6123145-9665-43e0-8413-cd61b8aa9b13;2024-10-08T15:20:00Z;263.29;263.23;263.3;263.16;888;
e6123145-9665-43e0-8413-cd61b8aa9b13;2024-10-08T15:21:00Z;263.23;263.24;263.27;263.23;513;
e6123145-9665-43e0-8413-cd61b8aa9b13;2024-10-08T15:22:00Z;263.24;263.24;263.25;263.19;3243;
e6123145-9665-43e0-8413-cd61b8aa9b13;2024-10-08T15:23:00Z;263.24;263.05;263.24;263.05;5774;
e6123145-9665-43e0-8413-cd61b8aa9b13;2024-10-08T15:24:00Z;263.07;263.11;263.18;263.07;598;
e6123145-9665-43e0-8413-cd61b8aa9b13;2024-10-08T15:25:00Z;263.1;262.95;263.1;262.92;1437;
e6123145-9665-43e0-8413-cd61b8aa9b13;2024-10-08T15:26:00Z;262.97;262.99;263;262.91;677;
e6123145-9665-43e0-8413-cd61b8aa9b13;2024-10-08T15:27:00Z;262.98;263;263.02;262.98;362;
e6123145-9665-43e0-8413-cd61b8aa9b13;2024-10-08T15:28:00Z;263.01;262.87;263.01;262.86;1099;
e6123145-9665-43e0-8413-cd61b8aa9b13;2024-10-08T15:29:00Z;262.87;262.87;262.94;262.86;1030;
e6123145-9665-43e0-8413-cd61b8aa9b13;2024-10-08T15:30:00Z;262.87;262.89;262.93;262.87;410;
e6123145-9665-43e0-8413-cd61b8aa9b13;2024-10-08T15:31:00Z;262.89;262.95;262.98;262.87;2522;
e6123145-9665-43e0-8413-cd61b8aa9b13;2024-10-08T15:32:00Z;262.95;262.98;262.98;262.95;365;
e6123145-9665-43e0-8413-cd61b8aa9b13;2024-10-08T15:33:00Z;262.98;262.95;262.98;262.95;230;
e6123145-9665-43e0-8413-cd61b8aa9b13;2024-10-08T15:34:00Z;262.97;262.95;262.97;262.95;164;
e6123145-9665-43e0-8413-cd61b8aa9b13;2024-10-08T15:35:00Z;262.96;262.98;262.98;262.96;387;
e6123145-9665-43e0-8413-cd61b8aa9b13;2024-10-08T15:36:00Z;262.97;262.87;262.98;262.86;905;
e6123145-9665-43e0-8413-cd61b8aa9b13;2024-10-08T15:37:00Z;262.9;262.97;262.97;262.86;1278;
e6123145-9665-43e0-8413-cd61b8aa9b13;2024-10-08T15:38:00Z;262.98;262.95;262.99;262.88;1423;
e6123145-9665-43e0-8413-cd61b8aa9b13;2024-10-08T15:39:00Z;262.95;262.91;262.99;262.9;258;
e6123145-9665-43e0-8413-cd61b8aa9b13;2024-10-08T15:45:00Z;263.21;263.21;263.21;263.21;6351;
e6123145-9665-43e0-8413-cd61b8aa9b13;2024-10-08T15:46:00Z;263.21;263.21;263.21;263.21;5;
e6123145-9665-43e0-8413-cd61b8aa9b13;2024-10-08T15:47:00Z;263.21;263.21;263.21;263.21;1;
e6123145-9665-43e0-8413-cd61b8aa9b13;2024-10-08T15:48:00Z;263.21;263.21;263.21;263.21;7;
e6123145-9665-43e0-8413-cd61b8aa9b13;2024-10-08T16:04:00Z;263.05;263.05;263.05;263.05;193;
e6123145-9665-43e0-8413-cd61b8aa9b13;2024-10-08T16:05:00Z;263.08;262.93;263.19;262.92;4748;
e6123145-9665-43e0-8413-cd61b8aa9b13;2024-10-08T16:06:00Z;262.94;262.93;263.03;262.93;580;
e6123145-9665-43e0-8413-cd61b8aa9b13;2024-10-08T16:07:00Z;262.94;262.91;262.94;262.91;1430;
e6123145-9665-43e0-8413-cd61b8aa9b13;2024-10-08T16:08:00Z;262.92;262.93;262.94;262.91;289;
e6123145-9665-43e0-8413-cd61b8aa9b13;2024-10-08T16:09:00Z;262.91;262.93;262.94;262.91;182;
e6123145-9665-43e0-8413-cd61b8aa9b13;2024-10-08T16:10:00Z;262.94;263.09;263.14;262.94;822;
e6123145-9665-43e0-8413-cd61b8aa9b13;2024-10-08T16:11:00Z;263.09;263.09;263.09;263.08;25;
e6123145-9665-43e0-8413-cd61b8aa9b13;2024-10-08T16:12:00Z;263.11;263.02;263.12;263.02;339;
e6123145-9665-43e0-8413-cd61b8aa9b13;2024-10-08T16:13:00Z;263.03;263.03;263.03;263.02;93;
e6123145-9665-43e0-8413-cd61b8aa9b13;2024-10-08T16:14:00Z;263.02;263.02;263.04;263.01;136;
e6123145-9665-43e0-8413-cd61b8aa9b13;2024-10-08T16:15:00Z;263.01;263.02;263.03;263.01;28;
e6123145-9665-43e0-8413-cd61b8aa9b13;2024-10-08T16:16:00Z;263.02;263.02;263.02;263.01;15;
e6123145-9665-43e0-8413-cd61b8aa9b13;2024-10-08T16:17:00Z;263.02;263.05;263.05;263.02;108;
e6123145-9665-43e0-8413-cd61b8aa9b13;2024-10-08T16:18:00Z;263.06;263.09;263.09;263.06;101;
e6123145-9665-43e0-8413-cd61b8aa9b13;2024-10-08T16:19:00Z;263.09;263.09;263.1;263.09;65;
e6123145-9665-43e0-8413-cd61b8aa9b13;2024-10-08T16:20:00Z;263.11;263.01;263.11;263;625;
e6123145-9665-43e0-8413-cd61b8aa9b13;2024-10-08T16:21:00Z;263;263;263.02;263;265;
e6123145-9665-43e0-8413-cd61b8aa9b13;2024-10-08T16:22:00Z;263;263.02;263.02;263;81;
e6123145-9665-43e0-8413-cd61b8aa9b13;2024-10-08T16:23:00Z;263.02;263.01;263.02;263;1566;
e6123145-9665-43e0-8413-cd61b8aa9b13;2024-10-08T16:24:00Z;263;263.01;263.01;263;286;
e6123145-9665-43e0-8413-cd61b8aa9b13;2024-10-08T16:25:00Z;263;263.01;263.01;263;88;
e6123145-9665-43e0-8413-cd61b8aa9b13;2024-10-08T16:26:00Z;263;263.01;263.01;263;180;
e6123145-9665-43e0-8413-cd61b8aa9b13;2024-10-08T16:27:00Z;263;263.01;263.01;263;80;
e6123145-9665-43e0-8413-cd61b8aa9b13;2024-10-08T16:28:00Z;263;263;263.01;263;361;
e6123145-9665-43e0-8413-cd61b8aa9b13;2024-10-08T16:29:00Z;263;263.01;263.01;263;184;
e6123145-9665-43e0-8413-cd61b8aa9b13;2024-10-08T16:30:00Z;263;263;263.01;263;130;
e6123145-9665-43e0-8413-cd61b8aa9b13;2024-10-08T16:31:00Z;263.01;263.01;263.01;263;551;
e6123145-9665-43e0-8413-cd61b8aa9b13;2024-10-08T16:32:00Z;263.01;263;263.01;263;2133;
e6123145-9665-43e0-8413-cd61b8aa9b13;2024-10-08T16:33:00Z;263;262.93;263;262.92;1415;
e6123145-9665-43e0-8413-cd61b8aa9b13;2024-10-08T16:34:00Z;262.92;262.85;262.94;262.85;2734;
e6123145-9665-43e0-8413-cd61b8aa9b13;2024-10-08T16:35:00Z;262.86;262.78;262.86;262.78;2012;
e6123145-9665-43e0-8413-cd61b8aa9b13;2024-10-08T16:36:00Z;262.8;262.64;262.8;262.62;9532;
e6123145-9665-43e0-8413-cd61b8aa9b13;2024-10-08T16:37:00Z;262.64;262.65;262.68;262.64;185;
e6123145-9665-43e0-8413-cd61b8aa9b13;2024-10-08T16:38:00Z;262.64;262.47;262.64;262.47;13639;
e6123145-9665-43e0-8413-cd61b8aa9b13;2024-10-08T16:39:00Z;262.46;262.5;262.5;262.45;5035;
e6123145-9665-43e0-8413-cd61b8aa9b13;2024-10-08T16:40:00Z;262.49;262.51;262.58;262.49;671;
e6123145-9665-43e0-8413-cd61b8aa9b13;2024-10-08T16:41:00Z;262.52;262.48;262.52;262.47;458;
e6123145-9665-43e0-8413-cd61b8aa9b13;2024-10-08T16:42:00Z;262.54;262.68;262.69;262.54;382;
e6123145-9665-43e0-8413-cd61b8aa9b13;2024-10-08T16:43:00Z;262.68;262.69;262.69;262.67;185;
e6123145-9665-43e0-8413-cd61b8aa9b13;2024-10-08T16:44:00Z;262.68;262.68;262.68;262.68;112;
e6123145-9665-43e0-8413-cd61b8aa9b13;2024-10-08T16:45:00Z;262.68;262.67;262.69;262.67;86;
e6123145-9665-43e0-8413-cd61b8aa9b13;2024-10-08T16:46:00Z;262.67;262.62;262.69;262.62;75;
e6123145-9665-43e0-8413-cd61b8aa9b13;2024-10-08T16:47:00Z;262.62;262.9;262.9;262.6;2139;
e6123145-9665-43e0-8413-cd61b8aa9b13;2024-10-08T16:48:00Z;262.91;262.9;262.93;262.9;316;
e6123145-9665-43e0-8413-cd61b8aa9b13;2024-10-08T16:49:00Z;262.88;262.86;262.88;262.84;537;
e6123145-9665-43e0-8413-cd61b8aa9b13;2024-10-08T16:50:00Z;262.86;262.85;262.86;262.84;44;
e6123145-9665-43e0-8413-cd61b8aa9b13;2024-10-08T16:51:00Z;262.84;262.85;262.85;262.84;9;
e6123145-9665-43e0-8413-cd61b8aa9b13;2024-10-08T16:52:00Z;262.84;262.87;262.87;262.76;417;
e6123145-9665-43e0-8413-cd61b8aa9b13;2024-10-08T16:53:00Z;262.88;262.88;262.89;262.86;146;
e6123145-9665-43e0-8413-cd61b8aa9b13;2024-10-08T16:54:00Z;262.87;262.88;262.89;262.86;213;
e6123145-9665-43e0-8413-cd61b8aa9b13;2024-10-08T16:55:00Z;262.9;262.89;262.93;262.89;152;
e6123145-9665-43e0-8413-cd61b8aa9b13;2024-10-08T16:56:00Z;262.9;262.88;262.92;262.88;45;
e6123145-9665-43e0-8413-cd61b8aa9b13;2024-10-08T16:57:00Z;262.88;262.89;262.95;262.88;440;
e6123145-9665-43e0-8413-cd61b8aa9b13;2024-10-08T16:58:00Z;262.87;262.93;262.93;262.79;662;
e6123145-9665-43e0-8413-cd61b8aa9b13;2024-10-08T16:59:00Z;262.91;262.85;262.93;262.83;825;
e6123145-9665-43e0-8413-cd61b8aa9b13;2024-10-08T17:00:00Z;262.88;262.85;262.9;262.85;17;
e6123145-9665-43e0-8413-cd61b8aa9b13;2024-10-08T17:01:00Z;262.85;262.9;262.9;262.85;265;
e6123145-9665-43e0-8413-cd61b8aa9b13;2024-10-08T17:02:00Z;262.9;262.92;262.93;262.88;799;
e6123145-9665-43e0-8413-cd61b8aa9b13;2024-10-08T17:03:00Z;262.92;262.94;262.94;262.92;320;
e6123145-9665-43e0-8413-cd61b8aa9b13;2024-10-08T17:04:00Z;262.95;262.94;262.95;262.94;5;
e6123145-9665-43e0-8413-cd61b8aa9b13;2024-10-08T17:05:00Z;262.94;262.96;262.98;262.94;767;
e6123145-9665-43e0-8413-cd61b8aa9b13;2024-10-08T17:06:00Z;262.95;262.96;262.96;262.94;21;
e6123145-9665-43e0-8413-cd61b8aa9b13;2024-10-08T17:07:00Z;262.96;262.99;262.99;262.94;493;
e6123145-9665-43e0-8413-cd61b8aa9b13;2024-10-08T17:08:00Z;262.98;262.97;262.99;262.97;206;
e6123145-9665-43e0-8413-cd61b8aa9b13;2024-10-08T17:09:00Z;262.98;262.97;262.98;262.97;185;
e6123145-9665-43e0-8413-cd61b8aa9b13;2024-10-08T17:10:00Z;262.97;263;263;262.97;1316;
e6123145-9665-43e0-8413-cd61b8aa9b13;2024-10-08T17:11:00Z;262.99;263.08;263.08;262.99;790;
e6123145-9665-43e0-8413-cd61b8aa9b13;2024-10-08T17:12:00Z;263.06;263.05;263.07;263.05;348;
e6123145-9665-43e0-8413-cd61b8aa9b13;2024-10-08T17:13:00Z;263.06;263.05;263.06;263.05;335;
e6123145-9665-43e0-8413-cd61b8aa9b13;2024-10-08T17:14:00Z;263.05;263.05;263.06;263.05;75;
e6123145-9665-43e0-8413-cd61b8aa9b13;2024-10-08T17:15:00Z;263.06;263.05;263.06;263.05;295;
e6123145-9665-43e0-8413-cd61b8aa9b13;2024-10-08T17:16:00Z;263.06;263.06;263.08;263.05;1026;
e6123145-9665-43e0-8413-cd61b8aa9b13;2024-10-08T17:17:00Z;263.05;263.05;263.06;263.03;65;
e6123145-9665-43e0-8413-cd61b8aa9b13;2024-10-08T17:18:00Z;263.05;263.06;263.06;263.05;14;
e6123145-9665-43e0-8413-cd61b8aa9b13;2024-10-08T17:19:00Z;263.05;263.06;263.06;263.05;24;
e6123145-9665-43e0-8413-cd61b8aa9b13;2024-10-08T17:20:00Z;263.05;263.05;263.06;263.05;219;
e6123145-9665-43e0-8413-cd61b8aa9b13;2024-10-08T17:21:00Z;263.05;263.05;263.06;263.05;224;
e6123145-9665-43e0-8413-cd61b8aa9b13;2024-10-08T17:22:00Z;263.05;263.05;263.06;263.05;61;
e6123145-9665-43e0-8413-cd61b8aa9b13;2024-10-08T17:23:00Z;263.05;263.06;263.07;263.05;405;
e6123145-9665-43e0-8413-cd61b8aa9b13;2024-10-08T17:24:00Z;263.05;263.08;263.08;263.03;2144;
e6123145-9665-43e0-8413-cd61b8aa9b13;2024-10-08T17:25:00Z;263.08;263.07;263.08;263.07;1425;
e6123145-9665-43e0-8413-cd61b8aa9b13;2024-10-08T17:26:00Z;263.08;263.08;263.08;263.07;409;
e6123145-9665-43e0-8413-cd61b8aa9b13;2024-10-08T17:27:00Z;263.07;263.09;263.09;263.07;32;
e6123145-9665-43e0-8413-cd61b8aa9b13;2024-10-08T17:28:00Z;263.1;263.1;263.1;263.09;76;
e6123145-9665-43e0-8413-cd61b8aa9b13;2024-10-08T17:29:00Z;263.09;263.09;263.1;263.09;231;
e6123145-9665-43e0-8413-cd61b8aa9b13;2024-10-08T17:30:00Z;263.09;263.1;263.1;263.09;257;
e6123145-9665-43e0-8413-cd61b8aa9b13;2024-10-08T17:31:00Z;263.1;263.09;263.13;263.07;1265;
e6123145-9665-43e0-8413-cd61b8aa9b13;2024-10-08T17:32:00Z;263.1;263.14;263.14;263.09;666;
e6123145-9665-43e0-8413-cd61b8aa9b13;2024-10-08T17:33:00Z;263.14;263.11;263.14;263.11;9;
e6123145-9665-43e0-8413-cd61b8aa9b13;2024-10-08T17:34:00Z;263.11;263.1;263.11;263.1;104;
e6123145-9665-43e0-8413-cd61b8aa9b13;2024-10-08T17:35:00Z;263.1;263.09;263.11;263.09;56;
e6123145-9665-43e0-8413-cd61b8aa9b13;2024-10-08T17:36:00Z;263.1;263.05;263.11;263.05;266;
e6123145-9665-43e0-8413-cd61b8aa9b13;2024-10-08T17:37:00Z;263.05;263.05;263.08;263.05;20;
e6123145-9665-43e0-8413-cd61b8aa9b13;2024-10-08T17:38:00Z;263.07;263.05;263.08;263.04;182;
e6123145-9665-43e0-8413-cd61b8aa9b13;2024-10-08T17:39:00Z;263.05;263.05;263.07;263.04;47;
e6123145-9665-43e0-8413-cd61b8aa9b13;2024-10-08T17:40:00Z;263.05;263.05;263.07;263.05;40;
e6123145-9665-43e0-8413-cd61b8aa9b13;2024-10-08T17:41:00Z;263.07;263.07;263.07;263.05;6;
e6123145-9665-43e0-8413-cd61b8aa9b13;2024-10-08T17:42:00Z;263.07;263.07;263.07;263.07;5;
e6123145-9665-43e0-8413-cd61b8aa9b13;2024-10-08T17:43:00Z;263.07;263.05;263.08;263.05;17;
e6123145-9665-43e0-8413-cd61b8aa9b13;2024-10-08T17:44:00Z;263.05;263;263.06;263;227;
e6123145-9665-43e0-8413-cd61b8aa9b13;2024-10-08T17:45:00Z;263.02;263.1;263.1;263.02;263;
e6123145-9665-43e0-8413-cd61b8aa9b13;2024-10-08T17:46:00Z;263.06;263.05;263.1;263;312;
e6123145-9665-43e0-8413-cd61b8aa9b13;2024-10-08T17:47:00Z;263.05;263.09;263.1;263.05;516;
e6123145-9665-43e0-8413-cd61b8aa9b13;2024-10-08T17:48:00Z;263.1;263.1;263.1;263.09;93;
e6123145-9665-43e0-8413-cd61b8aa9b13;2024-10-08T17:49:00Z;263.1;263.09;263.1;263.09;84;
e6123145-9665-43e0-8413-cd61b8aa9b13;2024-10-08T17:50:00Z;263.1;263.13;263.17;263.1;2139;
e6123145-9665-43e0-8413-cd61b8aa9b13;2024-10-08T17:51:00Z;263.13;263.09;263.16;263.06;137;
e6123145-9665-43e0-8413-cd61b8aa9b13;2024-10-08T17:52:00Z;263.09;263.13;263.13;263.09;37;
e6123145-9665-43e0-8413-cd61b8aa9b13;2024-10-08T17:53:00Z;263.11;263.1;263.12;263.1;21;
e6123145-9665-43e0-8413-cd61b8aa9b13;2024-10-08T17:54:00Z;263.1;263.05;263.1;263.01;228;
e6123145-9665-43e0-8413-cd61b8aa9b13;2024-10-08T17:55:00Z;263.05;263.02;263.07;263.02;242;
e6123145-9665-43e0-8413-cd61b8aa9b13;2024-10-08T17:56:00Z;263.01;263.02;263.02;263.01;9;
e6123145-9665-43e0-8413-cd61b8aa9b13;2024-10-08T17:57:00Z;263.02;263.02;263.03;263;26;
e6123145-9665-43e0-8413-cd61b8aa9b13;2024-10-08T17:58:00Z;263.02;263.01;263.02;263.01;10;
e6123145-9665-43e0-8413-cd61b8aa9b13;2024-10-08T17:59:00Z;263;263.01;263.01;263;83;
e6123145-9665-43e0-8413-cd61b8aa9b13;2024-10-08T18:00:00Z;263.01;263;263.02;263;189;
e6123145-9665-43e0-8413-cd61b8aa9b13;2024-10-08T18:01:00Z;263.01;263;263.02;263;43;
e6123145-9665-43e0-8413-cd61b8aa9b13;2024-10-08T18:02:00Z;263;262.99;263;262.99;159;
e6123145-9665-43e0-8413-cd61b8aa9b13;2024-10-08T18:03:00Z;262.98;263.02;263.02;262.95;168;
e6123145-9665-43e0-8413-cd61b8aa9b13;2024-10-08T18:04:00Z;262.99;263.01;263.01;262.99;20;
e6123145-9665-43e0-8413-cd61b8aa9b13;2024-10-08T18:05:00Z;263;263.02;263.02;263;18;
e6123145-9665-43e0-8413-cd61b8aa9b13;2024-10-08T18:06:00Z;263.01;262.87;263.02;262.87;2336;
e6123145-9665-43e0-8413-cd61b8aa9b13;2024-10-08T18:07:00Z;262.91;262.84;262.91;262.76;1288;
e6123145-9665-43e0-8413-cd61b8aa9b13;2024-10-08T18:08:00Z;262.84;262.83;262.85;262.83;31;
e6123145-9665-43e0-8413-cd61b8aa9b13;2024-10-08T18:09:00Z;262.82;262.82;262.83;262.8;23;
e6123145-9665-43e0-8413-cd61b8aa9b13;2024-10-08T18:10:00Z;262.83;262.83;262.83;262.83;22;
e6123145-9665-43e0-8413-cd61b8aa9b13;2024-10-08T18:11:00Z;262.82;262.83;262.83;262.82;69;
e6123145-9665-43e0-8413-cd61b8aa9b13;2024-10-08T18:12:00Z;262.83;262.74;262.83;262.73;607;
e6123145-9665-43e0-8413-cd61b8aa9b13;2024-10-08T18:13:00Z;262.74;262.74;262.74;262.72;35;
e6123145-9665-43e0-8413-cd61b8aa9b13;2024-10-08T18:14:00Z;262.74;262.73;262.74;262.72;43;
e6123145-9665-43e0-8413-cd61b8aa9b13;2024-10-08T18:15:00Z;262.74;262.73;262.74;262.73;13;
e6123145-9665-43e0-8413-cd61b8aa9b13;2024-10-08T18:16:00Z;262.73;262.72;262.74;262.72;48;
e6123145-9665-43e0-8413-cd61b8aa9b13;2024-10-08T18:17:00Z;262.73;262.74;262.74;262.72;45;
e6123145-9665-43e0-8413-cd61b8aa9b13;2024-10-08T18:18:00Z;262.73;262.83;262.83;262.73;243;
e6123145-9665-43e0-8413-cd61b8aa9b13;2024-10-08T18:19:00Z;262.83;262.81;262.83;262.8;1025;
e6123145-9665-43e0-8413-cd61b8aa9b13;2024-10-08T18:20:00Z;262.81;262.84;262.84;262.8;1021;
e6123145-9665-43e0-8413-cd61b8aa9b13;2024-10-08T18:21:00Z;262.8;262.76;262.8;262.74;1056;
e6123145-9665-43e0-8413-cd61b8aa9b13;2024-10-08T18:22:00Z;262.73;262.75;262.75;262.72;371;
e6123145-9665-43e0-8413-cd61b8aa9b13;2024-10-08T18:23:00Z;262.75;262.8;262.81;262.72;204;
e6123145-9665-43e0-8413-cd61b8aa9b13;2024-10-08T18:24:00Z;262.81;262.84;262.84;262.72;25;
e6123145-9665-43e0-8413-cd61b8aa9b13;2024-10-08T18:25:00Z;262.8;262.84;262.84;262.8;7;
e6123145-9665-43e0-8413-cd61b8aa9b13;2024-10-08T18:26:00Z;262.83;262.83;262.83;262.8;57;
e6123145-9665-43e0-8413-cd61b8aa9b13;2024-10-08T18:27:00Z;262.79;262.82;262.83;262.79;101;
e6123145-9665-43e0-8413-cd61b8aa9b13;2024-10-08T18:28:00Z;262.82;262.78;262.85;262.78;61;
e6123145-9665-43e0-8413-cd61b8aa9b13;2024-10-08T18:29:00Z;262.85;262.85;262.85;262.85;1;
e6123145-9665-43e0-8413-cd61b8aa9b13;2024-10-08T18:30:00Z;262.88;262.86;262.88;262.85;25;
e6123145-9665-43e0-8413-cd61b8aa9b13;2024-10-08T18:31:00Z;262.85;262.86;262.86;262.85;11;
e6123145-9665-43e0-8413-cd61b8aa9b13;2024-10-08T18:32:00Z;262.86;262.86;262.86;262.85;82;
e6123145-9665-43e0-8413-cd61b8aa9b13;2024-10-08T18:33:00Z;262.87;262.9;262.9;262.86;127;
e6123145-9665-43e0-8413-cd61b8aa9b13;2024-10-08T18:34:00Z;262.9;262.87;262.9;262.87;135;
e6123145-9665-43e0-8413-cd61b8aa9b13;2024-10-08T18:35:00Z;262.91;262.93;262.93;262.91;169;
e6123145-9665-43e0-8413-cd61b8aa9b13;2024-10-08T18:36:00Z;262.93;262.94;262.94;262.92;234;
e6123145-9665-43e0-8413-cd61b8aa9b13;2024-10-08T18:37:00Z;262.93;262.93;262.93;262.93;11;
e6123145-9665-43e0-8413-cd61b8aa9b13;2024-10-08T18:38:00Z;262.93;262.92;262.93;262.85;15;
e6123145-9665-43e0-8413-cd61b8aa9b13;2024-10-08T18:39:00Z;262.91;262.77;262.91;262.77;1269;
e6123145-9665-43e0-8413-cd61b8aa9b13;2024-10-08T18:40:00Z;262.84;262.77;262.86;262.75;58;
e6123145-9665-43e0-8413-cd61b8aa9b13;2024-10-08T18:41:00Z;262.85;262.85;262.85;262.85;20;
e6123145-9665-43e0-8413-cd61b8aa9b13;2024-10-08T18:42:00Z;262.91;262.94;262.94;262.91;492;
e6123145-9665-43e0-8413-cd61b8aa9b13;2024-10-08T18:43:00Z;262.91;262.93;262.94;262.91;34;
e6123145-9665-43e0-8413-cd61b8aa9b13;2024-10-08T18:44:00Z;262.92;262.93;262.93;262.92;12;
e6123145-9665-43e0-8413-cd61b8aa9b13;2024-10-08T18:45:00Z;262.93;262.93;262.93;262.86;6;
e6123145-9665-43e0-8413-cd61b8aa9b13;2024-10-08T18:46:00Z;262.88;262.93;262.93;262.85;507;
e6123145-9665-43e0-8413-cd61b8aa9b13;2024-10-08T18:47:00Z;262.93;262.85;262.93;262.85;13;
e6123145-9665-43e0-8413-cd61b8aa9b13;2024-10-08T18:48:00Z;262.88;262.86;262.88;262.85;28;
e6123145-9665-43e0-8413-cd61b8aa9b13;2024-10-08T18:49:00Z;262.86;262.85;262.86;262.85;17;
e6123145-9665-43e0-8413-cd61b8aa9b13;2024-10-08T18:50:00Z;262.85;262.86;262.9;262.85;125;
e6123145-9665-43e0-8413-cd61b8aa9b13;2024-10-08T18:51:00Z;262.86;262.86;262.86;262.85;39;
e6123145-9665-43e0-8413-cd61b8aa9b13;2024-10-08T18:52:00Z;262.85;262.86;262.86;262.85;73;
e6123145-9665-43e0-8413-cd61b8aa9b13;2024-10-08T18:53:00Z;262.85;262.85;262.85;262.78;211;
e6123145-9665-43e0-8413-cd61b8aa9b13;2024-10-08T18:54:00Z;262.85;262.71;262.85;262.71;1858;
e6123145-9665-43e0-8413-cd61b8aa9b13;2024-10-08T18:55:00Z;262.71;262.7;262.71;262.7;147;
e6123145-9665-43e0-8413-cd61b8aa9b13;2024-10-08T18:56:00Z;262.71;262.78;262.86;262.71;593;
e6123145-9665-43e0-8413-cd61b8aa9b13;2024-10-08T18:57:00Z;262.8;262.79;262.8;262.77;45;
e6123145-9665-43e0-8413-cd61b8aa9b13;2024-10-08T18:58:00Z;262.78;262.79;262.79;262.77;115;
e6123145-9665-43e0-8413-cd61b8aa9b13;2024-10-08T18:59:00Z;262.78;262.77;262.78;262.77;21;
e6123145-9665-43e0-8413-cd61b8aa9b13;2024-10-08T19:00:00Z;262.78;262.76;262.78;262.7;607;
e6123145-9665-43e0-8413-cd61b8aa9b13;2024-10-08T19:01:00Z;262.74;262.76;262.76;262.74;5;
e6123145-9665-43e0-8413-cd61b8aa9b13;2024-10-08T19:02:00Z;262.75;262.68;262.75;262.68;647;
e6123145-9665-43e0-8413-cd61b8aa9b13;2024-10-08T19:03:00Z;262.72;262.61;262.72;262.6;2837;
e6123145-9665-43e0-8413-cd61b8aa9b13;2024-10-08T19:04:00Z;262.66;262.63;262.66;262.63;52;
e6123145-9665-43e0-8413-cd61b8aa9b13;2024-10-08T19:05:00Z;262.63;262.65;262.65;262.6;302;
e6123145-9665-43e0-8413-cd61b8aa9b13;2024-10-08T19:06:00Z;262.64;262.63;262.64;262.61;42;
e6123145-9665-43e0-8413-cd61b8aa9b13;2024-10-08T19:07:00Z;262.65;262.65;262.65;262.65;6;
e6123145-9665-43e0-8413-cd61b8aa9b13;2024-10-08T19:08:00Z;262.66;262.63;262.66;262.51;3644;
e6123145-9665-43e0-8413-cd61b8aa9b13;2024-10-08T19:09:00Z;262.59;262.69;262.69;262.59;110;
e6123145-9665-43e0-8413-cd61b8aa9b13;2024-10-08T19:10:00Z;262.7;262.71;262.72;262.7;67;
e6123145-9665-43e0-8413-cd61b8aa9b13;2024-10-08T19:11:00Z;262.72;262.72;262.72;262.71;22;
e6123145-9665-43e0-8413-cd61b8aa9b13;2024-10-08T19:13:00Z;262.75;262.74;262.75;262.73;54;
e6123145-9665-43e0-8413-cd61b8aa9b13;2024-10-08T19:14:00Z;262.73;262.72;262.73;262.72;40;
e6123145-9665-43e0-8413-cd61b8aa9b13;2024-10-08T19:15:00Z;262.73;262.66;262.73;262.61;265;
e6123145-9665-43e0-8413-cd61b8aa9b13;2024-10-08T19:16:00Z;262.64;262.6;262.66;262.6;286;
e6123145-9665-43e0-8413-cd61b8aa9b13;2024-10-08T19:17:00Z;262.6;262.6;262.6;262.59;1653;
e6123145-9665-43e0-8413-cd61b8aa9b13;2024-10-08T19:18:00Z;262.6;262.63;262.67;262.6;4492;
e6123145-9665-43e0-8413-cd61b8aa9b13;2024-10-08T19:19:00Z;262.65;262.59;262.65;262.59;770;
e6123145-9665-43e0-8413-cd61b8aa9b13;2024-10-08T19:20:00Z;262.59;262.58;262.59;262.58;19;
e6123145-9665-43e0-8413-cd61b8aa9b13;2024-10-08T19:21:00Z;262.59;262.58;262.59;262.57;329;
e6123145-9665-43e0-8413-cd61b8aa9b13;2024-10-08T19:22:00Z;262.57;262.49;262.57;262.42;9314;
e6123145-9665-43e0-8413-cd61b8aa9b13;2024-10-08T19:23:00Z;262.49;262.5;262.5;262.48;1138;
e6123145-9665-43e0-8413-cd61b8aa9b13;2024-10-08T19:24:00Z;262.5;262.51;262.51;262.5;74;
e6123145-9665-43e0-8413-cd61b8aa9b13;2024-10-08T19:25:00Z;262.53;262.54;262.58;262.51;243;
e6123145-9665-43e0-8413-cd61b8aa9b13;2024-10-08T19:26:00Z;262.5;262.52;262.54;262.5;324;
e6123145-9665-43e0-8413-cd61b8aa9b13;2024-10-08T19:27:00Z;262.52;262.52;262.52;262.52;208;
e6123145-9665-43e0-8413-cd61b8aa9b13;2024-10-08T19:28:00Z;262.52;262.56;262.57;262.5;2138;
e6123145-9665-43e0-8413-cd61b8aa9b13;2024-10-08T19:29:00Z;262.55;262.55;262.57;262.55;36;
e6123145-9665-43e0-8413-cd61b8aa9b13;2024-10-08T19:30:00Z;262.58;262.58;262.58;262.54;380;
e6123145-9665-43e0-8413-cd61b8aa9b13;2024-10-08T19:31:00Z;262.58;262.55;262.58;262.55;12;
e6123145-9665-43e0-8413-cd61b8aa9b13;2024-10-08T19:32:00Z;262.55;262.54;262.55;262.5;660;
e6123145-9665-43e0-8413-cd61b8aa9b13;2024-10-08T19:33:00Z;262.54;262.5;262.55;262.5;742;
e6123145-9665-43e0-8413-cd61b8aa9b13;2024-10-08T19:34:00Z;262.55;262.55;262.55;262.53;153;
e6123145-9665-43e0-8413-cd61b8aa9b13;2024-10-08T19:35:00Z;262.53;262.51;262.56;262.51;759;
e6123145-9665-43e0-8413-cd61b8aa9b13;2024-10-08T19:36:00Z;262.53;262.53;262.53;262.51;37;
e6123145-9665-43e0-8413-cd61b8aa9b13;2024-10-08T19:37:00Z;262.51;262.55;262.55;262.5;469;
e6123145-9665-43e0-8413-cd61b8aa9b13;2024-10-08T19:38:00Z;262.56;262.53;262.56;262.53;16;
e6123145-9665-43e0-8413-cd61b8aa9b13;2024-10-08T19:39:00Z;262.55;262.55;262.56;262.53;303;
e6123145-9665-43e0-8413-cd61b8aa9b13;2024-10-08T19:40:00Z;262.53;262.56;262.56;262.53;31;
e6123145-9665-43e0-8413-cd61b8aa9b13;2024-10-08T19:41:00Z;262.53;262.5;262.55;262.5;246;
e6123145-9665-43e0-8413-cd61b8aa9b13;2024-10-08T19:42:00Z;262.49;262.38;262.5;262.37;7389;
e6123145-9665-43e0-8413-cd61b8aa9b13;2024-10-08T19:43:00Z;262.38;262.37;262.4;262.37;398;
e6123145-9665-43e0-8413-cd61b8aa9b13;2024-10-08T19:44:00Z;262.4;262.37;262.4;262.37;786;
e6123145-9665-43e0-8413-cd61b8aa9b13;2024-10-08T19:45:00Z;262.37;262.4;262.4;262.36;49;
e6123145-9665-43e0-8413-cd61b8aa9b13;2024-10-08T19:46:00Z;262.4;262.4;262.4;262.39;58;
e6123145-9665-43e0-8413-cd61b8aa9b13;2024-10-08T19:47:00Z;262.4;262.4;262.4;262.39;210;
e6123145-9665-43e0-8413-cd61b8aa9b13;2024-10-08T19:48:00Z;262.4;262.37;262.4;262.37;2446;
e6123145-9665-43e0-8413-cd61b8aa9b13;2024-10-08T19:49:00Z;262.37;262.37;262.37;262.36;50;
e6123145-9665-43e0-8413-cd61b8aa9b13;2024-10-08T19:50:00Z;262.37;262.35;262.37;262.35;19;
e6123145-9665-43e0-8413-cd61b8aa9b13;2024-10-08T19:51:00Z;262.37;262.37;262.37;262.35;38;
e6123145-9665-43e0-8413-cd61b8aa9b13;2024-10-08T19:52:00Z;262.37;262.37;262.37;262.35;246;
e6123145-9665-43e0-8413-cd61b8aa9b13;2024-10-08T19:53:00Z;262.36;262.37;262.37;262.36;36;
e6123145-9665-43e0-8413-cd61b8aa9b13;2024-10-08T19:54:00Z;262.37;262.36;262.37;262.35;2128;
e6123145-9665-43e0-8413-cd61b8aa9b13;2024-10-08T19:55:00Z;262.37;262.35;262.37;262.35;1027;
e6123145-9665-43e0-8413-cd61b8aa9b13;2024-10-08T19:56:00Z;262.35;262.36;262.36;262.34;1810;
e6123145-9665-43e0-8413-cd61b8aa9b13;2024-10-08T19:57:00Z;262.36;262.35;262.36;262.35;264;
e6123145-9665-43e0-8413-cd61b8aa9b13;2024-10-08T19:58:00Z;262.36;262.36;262.37;262.35;366;
e6123145-9665-43e0-8413-cd61b8aa9b13;2024-10-08T19:59:00Z;262.37;262.37;262.37;262.36;33;
e6123145-9665-43e0-8413-cd61b8aa9b13;2024-10-08T20:00:00Z;262.37;262.4;262.4;262.36;646;
e6123145-9665-43e0-8413-cd61b8aa9b13;2024-10-08T20:01:00Z;262.4;262.49;262.5;262.4;326;
e6123145-9665-43e0-8413-cd61b8aa9b13;2024-10-08T20:02:00Z;262.48;262.49;262.49;262.48;50;
e6123145-9665-43e0-8413-cd61b8aa9b13;2024-10-08T20:03:00Z;262.49;262.52;262.55;262.49;348;
e6123145-9665-43e0-8413-cd61b8aa9b13;2024-10-08T20:04:00Z;262.54;262.54;262.55;262.54;10;
e6123145-9665-43e0-8413-cd61b8aa9b13;2024-10-08T20:05:00Z;262.55;262.55;262.55;262.55;15;
e6123145-9665-43e0-8413-cd61b8aa9b13;2024-10-08T20:06:00Z;262.55;262.54;262.55;262.53;27;
e6123145-9665-43e0-8413-cd61b8aa9b13;2024-10-08T20:07:00Z;262.5;262.5;262.5;262.47;142;
e6123145-9665-43e0-8413-cd61b8aa9b13;2024-10-08T20:08:00Z;262.49;262.5;262.52;262.49;119;
e6123145-9665-43e0-8413-cd61b8aa9b13;2024-10-08T20:09:00Z;262.5;262.5;262.5;262.49;22;
e6123145-9665-43e0-8413-cd61b8aa9b13;2024-10-08T20:10:00Z;262.5;262.49;262.5;262.49;105;
e6123145-9665-43e0-8413-cd61b8aa9b13;2024-10-08T20:11:00Z;262.49;262.47;262.49;262.47;58;
e6123145-9665-43e0-8413-cd61b8aa9b13;2024-10-08T20:12:00Z;262.48;262.48;262.48;262.48;42;
e6123145-9665-43e0-8413-cd61b8aa9b13;2024-10-08T20:13:00Z;262.48;262.48;262.48;262.48;30;
e6123145-9665-43e0-8413-cd61b8aa9b13;2024-10-08T20:14:00Z;262.48;262.47;262.48;262.47;13;
e6123145-9665-43e0-8413-cd61b8aa9b13;2024-10-08T20:15:00Z;262.46;262.46;262.46;262.46;1;
e6123145-9665-43e0-8413-cd61b8aa9b13;2024-10-08T20:16:00Z;262.45;262.32;262.45;262.32;179;
e6123145-9665-43e0-8413-cd61b8aa9b13;2024-10-08T20:17:00Z;262.36;262.32;262.39;262.32;341;
e6123145-9665-43e0-8413-cd61b8aa9b13;2024-10-08T20:18:00Z;262.32;262.37;262.37;262.32;3;
e6123145-9665-43e0-8413-cd61b8aa9b13;2024-10-08T20:19:00Z;262.39;262.39;262.44;262.39;77;
e6123145-9665-43e0-8413-cd61b8aa9b13;2024-10-08T20:20:00Z;262.45;262.44;262.5;262.44;2005;
e6123145-9665-43e0-8413-cd61b8aa9b13;2024-10-08T20:21:00Z;262.44;262.43;262.44;262.4;310;
e6123145-9665-43e0-8413-cd61b8aa9b13;2024-10-08T20:22:00Z;262.43;262.44;262.44;262.39;507;
e6123145-9665-43e0-8413-cd61b8aa9b13;2024-10-08T20:23:00Z;262.44;262.47;262.47;262.44;704;
e6123145-9665-43e0-8413-cd61b8aa9b13;2024-10-08T20:24:00Z;262.47;262.49;262.5;262.47;1244;
e6123145-9665-43e0-8413-cd61b8aa9b13;2024-10-08T20:25:00Z;262.44;262.5;262.5;262.44;638;
e6123145-9665-43e0-8413-cd61b8aa9b13;2024-10-08T20:26:00Z;262.5;262.5;262.5;262.5;294;
e6123145-9665-43e0-8413-cd61b8aa9b13;2024-10-08T20:27:00Z;262.52;262.5;262.52;262.49;211;
e6123145-9665-43e0-8413-cd61b8aa9b13;2024-10-08T20:28:00Z;262.46;262.5;262.5;262.39;3031;
e6123145-9665-43e0-8413-cd61b8aa9b13;2024-10-08T20:29:00Z;262.45;262.49;262.49;262.45;89;
e6123145-9665-43e0-8413-cd61b8aa9b13;2024-10-08T20:30:00Z;262.49;262.52;262.56;262.49;439;
e6123145-9665-43e0-8413-cd61b8aa9b13;2024-10-08T20:31:00Z;262.5;262.56;262.56;262.5;2090;
e6123145-9665-43e0-8413-cd61b8aa9b13;2024-10-08T20:32:00Z;262.56;262.55;262.59;262.5;52;
e6123145-9665-43e0-8413-cd61b8aa9b13;2024-10-08T20:33:00Z;262.55;262.54;262.55;262.5;52;
e6123145-9665-43e0-8413-cd61b8aa9b13;2024-10-08T20:34:00Z;262.54;262.58;262.58;262.54;117;
e6123145-9665-43e0-8413-cd61b8aa9b13;2024-10-08T20:35:00Z;262.58;262.54;262.58;262.54;301;
e6123145-9665-43e0-8413-cd61b8aa9b13;2024-10-08T20:36:00Z;262.54;262.7;262.85;262.5;7695;
e6123145-9665-43e0-8413-cd61b8aa9b13;2024-10-08T20:37:00Z;262.7;262.6;262.7;262.6;209;
e6123145-9665-43e0-8413-cd61b8aa9b13;2024-10-08T20:38:00Z;262.61;262.61;262.61;262.6;233;
e6123145-9665-43e0-8413-cd61b8aa9b13;2024-10-08T20:39:00Z;262.6;262.66;262.76;262.6;1659;
e6123145-9665-43e0-8413-cd61b8aa9b13;2024-10-08T20:40:00Z;262.69;262.67;262.69;262.67;41;
e6123145-9665-43e0-8413-cd61b8aa9b13;2024-10-08T20:41:00Z;262.69;262.67;262.69;262.67;11;
e6123145-9665-43e0-8413-cd61b8aa9b13;2024-10-08T20:42:00Z;262.67;262.64;262.67;262.64;1917;
e6123145-9665-43e0-8413-cd61b8aa9b13;2024-10-08T20:43:00Z;262.64;262.6;262.64;262.6;2058;
e6123145-9665-43e0-8413-cd61b8aa9b13;2024-10-08T20:44:00Z;262.6;262.6;262.63;262.6;104;
e6123145-9665-43e0-8413-cd61b8aa9b13;2024-10-08T20:45:00Z;262.59;262.49;262.6;262.48;2081;
e6123145-9665-43e0-8413-cd61b8aa9b13;2024-10-08T20:46:00Z;262.49;262.53;262.66;262.48;406;
e6123145-9665-43e0-8413-cd61b8aa9b13;2024-10-08T20:47:00Z;262.53;262.48;262.62;262.48;214;
e6123145-9665-43e0-8413-cd61b8aa9b13;2024-10-08T20:48:00Z;262.48;262.6;262.6;262.48;361;
e6123145-9665-43e0-8413-cd61b8aa9b13;2024-10-08T20:49:00Z;262.5;262.4;262.55;262.19;11455;
