02cfdf61-6298-4c0f-a9ca-9cabc82afaf3;2024-12-21T00:00:00Z;6777.5;6778.5;6778.5;6777.5;5;
02cfdf61-6298-4c0f-a9ca-9cabc82afaf3;2024-12-21T00:17:00Z;6745;6745;6745;6745;1;
02cfdf61-6298-4c0f-a9ca-9cabc82afaf3;2024-12-21T00:23:00Z;6777;6777;6777;6777;3;
02cfdf61-6298-4c0f-a9ca-9cabc82afaf3;2024-12-21T00:28:00Z;6778;6779;6779;6778;22;
02cfdf61-6298-4c0f-a9ca-9cabc82afaf3;2024-12-21T00:29:00Z;6779;6747;6779;6747;2;
02cfdf61-6298-4c0f-a9ca-9cabc82afaf3;2024-12-21T00:31:00Z;6779;6779;6779;6779;1;
02cfdf61-6298-4c0f-a9ca-9cabc82afaf3;2024-12-21T00:34:00Z;6779;6779;6779;6779;1;
02cfdf61-6298-4c0f-a9ca-9cabc82afaf3;2024-12-21T00:36:00Z;6779;6793.5;6793.5;6779;2;
02cfdf61-6298-4c0f-a9ca-9cabc82afaf3;2024-12-21T00:40:00Z;6773.5;6773.5;6773.5;6773.5;3;
02cfdf61-6298-4c0f-a9ca-9cabc82afaf3;2024-12-21T00:43:00Z;6773.5;6760;6773.5;6760;8;
02cfdf61-6298-4c0f-a9ca-9cabc82afaf3;2024-12-21T00:46:00Z;6756.5;6725.5;6756.5;6725.5;17;
02cfdf61-6298-4c0f-a9ca-9cabc82afaf3;2024-12-21T00:47:00Z;6769.5;6769.5;6769.5;6769.5;1;
02cfdf61-6298-4c0f-a9ca-9cabc82afaf3;2024-12-21T00:48:00Z;6726;6725.5;6726;6725.5;16;
02cfdf61-6298-4c0f-a9ca-9cabc82afaf3;2024-12-21T00:51:00Z;6769.5;6769.5;6769.5;6769.5;1;
02cfdf61-6298-4c0f-a9ca-9cabc82afaf3;2024-12-21T00:52:00Z;6768.5;6768.5;6768.5;6768.5;2;
02cfdf61-6298-4c0f-a9ca-9cabc82afaf3;2024-12-21T00:55:00Z;6726.5;6726.5;6726.5;6726.5;1;
02cfdf61-6298-4c0f-a9ca-9cabc82afaf3;2024-12-21T01:01:00Z;6727;6726;6727;6726;2;
02cfdf61-6298-4c0f-a9ca-9cabc82afaf3;2024-12-21T01:10:00Z;6726;6725;6726;6725;13;
02cfdf61-6298-4c0f-a9ca-9cabc82afaf3;2024-12-21T01:17:00Z;6725;6725;6725;6725;3;
02cfdf61-6298-4c0f-a9ca-9cabc82afaf3;2024-12-21T01:18:00Z;6760;6708.5;6760;6708.5;7;
02cfdf61-6298-4c0f-a9ca-9cabc82afaf3;2024-12-21T01:26:00Z;6758;6758;6758;6758;1;
02cfdf61-6298-4c0f-a9ca-9cabc82afaf3;2024-12-21T01:27:00Z;6708;6708;6708;6708;2;
02cfdf61-6298-4c0f-a9ca-9cabc82afaf3;2024-12-21T01:29:00Z;6758;6758.5;6758.5;6758;2;
02cfdf61-6298-4c0f-a9ca-9cabc82afaf3;2024-12-21T01:31:00Z;6758;6758;6758;6758;1;
02cfdf61-6298-4c0f-a9ca-9cabc82afaf3;2024-12-21T01:33:00Z;6757;6757;6757;6757;2;
02cfdf61-6298-4c0f-a9ca-9cabc82afaf3;2024-12-21T01:34:00Z;6708.5;6708;6708.5;6708;10;
02cfdf61-6298-4c0f-a9ca-9cabc82afaf3;2024-12-21T01:36:00Z;6708;6708;6708;6708;2;
02cfdf61-6298-4c0f-a9ca-9cabc82afaf3;2024-12-21T01:38:00Z;6708.5;6708.5;6708.5;6708.5;1;
02cfdf61-6298-4c0f-a9ca-9cabc82afaf3;2024-12-21T01:39:00Z;6708.5;6708.5;6708.5;6708.5;1;
02cfdf61-6298-4c0f-a9ca-9cabc82afaf3;2024-12-21T01:45:00Z;6707.5;6707.5;6707.5;6707.5;2;
02cfdf61-6298-4c0f-a9ca-9cabc82afaf3;2024-12-21T01:46:00Z;6708.5;6709;6709;6708.5;27;
02cfdf61-6298-4c0f-a9ca-9cabc82afaf3;2024-12-21T01:47:00Z;6709;6709;6709;6709;1;
02cfdf61-6298-4c0f-a9ca-9cabc82afaf3;2024-12-21T01:51:00Z;6707.5;6707.5;6707.5;6707.5;11;
02cfdf61-6298-4c0f-a9ca-9cabc82afaf3;2024-12-21T01:52:00Z;6709;6709;6709;6709;11;
02cfdf61-6298-4c0f-a9ca-9cabc82afaf3;2024-12-21T02:00:00Z;6709;6709;6709;6709;15;
02cfdf61-6298-4c0f-a9ca-9cabc82afaf3;2024-12-21T02:01:00Z;6709;6709;6709;6709;3;
02cfdf61-6298-4c0f-a9ca-9cabc82afaf3;2024-12-21T02:07:00Z;6707.5;6707;6707.5;6707;15;
02cfdf61-6298-4c0f-a9ca-9cabc82afaf3;2024-12-21T02:14:00Z;6707;6709;6709;6700;43;
02cfdf61-6298-4c0f-a9ca-9cabc82afaf3;2024-12-21T02:20:00Z;6709;6709;6709;6709;1;
02cfdf61-6298-4c0f-a9ca-9cabc82afaf3;2024-12-21T02:28:00Z;6698.5;6698.5;6698.5;6698.5;1;
02cfdf61-6298-4c0f-a9ca-9cabc82afaf3;2024-12-21T02:29:00Z;6698.5;6698.5;6698.5;6698.5;9;
02cfdf61-6298-4c0f-a9ca-9cabc82afaf3;2024-12-21T02:33:00Z;6699;6698.5;6699;6698.5;10;
02cfdf61-6298-4c0f-a9ca-9cabc82afaf3;2024-12-21T02:34:00Z;6698.5;6698.5;6698.5;6698.5;3;
02cfdf61-6298-4c0f-a9ca-9cabc82afaf3;2024-12-21T02:37:00Z;6699;6699;6699;6699;2;
02cfdf61-6298-4c0f-a9ca-9cabc82afaf3;2024-12-21T02:38:00Z;6699;6699;6699;6699;3;
02cfdf61-6298-4c0f-a9ca-9cabc82afaf3;2024-12-21T02:42:00Z;6698.5;6698.5;6698.5;6698.5;11;
02cfdf61-6298-4c0f-a9ca-9cabc82afaf3;2024-12-21T02:43:00Z;6708.5;6709;6709;6708.5;2;
02cfdf61-6298-4c0f-a9ca-9cabc82afaf3;2024-12-21T02:44:00Z;6698.5;6709;6709;6698.5;12;
02cfdf61-6298-4c0f-a9ca-9cabc82afaf3;2024-12-21T02:46:00Z;6709;6709;6709;6709;1;
02cfdf61-6298-4c0f-a9ca-9cabc82afaf3;2024-12-21T02:48:00Z;6700;6700;6700;6700;4;
02cfdf61-6298-4c0f-a9ca-9cabc82afaf3;2024-12-21T02:49:00Z;6709;6750;6750;6709;17;
02cfdf61-6298-4c0f-a9ca-9cabc82afaf3;2024-12-21T02:53:00Z;6748;6748;6748;6748;1;
02cfdf61-6298-4c0f-a9ca-9cabc82afaf3;2024-12-21T02:54:00Z;6748.5;6748.5;6748.5;6748.5;1;
02cfdf61-6298-4c0f-a9ca-9cabc82afaf3;2024-12-21T02:55:00Z;6749;6749;6749;6749;1;
02cfdf61-6298-4c0f-a9ca-9cabc82afaf3;2024-12-21T02:56:00Z;6748;6748;6748;6748;7;
02cfdf61-6298-4c0f-a9ca-9cabc82afaf3;2024-12-21T02:59:00Z;6740;6740;6740;6740;2;
02cfdf61-6298-4c0f-a9ca-9cabc82afaf3;2024-12-21T03:05:00Z;6702;6702;6702;6702;2;
02cfdf61-6298-4c0f-a9ca-9cabc82afaf3;2024-12-21T03:08:00Z;6726.5;6726.5;6726.5;6726.5;4;
02cfdf61-6298-4c0f-a9ca-9cabc82afaf3;2024-12-21T03:10:00Z;6728;6739.5;6739.5;6728;3;
02cfdf61-6298-4c0f-a9ca-9cabc82afaf3;2024-12-21T03:11:00Z;6722.5;6722.5;6722.5;6722.5;1;
02cfdf61-6298-4c0f-a9ca-9cabc82afaf3;2024-12-21T03:14:00Z;6738;6740;6740;6738;20;
02cfdf61-6298-4c0f-a9ca-9cabc82afaf3;2024-12-21T03:18:00Z;6739;6739;6739;6739;1;
02cfdf61-6298-4c0f-a9ca-9cabc82afaf3;2024-12-21T03:26:00Z;6725.5;6725.5;6725.5;6725.5;1;
02cfdf61-6298-4c0f-a9ca-9cabc82afaf3;2024-12-21T03:29:00Z;6725.5;6725.5;6725.5;6725.5;2;
02cfdf61-6298-4c0f-a9ca-9cabc82afaf3;2024-12-21T03:35:00Z;6725.5;6725.5;6725.5;6725.5;1;
02cfdf61-6298-4c0f-a9ca-9cabc82afaf3;2024-12-21T03:37:00Z;6725.5;6725.5;6725.5;6725.5;1;
02cfdf61-6298-4c0f-a9ca-9cabc82afaf3;2024-12-21T03:39:00Z;6725.5;6739;6739;6725;3;
02cfdf61-6298-4c0f-a9ca-9cabc82afaf3;2024-12-21T03:42:00Z;6739;6739;6739;6739;3;
02cfdf61-6298-4c0f-a9ca-9cabc82afaf3;2024-12-21T03:44:00Z;6739;6739;6739;6739;5;
02cfdf61-6298-4c0f-a9ca-9cabc82afaf3;2024-12-21T03:49:00Z;6739;6739.5;6739.5;6739;4;
02cfdf61-6298-4c0f-a9ca-9cabc82afaf3;2024-12-21T03:53:00Z;6725;6725;6725;6725;10;
02cfdf61-6298-4c0f-a9ca-9cabc82afaf3;2024-12-21T03:55:00Z;6739.5;6740;6740;6739.5;13;
02cfdf61-6298-4c0f-a9ca-9cabc82afaf3;2024-12-21T03:56:00Z;6740;6725;6740;6725;4;
02cfdf61-6298-4c0f-a9ca-9cabc82afaf3;2024-12-21T03:57:00Z;6725;6725;6725;6725;4;
02cfdf61-6298-4c0f-a9ca-9cabc82afaf3;2024-12-21T03:59:00Z;6740;6749.5;6749.5;6739.5;33;
02cfdf61-6298-4c0f-a9ca-9cabc82afaf3;2024-12-21T04:00:00Z;6725.5;6725.5;6725.5;6725.5;11;
02cfdf61-6298-4c0f-a9ca-9cabc82afaf3;2024-12-21T04:01:00Z;6749;6749;6749;6749;6;
02cfdf61-6298-4c0f-a9ca-9cabc82afaf3;2024-12-21T04:02:00Z;6730;6730;6730;6730;1;
02cfdf61-6298-4c0f-a9ca-9cabc82afaf3;2024-12-21T04:03:00Z;6733;6733;6733;6733;4;
02cfdf61-6298-4c0f-a9ca-9cabc82afaf3;2024-12-21T04:05:00Z;6748.5;6749;6749;6748.5;4;
02cfdf61-6298-4c0f-a9ca-9cabc82afaf3;2024-12-21T04:06:00Z;6737;6737;6737;6737;1;
02cfdf61-6298-4c0f-a9ca-9cabc82afaf3;2024-12-21T04:08:00Z;6748.5;6738;6749;6738;4;
02cfdf61-6298-4c0f-a9ca-9cabc82afaf3;2024-12-21T04:10:00Z;6748.5;6748.5;6748.5;6748.5;5;
02cfdf61-6298-4c0f-a9ca-9cabc82afaf3;2024-12-21T04:13:00Z;6738.5;6726;6738.5;6726;105;
02cfdf61-6298-4c0f-a9ca-9cabc82afaf3;2024-12-21T04:14:00Z;6727;6727;6727;6727;2;
02cfdf61-6298-4c0f-a9ca-9cabc82afaf3;2024-12-21T04:15:00Z;6727;6727;6727;6727;1;
02cfdf61-6298-4c0f-a9ca-9cabc82afaf3;2024-12-21T04:16:00Z;6727;6727;6727;6727;7;
02cfdf61-6298-4c0f-a9ca-9cabc82afaf3;2024-12-21T04:17:00Z;6727;6727;6727;6727;1;
02cfdf61-6298-4c0f-a9ca-9cabc82afaf3;2024-12-21T04:18:00Z;6737.5;6737.5;6737.5;6737.5;1;
02cfdf61-6298-4c0f-a9ca-9cabc82afaf3;2024-12-21T04:21:00Z;6734.5;6734.5;6734.5;6734.5;3;
02cfdf61-6298-4c0f-a9ca-9cabc82afaf3;2024-12-21T04:22:00Z;6728;6727.5;6728;6727.5;6;
02cfdf61-6298-4c0f-a9ca-9cabc82afaf3;2024-12-21T04:25:00Z;6733;6727.5;6735;6727.5;5;
02cfdf61-6298-4c0f-a9ca-9cabc82afaf3;2024-12-21T04:27:00Z;6735;6735;6735;6735;1;
02cfdf61-6298-4c0f-a9ca-9cabc82afaf3;2024-12-21T04:28:00Z;6728;6735;6735;6728;4;
02cfdf61-6298-4c0f-a9ca-9cabc82afaf3;2024-12-21T04:29:00Z;6734.5;6734.5;6734.5;6734.5;4;
02cfdf61-6298-4c0f-a9ca-9cabc82afaf3;2024-12-21T04:31:00Z;6734.5;6735;6735;6728;8;
02cfdf61-6298-4c0f-a9ca-9cabc82afaf3;2024-12-21T04:32:00Z;6735;6727.5;6735.5;6727.5;18;
02cfdf61-6298-4c0f-a9ca-9cabc82afaf3;2024-12-21T04:35:00Z;6735.5;6735.5;6735.5;6735.5;1;
02cfdf61-6298-4c0f-a9ca-9cabc82afaf3;2024-12-21T04:36:00Z;6735.5;6736;6736;6735.5;11;
02cfdf61-6298-4c0f-a9ca-9cabc82afaf3;2024-12-21T04:37:00Z;6737.5;6737.5;6737.5;6737.5;2;
02cfdf61-6298-4c0f-a9ca-9cabc82afaf3;2024-12-21T04:38:00Z;6745;6745;6745;6745;2;
02cfdf61-6298-4c0f-a9ca-9cabc82afaf3;2024-12-21T04:39:00Z;6745;6730;6745;6730;3;
02cfdf61-6298-4c0f-a9ca-9cabc82afaf3;2024-12-21T04:41:00Z;6732.5;6746;6746;6732.5;4;
02cfdf61-6298-4c0f-a9ca-9cabc82afaf3;2024-12-21T04:43:00Z;6733.5;6733;6733.5;6733;7;
02cfdf61-6298-4c0f-a9ca-9cabc82afaf3;2024-12-21T04:44:00Z;6732;6745.5;6745.5;6732;11;
02cfdf61-6298-4c0f-a9ca-9cabc82afaf3;2024-12-21T04:45:00Z;6733;6732.5;6733;6732.5;5;
02cfdf61-6298-4c0f-a9ca-9cabc82afaf3;2024-12-21T04:46:00Z;6732;6729;6732;6729;8;
02cfdf61-6298-4c0f-a9ca-9cabc82afaf3;2024-12-21T04:48:00Z;6729;6729;6729;6729;1;
02cfdf61-6298-4c0f-a9ca-9cabc82afaf3;2024-12-21T04:49:00Z;6729;6742;6742;6729;2;
02cfdf61-6298-4c0f-a9ca-9cabc82afaf3;2024-12-21T04:50:00Z;6728.5;6741.5;6741.5;6728.5;3;
02cfdf61-6298-4c0f-a9ca-9cabc82afaf3;2024-12-21T04:51:00Z;6741;6741;6741;6741;1;
02cfdf61-6298-4c0f-a9ca-9cabc82afaf3;2024-12-21T04:53:00Z;6741.5;6748.5;6748.5;6741.5;36;
02cfdf61-6298-4c0f-a9ca-9cabc82afaf3;2024-12-21T04:54:00Z;6748.5;6749;6749;6748.5;5;
02cfdf61-6298-4c0f-a9ca-9cabc82afaf3;2024-12-21T04:56:00Z;6749;6749;6749;6749;3;
02cfdf61-6298-4c0f-a9ca-9cabc82afaf3;2024-12-21T04:58:00Z;6740.5;6748.5;6748.5;6736;4;
02cfdf61-6298-4c0f-a9ca-9cabc82afaf3;2024-12-21T04:59:00Z;6738;6730.5;6738;6730.5;9;
02cfdf61-6298-4c0f-a9ca-9cabc82afaf3;2024-12-21T05:00:00Z;6747.5;6747.5;6747.5;6747.5;1;
02cfdf61-6298-4c0f-a9ca-9cabc82afaf3;2024-12-21T05:01:00Z;6732;6732;6732;6732;1;
02cfdf61-6298-4c0f-a9ca-9cabc82afaf3;2024-12-21T05:05:00Z;6732.5;6732.5;6732.5;6732.5;1;
02cfdf61-6298-4c0f-a9ca-9cabc82afaf3;2024-12-21T05:06:00Z;6732.5;6727;6732.5;6727;300;
02cfdf61-6298-4c0f-a9ca-9cabc82afaf3;2024-12-21T05:07:00Z;6745;6744.5;6745;6744.5;3;
02cfdf61-6298-4c0f-a9ca-9cabc82afaf3;2024-12-21T05:09:00Z;6744;6744;6744;6744;1;
02cfdf61-6298-4c0f-a9ca-9cabc82afaf3;2024-12-21T05:10:00Z;6743.5;6743;6743.5;6743;5;
02cfdf61-6298-4c0f-a9ca-9cabc82afaf3;2024-12-21T05:11:00Z;6740;6740;6740;6740;2;
02cfdf61-6298-4c0f-a9ca-9cabc82afaf3;2024-12-21T05:12:00Z;6740;6740;6740;6740;1;
02cfdf61-6298-4c0f-a9ca-9cabc82afaf3;2024-12-21T05:13:00Z;6732.5;6732.5;6732.5;6732.5;1;
02cfdf61-6298-4c0f-a9ca-9cabc82afaf3;2024-12-21T05:14:00Z;6742.5;6743;6743;6742.5;2;
02cfdf61-6298-4c0f-a9ca-9cabc82afaf3;2024-12-21T05:15:00Z;6743;6743;6743;6743;2;
02cfdf61-6298-4c0f-a9ca-9cabc82afaf3;2024-12-21T05:17:00Z;6734;6734;6734;6734;1;
02cfdf61-6298-4c0f-a9ca-9cabc82afaf3;2024-12-21T05:19:00Z;6732.5;6732.5;6732.5;6732.5;3;
02cfdf61-6298-4c0f-a9ca-9cabc82afaf3;2024-12-21T05:22:00Z;6730.5;6730.5;6730.5;6730.5;4;
02cfdf61-6298-4c0f-a9ca-9cabc82afaf3;2024-12-21T05:23:00Z;6740.5;6742.5;6742.5;6740.5;7;
02cfdf61-6298-4c0f-a9ca-9cabc82afaf3;2024-12-21T05:24:00Z;6742;6742;6742;6742;2;
02cfdf61-6298-4c0f-a9ca-9cabc82afaf3;2024-12-21T05:25:00Z;6739.5;6732.5;6739.5;6732.5;2;
02cfdf61-6298-4c0f-a9ca-9cabc82afaf3;2024-12-21T05:26:00Z;6732.5;6732.5;6732.5;6732.5;2;
02cfdf61-6298-4c0f-a9ca-9cabc82afaf3;2024-12-21T05:27:00Z;6732.5;6732.5;6732.5;6732.5;5;
02cfdf61-6298-4c0f-a9ca-9cabc82afaf3;2024-12-21T05:28:00Z;6732.5;6732.5;6732.5;6732.5;2;
02cfdf61-6298-4c0f-a9ca-9cabc82afaf3;2024-12-21T05:30:00Z;6739.5;6732.5;6739.5;6732.5;4;
02cfdf61-6298-4c0f-a9ca-9cabc82afaf3;2024-12-21T05:31:00Z;6739.5;6739.5;6739.5;6739.5;1;
02cfdf61-6298-4c0f-a9ca-9cabc82afaf3;2024-12-21T05:32:00Z;6739.5;6739.5;6739.5;6739.5;4;
02cfdf61-6298-4c0f-a9ca-9cabc82afaf3;2024-12-21T05:34:00Z;6739;6739;6739;6739;1;
02cfdf61-6298-4c0f-a9ca-9cabc82afaf3;2024-12-21T05:35:00Z;6739;6739;6739;6739;3;
02cfdf61-6298-4c0f-a9ca-9cabc82afaf3;2024-12-21T05:36:00Z;6739.5;6732.5;6741.5;6732.5;17;
02cfdf61-6298-4c0f-a9ca-9cabc82afaf3;2024-12-21T05:37:00Z;6733;6733;6733;6733;1;
02cfdf61-6298-4c0f-a9ca-9cabc82afaf3;2024-12-21T05:38:00Z;6733;6739.5;6739.5;6733;6;
02cfdf61-6298-4c0f-a9ca-9cabc82afaf3;2024-12-21T05:39:00Z;6733;6733;6733;6733;1;
02cfdf61-6298-4c0f-a9ca-9cabc82afaf3;2024-12-21T05:41:00Z;6740.5;6743.5;6743.5;6740.5;229;
02cfdf61-6298-4c0f-a9ca-9cabc82afaf3;2024-12-21T05:42:00Z;6744;6752;6752;6744;220;
02cfdf61-6298-4c0f-a9ca-9cabc82afaf3;2024-12-21T05:43:00Z;6752;6768.5;6768.5;6752;484;
02cfdf61-6298-4c0f-a9ca-9cabc82afaf3;2024-12-21T05:44:00Z;6767.5;6767.5;6767.5;6767.5;2;
02cfdf61-6298-4c0f-a9ca-9cabc82afaf3;2024-12-21T05:45:00Z;6767.5;6767.5;6767.5;6767.5;1;
02cfdf61-6298-4c0f-a9ca-9cabc82afaf3;2024-12-21T05:46:00Z;6767.5;6768;6768;6767.5;13;
02cfdf61-6298-4c0f-a9ca-9cabc82afaf3;2024-12-21T05:47:00Z;6755.5;6763;6763;6748;13;
02cfdf61-6298-4c0f-a9ca-9cabc82afaf3;2024-12-21T05:49:00Z;6766;6757;6766.5;6730;297;
02cfdf61-6298-4c0f-a9ca-9cabc82afaf3;2024-12-21T05:50:00Z;6757;6757.5;6768.5;6756.5;89;
02cfdf61-6298-4c0f-a9ca-9cabc82afaf3;2024-12-21T05:51:00Z;6765.5;6768;6769;6765.5;66;
02cfdf61-6298-4c0f-a9ca-9cabc82afaf3;2024-12-21T05:52:00Z;6769;6769.5;6769.5;6769;61;
02cfdf61-6298-4c0f-a9ca-9cabc82afaf3;2024-12-21T05:53:00Z;6774.5;6769;6774.5;6769;45;
02cfdf61-6298-4c0f-a9ca-9cabc82afaf3;2024-12-21T05:55:00Z;6748.5;6748.5;6748.5;6748.5;1;
02cfdf61-6298-4c0f-a9ca-9cabc82afaf3;2024-12-21T05:56:00Z;6751.5;6751.5;6751.5;6751.5;1;
02cfdf61-6298-4c0f-a9ca-9cabc82afaf3;2024-12-21T05:57:00Z;6772.5;6772.5;6772.5;6772.5;2;
02cfdf61-6298-4c0f-a9ca-9cabc82afaf3;2024-12-21T05:58:00Z;6773;6754.5;6773;6754.5;12;
02cfdf61-6298-4c0f-a9ca-9cabc82afaf3;2024-12-21T05:59:00Z;6754.5;6772.5;6773;6754.5;9;
02cfdf61-6298-4c0f-a9ca-9cabc82afaf3;2024-12-21T06:00:00Z;6773;6773;6773;6773;7;
02cfdf61-6298-4c0f-a9ca-9cabc82afaf3;2024-12-21T06:03:00Z;6773.5;6779;6779;6773.5;14;
02cfdf61-6298-4c0f-a9ca-9cabc82afaf3;2024-12-21T06:04:00Z;6773.5;6773.5;6773.5;6773.5;7;
02cfdf61-6298-4c0f-a9ca-9cabc82afaf3;2024-12-21T06:05:00Z;6773.5;6773;6773.5;6773;102;
02cfdf61-6298-4c0f-a9ca-9cabc82afaf3;2024-12-21T06:06:00Z;6779;6779;6779;6779;2;
02cfdf61-6298-4c0f-a9ca-9cabc82afaf3;2024-12-21T06:07:00Z;6779;6779;6779;6779;4;
02cfdf61-6298-4c0f-a9ca-9cabc82afaf3;2024-12-21T06:09:00Z;6779;6779;6779;6779;1;
02cfdf61-6298-4c0f-a9ca-9cabc82afaf3;2024-12-21T06:10:00Z;6779;6774;6790;6774;150;
02cfdf61-6298-4c0f-a9ca-9cabc82afaf3;2024-12-21T06:11:00Z;6789.5;6789;6789.5;6789;3;
02cfdf61-6298-4c0f-a9ca-9cabc82afaf3;2024-12-21T06:12:00Z;6789;6789;6790;6789;26;
02cfdf61-6298-4c0f-a9ca-9cabc82afaf3;2024-12-21T06:13:00Z;6788;6778;6788;6778;3;
02cfdf61-6298-4c0f-a9ca-9cabc82afaf3;2024-12-21T06:14:00Z;6787.5;6788;6788;6774;7;
02cfdf61-6298-4c0f-a9ca-9cabc82afaf3;2024-12-21T06:15:00Z;6787.5;6787.5;6787.5;6787.5;2;
02cfdf61-6298-4c0f-a9ca-9cabc82afaf3;2024-12-21T06:16:00Z;6776;6787;6787.5;6776;151;
02cfdf61-6298-4c0f-a9ca-9cabc82afaf3;2024-12-21T06:17:00Z;6785.5;6777;6785.5;6777;5;
02cfdf61-6298-4c0f-a9ca-9cabc82afaf3;2024-12-21T06:18:00Z;6780;6777.5;6786.5;6777.5;11;
02cfdf61-6298-4c0f-a9ca-9cabc82afaf3;2024-12-21T06:19:00Z;6777;6777;6777;6777;7;
02cfdf61-6298-4c0f-a9ca-9cabc82afaf3;2024-12-21T06:20:00Z;6777;6777;6786.5;6777;46;
02cfdf61-6298-4c0f-a9ca-9cabc82afaf3;2024-12-21T06:21:00Z;6779;6777;6786;6777;15;
02cfdf61-6298-4c0f-a9ca-9cabc82afaf3;2024-12-21T06:22:00Z;6786;6777;6786;6777;17;
02cfdf61-6298-4c0f-a9ca-9cabc82afaf3;2024-12-21T06:23:00Z;6785.5;6786;6786;6785.5;4;
02cfdf61-6298-4c0f-a9ca-9cabc82afaf3;2024-12-21T06:24:00Z;6786;6786;6786;6786;1;
02cfdf61-6298-4c0f-a9ca-9cabc82afaf3;2024-12-21T06:25:00Z;6786;6779;6786;6779;5;
02cfdf61-6298-4c0f-a9ca-9cabc82afaf3;2024-12-21T06:27:00Z;6786;6778;6786;6778;2;
02cfdf61-6298-4c0f-a9ca-9cabc82afaf3;2024-12-21T06:28:00Z;6778;6777;6786;6777;35;
02cfdf61-6298-4c0f-a9ca-9cabc82afaf3;2024-12-21T06:29:00Z;6777;6777;6777;6777;5;
02cfdf61-6298-4c0f-a9ca-9cabc82afaf3;2024-12-21T06:31:00Z;6785.5;6785.5;6785.5;6785.5;5;
02cfdf61-6298-4c0f-a9ca-9cabc82afaf3;2024-12-21T06:33:00Z;6779;6779;6779;6779;1;
02cfdf61-6298-4c0f-a9ca-9cabc82afaf3;2024-12-21T06:35:00Z;6777.5;6777.5;6784.5;6777.5;8;
02cfdf61-6298-4c0f-a9ca-9cabc82afaf3;2024-12-21T06:36:00Z;6777;6777.5;6777.5;6777;12;
02cfdf61-6298-4c0f-a9ca-9cabc82afaf3;2024-12-21T06:37:00Z;6777;6777;6777;6777;8;
02cfdf61-6298-4c0f-a9ca-9cabc82afaf3;2024-12-21T06:39:00Z;6777;6777;6777;6774;6;
02cfdf61-6298-4c0f-a9ca-9cabc82afaf3;2024-12-21T06:40:00Z;6774;6774;6774;6774;1;
02cfdf61-6298-4c0f-a9ca-9cabc82afaf3;2024-12-21T06:41:00Z;6774;6753.5;6776.5;6753.5;14;
02cfdf61-6298-4c0f-a9ca-9cabc82afaf3;2024-12-21T06:42:00Z;6754.5;6754.5;6754.5;6754.5;2;
02cfdf61-6298-4c0f-a9ca-9cabc82afaf3;2024-12-21T06:44:00Z;6755;6769.5;6774;6755;19;
02cfdf61-6298-4c0f-a9ca-9cabc82afaf3;2024-12-21T06:45:00Z;6774;6759;6774;6759;11;
02cfdf61-6298-4c0f-a9ca-9cabc82afaf3;2024-12-21T06:46:00Z;6774;6776;6776;6774;19;
02cfdf61-6298-4c0f-a9ca-9cabc82afaf3;2024-12-21T06:47:00Z;6776;6775.5;6776;6761.5;27;
02cfdf61-6298-4c0f-a9ca-9cabc82afaf3;2024-12-21T06:48:00Z;6776.5;6763.5;6777;6763.5;9;
02cfdf61-6298-4c0f-a9ca-9cabc82afaf3;2024-12-21T06:49:00Z;6776;6763;6776;6762;43;
02cfdf61-6298-4c0f-a9ca-9cabc82afaf3;2024-12-21T06:50:00Z;6763;6763;6763;6763;3;
02cfdf61-6298-4c0f-a9ca-9cabc82afaf3;2024-12-21T06:51:00Z;6763;6761.5;6763;6761.5;2;
02cfdf61-6298-4c0f-a9ca-9cabc82afaf3;2024-12-21T06:52:00Z;6763;6763;6763;6763;21;
02cfdf61-6298-4c0f-a9ca-9cabc82afaf3;2024-12-21T06:53:00Z;6761.5;6753;6763.5;6753;58;
02cfdf61-6298-4c0f-a9ca-9cabc82afaf3;2024-12-21T06:54:00Z;6763.5;6763;6763.5;6763;3;
02cfdf61-6298-4c0f-a9ca-9cabc82afaf3;2024-12-21T06:55:00Z;6763;6763;6763;6763;1;
02cfdf61-6298-4c0f-a9ca-9cabc82afaf3;2024-12-21T06:56:00Z;6763;6755.5;6763;6755.5;4;
02cfdf61-6298-4c0f-a9ca-9cabc82afaf3;2024-12-21T06:57:00Z;6763;6755.5;6763;6755.5;2;
02cfdf61-6298-4c0f-a9ca-9cabc82afaf3;2024-12-21T06:59:00Z;6762.5;6762.5;6762.5;6762.5;1;
02cfdf61-6298-4c0f-a9ca-9cabc82afaf3;2024-12-21T07:00:00Z;6762.5;6756;6762.5;6756;12;
02cfdf61-6298-4c0f-a9ca-9cabc82afaf3;2024-12-21T07:02:00Z;6756;6755.5;6756;6755.5;19;
02cfdf61-6298-4c0f-a9ca-9cabc82afaf3;2024-12-21T07:03:00Z;6755.5;6755.5;6763;6755.5;9;
02cfdf61-6298-4c0f-a9ca-9cabc82afaf3;2024-12-21T07:04:00Z;6762.5;6756;6762.5;6756;8;
02cfdf61-6298-4c0f-a9ca-9cabc82afaf3;2024-12-21T07:05:00Z;6756;6756;6756;6756;1;
02cfdf61-6298-4c0f-a9ca-9cabc82afaf3;2024-12-21T07:07:00Z;6762.5;6756;6762.5;6756;3;
02cfdf61-6298-4c0f-a9ca-9cabc82afaf3;2024-12-21T07:08:00Z;6762.5;6762.5;6762.5;6762.5;1;
02cfdf61-6298-4c0f-a9ca-9cabc82afaf3;2024-12-21T07:09:00Z;6762.5;6762.5;6762.5;6756;15;
02cfdf61-6298-4c0f-a9ca-9cabc82afaf3;2024-12-21T07:11:00Z;6762;6760;6763;6756;33;
02cfdf61-6298-4c0f-a9ca-9cabc82afaf3;2024-12-21T07:12:00Z;6760;6756;6760;6756;3;
02cfdf61-6298-4c0f-a9ca-9cabc82afaf3;2024-12-21T07:13:00Z;6761.5;6761.5;6761.5;6756;5;
02cfdf61-6298-4c0f-a9ca-9cabc82afaf3;2024-12-21T07:14:00Z;6756;6761.5;6761.5;6756;3;
02cfdf61-6298-4c0f-a9ca-9cabc82afaf3;2024-12-21T07:15:00Z;6761.5;6761.5;6761.5;6761.5;2;
02cfdf61-6298-4c0f-a9ca-9cabc82afaf3;2024-12-21T07:17:00Z;6761.5;6762;6762;6761.5;5;
02cfdf61-6298-4c0f-a9ca-9cabc82afaf3;2024-12-21T07:18:00Z;6762;6762;6762;6762;4;
02cfdf61-6298-4c0f-a9ca-9cabc82afaf3;2024-12-21T07:20:00Z;6762;6762;6762;6762;1;
02cfdf61-6298-4c0f-a9ca-9cabc82afaf3;2024-12-21T07:22:00Z;6762;6762;6762;6762;8;
02cfdf61-6298-4c0f-a9ca-9cabc82afaf3;2024-12-21T07:23:00Z;6760.5;6760;6760.5;6760;12;
02cfdf61-6298-4c0f-a9ca-9cabc82afaf3;2024-12-21T07:25:00Z;6762;6760;6762;6760;5;
02cfdf61-6298-4c0f-a9ca-9cabc82afaf3;2024-12-21T07:26:00Z;6762;6760;6762;6760;3;
02cfdf61-6298-4c0f-a9ca-9cabc82afaf3;2024-12-21T07:27:00Z;6760;6762;6762;6760;2;
02cfdf61-6298-4c0f-a9ca-9cabc82afaf3;2024-12-21T07:28:00Z;6760;6760;6760;6760;3;
02cfdf61-6298-4c0f-a9ca-9cabc82afaf3;2024-12-21T07:29:00Z;6760;6762;6762;6760;25;
02cfdf61-6298-4c0f-a9ca-9cabc82afaf3;2024-12-21T07:30:00Z;6760;6761.5;6761.5;6755.5;11;
02cfdf61-6298-4c0f-a9ca-9cabc82afaf3;2024-12-21T07:31:00Z;6756;6761.5;6761.5;6756;5;
02cfdf61-6298-4c0f-a9ca-9cabc82afaf3;2024-12-21T07:32:00Z;6762;6763;6763;6761.5;26;
02cfdf61-6298-4c0f-a9ca-9cabc82afaf3;2024-12-21T07:34:00Z;6761.5;6777;6777;6761.5;167;
02cfdf61-6298-4c0f-a9ca-9cabc82afaf3;2024-12-21T07:35:00Z;6756.5;6758;6758;6756.5;3;
02cfdf61-6298-4c0f-a9ca-9cabc82afaf3;2024-12-21T07:36:00Z;6776;6775.5;6776;6759.5;5;
02cfdf61-6298-4c0f-a9ca-9cabc82afaf3;2024-12-21T07:37:00Z;6761;6776.5;6776.5;6761;6;
02cfdf61-6298-4c0f-a9ca-9cabc82afaf3;2024-12-21T07:38:00Z;6776;6776;6776;6776;1;
02cfdf61-6298-4c0f-a9ca-9cabc82afaf3;2024-12-21T07:39:00Z;6776;6764.5;6777;6764.5;28;
02cfdf61-6298-4c0f-a9ca-9cabc82afaf3;2024-12-21T07:40:00Z;6765;6760;6765;6760;55;
02cfdf61-6298-4c0f-a9ca-9cabc82afaf3;2024-12-21T07:41:00Z;6773.5;6744;6773.5;6744;128;
02cfdf61-6298-4c0f-a9ca-9cabc82afaf3;2024-12-21T07:43:00Z;6745.5;6745;6745.5;6745;9;
02cfdf61-6298-4c0f-a9ca-9cabc82afaf3;2024-12-21T07:45:00Z;6745.5;6745;6745.5;6745;15;
02cfdf61-6298-4c0f-a9ca-9cabc82afaf3;2024-12-21T07:46:00Z;6745.5;6745;6745.5;6745;30;
02cfdf61-6298-4c0f-a9ca-9cabc82afaf3;2024-12-21T07:47:00Z;6757;6742;6757;6742;17;
02cfdf61-6298-4c0f-a9ca-9cabc82afaf3;2024-12-21T07:49:00Z;6742;6758.5;6758.5;6742;2;
02cfdf61-6298-4c0f-a9ca-9cabc82afaf3;2024-12-21T07:50:00Z;6755.5;6742;6755.5;6742;18;
02cfdf61-6298-4c0f-a9ca-9cabc82afaf3;2024-12-21T07:51:00Z;6754.5;6754.5;6754.5;6754.5;1;
02cfdf61-6298-4c0f-a9ca-9cabc82afaf3;2024-12-21T07:52:00Z;6743;6752.5;6752.5;6742;3;
02cfdf61-6298-4c0f-a9ca-9cabc82afaf3;2024-12-21T07:53:00Z;6752.5;6752.5;6752.5;6752.5;1;
02cfdf61-6298-4c0f-a9ca-9cabc82afaf3;2024-12-21T07:54:00Z;6742;6741;6742;6741;2;
02cfdf61-6298-4c0f-a9ca-9cabc82afaf3;2024-12-21T07:55:00Z;6752.5;6754;6754;6741;9;
02cfdf61-6298-4c0f-a9ca-9cabc82afaf3;2024-12-21T07:56:00Z;6741;6769;6769;6741;48;
02cfdf61-6298-4c0f-a9ca-9cabc82afaf3;2024-12-21T07:57:00Z;6769;6769;6769;6769;1;
02cfdf61-6298-4c0f-a9ca-9cabc82afaf3;2024-12-21T07:58:00Z;6769;6754;6772.5;6754;29;
02cfdf61-6298-4c0f-a9ca-9cabc82afaf3;2024-12-21T07:59:00Z;6754.5;6755;6772.5;6754.5;10;
02cfdf61-6298-4c0f-a9ca-9cabc82afaf3;2024-12-21T08:00:00Z;6772;6772.5;6772.5;6746.5;15;
02cfdf61-6298-4c0f-a9ca-9cabc82afaf3;2024-12-21T08:01:00Z;6748.5;6747;6771;6747;12;
02cfdf61-6298-4c0f-a9ca-9cabc82afaf3;2024-12-21T08:02:00Z;6768.5;6768.5;6768.5;6768.5;1;
02cfdf61-6298-4c0f-a9ca-9cabc82afaf3;2024-12-21T08:03:00Z;6767;6767;6767;6767;1;
02cfdf61-6298-4c0f-a9ca-9cabc82afaf3;2024-12-21T08:04:00Z;6766;6766;6766;6766;1;
02cfdf61-6298-4c0f-a9ca-9cabc82afaf3;2024-12-21T08:05:00Z;6746.5;6741.5;6746.5;6741;28;
02cfdf61-6298-4c0f-a9ca-9cabc82afaf3;2024-12-21T08:06:00Z;6763.5;6760;6763.5;6760;91;
02cfdf61-6298-4c0f-a9ca-9cabc82afaf3;2024-12-21T08:07:00Z;6750;6740.5;6750;6740.5;7;
02cfdf61-6298-4c0f-a9ca-9cabc82afaf3;2024-12-21T08:08:00Z;6759;6742;6759;6742;2;
02cfdf61-6298-4c0f-a9ca-9cabc82afaf3;2024-12-21T08:09:00Z;6758;6758;6758;6758;1;
02cfdf61-6298-4c0f-a9ca-9cabc82afaf3;2024-12-21T08:10:00Z;6750.5;6776;6776;6741;240;
02cfdf61-6298-4c0f-a9ca-9cabc82afaf3;2024-12-21T08:11:00Z;6746.5;6742.5;6748;6742.5;34;
02cfdf61-6298-4c0f-a9ca-9cabc82afaf3;2024-12-21T08:13:00Z;6743.5;6745;6765.5;6743.5;5;
02cfdf61-6298-4c0f-a9ca-9cabc82afaf3;2024-12-21T08:15:00Z;6751.5;6745;6751.5;6745;3;
02cfdf61-6298-4c0f-a9ca-9cabc82afaf3;2024-12-21T08:16:00Z;6752;6753.5;6753.5;6752;5;
02cfdf61-6298-4c0f-a9ca-9cabc82afaf3;2024-12-21T08:17:00Z;6745;6745;6745;6745;1;
02cfdf61-6298-4c0f-a9ca-9cabc82afaf3;2024-12-21T08:18:00Z;6754.5;6753.5;6754.5;6745;7;
02cfdf61-6298-4c0f-a9ca-9cabc82afaf3;2024-12-21T08:19:00Z;6754;6754.5;6754.5;6754;21;
02cfdf61-6298-4c0f-a9ca-9cabc82afaf3;2024-12-21T08:20:00Z;6745;6754.5;6754.5;6745;3;
02cfdf61-6298-4c0f-a9ca-9cabc82afaf3;2024-12-21T08:21:00Z;6745;6754.5;6754.5;6745;3;
02cfdf61-6298-4c0f-a9ca-9cabc82afaf3;2024-12-21T08:22:00Z;6754.5;6770;6770;6754.5;16;
02cfdf61-6298-4c0f-a9ca-9cabc82afaf3;2024-12-21T08:23:00Z;6747;6747;6771;6747;13;
02cfdf61-6298-4c0f-a9ca-9cabc82afaf3;2024-12-21T08:24:00Z;6771;6748;6771;6748;21;
02cfdf61-6298-4c0f-a9ca-9cabc82afaf3;2024-12-21T08:25:00Z;6769;6769;6769;6769;1;
02cfdf61-6298-4c0f-a9ca-9cabc82afaf3;2024-12-21T08:26:00Z;6768;6769;6769;6768;9;
02cfdf61-6298-4c0f-a9ca-9cabc82afaf3;2024-12-21T08:27:00Z;6769;6750.5;6769;6750.5;2;
02cfdf61-6298-4c0f-a9ca-9cabc82afaf3;2024-12-21T08:30:00Z;6767.5;6768;6768;6767.5;3;
02cfdf61-6298-4c0f-a9ca-9cabc82afaf3;2024-12-21T08:31:00Z;6755.5;6766.5;6766.5;6742.5;52;
02cfdf61-6298-4c0f-a9ca-9cabc82afaf3;2024-12-21T08:32:00Z;6742.5;6740;6742.5;6740;50;
02cfdf61-6298-4c0f-a9ca-9cabc82afaf3;2024-12-21T08:33:00Z;6740;6740;6740;6740;1;
02cfdf61-6298-4c0f-a9ca-9cabc82afaf3;2024-12-21T08:34:00Z;6762.5;6768.5;6768.5;6762.5;70;
02cfdf61-6298-4c0f-a9ca-9cabc82afaf3;2024-12-21T08:35:00Z;6745;6745;6745;6745;2;
02cfdf61-6298-4c0f-a9ca-9cabc82afaf3;2024-12-21T08:36:00Z;6768;6768.5;6768.5;6768;3;
02cfdf61-6298-4c0f-a9ca-9cabc82afaf3;2024-12-21T08:37:00Z;6749;6749;6749;6749;1;
02cfdf61-6298-4c0f-a9ca-9cabc82afaf3;2024-12-21T08:38:00Z;6750;6750;6750;6750;4;
02cfdf61-6298-4c0f-a9ca-9cabc82afaf3;2024-12-21T08:39:00Z;6751;6763;6763;6750.5;3;
02cfdf61-6298-4c0f-a9ca-9cabc82afaf3;2024-12-21T08:40:00Z;6751;6767.5;6767.5;6751;26;
02cfdf61-6298-4c0f-a9ca-9cabc82afaf3;2024-12-21T08:41:00Z;6767.5;6752;6767.5;6752;14;
02cfdf61-6298-4c0f-a9ca-9cabc82afaf3;2024-12-21T08:42:00Z;6767;6768;6768;6767;10;
02cfdf61-6298-4c0f-a9ca-9cabc82afaf3;2024-12-21T08:43:00Z;6754;6754;6754;6754;1;
02cfdf61-6298-4c0f-a9ca-9cabc82afaf3;2024-12-21T08:44:00Z;6767.5;6737.5;6767.5;6737.5;147;
02cfdf61-6298-4c0f-a9ca-9cabc82afaf3;2024-12-21T08:45:00Z;6739.5;6738;6739.5;6738;16;
02cfdf61-6298-4c0f-a9ca-9cabc82afaf3;2024-12-21T08:46:00Z;6738;6737;6750;6737;20;
02cfdf61-6298-4c0f-a9ca-9cabc82afaf3;2024-12-21T08:47:00Z;6738;6746;6746;6738;2;
02cfdf61-6298-4c0f-a9ca-9cabc82afaf3;2024-12-21T08:48:00Z;6742;6742;6742;6742;1;
02cfdf61-6298-4c0f-a9ca-9cabc82afaf3;2024-12-21T08:49:00Z;6742;6738;6742;6738;4;
02cfdf61-6298-4c0f-a9ca-9cabc82afaf3;2024-12-21T08:50:00Z;6746.5;6738;6746.5;6738;5;
02cfdf61-6298-4c0f-a9ca-9cabc82afaf3;2024-12-21T08:51:00Z;6746.5;6742;6746.5;6742;3;
02cfdf61-6298-4c0f-a9ca-9cabc82afaf3;2024-12-21T08:52:00Z;6738;6737;6746.5;6737;23;
02cfdf61-6298-4c0f-a9ca-9cabc82afaf3;2024-12-21T08:54:00Z;6737.5;6732.5;6737.5;6732.5;152;
02cfdf61-6298-4c0f-a9ca-9cabc82afaf3;2024-12-21T08:55:00Z;6732.5;6732.5;6732.5;6732.5;6;
02cfdf61-6298-4c0f-a9ca-9cabc82afaf3;2024-12-21T08:56:00Z;6733;6733.5;6746.5;6733;4;
02cfdf61-6298-4c0f-a9ca-9cabc82afaf3;2024-12-21T08:57:00Z;6733.5;6746.5;6746.5;6733;42;
02cfdf61-6298-4c0f-a9ca-9cabc82afaf3;2024-12-21T08:58:00Z;6733.5;6733;6733.5;6733;7;
02cfdf61-6298-4c0f-a9ca-9cabc82afaf3;2024-12-21T08:59:00Z;6733.5;6745.5;6746.5;6733.5;3;
02cfdf61-6298-4c0f-a9ca-9cabc82afaf3;2024-12-21T09:00:00Z;6733.5;6735;6735;6733.5;309;
02cfdf61-6298-4c0f-a9ca-9cabc82afaf3;2024-12-21T09:01:00Z;6734.5;6734.5;6734.5;6734.5;1;
02cfdf61-6298-4c0f-a9ca-9cabc82afaf3;2024-12-21T09:02:00Z;6733.5;6733.5;6733.5;6733.5;7;
02cfdf61-6298-4c0f-a9ca-9cabc82afaf3;2024-12-21T09:04:00Z;6733;6761.5;6761.5;6733;18;
02cfdf61-6298-4c0f-a9ca-9cabc82afaf3;2024-12-21T09:05:00Z;6761;6761;6761;6761;2;
02cfdf61-6298-4c0f-a9ca-9cabc82afaf3;2024-12-21T09:06:00Z;6751.5;6751.5;6751.5;6751.5;1;
02cfdf61-6298-4c0f-a9ca-9cabc82afaf3;2024-12-21T09:07:00Z;6755;6751;6755;6751;7;
02cfdf61-6298-4c0f-a9ca-9cabc82afaf3;2024-12-21T09:08:00Z;6741.5;6735;6741.5;6735;13;
02cfdf61-6298-4c0f-a9ca-9cabc82afaf3;2024-12-21T09:10:00Z;6736;6733.5;6736;6733.5;23;
02cfdf61-6298-4c0f-a9ca-9cabc82afaf3;2024-12-21T09:11:00Z;6734.5;6733.5;6734.5;6733.5;20;
02cfdf61-6298-4c0f-a9ca-9cabc82afaf3;2024-12-21T09:13:00Z;6733.5;6745;6747;6733.5;5;
02cfdf61-6298-4c0f-a9ca-9cabc82afaf3;2024-12-21T09:15:00Z;6747.5;6747.5;6747.5;6745;5;
02cfdf61-6298-4c0f-a9ca-9cabc82afaf3;2024-12-21T09:16:00Z;6745;6747.5;6747.5;6733.5;43;
02cfdf61-6298-4c0f-a9ca-9cabc82afaf3;2024-12-21T09:18:00Z;6734;6747;6747;6733.5;41;
02cfdf61-6298-4c0f-a9ca-9cabc82afaf3;2024-12-21T09:19:00Z;6745.5;6746.5;6746.5;6745.5;4;
02cfdf61-6298-4c0f-a9ca-9cabc82afaf3;2024-12-21T09:20:00Z;6746.5;6746.5;6746.5;6746.5;1;
02cfdf61-6298-4c0f-a9ca-9cabc82afaf3;2024-12-21T09:21:00Z;6746.5;6740;6746.5;6740;16;
02cfdf61-6298-4c0f-a9ca-9cabc82afaf3;2024-12-21T09:22:00Z;6740;6746;6746;6740;2;
02cfdf61-6298-4c0f-a9ca-9cabc82afaf3;2024-12-21T09:23:00Z;6740;6740;6740;6740;1;
02cfdf61-6298-4c0f-a9ca-9cabc82afaf3;2024-12-21T09:25:00Z;6746.5;6746.5;6746.5;6746.5;11;
02cfdf61-6298-4c0f-a9ca-9cabc82afaf3;2024-12-21T09:26:00Z;6740.5;6740.5;6746.5;6740.5;3;
02cfdf61-6298-4c0f-a9ca-9cabc82afaf3;2024-12-21T09:27:00Z;6746.5;6746.5;6746.5;6746.5;1;
02cfdf61-6298-4c0f-a9ca-9cabc82afaf3;2024-12-21T09:28:00Z;6740.5;6740.5;6740.5;6740.5;1;
02cfdf61-6298-4c0f-a9ca-9cabc82afaf3;2024-12-21T09:29:00Z;6740.5;6740.5;6740.5;6740.5;2;
02cfdf61-6298-4c0f-a9ca-9cabc82afaf3;2024-12-21T09:30:00Z;6741;6741;6741;6741;1;
02cfdf61-6298-4c0f-a9ca-9cabc82afaf3;2024-12-21T09:31:00Z;6747;6765;6765;6747;269;
02cfdf61-6298-4c0f-a9ca-9cabc82afaf3;2024-12-21T09:32:00Z;6746.5;6746.5;6746.5;6746.5;1;
02cfdf61-6298-4c0f-a9ca-9cabc82afaf3;2024-12-21T09:33:00Z;6751;6751;6751;6751;1;
02cfdf61-6298-4c0f-a9ca-9cabc82afaf3;2024-12-21T09:36:00Z;6750.5;6750.5;6750.5;6750.5;5;
02cfdf61-6298-4c0f-a9ca-9cabc82afaf3;2024-12-21T09:38:00Z;6750.5;6750.5;6758.5;6750.5;16;
02cfdf61-6298-4c0f-a9ca-9cabc82afaf3;2024-12-21T09:39:00Z;6750.5;6774.5;6774.5;6750.5;222;
02cfdf61-6298-4c0f-a9ca-9cabc82afaf3;2024-12-21T09:40:00Z;6752;6749;6752;6749;9;
02cfdf61-6298-4c0f-a9ca-9cabc82afaf3;2024-12-21T09:41:00Z;6773;6751.5;6773;6751.5;3;
02cfdf61-6298-4c0f-a9ca-9cabc82afaf3;2024-12-21T09:42:00Z;6751.5;6751.5;6751.5;6751.5;2;
02cfdf61-6298-4c0f-a9ca-9cabc82afaf3;2024-12-21T09:43:00Z;6766;6764.5;6766.5;6752.5;6;
02cfdf61-6298-4c0f-a9ca-9cabc82afaf3;2024-12-21T09:44:00Z;6753;6752.5;6753;6752.5;3;
02cfdf61-6298-4c0f-a9ca-9cabc82afaf3;2024-12-21T09:46:00Z;6753;6752.5;6753;6752.5;2;
02cfdf61-6298-4c0f-a9ca-9cabc82afaf3;2024-12-21T09:47:00Z;6753;6760;6760;6753;9;
02cfdf61-6298-4c0f-a9ca-9cabc82afaf3;2024-12-21T09:48:00Z;6759.5;6760;6760;6759.5;6;
02cfdf61-6298-4c0f-a9ca-9cabc82afaf3;2024-12-21T09:49:00Z;6753;6753;6753;6753;1;
02cfdf61-6298-4c0f-a9ca-9cabc82afaf3;2024-12-21T09:50:00Z;6754;6753;6754;6753;11;
02cfdf61-6298-4c0f-a9ca-9cabc82afaf3;2024-12-21T09:51:00Z;6753;6753;6753;6753;4;
02cfdf61-6298-4c0f-a9ca-9cabc82afaf3;2024-12-21T09:53:00Z;6755;6755;6755;6755;1;
02cfdf61-6298-4c0f-a9ca-9cabc82afaf3;2024-12-21T09:54:00Z;6752.5;6752.5;6752.5;6752.5;2;
02cfdf61-6298-4c0f-a9ca-9cabc82afaf3;2024-12-21T09:55:00Z;6759.5;6751;6759.5;6751;7;
02cfdf61-6298-4c0f-a9ca-9cabc82afaf3;2024-12-21T09:56:00Z;6750.5;6759.5;6759.5;6745.5;17;
02cfdf61-6298-4c0f-a9ca-9cabc82afaf3;2024-12-21T09:57:00Z;6758;6758.5;6758.5;6758;3;
02cfdf61-6298-4c0f-a9ca-9cabc82afaf3;2024-12-21T09:58:00Z;6757;6757;6757;6757;1;
02cfdf61-6298-4c0f-a9ca-9cabc82afaf3;2024-12-21T10:00:00Z;6759.5;6760;6760;6757;15;
02cfdf61-6298-4c0f-a9ca-9cabc82afaf3;2024-12-21T10:01:00Z;6760;6760;6760;6757;5;
02cfdf61-6298-4c0f-a9ca-9cabc82afaf3;2024-12-21T10:02:00Z;6760;6773;6773;6745.5;33;
02cfdf61-6298-4c0f-a9ca-9cabc82afaf3;2024-12-21T10:03:00Z;6747.5;6748.5;6749.5;6747.5;16;
02cfdf61-6298-4c0f-a9ca-9cabc82afaf3;2024-12-21T10:04:00Z;6749.5;6749.5;6749.5;6749.5;1;
02cfdf61-6298-4c0f-a9ca-9cabc82afaf3;2024-12-21T10:05:00Z;6750;6750;6750;6750;2;
02cfdf61-6298-4c0f-a9ca-9cabc82afaf3;2024-12-21T10:06:00Z;6763;6763;6763;6763;1;
02cfdf61-6298-4c0f-a9ca-9cabc82afaf3;2024-12-21T10:09:00Z;6751;6751;6751;6751;4;
02cfdf61-6298-4c0f-a9ca-9cabc82afaf3;2024-12-21T10:10:00Z;6759.5;6762.5;6762.5;6758.5;8;
02cfdf61-6298-4c0f-a9ca-9cabc82afaf3;2024-12-21T10:11:00Z;6750.5;6751;6751;6750.5;2;
02cfdf61-6298-4c0f-a9ca-9cabc82afaf3;2024-12-21T10:12:00Z;6750.5;6750.5;6750.5;6750.5;1;
02cfdf61-6298-4c0f-a9ca-9cabc82afaf3;2024-12-21T10:13:00Z;6751;6750.5;6751;6750.5;3;
02cfdf61-6298-4c0f-a9ca-9cabc82afaf3;2024-12-21T10:14:00Z;6750.5;6750.5;6750.5;6750.5;1;
02cfdf61-6298-4c0f-a9ca-9cabc82afaf3;2024-12-21T10:15:00Z;6751;6751;6751;6751;1;
02cfdf61-6298-4c0f-a9ca-9cabc82afaf3;2024-12-21T10:16:00Z;6759.5;6759.5;6759.5;6759.5;2;
02cfdf61-6298-4c0f-a9ca-9cabc82afaf3;2024-12-21T10:17:00Z;6758.5;6750.5;6758.5;6750.5;3;
02cfdf61-6298-4c0f-a9ca-9cabc82afaf3;2024-12-21T10:18:00Z;6750.5;6750.5;6750.5;6750.5;4;
02cfdf61-6298-4c0f-a9ca-9cabc82afaf3;2024-12-21T10:19:00Z;6750.5;6750.5;6750.5;6750.5;4;
02cfdf61-6298-4c0f-a9ca-9cabc82afaf3;2024-12-21T10:20:00Z;6750.5;6750;6750.5;6750;11;
02cfdf61-6298-4c0f-a9ca-9cabc82afaf3;2024-12-21T10:21:00Z;6750;6756;6756;6740;181;
02cfdf61-6298-4c0f-a9ca-9cabc82afaf3;2024-12-21T10:23:00Z;6757.5;6743.5;6759;6743.5;25;
02cfdf61-6298-4c0f-a9ca-9cabc82afaf3;2024-12-21T10:24:00Z;6743;6740.5;6743;6740.5;10;
02cfdf61-6298-4c0f-a9ca-9cabc82afaf3;2024-12-21T10:27:00Z;6752.5;6752.5;6752.5;6752.5;2;
02cfdf61-6298-4c0f-a9ca-9cabc82afaf3;2024-12-21T10:29:00Z;6741;6741;6750.5;6741;9;
02cfdf61-6298-4c0f-a9ca-9cabc82afaf3;2024-12-21T10:30:00Z;6751;6740.5;6753;6740.5;13;
02cfdf61-6298-4c0f-a9ca-9cabc82afaf3;2024-12-21T10:31:00Z;6741.5;6740.5;6741.5;6740.5;8;
02cfdf61-6298-4c0f-a9ca-9cabc82afaf3;2024-12-21T10:33:00Z;6740.5;6740.5;6740.5;6740.5;20;
02cfdf61-6298-4c0f-a9ca-9cabc82afaf3;2024-12-21T10:34:00Z;6740.5;6740.5;6740.5;6740.5;1;
02cfdf61-6298-4c0f-a9ca-9cabc82afaf3;2024-12-21T10:35:00Z;6740.5;6740.5;6740.5;6740.5;1;
02cfdf61-6298-4c0f-a9ca-9cabc82afaf3;2024-12-21T10:36:00Z;6740.5;6740.5;6740.5;6740.5;1;
02cfdf61-6298-4c0f-a9ca-9cabc82afaf3;2024-12-21T10:37:00Z;6740.5;6740.5;6740.5;6740.5;1;
02cfdf61-6298-4c0f-a9ca-9cabc82afaf3;2024-12-21T10:38:00Z;6743.5;6743.5;6743.5;6743.5;1;
02cfdf61-6298-4c0f-a9ca-9cabc82afaf3;2024-12-21T10:39:00Z;6740.5;6744;6744;6740.5;8;
02cfdf61-6298-4c0f-a9ca-9cabc82afaf3;2024-12-21T10:41:00Z;6741;6741;6741;6741;1;
02cfdf61-6298-4c0f-a9ca-9cabc82afaf3;2024-12-21T10:42:00Z;6741;6740;6741;6740;22;
02cfdf61-6298-4c0f-a9ca-9cabc82afaf3;2024-12-21T10:43:00Z;6740;6740;6740;6740;3;
02cfdf61-6298-4c0f-a9ca-9cabc82afaf3;2024-12-21T10:44:00Z;6748.5;6749;6749;6748.5;14;
02cfdf61-6298-4c0f-a9ca-9cabc82afaf3;2024-12-21T10:45:00Z;6740;6757;6757;6740;16;
02cfdf61-6298-4c0f-a9ca-9cabc82afaf3;2024-12-21T10:46:00Z;6741;6740;6741;6740;20;
02cfdf61-6298-4c0f-a9ca-9cabc82afaf3;2024-12-21T10:47:00Z;6740.5;6756;6756;6737.5;21;
02cfdf61-6298-4c0f-a9ca-9cabc82afaf3;2024-12-21T10:49:00Z;6753;6753;6753;6753;1;
02cfdf61-6298-4c0f-a9ca-9cabc82afaf3;2024-12-21T10:51:00Z;6750;6738;6750.5;6738;13;
02cfdf61-6298-4c0f-a9ca-9cabc82afaf3;2024-12-21T10:53:00Z;6747;6747;6747;6747;2;
02cfdf61-6298-4c0f-a9ca-9cabc82afaf3;2024-12-21T10:54:00Z;6738;6746;6746;6738;3;
02cfdf61-6298-4c0f-a9ca-9cabc82afaf3;2024-12-21T10:55:00Z;6746;6737;6746;6737;11;
02cfdf61-6298-4c0f-a9ca-9cabc82afaf3;2024-12-21T10:57:00Z;6745;6745;6745;6745;1;
02cfdf61-6298-4c0f-a9ca-9cabc82afaf3;2024-12-21T10:58:00Z;6745.5;6737.5;6745.5;6737.5;2;
02cfdf61-6298-4c0f-a9ca-9cabc82afaf3;2024-12-21T10:59:00Z;6745.5;6745.5;6745.5;6745.5;1;
02cfdf61-6298-4c0f-a9ca-9cabc82afaf3;2024-12-21T11:01:00Z;6737;6737.5;6745;6737;14;
02cfdf61-6298-4c0f-a9ca-9cabc82afaf3;2024-12-21T11:02:00Z;6737.5;6737.5;6737.5;6737.5;1;
02cfdf61-6298-4c0f-a9ca-9cabc82afaf3;2024-12-21T11:03:00Z;6737.5;6737.5;6737.5;6737.5;5;
02cfdf61-6298-4c0f-a9ca-9cabc82afaf3;2024-12-21T11:04:00Z;6745;6745;6745;6745;1;
02cfdf61-6298-4c0f-a9ca-9cabc82afaf3;2024-12-21T11:06:00Z;6737.5;6737;6737.5;6737;9;
02cfdf61-6298-4c0f-a9ca-9cabc82afaf3;2024-12-21T11:07:00Z;6737;6745;6745;6737;8;
02cfdf61-6298-4c0f-a9ca-9cabc82afaf3;2024-12-21T11:08:00Z;6745;6745;6745;6745;5;
02cfdf61-6298-4c0f-a9ca-9cabc82afaf3;2024-12-21T11:10:00Z;6737.5;6745;6745;6736.5;51;
02cfdf61-6298-4c0f-a9ca-9cabc82afaf3;2024-12-21T11:11:00Z;6737;6745.5;6745.5;6736.5;22;
02cfdf61-6298-4c0f-a9ca-9cabc82afaf3;2024-12-21T11:12:00Z;6745.5;6745.5;6745.5;6745.5;1;
02cfdf61-6298-4c0f-a9ca-9cabc82afaf3;2024-12-21T11:14:00Z;6745.5;6750;6750;6745.5;6;
02cfdf61-6298-4c0f-a9ca-9cabc82afaf3;2024-12-21T11:16:00Z;6750;6750;6750;6750;1;
02cfdf61-6298-4c0f-a9ca-9cabc82afaf3;2024-12-21T11:17:00Z;6750;6750;6750;6750;1;
02cfdf61-6298-4c0f-a9ca-9cabc82afaf3;2024-12-21T11:18:00Z;6750;6750;6750;6750;10;
02cfdf61-6298-4c0f-a9ca-9cabc82afaf3;2024-12-21T11:19:00Z;6750;6750;6750;6750;2;
02cfdf61-6298-4c0f-a9ca-9cabc82afaf3;2024-12-21T11:21:00Z;6739.5;6750;6750;6739.5;16;
02cfdf61-6298-4c0f-a9ca-9cabc82afaf3;2024-12-21T11:22:00Z;6750;6750;6750;6750;1;
02cfdf61-6298-4c0f-a9ca-9cabc82afaf3;2024-12-21T11:23:00Z;6750;6756.5;6756.5;6739.5;33;
02cfdf61-6298-4c0f-a9ca-9cabc82afaf3;2024-12-21T11:24:00Z;6756;6756;6756;6756;2;
02cfdf61-6298-4c0f-a9ca-9cabc82afaf3;2024-12-21T11:26:00Z;6756;6756.5;6756.5;6756;6;
02cfdf61-6298-4c0f-a9ca-9cabc82afaf3;2024-12-21T11:27:00Z;6743.5;6743.5;6743.5;6743.5;1;
02cfdf61-6298-4c0f-a9ca-9cabc82afaf3;2024-12-21T11:29:00Z;6743.5;6745;6757;6743.5;33;
02cfdf61-6298-4c0f-a9ca-9cabc82afaf3;2024-12-21T11:30:00Z;6745;6743.5;6745;6743.5;22;
02cfdf61-6298-4c0f-a9ca-9cabc82afaf3;2024-12-21T11:31:00Z;6743.5;6744.5;6744.5;6743.5;13;
02cfdf61-6298-4c0f-a9ca-9cabc82afaf3;2024-12-21T11:32:00Z;6740;6740;6740;6737.5;4;
02cfdf61-6298-4c0f-a9ca-9cabc82afaf3;2024-12-21T11:33:00Z;6737.5;6740;6740;6737;11;
02cfdf61-6298-4c0f-a9ca-9cabc82afaf3;2024-12-21T11:34:00Z;6740;6740;6740;6740;1;
02cfdf61-6298-4c0f-a9ca-9cabc82afaf3;2024-12-21T11:35:00Z;6737.5;6737.5;6737.5;6737.5;3;
02cfdf61-6298-4c0f-a9ca-9cabc82afaf3;2024-12-21T11:37:00Z;6737.5;6737.5;6737.5;6737.5;1;
02cfdf61-6298-4c0f-a9ca-9cabc82afaf3;2024-12-21T11:38:00Z;6744.5;6744.5;6744.5;6744.5;1;
02cfdf61-6298-4c0f-a9ca-9cabc82afaf3;2024-12-21T11:40:00Z;6737.5;6737.5;6737.5;6737.5;2;
02cfdf61-6298-4c0f-a9ca-9cabc82afaf3;2024-12-21T11:41:00Z;6737;6737;6740;6737;9;
02cfdf61-6298-4c0f-a9ca-9cabc82afaf3;2024-12-21T11:42:00Z;6739.5;6744.5;6744.5;6739.5;5;
02cfdf61-6298-4c0f-a9ca-9cabc82afaf3;2024-12-21T11:43:00Z;6744.5;6744.5;6744.5;6744.5;1;
02cfdf61-6298-4c0f-a9ca-9cabc82afaf3;2024-12-21T11:44:00Z;6737.5;6737.5;6737.5;6737.5;12;
02cfdf61-6298-4c0f-a9ca-9cabc82afaf3;2024-12-21T11:45:00Z;6740;6738;6744;6738;33;
02cfdf61-6298-4c0f-a9ca-9cabc82afaf3;2024-12-21T11:46:00Z;6738;6738;6744;6738;14;
02cfdf61-6298-4c0f-a9ca-9cabc82afaf3;2024-12-21T11:47:00Z;6744;6738.5;6744.5;6738.5;14;
02cfdf61-6298-4c0f-a9ca-9cabc82afaf3;2024-12-21T11:48:00Z;6738.5;6738;6738.5;6738;5;
02cfdf61-6298-4c0f-a9ca-9cabc82afaf3;2024-12-21T11:49:00Z;6738;6738;6738;6738;6;
02cfdf61-6298-4c0f-a9ca-9cabc82afaf3;2024-12-21T11:50:00Z;6738;6738;6738;6738;2;
02cfdf61-6298-4c0f-a9ca-9cabc82afaf3;2024-12-21T11:52:00Z;6738;6744.5;6744.5;6738;7;
02cfdf61-6298-4c0f-a9ca-9cabc82afaf3;2024-12-21T11:54:00Z;6738.5;6738.5;6738.5;6738.5;10;
02cfdf61-6298-4c0f-a9ca-9cabc82afaf3;2024-12-21T11:56:00Z;6742;6742;6742;6742;2;
02cfdf61-6298-4c0f-a9ca-9cabc82afaf3;2024-12-21T11:57:00Z;6740;6738.5;6741.5;6738.5;6;
02cfdf61-6298-4c0f-a9ca-9cabc82afaf3;2024-12-21T11:58:00Z;6738.5;6738.5;6738.5;6738.5;3;
02cfdf61-6298-4c0f-a9ca-9cabc82afaf3;2024-12-21T11:59:00Z;6741.5;6741.5;6741.5;6741.5;2;
02cfdf61-6298-4c0f-a9ca-9cabc82afaf3;2024-12-21T12:00:00Z;6741.5;6738.5;6741.5;6738.5;5;
02cfdf61-6298-4c0f-a9ca-9cabc82afaf3;2024-12-21T12:01:00Z;6738.5;6738;6742;6738;56;
02cfdf61-6298-4c0f-a9ca-9cabc82afaf3;2024-12-21T12:02:00Z;6738;6745;6745;6738;11;
02cfdf61-6298-4c0f-a9ca-9cabc82afaf3;2024-12-21T12:03:00Z;6745;6738.5;6745;6738.5;3;
02cfdf61-6298-4c0f-a9ca-9cabc82afaf3;2024-12-21T12:04:00Z;6738.5;6738.5;6738.5;6738.5;1;
02cfdf61-6298-4c0f-a9ca-9cabc82afaf3;2024-12-21T12:05:00Z;6745;6748.5;6748.5;6745;13;
02cfdf61-6298-4c0f-a9ca-9cabc82afaf3;2024-12-21T12:06:00Z;6739;6739;6739;6739;6;
02cfdf61-6298-4c0f-a9ca-9cabc82afaf3;2024-12-21T12:08:00Z;6739;6739;6739;6739;7;
02cfdf61-6298-4c0f-a9ca-9cabc82afaf3;2024-12-21T12:09:00Z;6748;6748;6748;6748;1;
02cfdf61-6298-4c0f-a9ca-9cabc82afaf3;2024-12-21T12:10:00Z;6748;6748;6748;6739;6;
02cfdf61-6298-4c0f-a9ca-9cabc82afaf3;2024-12-21T12:12:00Z;6739;6739;6739;6739;1;
02cfdf61-6298-4c0f-a9ca-9cabc82afaf3;2024-12-21T12:14:00Z;6739.5;6739;6739.5;6738;12;
02cfdf61-6298-4c0f-a9ca-9cabc82afaf3;2024-12-21T12:15:00Z;6739;6739;6747;6739;7;
02cfdf61-6298-4c0f-a9ca-9cabc82afaf3;2024-12-21T12:16:00Z;6747;6738;6747;6738;3;
02cfdf61-6298-4c0f-a9ca-9cabc82afaf3;2024-12-21T12:18:00Z;6738;6747;6747;6738;6;
02cfdf61-6298-4c0f-a9ca-9cabc82afaf3;2024-12-21T12:19:00Z;6738;6747.5;6747.5;6738;19;
02cfdf61-6298-4c0f-a9ca-9cabc82afaf3;2024-12-21T12:20:00Z;6748;6749;6749;6748;10;
02cfdf61-6298-4c0f-a9ca-9cabc82afaf3;2024-12-21T12:21:00Z;6749;6749;6749;6749;1;
02cfdf61-6298-4c0f-a9ca-9cabc82afaf3;2024-12-21T12:22:00Z;6739;6739;6739;6739;4;
02cfdf61-6298-4c0f-a9ca-9cabc82afaf3;2024-12-21T12:23:00Z;6739;6739;6739;6739;6;
02cfdf61-6298-4c0f-a9ca-9cabc82afaf3;2024-12-21T12:24:00Z;6739;6748.5;6748.5;6738.5;16;
02cfdf61-6298-4c0f-a9ca-9cabc82afaf3;2024-12-21T12:27:00Z;6739;6739;6739;6739;1;
02cfdf61-6298-4c0f-a9ca-9cabc82afaf3;2024-12-21T12:28:00Z;6748;6748.5;6748.5;6748;2;
02cfdf61-6298-4c0f-a9ca-9cabc82afaf3;2024-12-21T12:29:00Z;6739.5;6748;6748.5;6739.5;8;
02cfdf61-6298-4c0f-a9ca-9cabc82afaf3;2024-12-21T12:30:00Z;6740;6739.5;6740;6739.5;4;
02cfdf61-6298-4c0f-a9ca-9cabc82afaf3;2024-12-21T12:31:00Z;6739.5;6739.5;6739.5;6739.5;1;
02cfdf61-6298-4c0f-a9ca-9cabc82afaf3;2024-12-21T12:33:00Z;6747;6747;6747;6747;2;
02cfdf61-6298-4c0f-a9ca-9cabc82afaf3;2024-12-21T12:34:00Z;6747;6747;6747;6739.5;4;
02cfdf61-6298-4c0f-a9ca-9cabc82afaf3;2024-12-21T12:37:00Z;6747;6747;6747;6747;1;
02cfdf61-6298-4c0f-a9ca-9cabc82afaf3;2024-12-21T12:39:00Z;6740;6747;6747;6739.5;4;
02cfdf61-6298-4c0f-a9ca-9cabc82afaf3;2024-12-21T12:40:00Z;6747;6747;6747;6747;1;
02cfdf61-6298-4c0f-a9ca-9cabc82afaf3;2024-12-21T12:41:00Z;6747;6739.5;6747;6739.5;2;
02cfdf61-6298-4c0f-a9ca-9cabc82afaf3;2024-12-21T12:43:00Z;6739.5;6739.5;6739.5;6739.5;2;
02cfdf61-6298-4c0f-a9ca-9cabc82afaf3;2024-12-21T12:44:00Z;6747;6747;6747;6747;5;
02cfdf61-6298-4c0f-a9ca-9cabc82afaf3;2024-12-21T12:45:00Z;6739.5;6739.5;6739.5;6739.5;1;
02cfdf61-6298-4c0f-a9ca-9cabc82afaf3;2024-12-21T12:46:00Z;6746.5;6746.5;6746.5;6746.5;1;
02cfdf61-6298-4c0f-a9ca-9cabc82afaf3;2024-12-21T12:50:00Z;6746.5;6746.5;6746.5;6746.5;3;
02cfdf61-6298-4c0f-a9ca-9cabc82afaf3;2024-12-21T12:51:00Z;6739.5;6738.5;6746.5;6738.5;40;
02cfdf61-6298-4c0f-a9ca-9cabc82afaf3;2024-12-21T12:53:00Z;6746;6738.5;6747.5;6738.5;48;
02cfdf61-6298-4c0f-a9ca-9cabc82afaf3;2024-12-21T12:54:00Z;6747;6747;6747;6747;1;
02cfdf61-6298-4c0f-a9ca-9cabc82afaf3;2024-12-21T12:56:00Z;6747;6747;6747;6747;3;
02cfdf61-6298-4c0f-a9ca-9cabc82afaf3;2024-12-21T12:58:00Z;6739;6739;6739;6739;10;
02cfdf61-6298-4c0f-a9ca-9cabc82afaf3;2024-12-21T13:00:00Z;6747;6747;6747;6747;1;
02cfdf61-6298-4c0f-a9ca-9cabc82afaf3;2024-12-21T13:01:00Z;6747;6747;6747;6747;1;
02cfdf61-6298-4c0f-a9ca-9cabc82afaf3;2024-12-21T13:02:00Z;6747;6739;6747;6739;2;
02cfdf61-6298-4c0f-a9ca-9cabc82afaf3;2024-12-21T13:03:00Z;6739;6739;6739;6739;1;
02cfdf61-6298-4c0f-a9ca-9cabc82afaf3;2024-12-21T13:04:00Z;6747;6739;6748;6739;32;
02cfdf61-6298-4c0f-a9ca-9cabc82afaf3;2024-12-21T13:05:00Z;6739;6739;6739;6739;1;
02cfdf61-6298-4c0f-a9ca-9cabc82afaf3;2024-12-21T13:06:00Z;6746;6746;6746;6746;1;
02cfdf61-6298-4c0f-a9ca-9cabc82afaf3;2024-12-21T13:07:00Z;6747.5;6747.5;6747.5;6747.5;2;
02cfdf61-6298-4c0f-a9ca-9cabc82afaf3;2024-12-21T13:09:00Z;6747.5;6747.5;6747.5;6747.5;1;
02cfdf61-6298-4c0f-a9ca-9cabc82afaf3;2024-12-21T13:10:00Z;6748;6740;6748;6740;12;
02cfdf61-6298-4c0f-a9ca-9cabc82afaf3;2024-12-21T13:11:00Z;6748;6741;6748;6741;8;
02cfdf61-6298-4c0f-a9ca-9cabc82afaf3;2024-12-21T13:16:00Z;6747.5;6739.5;6748;6739.5;11;
02cfdf61-6298-4c0f-a9ca-9cabc82afaf3;2024-12-21T13:17:00Z;6739.5;6739.5;6739.5;6739.5;3;
02cfdf61-6298-4c0f-a9ca-9cabc82afaf3;2024-12-21T13:18:00Z;6747.5;6747.5;6747.5;6747.5;4;
02cfdf61-6298-4c0f-a9ca-9cabc82afaf3;2024-12-21T13:19:00Z;6746;6746;6746;6746;1;
02cfdf61-6298-4c0f-a9ca-9cabc82afaf3;2024-12-21T13:21:00Z;6739.5;6746;6746;6739.5;17;
02cfdf61-6298-4c0f-a9ca-9cabc82afaf3;2024-12-21T13:22:00Z;6747.5;6747.5;6747.5;6747.5;1;
02cfdf61-6298-4c0f-a9ca-9cabc82afaf3;2024-12-21T13:23:00Z;6747.5;6739.5;6747.5;6739.5;4;
02cfdf61-6298-4c0f-a9ca-9cabc82afaf3;2024-12-21T13:24:00Z;6747.5;6739.5;6747.5;6739.5;7;
02cfdf61-6298-4c0f-a9ca-9cabc82afaf3;2024-12-21T13:28:00Z;6739.5;6739.5;6739.5;6739.5;2;
02cfdf61-6298-4c0f-a9ca-9cabc82afaf3;2024-12-21T13:29:00Z;6747;6739.5;6747;6739.5;9;
02cfdf61-6298-4c0f-a9ca-9cabc82afaf3;2024-12-21T13:33:00Z;6739.5;6739;6739.5;6739;8;
02cfdf61-6298-4c0f-a9ca-9cabc82afaf3;2024-12-21T13:34:00Z;6739;6746.5;6746.5;6739;27;
02cfdf61-6298-4c0f-a9ca-9cabc82afaf3;2024-12-21T13:35:00Z;6747;6747;6747;6747;2;
02cfdf61-6298-4c0f-a9ca-9cabc82afaf3;2024-12-21T13:36:00Z;6748;6749;6749;6748;3;
02cfdf61-6298-4c0f-a9ca-9cabc82afaf3;2024-12-21T13:37:00Z;6749;6749.5;6749.5;6739;60;
02cfdf61-6298-4c0f-a9ca-9cabc82afaf3;2024-12-21T13:38:00Z;6749;6739.5;6750;6739.5;102;
02cfdf61-6298-4c0f-a9ca-9cabc82afaf3;2024-12-21T13:40:00Z;6749.5;6750;6750;6749.5;6;
02cfdf61-6298-4c0f-a9ca-9cabc82afaf3;2024-12-21T13:44:00Z;6750;6740;6750;6740;80;
02cfdf61-6298-4c0f-a9ca-9cabc82afaf3;2024-12-21T13:45:00Z;6753.5;6753.5;6753.5;6753.5;5;
02cfdf61-6298-4c0f-a9ca-9cabc82afaf3;2024-12-21T13:46:00Z;6741;6741;6741;6741;1;
02cfdf61-6298-4c0f-a9ca-9cabc82afaf3;2024-12-21T13:47:00Z;6741;6740.5;6741;6740.5;15;
02cfdf61-6298-4c0f-a9ca-9cabc82afaf3;2024-12-21T13:49:00Z;6749.5;6759;6759;6749.5;36;
02cfdf61-6298-4c0f-a9ca-9cabc82afaf3;2024-12-21T13:51:00Z;6747;6746;6747;6746;10;
02cfdf61-6298-4c0f-a9ca-9cabc82afaf3;2024-12-21T13:54:00Z;6747.5;6759;6759;6747.5;31;
02cfdf61-6298-4c0f-a9ca-9cabc82afaf3;2024-12-21T13:55:00Z;6759;6759;6759;6759;36;
02cfdf61-6298-4c0f-a9ca-9cabc82afaf3;2024-12-21T13:56:00Z;6759;6759;6759;6759;2;
02cfdf61-6298-4c0f-a9ca-9cabc82afaf3;2024-12-21T13:57:00Z;6759;6763;6763;6759;6;
02cfdf61-6298-4c0f-a9ca-9cabc82afaf3;2024-12-21T13:58:00Z;6762;6745;6762;6745;5;
02cfdf61-6298-4c0f-a9ca-9cabc82afaf3;2024-12-21T13:59:00Z;6748;6748;6748;6748;1;
02cfdf61-6298-4c0f-a9ca-9cabc82afaf3;2024-12-21T14:00:00Z;6762.5;6762.5;6762.5;6762.5;1;
02cfdf61-6298-4c0f-a9ca-9cabc82afaf3;2024-12-21T14:01:00Z;6749;6749;6749;6749;2;
02cfdf61-6298-4c0f-a9ca-9cabc82afaf3;2024-12-21T14:02:00Z;6749.5;6762;6762;6749.5;8;
02cfdf61-6298-4c0f-a9ca-9cabc82afaf3;2024-12-21T14:03:00Z;6748;6760;6760;6745;6;
02cfdf61-6298-4c0f-a9ca-9cabc82afaf3;2024-12-21T14:04:00Z;6760;6760;6760;6760;3;
02cfdf61-6298-4c0f-a9ca-9cabc82afaf3;2024-12-21T14:05:00Z;6760;6748.5;6760;6748;5;
02cfdf61-6298-4c0f-a9ca-9cabc82afaf3;2024-12-21T14:06:00Z;6746.5;6746;6746.5;6746;3;
02cfdf61-6298-4c0f-a9ca-9cabc82afaf3;2024-12-21T14:10:00Z;6746;6756;6756;6746;3;
02cfdf61-6298-4c0f-a9ca-9cabc82afaf3;2024-12-21T14:11:00Z;6756;6762;6762;6756;18;
02cfdf61-6298-4c0f-a9ca-9cabc82afaf3;2024-12-21T14:12:00Z;6756;6756;6756;6756;2;
02cfdf61-6298-4c0f-a9ca-9cabc82afaf3;2024-12-21T14:13:00Z;6756;6752;6756;6752;7;
02cfdf61-6298-4c0f-a9ca-9cabc82afaf3;2024-12-21T14:14:00Z;6761.5;6750;6761.5;6750;2;
02cfdf61-6298-4c0f-a9ca-9cabc82afaf3;2024-12-21T14:15:00Z;6751;6751;6751;6751;5;
02cfdf61-6298-4c0f-a9ca-9cabc82afaf3;2024-12-21T14:17:00Z;6761;6750;6761.5;6750;14;
02cfdf61-6298-4c0f-a9ca-9cabc82afaf3;2024-12-21T14:18:00Z;6750;6750;6750;6750;1;
02cfdf61-6298-4c0f-a9ca-9cabc82afaf3;2024-12-21T14:19:00Z;6760.5;6748;6760.5;6748;5;
02cfdf61-6298-4c0f-a9ca-9cabc82afaf3;2024-12-21T14:23:00Z;6746;6745.5;6746;6745.5;3;
02cfdf61-6298-4c0f-a9ca-9cabc82afaf3;2024-12-21T14:24:00Z;6747.5;6747.5;6747.5;6747.5;1;
02cfdf61-6298-4c0f-a9ca-9cabc82afaf3;2024-12-21T14:25:00Z;6745;6745;6745;6745;8;
02cfdf61-6298-4c0f-a9ca-9cabc82afaf3;2024-12-21T14:26:00Z;6747.5;6747.5;6747.5;6747.5;1;
02cfdf61-6298-4c0f-a9ca-9cabc82afaf3;2024-12-21T14:27:00Z;6745;6748;6748;6745;17;
02cfdf61-6298-4c0f-a9ca-9cabc82afaf3;2024-12-21T14:28:00Z;6750;6750;6750;6750;7;
02cfdf61-6298-4c0f-a9ca-9cabc82afaf3;2024-12-21T14:29:00Z;6746.5;6746.5;6746.5;6746.5;1;
02cfdf61-6298-4c0f-a9ca-9cabc82afaf3;2024-12-21T14:30:00Z;6758.5;6759.5;6759.5;6758.5;5;
02cfdf61-6298-4c0f-a9ca-9cabc82afaf3;2024-12-21T14:31:00Z;6759.5;6759.5;6759.5;6759.5;2;
02cfdf61-6298-4c0f-a9ca-9cabc82afaf3;2024-12-21T14:34:00Z;6759.5;6761.5;6761.5;6759.5;8;
02cfdf61-6298-4c0f-a9ca-9cabc82afaf3;2024-12-21T14:35:00Z;6762;6765;6765;6762;82;
02cfdf61-6298-4c0f-a9ca-9cabc82afaf3;2024-12-21T14:37:00Z;6764.5;6769;6769;6753.5;84;
02cfdf61-6298-4c0f-a9ca-9cabc82afaf3;2024-12-21T14:38:00Z;6760;6760;6760;6760;1;
02cfdf61-6298-4c0f-a9ca-9cabc82afaf3;2024-12-21T14:39:00Z;6769;6769;6769;6768.5;4;
02cfdf61-6298-4c0f-a9ca-9cabc82afaf3;2024-12-21T14:40:00Z;6759;6769;6769.5;6759;164;
02cfdf61-6298-4c0f-a9ca-9cabc82afaf3;2024-12-21T14:41:00Z;6770;6770.5;6770.5;6745;158;
02cfdf61-6298-4c0f-a9ca-9cabc82afaf3;2024-12-21T14:42:00Z;6769.5;6772;6773;6758;70;
02cfdf61-6298-4c0f-a9ca-9cabc82afaf3;2024-12-21T14:43:00Z;6758;6760.5;6775;6758;118;
02cfdf61-6298-4c0f-a9ca-9cabc82afaf3;2024-12-21T14:44:00Z;6775;6775;6775;6775;1;
02cfdf61-6298-4c0f-a9ca-9cabc82afaf3;2024-12-21T14:45:00Z;6764;6773;6773;6745;81;
02cfdf61-6298-4c0f-a9ca-9cabc82afaf3;2024-12-21T14:46:00Z;6759.5;6745.5;6759.5;6745.5;50;
02cfdf61-6298-4c0f-a9ca-9cabc82afaf3;2024-12-21T14:49:00Z;6759.5;6747.5;6759.5;6747.5;4;
02cfdf61-6298-4c0f-a9ca-9cabc82afaf3;2024-12-21T14:50:00Z;6748;6746;6748;6746;16;
02cfdf61-6298-4c0f-a9ca-9cabc82afaf3;2024-12-21T14:51:00Z;6759;6746;6759;6746;13;
02cfdf61-6298-4c0f-a9ca-9cabc82afaf3;2024-12-21T14:56:00Z;6749.5;6757.5;6757.5;6749.5;18;
02cfdf61-6298-4c0f-a9ca-9cabc82afaf3;2024-12-21T14:57:00Z;6757.5;6757.5;6757.5;6757.5;1;
02cfdf61-6298-4c0f-a9ca-9cabc82afaf3;2024-12-21T15:02:00Z;6757;6757;6757;6757;5;
02cfdf61-6298-4c0f-a9ca-9cabc82afaf3;2024-12-21T15:04:00Z;6755.5;6745.5;6755.5;6745.5;65;
02cfdf61-6298-4c0f-a9ca-9cabc82afaf3;2024-12-21T15:05:00Z;6746;6742.5;6746;6742.5;26;
02cfdf61-6298-4c0f-a9ca-9cabc82afaf3;2024-12-21T15:07:00Z;6746;6759;6759;6746;30;
02cfdf61-6298-4c0f-a9ca-9cabc82afaf3;2024-12-21T15:08:00Z;6744;6744;6744;6744;2;
02cfdf61-6298-4c0f-a9ca-9cabc82afaf3;2024-12-21T15:09:00Z;6745;6745;6745;6745;1;
02cfdf61-6298-4c0f-a9ca-9cabc82afaf3;2024-12-21T15:10:00Z;6755.5;6756;6756;6755.5;5;
02cfdf61-6298-4c0f-a9ca-9cabc82afaf3;2024-12-21T15:13:00Z;6756;6746;6756;6746;140;
02cfdf61-6298-4c0f-a9ca-9cabc82afaf3;2024-12-21T15:14:00Z;6746.5;6746;6746.5;6746;4;
02cfdf61-6298-4c0f-a9ca-9cabc82afaf3;2024-12-21T15:16:00Z;6746;6749.5;6749.5;6746;8;
02cfdf61-6298-4c0f-a9ca-9cabc82afaf3;2024-12-21T15:17:00Z;6750;6750;6750;6750;1;
02cfdf61-6298-4c0f-a9ca-9cabc82afaf3;2024-12-21T15:18:00Z;6761.5;6761.5;6761.5;6761.5;1;
02cfdf61-6298-4c0f-a9ca-9cabc82afaf3;2024-12-21T15:19:00Z;6761.5;6746.5;6761.5;6746.5;2;
02cfdf61-6298-4c0f-a9ca-9cabc82afaf3;2024-12-21T15:20:00Z;6761.5;6762;6762;6746.5;20;
02cfdf61-6298-4c0f-a9ca-9cabc82afaf3;2024-12-21T15:21:00Z;6762.5;6762.5;6762.5;6762.5;75;
02cfdf61-6298-4c0f-a9ca-9cabc82afaf3;2024-12-21T15:23:00Z;6746.5;6746.5;6746.5;6746.5;1;
02cfdf61-6298-4c0f-a9ca-9cabc82afaf3;2024-12-21T15:24:00Z;6746.5;6746.5;6746.5;6746.5;1;
02cfdf61-6298-4c0f-a9ca-9cabc82afaf3;2024-12-21T15:25:00Z;6762.5;6762.5;6762.5;6762.5;2;
02cfdf61-6298-4c0f-a9ca-9cabc82afaf3;2024-12-21T15:29:00Z;6746.5;6746.5;6746.5;6746.5;1;
02cfdf61-6298-4c0f-a9ca-9cabc82afaf3;2024-12-21T15:32:00Z;6747;6747;6747;6747;1;
02cfdf61-6298-4c0f-a9ca-9cabc82afaf3;2024-12-21T15:33:00Z;6759.5;6759.5;6759.5;6759.5;1;
02cfdf61-6298-4c0f-a9ca-9cabc82afaf3;2024-12-21T15:34:00Z;6759.5;6760;6760;6759.5;2;
02cfdf61-6298-4c0f-a9ca-9cabc82afaf3;2024-12-21T15:35:00Z;6759.5;6760;6760;6759.5;10;
02cfdf61-6298-4c0f-a9ca-9cabc82afaf3;2024-12-21T15:36:00Z;6760;6747.5;6760;6747.5;15;
02cfdf61-6298-4c0f-a9ca-9cabc82afaf3;2024-12-21T15:37:00Z;6747.5;6747.5;6747.5;6747.5;5;
02cfdf61-6298-4c0f-a9ca-9cabc82afaf3;2024-12-21T15:38:00Z;6748;6759;6759.5;6747;13;
02cfdf61-6298-4c0f-a9ca-9cabc82afaf3;2024-12-21T15:39:00Z;6758.5;6747;6758.5;6747;5;
02cfdf61-6298-4c0f-a9ca-9cabc82afaf3;2024-12-21T15:40:00Z;6747;6747;6747;6747;3;
02cfdf61-6298-4c0f-a9ca-9cabc82afaf3;2024-12-21T15:41:00Z;6747;6758;6758;6747;9;
02cfdf61-6298-4c0f-a9ca-9cabc82afaf3;2024-12-21T15:42:00Z;6758;6758;6758;6758;3;
02cfdf61-6298-4c0f-a9ca-9cabc82afaf3;2024-12-21T15:43:00Z;6758.5;6759;6759;6747;25;
02cfdf61-6298-4c0f-a9ca-9cabc82afaf3;2024-12-21T15:44:00Z;6759;6759;6759;6759;8;
02cfdf61-6298-4c0f-a9ca-9cabc82afaf3;2024-12-21T15:45:00Z;6760;6763;6763;6749.5;24;
02cfdf61-6298-4c0f-a9ca-9cabc82afaf3;2024-12-21T15:46:00Z;6749.5;6761.5;6761.5;6749.5;7;
02cfdf61-6298-4c0f-a9ca-9cabc82afaf3;2024-12-21T15:47:00Z;6750;6751;6751;6750;7;
02cfdf61-6298-4c0f-a9ca-9cabc82afaf3;2024-12-21T15:48:00Z;6761;6761;6761;6761;1;
02cfdf61-6298-4c0f-a9ca-9cabc82afaf3;2024-12-21T15:50:00Z;6760.5;6751.5;6760.5;6751.5;2;
02cfdf61-6298-4c0f-a9ca-9cabc82afaf3;2024-12-21T15:51:00Z;6751.5;6753.5;6753.5;6751.5;5;
02cfdf61-6298-4c0f-a9ca-9cabc82afaf3;2024-12-21T15:52:00Z;6760;6761;6761;6760;116;
02cfdf61-6298-4c0f-a9ca-9cabc82afaf3;2024-12-21T15:53:00Z;6753.5;6739;6753.5;6739;300;
02cfdf61-6298-4c0f-a9ca-9cabc82afaf3;2024-12-21T15:54:00Z;6759.5;6739;6759.5;6739;7;
02cfdf61-6298-4c0f-a9ca-9cabc82afaf3;2024-12-21T15:55:00Z;6740;6739;6740;6739;10;
02cfdf61-6298-4c0f-a9ca-9cabc82afaf3;2024-12-21T15:56:00Z;6756;6756;6756;6756;1;
02cfdf61-6298-4c0f-a9ca-9cabc82afaf3;2024-12-21T15:57:00Z;6739.5;6739.5;6739.5;6739.5;1;
02cfdf61-6298-4c0f-a9ca-9cabc82afaf3;2024-12-21T16:00:00Z;6740.5;6742.5;6742.5;6740.5;2;
02cfdf61-6298-4c0f-a9ca-9cabc82afaf3;2024-12-21T16:01:00Z;6742;6753;6753;6742;8;
02cfdf61-6298-4c0f-a9ca-9cabc82afaf3;2024-12-21T16:02:00Z;6741;6740.5;6752.5;6740.5;13;
02cfdf61-6298-4c0f-a9ca-9cabc82afaf3;2024-12-21T16:03:00Z;6743;6742.5;6743;6742.5;2;
02cfdf61-6298-4c0f-a9ca-9cabc82afaf3;2024-12-21T16:04:00Z;6752.5;6752.5;6752.5;6752.5;27;
02cfdf61-6298-4c0f-a9ca-9cabc82afaf3;2024-12-21T16:06:00Z;6743;6743;6743;6743;2;
02cfdf61-6298-4c0f-a9ca-9cabc82afaf3;2024-12-21T16:07:00Z;6753;6743;6753;6743;4;
02cfdf61-6298-4c0f-a9ca-9cabc82afaf3;2024-12-21T16:08:00Z;6753;6743;6753;6743;2;
02cfdf61-6298-4c0f-a9ca-9cabc82afaf3;2024-12-21T16:10:00Z;6753;6753;6753;6753;3;
02cfdf61-6298-4c0f-a9ca-9cabc82afaf3;2024-12-21T16:11:00Z;6753;6743.5;6753;6743.5;22;
02cfdf61-6298-4c0f-a9ca-9cabc82afaf3;2024-12-21T16:12:00Z;6740;6750;6750;6740;2;
02cfdf61-6298-4c0f-a9ca-9cabc82afaf3;2024-12-21T16:13:00Z;6750;6740;6750;6740;2;
02cfdf61-6298-4c0f-a9ca-9cabc82afaf3;2024-12-21T16:16:00Z;6747;6747;6747;6747;5;
02cfdf61-6298-4c0f-a9ca-9cabc82afaf3;2024-12-21T16:20:00Z;6747;6747;6747;6747;1;
02cfdf61-6298-4c0f-a9ca-9cabc82afaf3;2024-12-21T16:21:00Z;6752;6746;6752;6746;5;
02cfdf61-6298-4c0f-a9ca-9cabc82afaf3;2024-12-21T16:23:00Z;6755.5;6758.5;6758.5;6755.5;10;
02cfdf61-6298-4c0f-a9ca-9cabc82afaf3;2024-12-21T16:25:00Z;6758;6758.5;6758.5;6758;3;
02cfdf61-6298-4c0f-a9ca-9cabc82afaf3;2024-12-21T16:26:00Z;6759;6759;6759;6759;2;
02cfdf61-6298-4c0f-a9ca-9cabc82afaf3;2024-12-21T16:27:00Z;6759.5;6759.5;6759.5;6759.5;3;
02cfdf61-6298-4c0f-a9ca-9cabc82afaf3;2024-12-21T16:28:00Z;6747;6747;6747;6746;21;
02cfdf61-6298-4c0f-a9ca-9cabc82afaf3;2024-12-21T16:29:00Z;6747;6748;6748;6747;30;
02cfdf61-6298-4c0f-a9ca-9cabc82afaf3;2024-12-21T16:30:00Z;6758.5;6746;6758.5;6746;2;
02cfdf61-6298-4c0f-a9ca-9cabc82afaf3;2024-12-21T16:33:00Z;6741.5;6740;6741.5;6740;20;
02cfdf61-6298-4c0f-a9ca-9cabc82afaf3;2024-12-21T16:34:00Z;6756;6756;6756;6756;1;
02cfdf61-6298-4c0f-a9ca-9cabc82afaf3;2024-12-21T16:35:00Z;6750.5;6750.5;6750.5;6750.5;1;
02cfdf61-6298-4c0f-a9ca-9cabc82afaf3;2024-12-21T16:36:00Z;6750.5;6750.5;6750.5;6750.5;3;
02cfdf61-6298-4c0f-a9ca-9cabc82afaf3;2024-12-21T16:37:00Z;6758.5;6758.5;6758.5;6758.5;1;
02cfdf61-6298-4c0f-a9ca-9cabc82afaf3;2024-12-21T16:38:00Z;6745;6740;6758.5;6739.5;27;
02cfdf61-6298-4c0f-a9ca-9cabc82afaf3;2024-12-21T16:39:00Z;6740.5;6739;6740.5;6739;51;
02cfdf61-6298-4c0f-a9ca-9cabc82afaf3;2024-12-21T16:40:00Z;6744.5;6739;6744.5;6739;37;
02cfdf61-6298-4c0f-a9ca-9cabc82afaf3;2024-12-21T16:41:00Z;6744.5;6739.5;6759;6739.5;13;
02cfdf61-6298-4c0f-a9ca-9cabc82afaf3;2024-12-21T16:42:00Z;6757;6756;6757;6756;2;
02cfdf61-6298-4c0f-a9ca-9cabc82afaf3;2024-12-21T16:44:00Z;6756;6754;6756;6740.5;17;
02cfdf61-6298-4c0f-a9ca-9cabc82afaf3;2024-12-21T16:47:00Z;6754;6741.5;6756;6741.5;7;
02cfdf61-6298-4c0f-a9ca-9cabc82afaf3;2024-12-21T16:48:00Z;6740.5;6741;6741;6740.5;3;
02cfdf61-6298-4c0f-a9ca-9cabc82afaf3;2024-12-21T16:50:00Z;6741;6741;6741;6741;1;
02cfdf61-6298-4c0f-a9ca-9cabc82afaf3;2024-12-21T16:52:00Z;6741;6750.5;6750.5;6741;3;
02cfdf61-6298-4c0f-a9ca-9cabc82afaf3;2024-12-21T16:57:00Z;6748.5;6741;6748.5;6741;6;
02cfdf61-6298-4c0f-a9ca-9cabc82afaf3;2024-12-21T16:58:00Z;6741;6741;6741;6741;1;
02cfdf61-6298-4c0f-a9ca-9cabc82afaf3;2024-12-21T16:59:00Z;6741;6741;6741;6741;7;
02cfdf61-6298-4c0f-a9ca-9cabc82afaf3;2024-12-21T17:01:00Z;6741;6741;6741;6741;1;
02cfdf61-6298-4c0f-a9ca-9cabc82afaf3;2024-12-21T17:02:00Z;6748;6748.5;6748.5;6748;10;
02cfdf61-6298-4c0f-a9ca-9cabc82afaf3;2024-12-21T17:04:00Z;6741;6741;6741;6741;4;
02cfdf61-6298-4c0f-a9ca-9cabc82afaf3;2024-12-21T17:05:00Z;6741;6749;6749;6741;9;
02cfdf61-6298-4c0f-a9ca-9cabc82afaf3;2024-12-21T17:08:00Z;6741;6741;6741;6741;1;
02cfdf61-6298-4c0f-a9ca-9cabc82afaf3;2024-12-21T17:09:00Z;6750;6750.5;6750.5;6741;41;
02cfdf61-6298-4c0f-a9ca-9cabc82afaf3;2024-12-21T17:10:00Z;6742;6741.5;6742;6741.5;5;
02cfdf61-6298-4c0f-a9ca-9cabc82afaf3;2024-12-21T17:11:00Z;6740.5;6740.5;6740.5;6740.5;10;
02cfdf61-6298-4c0f-a9ca-9cabc82afaf3;2024-12-21T17:12:00Z;6755.5;6756;6756;6755;53;
02cfdf61-6298-4c0f-a9ca-9cabc82afaf3;2024-12-21T17:13:00Z;6756;6757;6757;6756;7;
02cfdf61-6298-4c0f-a9ca-9cabc82afaf3;2024-12-21T17:14:00Z;6758;6759.5;6759.5;6758;119;
02cfdf61-6298-4c0f-a9ca-9cabc82afaf3;2024-12-21T17:15:00Z;6760;6760;6760;6760;39;
02cfdf61-6298-4c0f-a9ca-9cabc82afaf3;2024-12-21T17:16:00Z;6745.5;6745.5;6745.5;6745.5;2;
02cfdf61-6298-4c0f-a9ca-9cabc82afaf3;2024-12-21T17:18:00Z;6747;6747;6747;6747;1;
02cfdf61-6298-4c0f-a9ca-9cabc82afaf3;2024-12-21T17:19:00Z;6759.5;6763;6763;6759.5;7;
02cfdf61-6298-4c0f-a9ca-9cabc82afaf3;2024-12-21T17:20:00Z;6765.5;6765.5;6765.5;6765.5;1;
02cfdf61-6298-4c0f-a9ca-9cabc82afaf3;2024-12-21T17:22:00Z;6751;6766;6766;6751;16;
02cfdf61-6298-4c0f-a9ca-9cabc82afaf3;2024-12-21T17:23:00Z;6766;6766;6766;6766;1;
02cfdf61-6298-4c0f-a9ca-9cabc82afaf3;2024-12-21T17:24:00Z;6766;6766;6766;6766;6;
02cfdf61-6298-4c0f-a9ca-9cabc82afaf3;2024-12-21T17:25:00Z;6766;6753;6766;6753;2;
02cfdf61-6298-4c0f-a9ca-9cabc82afaf3;2024-12-21T17:26:00Z;6769;6770;6770;6769;20;
02cfdf61-6298-4c0f-a9ca-9cabc82afaf3;2024-12-21T17:30:00Z;6755;6755;6755;6755;20;
02cfdf61-6298-4c0f-a9ca-9cabc82afaf3;2024-12-21T17:31:00Z;6755;6742;6755;6742;15;
02cfdf61-6298-4c0f-a9ca-9cabc82afaf3;2024-12-21T17:33:00Z;6743.5;6738;6766.5;6738;150;
02cfdf61-6298-4c0f-a9ca-9cabc82afaf3;2024-12-21T17:34:00Z;6739.5;6753;6753;6739.5;3;
02cfdf61-6298-4c0f-a9ca-9cabc82afaf3;2024-12-21T17:35:00Z;6740;6740;6740;6740;1;
02cfdf61-6298-4c0f-a9ca-9cabc82afaf3;2024-12-21T17:36:00Z;6740;6739.5;6740;6739.5;10;
02cfdf61-6298-4c0f-a9ca-9cabc82afaf3;2024-12-21T17:37:00Z;6739.5;6739.5;6739.5;6739.5;1;
02cfdf61-6298-4c0f-a9ca-9cabc82afaf3;2024-12-21T17:39:00Z;6740.5;6750;6750;6740;12;
02cfdf61-6298-4c0f-a9ca-9cabc82afaf3;2024-12-21T17:41:00Z;6750;6750;6750;6750;29;
02cfdf61-6298-4c0f-a9ca-9cabc82afaf3;2024-12-21T17:43:00Z;6751.5;6751.5;6751.5;6751.5;1;
02cfdf61-6298-4c0f-a9ca-9cabc82afaf3;2024-12-21T17:44:00Z;6740.5;6753.5;6753.5;6740.5;11;
02cfdf61-6298-4c0f-a9ca-9cabc82afaf3;2024-12-21T17:45:00Z;6763;6763;6763;6763;1;
02cfdf61-6298-4c0f-a9ca-9cabc82afaf3;2024-12-21T17:47:00Z;6741.5;6741.5;6741.5;6741.5;1;
02cfdf61-6298-4c0f-a9ca-9cabc82afaf3;2024-12-21T17:52:00Z;6751.5;6743;6751.5;6743;2;
02cfdf61-6298-4c0f-a9ca-9cabc82afaf3;2024-12-21T17:57:00Z;6759.5;6759.5;6759.5;6759.5;3;
02cfdf61-6298-4c0f-a9ca-9cabc82afaf3;2024-12-21T17:58:00Z;6744.5;6744.5;6744.5;6744.5;1;
02cfdf61-6298-4c0f-a9ca-9cabc82afaf3;2024-12-21T17:59:00Z;6745;6745;6745;6745;1;
02cfdf61-6298-4c0f-a9ca-9cabc82afaf3;2024-12-21T18:00:00Z;6745;6745;6745;6745;1;
02cfdf61-6298-4c0f-a9ca-9cabc82afaf3;2024-12-21T18:01:00Z;6745;6745;6745;6745;8;
02cfdf61-6298-4c0f-a9ca-9cabc82afaf3;2024-12-21T18:04:00Z;6762.5;6762.5;6762.5;6762.5;9;
02cfdf61-6298-4c0f-a9ca-9cabc82afaf3;2024-12-21T18:05:00Z;6745.5;6745.5;6745.5;6745.5;3;
02cfdf61-6298-4c0f-a9ca-9cabc82afaf3;2024-12-21T18:07:00Z;6745.5;6745.5;6745.5;6745.5;4;
02cfdf61-6298-4c0f-a9ca-9cabc82afaf3;2024-12-21T18:09:00Z;6745.5;6745.5;6745.5;6745.5;3;
02cfdf61-6298-4c0f-a9ca-9cabc82afaf3;2024-12-21T18:10:00Z;6760.5;6760.5;6760.5;6760.5;1;
02cfdf61-6298-4c0f-a9ca-9cabc82afaf3;2024-12-21T18:13:00Z;6760;6760;6760;6760;17;
02cfdf61-6298-4c0f-a9ca-9cabc82afaf3;2024-12-21T18:14:00Z;6746;6746;6746;6746;1;
02cfdf61-6298-4c0f-a9ca-9cabc82afaf3;2024-12-21T18:15:00Z;6762;6762;6762;6762;2;
02cfdf61-6298-4c0f-a9ca-9cabc82afaf3;2024-12-21T18:16:00Z;6763;6763;6763;6763;1;
02cfdf61-6298-4c0f-a9ca-9cabc82afaf3;2024-12-21T18:17:00Z;6763;6763.5;6763.5;6763;36;
02cfdf61-6298-4c0f-a9ca-9cabc82afaf3;2024-12-21T18:18:00Z;6763.5;6763.5;6763.5;6763.5;14;
02cfdf61-6298-4c0f-a9ca-9cabc82afaf3;2024-12-21T18:19:00Z;6764;6764.5;6764.5;6764;16;
02cfdf61-6298-4c0f-a9ca-9cabc82afaf3;2024-12-21T18:20:00Z;6764;6764;6764;6764;1;
02cfdf61-6298-4c0f-a9ca-9cabc82afaf3;2024-12-21T18:22:00Z;6764;6765;6765;6764;39;
02cfdf61-6298-4c0f-a9ca-9cabc82afaf3;2024-12-21T18:23:00Z;6767;6768;6768;6767;3;
02cfdf61-6298-4c0f-a9ca-9cabc82afaf3;2024-12-21T18:24:00Z;6751;6751;6751;6751;2;
02cfdf61-6298-4c0f-a9ca-9cabc82afaf3;2024-12-21T18:25:00Z;6767.5;6769;6769;6767.5;100;
02cfdf61-6298-4c0f-a9ca-9cabc82afaf3;2024-12-21T18:26:00Z;6769;6769;6769;6769;1;
02cfdf61-6298-4c0f-a9ca-9cabc82afaf3;2024-12-21T18:28:00Z;6755.5;6755.5;6755.5;6755.5;2;
02cfdf61-6298-4c0f-a9ca-9cabc82afaf3;2024-12-21T18:30:00Z;6768;6768;6768;6768;3;
02cfdf61-6298-4c0f-a9ca-9cabc82afaf3;2024-12-21T18:31:00Z;6768;6769;6769;6768;107;
02cfdf61-6298-4c0f-a9ca-9cabc82afaf3;2024-12-21T18:32:00Z;6758;6758;6758;6758;2;
02cfdf61-6298-4c0f-a9ca-9cabc82afaf3;2024-12-21T18:33:00Z;6769;6758;6769;6758;17;
02cfdf61-6298-4c0f-a9ca-9cabc82afaf3;2024-12-21T18:34:00Z;6757.5;6758;6758;6746;155;
02cfdf61-6298-4c0f-a9ca-9cabc82afaf3;2024-12-21T18:36:00Z;6766;6768.5;6768.5;6766;15;
02cfdf61-6298-4c0f-a9ca-9cabc82afaf3;2024-12-21T18:37:00Z;6768.5;6768.5;6768.5;6768.5;2;
02cfdf61-6298-4c0f-a9ca-9cabc82afaf3;2024-12-21T18:38:00Z;6753.5;6750.5;6753.5;6750.5;26;
02cfdf61-6298-4c0f-a9ca-9cabc82afaf3;2024-12-21T18:39:00Z;6767;6767;6767;6767;4;
02cfdf61-6298-4c0f-a9ca-9cabc82afaf3;2024-12-21T18:40:00Z;6765.5;6765.5;6765.5;6765.5;15;
02cfdf61-6298-4c0f-a9ca-9cabc82afaf3;2024-12-21T18:41:00Z;6753;6753;6753;6753;2;
02cfdf61-6298-4c0f-a9ca-9cabc82afaf3;2024-12-21T18:44:00Z;6767.5;6767.5;6767.5;6767.5;1;
02cfdf61-6298-4c0f-a9ca-9cabc82afaf3;2024-12-21T18:45:00Z;6768;6769;6769;6768;44;
02cfdf61-6298-4c0f-a9ca-9cabc82afaf3;2024-12-21T18:47:00Z;6768.5;6769;6769;6768.5;2;
02cfdf61-6298-4c0f-a9ca-9cabc82afaf3;2024-12-21T18:50:00Z;6768;6768;6768;6768;2;
02cfdf61-6298-4c0f-a9ca-9cabc82afaf3;2024-12-21T18:52:00Z;6757.5;6753;6757.5;6753;29;
02cfdf61-6298-4c0f-a9ca-9cabc82afaf3;2024-12-21T18:53:00Z;6761.5;6762;6762;6761.5;115;
02cfdf61-6298-4c0f-a9ca-9cabc82afaf3;2024-12-21T18:54:00Z;6762;6752.5;6762;6752.5;3;
02cfdf61-6298-4c0f-a9ca-9cabc82afaf3;2024-12-21T18:55:00Z;6752.5;6752.5;6752.5;6752.5;16;
02cfdf61-6298-4c0f-a9ca-9cabc82afaf3;2024-12-21T18:58:00Z;6753;6765;6765;6753;120;
02cfdf61-6298-4c0f-a9ca-9cabc82afaf3;2024-12-21T18:59:00Z;6767.5;6767.5;6767.5;6767.5;1;
02cfdf61-6298-4c0f-a9ca-9cabc82afaf3;2024-12-21T19:01:00Z;6756;6754;6756;6754;8;
02cfdf61-6298-4c0f-a9ca-9cabc82afaf3;2024-12-21T19:02:00Z;6766;6764.5;6766;6764.5;4;
02cfdf61-6298-4c0f-a9ca-9cabc82afaf3;2024-12-21T19:04:00Z;6764;6764.5;6764.5;6764;7;
02cfdf61-6298-4c0f-a9ca-9cabc82afaf3;2024-12-21T19:05:00Z;6764;6754.5;6764;6754.5;3;
02cfdf61-6298-4c0f-a9ca-9cabc82afaf3;2024-12-21T19:06:00Z;6764.5;6765;6765;6764.5;2;
02cfdf61-6298-4c0f-a9ca-9cabc82afaf3;2024-12-21T19:07:00Z;6765;6765;6765;6765;1;
02cfdf61-6298-4c0f-a9ca-9cabc82afaf3;2024-12-21T19:08:00Z;6765;6765;6765;6765;2;
02cfdf61-6298-4c0f-a9ca-9cabc82afaf3;2024-12-21T19:09:00Z;6754.5;6754.5;6754.5;6754.5;1;
02cfdf61-6298-4c0f-a9ca-9cabc82afaf3;2024-12-21T19:10:00Z;6754.5;6754.5;6754.5;6754.5;7;
02cfdf61-6298-4c0f-a9ca-9cabc82afaf3;2024-12-21T19:11:00Z;6764.5;6764.5;6764.5;6764.5;1;
02cfdf61-6298-4c0f-a9ca-9cabc82afaf3;2024-12-21T19:12:00Z;6754.5;6754.5;6754.5;6754.5;1;
02cfdf61-6298-4c0f-a9ca-9cabc82afaf3;2024-12-21T19:13:00Z;6763.5;6763.5;6763.5;6763.5;2;
02cfdf61-6298-4c0f-a9ca-9cabc82afaf3;2024-12-21T19:16:00Z;6763.5;6763.5;6763.5;6763.5;2;
02cfdf61-6298-4c0f-a9ca-9cabc82afaf3;2024-12-21T19:18:00Z;6756.5;6753.5;6756.5;6753.5;20;
02cfdf61-6298-4c0f-a9ca-9cabc82afaf3;2024-12-21T19:19:00Z;6753.5;6764;6764;6753;31;
02cfdf61-6298-4c0f-a9ca-9cabc82afaf3;2024-12-21T19:20:00Z;6753.5;6753;6753.5;6753;16;
02cfdf61-6298-4c0f-a9ca-9cabc82afaf3;2024-12-21T19:21:00Z;6753;6753;6753;6753;5;
02cfdf61-6298-4c0f-a9ca-9cabc82afaf3;2024-12-21T19:22:00Z;6762;6752.5;6762;6752.5;6;
02cfdf61-6298-4c0f-a9ca-9cabc82afaf3;2024-12-21T19:23:00Z;6763.5;6763.5;6763.5;6753;17;
02cfdf61-6298-4c0f-a9ca-9cabc82afaf3;2024-12-21T19:24:00Z;6763.5;6764;6764;6763.5;12;
02cfdf61-6298-4c0f-a9ca-9cabc82afaf3;2024-12-21T19:25:00Z;6765;6756;6765;6756;15;
02cfdf61-6298-4c0f-a9ca-9cabc82afaf3;2024-12-21T19:26:00Z;6767;6767;6767;6767;3;
02cfdf61-6298-4c0f-a9ca-9cabc82afaf3;2024-12-21T19:28:00Z;6767.5;6768;6768.5;6758.5;80;
02cfdf61-6298-4c0f-a9ca-9cabc82afaf3;2024-12-21T19:29:00Z;6767.5;6767.5;6767.5;6767.5;1;
02cfdf61-6298-4c0f-a9ca-9cabc82afaf3;2024-12-21T19:31:00Z;6768;6770;6770;6768;214;
02cfdf61-6298-4c0f-a9ca-9cabc82afaf3;2024-12-21T19:32:00Z;6757;6752.5;6757;6752.5;51;
02cfdf61-6298-4c0f-a9ca-9cabc82afaf3;2024-12-21T19:34:00Z;6769.5;6769.5;6769.5;6769.5;1;
02cfdf61-6298-4c0f-a9ca-9cabc82afaf3;2024-12-21T19:35:00Z;6753;6753;6753;6753;1;
02cfdf61-6298-4c0f-a9ca-9cabc82afaf3;2024-12-21T19:36:00Z;6753.5;6753;6753.5;6753;9;
02cfdf61-6298-4c0f-a9ca-9cabc82afaf3;2024-12-21T19:37:00Z;6753;6753;6753;6753;3;
02cfdf61-6298-4c0f-a9ca-9cabc82afaf3;2024-12-21T19:38:00Z;6763.5;6754.5;6763.5;6754.5;23;
02cfdf61-6298-4c0f-a9ca-9cabc82afaf3;2024-12-21T19:42:00Z;6754;6754;6754;6754;2;
02cfdf61-6298-4c0f-a9ca-9cabc82afaf3;2024-12-21T19:43:00Z;6763.5;6763.5;6763.5;6763.5;1;
02cfdf61-6298-4c0f-a9ca-9cabc82afaf3;2024-12-21T19:47:00Z;6763.5;6763.5;6763.5;6763.5;3;
02cfdf61-6298-4c0f-a9ca-9cabc82afaf3;2024-12-21T19:48:00Z;6764;6764;6764;6764;1;
02cfdf61-6298-4c0f-a9ca-9cabc82afaf3;2024-12-21T19:50:00Z;6756.5;6757;6773;6756.5;9;
02cfdf61-6298-4c0f-a9ca-9cabc82afaf3;2024-12-21T19:52:00Z;6769.5;6770;6770;6769.5;3;
02cfdf61-6298-4c0f-a9ca-9cabc82afaf3;2024-12-21T19:53:00Z;6770;6777;6777;6770;89;
02cfdf61-6298-4c0f-a9ca-9cabc82afaf3;2024-12-21T19:54:00Z;6777.5;6777.5;6777.5;6777.5;9;
02cfdf61-6298-4c0f-a9ca-9cabc82afaf3;2024-12-21T19:57:00Z;6777;6777;6777;6777;1;
02cfdf61-6298-4c0f-a9ca-9cabc82afaf3;2024-12-21T19:58:00Z;6777;6777;6777;6777;1;
02cfdf61-6298-4c0f-a9ca-9cabc82afaf3;2024-12-21T20:00:00Z;6762.5;6762.5;6762.5;6762.5;2;
02cfdf61-6298-4c0f-a9ca-9cabc82afaf3;2024-12-21T20:01:00Z;6763;6763;6763;6763;10;
02cfdf61-6298-4c0f-a9ca-9cabc82afaf3;2024-12-21T20:02:00Z;6763.5;6763.5;6763.5;6763.5;10;
02cfdf61-6298-4c0f-a9ca-9cabc82afaf3;2024-12-21T20:03:00Z;6762;6762;6762;6762;5;
02cfdf61-6298-4c0f-a9ca-9cabc82afaf3;2024-12-21T20:04:00Z;6761.5;6752.5;6761.5;6752.5;99;
02cfdf61-6298-4c0f-a9ca-9cabc82afaf3;2024-12-21T20:05:00Z;6773.5;6773.5;6773.5;6773.5;2;
02cfdf61-6298-4c0f-a9ca-9cabc82afaf3;2024-12-21T20:06:00Z;6773.5;6754;6773.5;6754;3;
02cfdf61-6298-4c0f-a9ca-9cabc82afaf3;2024-12-21T20:07:00Z;6756;6752.5;6756;6752.5;10;
02cfdf61-6298-4c0f-a9ca-9cabc82afaf3;2024-12-21T20:09:00Z;6769;6769;6769;6769;1;
02cfdf61-6298-4c0f-a9ca-9cabc82afaf3;2024-12-21T20:11:00Z;6752.5;6752.5;6752.5;6752.5;1;
02cfdf61-6298-4c0f-a9ca-9cabc82afaf3;2024-12-21T20:13:00Z;6753;6752.5;6753;6752.5;10;
02cfdf61-6298-4c0f-a9ca-9cabc82afaf3;2024-12-21T20:14:00Z;6752.5;6752.5;6752.5;6752.5;2;
02cfdf61-6298-4c0f-a9ca-9cabc82afaf3;2024-12-21T20:16:00Z;6761.5;6761.5;6761.5;6761.5;1;
02cfdf61-6298-4c0f-a9ca-9cabc82afaf3;2024-12-21T20:17:00Z;6762;6762;6762;6762;1;
02cfdf61-6298-4c0f-a9ca-9cabc82afaf3;2024-12-21T20:18:00Z;6752.5;6763;6763;6752.5;2;
02cfdf61-6298-4c0f-a9ca-9cabc82afaf3;2024-12-21T20:21:00Z;6752.5;6752.5;6752.5;6752.5;8;
02cfdf61-6298-4c0f-a9ca-9cabc82afaf3;2024-12-21T20:24:00Z;6753;6762.5;6762.5;6753;3;
02cfdf61-6298-4c0f-a9ca-9cabc82afaf3;2024-12-21T20:25:00Z;6762.5;6762.5;6762.5;6762.5;1;
02cfdf61-6298-4c0f-a9ca-9cabc82afaf3;2024-12-21T20:26:00Z;6762.5;6762.5;6762.5;6762.5;1;
02cfdf61-6298-4c0f-a9ca-9cabc82afaf3;2024-12-21T20:28:00Z;6762.5;6762.5;6762.5;6762.5;1;
02cfdf61-6298-4c0f-a9ca-9cabc82afaf3;2024-12-21T20:30:00Z;6752.5;6752.5;6752.5;6752.5;1;
02cfdf61-6298-4c0f-a9ca-9cabc82afaf3;2024-12-21T20:35:00Z;6752.5;6745;6752.5;6745;10;
02cfdf61-6298-4c0f-a9ca-9cabc82afaf3;2024-12-21T20:38:00Z;6761.5;6761.5;6761.5;6761.5;1;
02cfdf61-6298-4c0f-a9ca-9cabc82afaf3;2024-12-21T20:40:00Z;6761.5;6744.5;6761.5;6744.5;37;
02cfdf61-6298-4c0f-a9ca-9cabc82afaf3;2024-12-21T20:42:00Z;6745;6745;6745;6745;3;
02cfdf61-6298-4c0f-a9ca-9cabc82afaf3;2024-12-21T20:46:00Z;6746;6746;6746;6746;1;
02cfdf61-6298-4c0f-a9ca-9cabc82afaf3;2024-12-21T20:48:00Z;6758;6758;6758;6758;1;
02cfdf61-6298-4c0f-a9ca-9cabc82afaf3;2024-12-21T23:01:00Z;6739;6739;6739;6739;1;
02cfdf61-6298-4c0f-a9ca-9cabc82afaf3;2024-12-21T23:04:00Z;6737.5;6737.5;6737.5;6737.5;1;
02cfdf61-6298-4c0f-a9ca-9cabc82afaf3;2024-12-21T23:10:00Z;6743;6743;6743;6743;3;
02cfdf61-6298-4c0f-a9ca-9cabc82afaf3;2024-12-21T23:13:00Z;6744;6743.5;6744;6743.5;14;
02cfdf61-6298-4c0f-a9ca-9cabc82afaf3;2024-12-21T23:14:00Z;6759.5;6759.5;6759.5;6759.5;6;
02cfdf61-6298-4c0f-a9ca-9cabc82afaf3;2024-12-21T23:15:00Z;6744;6744;6744;6744;2;
02cfdf61-6298-4c0f-a9ca-9cabc82afaf3;2024-12-21T23:16:00Z;6744;6743.5;6744;6743.5;3;
02cfdf61-6298-4c0f-a9ca-9cabc82afaf3;2024-12-21T23:21:00Z;6743.5;6743.5;6743.5;6743.5;2;
02cfdf61-6298-4c0f-a9ca-9cabc82afaf3;2024-12-21T23:27:00Z;6743.5;6743.5;6743.5;6743.5;5;
02cfdf61-6298-4c0f-a9ca-9cabc82afaf3;2024-12-21T23:33:00Z;6759.5;6743.5;6759.5;6743.5;6;
02cfdf61-6298-4c0f-a9ca-9cabc82afaf3;2024-12-21T23:35:00Z;6759;6759.5;6759.5;6759;4;
02cfdf61-6298-4c0f-a9ca-9cabc82afaf3;2024-12-21T23:41:00Z;6759.5;6760;6760;6759.5;2;
02cfdf61-6298-4c0f-a9ca-9cabc82afaf3;2024-12-21T23:43:00Z;6774.5;6774.5;6774.5;6774.5;1;
02cfdf61-6298-4c0f-a9ca-9cabc82afaf3;2024-12-21T23:57:00Z;6750;6750;6750;6750;1;
