0da66728-6c30-44c4-9264-df8fac2467ee;2024-12-26T04:00:00Z;940.8;940.8;940.8;940.8;1;
0da66728-6c30-44c4-9264-df8fac2467ee;2024-12-26T04:01:00Z;934.6;934.6;934.6;934.6;6;
0da66728-6c30-44c4-9264-df8fac2467ee;2024-12-26T04:02:00Z;928.4;934.4;934.4;928.2;3;
0da66728-6c30-44c4-9264-df8fac2467ee;2024-12-26T04:04:00Z;933.8;934.2;934.2;933.8;7;
0da66728-6c30-44c4-9264-df8fac2467ee;2024-12-26T04:05:00Z;931.2;934;934;931;19;
0da66728-6c30-44c4-9264-df8fac2467ee;2024-12-26T04:07:00Z;933.6;934;934;931;35;
0da66728-6c30-44c4-9264-df8fac2467ee;2024-12-26T04:08:00Z;933.8;934;934;933.8;27;
0da66728-6c30-44c4-9264-df8fac2467ee;2024-12-26T04:09:00Z;934;931.4;934;931.4;7;
0da66728-6c30-44c4-9264-df8fac2467ee;2024-12-26T04:10:00Z;933.4;931.8;934;931.8;82;
0da66728-6c30-44c4-9264-df8fac2467ee;2024-12-26T04:11:00Z;933.4;931.4;933.4;931.2;38;
0da66728-6c30-44c4-9264-df8fac2467ee;2024-12-26T04:12:00Z;931.4;931.4;931.4;931;64;
0da66728-6c30-44c4-9264-df8fac2467ee;2024-12-26T04:14:00Z;931;933;933;931;130;
0da66728-6c30-44c4-9264-df8fac2467ee;2024-12-26T04:15:00Z;931.2;931.2;931.2;931.2;3;
0da66728-6c30-44c4-9264-df8fac2467ee;2024-12-26T04:16:00Z;931.2;932;932;931;28;
0da66728-6c30-44c4-9264-df8fac2467ee;2024-12-26T04:17:00Z;931.8;932;932;931.8;21;
0da66728-6c30-44c4-9264-df8fac2467ee;2024-12-26T04:19:00Z;931.2;932;932;931.2;15;
0da66728-6c30-44c4-9264-df8fac2467ee;2024-12-26T04:20:00Z;931.2;931;931.2;931;56;
0da66728-6c30-44c4-9264-df8fac2467ee;2024-12-26T04:21:00Z;931.6;931.6;931.6;931.6;1;
0da66728-6c30-44c4-9264-df8fac2467ee;2024-12-26T04:22:00Z;931;931.6;931.6;931;8;
0da66728-6c30-44c4-9264-df8fac2467ee;2024-12-26T04:23:00Z;931;931;931;931;18;
0da66728-6c30-44c4-9264-df8fac2467ee;2024-12-26T04:24:00Z;931.6;931;931.6;931;13;
0da66728-6c30-44c4-9264-df8fac2467ee;2024-12-26T04:25:00Z;931.6;931;931.6;931;57;
0da66728-6c30-44c4-9264-df8fac2467ee;2024-12-26T04:26:00Z;931.4;931.4;934;931.2;293;
0da66728-6c30-44c4-9264-df8fac2467ee;2024-12-26T04:27:00Z;933.8;931.6;933.8;931.6;23;
0da66728-6c30-44c4-9264-df8fac2467ee;2024-12-26T04:28:00Z;933.4;931.8;933.4;931.8;6;
0da66728-6c30-44c4-9264-df8fac2467ee;2024-12-26T04:29:00Z;931.8;933.2;933.2;931.8;25;
0da66728-6c30-44c4-9264-df8fac2467ee;2024-12-26T04:30:00Z;933.2;934.8;935;933.2;260;
0da66728-6c30-44c4-9264-df8fac2467ee;2024-12-26T04:31:00Z;932.6;933;933;932.6;35;
0da66728-6c30-44c4-9264-df8fac2467ee;2024-12-26T04:32:00Z;932.8;933;933;932.8;59;
0da66728-6c30-44c4-9264-df8fac2467ee;2024-12-26T04:33:00Z;933;933;933;933;2;
0da66728-6c30-44c4-9264-df8fac2467ee;2024-12-26T04:34:00Z;933;934;934;933;32;
0da66728-6c30-44c4-9264-df8fac2467ee;2024-12-26T04:35:00Z;934;934;934;934;1;
0da66728-6c30-44c4-9264-df8fac2467ee;2024-12-26T04:37:00Z;934;934.6;934.6;934;142;
0da66728-6c30-44c4-9264-df8fac2467ee;2024-12-26T04:38:00Z;933;933;934.4;933;54;
0da66728-6c30-44c4-9264-df8fac2467ee;2024-12-26T04:39:00Z;933.2;933.2;933.2;933.2;2;
0da66728-6c30-44c4-9264-df8fac2467ee;2024-12-26T04:40:00Z;933.2;933;933.2;933;25;
0da66728-6c30-44c4-9264-df8fac2467ee;2024-12-26T04:41:00Z;933;934.4;934.4;933;11;
0da66728-6c30-44c4-9264-df8fac2467ee;2024-12-26T04:42:00Z;933;933;933;933;2;
0da66728-6c30-44c4-9264-df8fac2467ee;2024-12-26T04:43:00Z;933.4;933.2;933.4;933.2;9;
0da66728-6c30-44c4-9264-df8fac2467ee;2024-12-26T04:44:00Z;933.2;933.2;933.2;933.2;2;
0da66728-6c30-44c4-9264-df8fac2467ee;2024-12-26T04:47:00Z;933.2;933;933.2;933;16;
0da66728-6c30-44c4-9264-df8fac2467ee;2024-12-26T04:48:00Z;933.2;933.2;933.2;933.2;2;
0da66728-6c30-44c4-9264-df8fac2467ee;2024-12-26T04:49:00Z;933.2;933.2;933.2;933.2;1;
0da66728-6c30-44c4-9264-df8fac2467ee;2024-12-26T04:50:00Z;933.2;933.2;933.2;933.2;3;
0da66728-6c30-44c4-9264-df8fac2467ee;2024-12-26T04:51:00Z;933.2;933;934.4;933;53;
0da66728-6c30-44c4-9264-df8fac2467ee;2024-12-26T04:52:00Z;934.2;933.2;934.2;933.2;13;
0da66728-6c30-44c4-9264-df8fac2467ee;2024-12-26T04:53:00Z;934.2;934.2;934.2;934.2;6;
0da66728-6c30-44c4-9264-df8fac2467ee;2024-12-26T04:54:00Z;934.2;934.2;934.2;934.2;109;
0da66728-6c30-44c4-9264-df8fac2467ee;2024-12-26T04:55:00Z;934.2;934.4;934.4;934.2;37;
0da66728-6c30-44c4-9264-df8fac2467ee;2024-12-26T04:56:00Z;934.4;934.4;934.4;933.2;47;
0da66728-6c30-44c4-9264-df8fac2467ee;2024-12-26T04:57:00Z;933.4;933.2;933.4;933.2;53;
0da66728-6c30-44c4-9264-df8fac2467ee;2024-12-26T04:58:00Z;934.2;934.2;934.2;933.4;67;
0da66728-6c30-44c4-9264-df8fac2467ee;2024-12-26T04:59:00Z;934.2;934;934.2;931;563;
0da66728-6c30-44c4-9264-df8fac2467ee;2024-12-26T05:01:00Z;932;933;933;932;5;
0da66728-6c30-44c4-9264-df8fac2467ee;2024-12-26T05:02:00Z;934;934.4;934.4;934;49;
0da66728-6c30-44c4-9264-df8fac2467ee;2024-12-26T05:03:00Z;934.4;934.4;934.4;934.4;4;
0da66728-6c30-44c4-9264-df8fac2467ee;2024-12-26T05:04:00Z;934.4;934.4;934.4;934.4;86;
0da66728-6c30-44c4-9264-df8fac2467ee;2024-12-26T05:05:00Z;934.4;934.4;934.4;934.4;4;
0da66728-6c30-44c4-9264-df8fac2467ee;2024-12-26T05:06:00Z;933.8;933.8;933.8;933.8;9;
0da66728-6c30-44c4-9264-df8fac2467ee;2024-12-26T05:07:00Z;933.8;933.6;933.8;932.4;12;
0da66728-6c30-44c4-9264-df8fac2467ee;2024-12-26T05:08:00Z;932;931.4;933.6;931.4;31;
0da66728-6c30-44c4-9264-df8fac2467ee;2024-12-26T05:09:00Z;933.4;931.4;933.6;931.2;132;
0da66728-6c30-44c4-9264-df8fac2467ee;2024-12-26T05:10:00Z;932.6;932.2;932.6;932.2;2;
0da66728-6c30-44c4-9264-df8fac2467ee;2024-12-26T05:11:00Z;932.2;932.2;932.2;932.2;1;
0da66728-6c30-44c4-9264-df8fac2467ee;2024-12-26T05:12:00Z;931.4;931.4;931.4;931.4;5;
0da66728-6c30-44c4-9264-df8fac2467ee;2024-12-26T05:13:00Z;932.2;932.2;932.2;932.2;1;
0da66728-6c30-44c4-9264-df8fac2467ee;2024-12-26T05:14:00Z;932.2;931.4;932.6;931.4;11;
0da66728-6c30-44c4-9264-df8fac2467ee;2024-12-26T05:15:00Z;931.4;931.8;931.8;931.2;11;
0da66728-6c30-44c4-9264-df8fac2467ee;2024-12-26T05:16:00Z;931.2;932.6;932.6;931.2;27;
0da66728-6c30-44c4-9264-df8fac2467ee;2024-12-26T05:17:00Z;932.2;932.2;932.2;932.2;1;
0da66728-6c30-44c4-9264-df8fac2467ee;2024-12-26T05:19:00Z;931.4;931.4;931.4;931.4;1;
0da66728-6c30-44c4-9264-df8fac2467ee;2024-12-26T05:20:00Z;932.2;932.4;932.4;932;9;
0da66728-6c30-44c4-9264-df8fac2467ee;2024-12-26T05:22:00Z;932.4;932.2;932.4;931.2;55;
0da66728-6c30-44c4-9264-df8fac2467ee;2024-12-26T05:23:00Z;931.4;932;932;931;207;
0da66728-6c30-44c4-9264-df8fac2467ee;2024-12-26T05:24:00Z;932;932.2;932.2;931;69;
0da66728-6c30-44c4-9264-df8fac2467ee;2024-12-26T05:25:00Z;931;932.2;932.2;931;7;
0da66728-6c30-44c4-9264-df8fac2467ee;2024-12-26T05:26:00Z;932.2;932.2;932.2;932.2;4;
0da66728-6c30-44c4-9264-df8fac2467ee;2024-12-26T05:27:00Z;932.2;932.2;932.2;932.2;81;
0da66728-6c30-44c4-9264-df8fac2467ee;2024-12-26T05:28:00Z;931;931.2;932.2;931;3;
0da66728-6c30-44c4-9264-df8fac2467ee;2024-12-26T05:29:00Z;931.2;931.2;931.2;931.2;13;
0da66728-6c30-44c4-9264-df8fac2467ee;2024-12-26T05:31:00Z;931.2;929.4;931.2;929.4;122;
0da66728-6c30-44c4-9264-df8fac2467ee;2024-12-26T05:32:00Z;929.4;929.2;929.4;929.2;32;
0da66728-6c30-44c4-9264-df8fac2467ee;2024-12-26T05:33:00Z;930.6;930.6;930.6;929.2;156;
0da66728-6c30-44c4-9264-df8fac2467ee;2024-12-26T05:34:00Z;929.2;929.2;929.2;929.2;6;
0da66728-6c30-44c4-9264-df8fac2467ee;2024-12-26T05:35:00Z;931.4;931.2;932.2;931.2;13;
0da66728-6c30-44c4-9264-df8fac2467ee;2024-12-26T05:36:00Z;930.8;931;931;930.8;28;
0da66728-6c30-44c4-9264-df8fac2467ee;2024-12-26T05:37:00Z;931;931;931;931;16;
0da66728-6c30-44c4-9264-df8fac2467ee;2024-12-26T05:38:00Z;931;933.6;933.6;931;174;
0da66728-6c30-44c4-9264-df8fac2467ee;2024-12-26T05:39:00Z;933.6;934.4;934.4;931.8;1002;
0da66728-6c30-44c4-9264-df8fac2467ee;2024-12-26T05:40:00Z;934.4;934.4;934.4;934.4;1;
0da66728-6c30-44c4-9264-df8fac2467ee;2024-12-26T05:42:00Z;934.4;934.4;934.4;934.4;11;
0da66728-6c30-44c4-9264-df8fac2467ee;2024-12-26T05:43:00Z;934.4;935;935;934.4;209;
0da66728-6c30-44c4-9264-df8fac2467ee;2024-12-26T05:44:00Z;932.2;935;935;932.2;15;
0da66728-6c30-44c4-9264-df8fac2467ee;2024-12-26T05:45:00Z;932.2;935;935;932.2;35;
0da66728-6c30-44c4-9264-df8fac2467ee;2024-12-26T05:46:00Z;934.8;934.8;934.8;934.8;2;
0da66728-6c30-44c4-9264-df8fac2467ee;2024-12-26T05:47:00Z;932.4;932.4;932.4;932.4;1;
0da66728-6c30-44c4-9264-df8fac2467ee;2024-12-26T05:48:00Z;934.8;935;935;934.8;205;
0da66728-6c30-44c4-9264-df8fac2467ee;2024-12-26T05:49:00Z;934.8;932.4;934.8;932.4;33;
0da66728-6c30-44c4-9264-df8fac2467ee;2024-12-26T05:50:00Z;934.8;934.8;934.8;934.8;2;
0da66728-6c30-44c4-9264-df8fac2467ee;2024-12-26T05:52:00Z;934.4;934.4;934.4;934.4;2;
0da66728-6c30-44c4-9264-df8fac2467ee;2024-12-26T05:53:00Z;932.4;934.4;934.4;932.4;6;
0da66728-6c30-44c4-9264-df8fac2467ee;2024-12-26T05:54:00Z;934.4;934.4;934.4;934.4;1;
0da66728-6c30-44c4-9264-df8fac2467ee;2024-12-26T05:55:00Z;934.4;933;934.6;933;45;
0da66728-6c30-44c4-9264-df8fac2467ee;2024-12-26T05:56:00Z;934.2;933;934.2;933;8;
0da66728-6c30-44c4-9264-df8fac2467ee;2024-12-26T05:57:00Z;933;933.8;933.8;933;107;
0da66728-6c30-44c4-9264-df8fac2467ee;2024-12-26T05:58:00Z;933.8;933;933.8;933;14;
0da66728-6c30-44c4-9264-df8fac2467ee;2024-12-26T05:59:00Z;933;932;933;932;113;
0da66728-6c30-44c4-9264-df8fac2467ee;2024-12-26T06:00:00Z;933;932;933;932;302;
0da66728-6c30-44c4-9264-df8fac2467ee;2024-12-26T06:02:00Z;931.2;931;931.8;931;10;
0da66728-6c30-44c4-9264-df8fac2467ee;2024-12-26T06:03:00Z;931.8;931.8;931.8;931.8;7;
0da66728-6c30-44c4-9264-df8fac2467ee;2024-12-26T06:04:00Z;931;931.8;931.8;931;66;
0da66728-6c30-44c4-9264-df8fac2467ee;2024-12-26T06:05:00Z;930.2;931;931;930.2;8;
0da66728-6c30-44c4-9264-df8fac2467ee;2024-12-26T06:07:00Z;931.8;932;932;931.8;63;
0da66728-6c30-44c4-9264-df8fac2467ee;2024-12-26T06:09:00Z;932;932;932;932;5;
0da66728-6c30-44c4-9264-df8fac2467ee;2024-12-26T06:10:00Z;931.2;932;932;931.2;418;
0da66728-6c30-44c4-9264-df8fac2467ee;2024-12-26T06:11:00Z;931.2;931;931.2;931;647;
0da66728-6c30-44c4-9264-df8fac2467ee;2024-12-26T06:12:00Z;931;931;931;931;13;
0da66728-6c30-44c4-9264-df8fac2467ee;2024-12-26T06:13:00Z;931.2;931.2;931.2;931.2;14;
0da66728-6c30-44c4-9264-df8fac2467ee;2024-12-26T06:14:00Z;931.2;931.2;931.2;931.2;3;
0da66728-6c30-44c4-9264-df8fac2467ee;2024-12-26T06:15:00Z;931.2;931.2;931.2;931.2;23;
0da66728-6c30-44c4-9264-df8fac2467ee;2024-12-26T06:16:00Z;931;930;931;930;91;
0da66728-6c30-44c4-9264-df8fac2467ee;2024-12-26T06:17:00Z;931;930;931;930;99;
0da66728-6c30-44c4-9264-df8fac2467ee;2024-12-26T06:19:00Z;931;931;931;931;2;
0da66728-6c30-44c4-9264-df8fac2467ee;2024-12-26T06:20:00Z;931;931;931;931;10;
0da66728-6c30-44c4-9264-df8fac2467ee;2024-12-26T06:21:00Z;931;931;931;931;197;
0da66728-6c30-44c4-9264-df8fac2467ee;2024-12-26T06:22:00Z;931;931.2;931.2;931;56;
0da66728-6c30-44c4-9264-df8fac2467ee;2024-12-26T06:23:00Z;931;931;931;931;3;
0da66728-6c30-44c4-9264-df8fac2467ee;2024-12-26T06:24:00Z;931.2;932;932;931.2;103;
0da66728-6c30-44c4-9264-df8fac2467ee;2024-12-26T06:25:00Z;931.2;931.2;932;931.2;6;
0da66728-6c30-44c4-9264-df8fac2467ee;2024-12-26T06:26:00Z;932;931.2;932;931.2;233;
0da66728-6c30-44c4-9264-df8fac2467ee;2024-12-26T06:28:00Z;932;931.2;932;931.2;68;
0da66728-6c30-44c4-9264-df8fac2467ee;2024-12-26T06:29:00Z;931.2;933.8;933.8;931.2;73;
0da66728-6c30-44c4-9264-df8fac2467ee;2024-12-26T06:30:00Z;933.8;933.8;933.8;933.8;1;
0da66728-6c30-44c4-9264-df8fac2467ee;2024-12-26T06:32:00Z;933.8;933.8;933.8;933.8;1;
0da66728-6c30-44c4-9264-df8fac2467ee;2024-12-26T06:33:00Z;933.8;934;934;933.8;6;
0da66728-6c30-44c4-9264-df8fac2467ee;2024-12-26T06:34:00Z;933.8;933.8;934;933.8;10;
0da66728-6c30-44c4-9264-df8fac2467ee;2024-12-26T06:35:00Z;934;933.8;934;933.8;78;
0da66728-6c30-44c4-9264-df8fac2467ee;2024-12-26T06:36:00Z;933.8;933;933.8;933;12;
0da66728-6c30-44c4-9264-df8fac2467ee;2024-12-26T06:37:00Z;933;931.4;933;931.4;131;
0da66728-6c30-44c4-9264-df8fac2467ee;2024-12-26T06:38:00Z;932;932;932;932;20;
0da66728-6c30-44c4-9264-df8fac2467ee;2024-12-26T06:39:00Z;932;931.4;932;931.4;101;
0da66728-6c30-44c4-9264-df8fac2467ee;2024-12-26T06:59:00Z;929;929;929;929;1442;
0da66728-6c30-44c4-9264-df8fac2467ee;2024-12-26T07:00:00Z;929;929.2;929.4;926;16069;
0da66728-6c30-44c4-9264-df8fac2467ee;2024-12-26T07:01:00Z;929;927.8;929.4;927.2;2466;
0da66728-6c30-44c4-9264-df8fac2467ee;2024-12-26T07:02:00Z;928.2;932.6;932.6;928;4563;
0da66728-6c30-44c4-9264-df8fac2467ee;2024-12-26T07:03:00Z;932;932.6;932.6;931.8;9566;
0da66728-6c30-44c4-9264-df8fac2467ee;2024-12-26T07:04:00Z;932.6;930.6;933.2;930;6181;
0da66728-6c30-44c4-9264-df8fac2467ee;2024-12-26T07:05:00Z;930.2;927.6;930.8;927.2;8723;
0da66728-6c30-44c4-9264-df8fac2467ee;2024-12-26T07:06:00Z;927.8;927.2;929.2;927;4504;
0da66728-6c30-44c4-9264-df8fac2467ee;2024-12-26T07:07:00Z;927.8;929.2;930;927;6608;
0da66728-6c30-44c4-9264-df8fac2467ee;2024-12-26T07:08:00Z;928.4;929;929.2;928.2;1487;
0da66728-6c30-44c4-9264-df8fac2467ee;2024-12-26T07:09:00Z;929;927.8;929;927.6;1610;
0da66728-6c30-44c4-9264-df8fac2467ee;2024-12-26T07:10:00Z;927.6;925.2;927.6;924.6;6991;
0da66728-6c30-44c4-9264-df8fac2467ee;2024-12-26T07:11:00Z;925.4;921.4;926;921.2;21641;
0da66728-6c30-44c4-9264-df8fac2467ee;2024-12-26T07:12:00Z;921.4;917;921.4;916.2;43114;
0da66728-6c30-44c4-9264-df8fac2467ee;2024-12-26T07:13:00Z;917;918.2;919.4;916.4;11694;
0da66728-6c30-44c4-9264-df8fac2467ee;2024-12-26T07:14:00Z;918.2;918.8;919.6;918;5746;
0da66728-6c30-44c4-9264-df8fac2467ee;2024-12-26T07:15:00Z;919;919.8;919.8;918.6;4326;
0da66728-6c30-44c4-9264-df8fac2467ee;2024-12-26T07:16:00Z;919.8;920;920;919.2;19606;
0da66728-6c30-44c4-9264-df8fac2467ee;2024-12-26T07:17:00Z;920;922.2;922.2;919.8;72418;
0da66728-6c30-44c4-9264-df8fac2467ee;2024-12-26T07:18:00Z;922.2;921.2;922.2;919.8;18314;
0da66728-6c30-44c4-9264-df8fac2467ee;2024-12-26T07:19:00Z;921.2;922.6;923;919.4;18627;
0da66728-6c30-44c4-9264-df8fac2467ee;2024-12-26T07:20:00Z;922.6;921.2;922.8;920.6;13381;
0da66728-6c30-44c4-9264-df8fac2467ee;2024-12-26T07:21:00Z;921.4;920.8;922.2;920.6;6541;
0da66728-6c30-44c4-9264-df8fac2467ee;2024-12-26T07:22:00Z;920.6;921.8;921.8;920.6;1854;
0da66728-6c30-44c4-9264-df8fac2467ee;2024-12-26T07:23:00Z;921.8;923.4;923.4;921.6;4373;
0da66728-6c30-44c4-9264-df8fac2467ee;2024-12-26T07:24:00Z;923.6;923.4;923.6;923;4169;
0da66728-6c30-44c4-9264-df8fac2467ee;2024-12-26T07:25:00Z;923.6;922.2;924.2;922;21773;
0da66728-6c30-44c4-9264-df8fac2467ee;2024-12-26T07:26:00Z;922.2;922.6;923.4;922;2597;
0da66728-6c30-44c4-9264-df8fac2467ee;2024-12-26T07:27:00Z;922.8;924;924.2;922.4;1997;
0da66728-6c30-44c4-9264-df8fac2467ee;2024-12-26T07:28:00Z;923.8;924.8;924.8;923.6;5980;
0da66728-6c30-44c4-9264-df8fac2467ee;2024-12-26T07:29:00Z;924.8;924.8;925;923.8;3417;
0da66728-6c30-44c4-9264-df8fac2467ee;2024-12-26T07:30:00Z;924.8;925;925;924.4;5178;
0da66728-6c30-44c4-9264-df8fac2467ee;2024-12-26T07:31:00Z;925;926;926.4;924.8;14108;
0da66728-6c30-44c4-9264-df8fac2467ee;2024-12-26T07:32:00Z;926.2;925.6;926.2;925;7024;
0da66728-6c30-44c4-9264-df8fac2467ee;2024-12-26T07:33:00Z;925.6;925.8;926.4;925.4;3342;
0da66728-6c30-44c4-9264-df8fac2467ee;2024-12-26T07:34:00Z;925.8;925.2;925.8;924.6;7229;
0da66728-6c30-44c4-9264-df8fac2467ee;2024-12-26T07:35:00Z;925.2;925.4;925.8;925;2878;
0da66728-6c30-44c4-9264-df8fac2467ee;2024-12-26T07:36:00Z;925.6;925.4;926;925;4192;
0da66728-6c30-44c4-9264-df8fac2467ee;2024-12-26T07:37:00Z;925.6;926.4;926.4;925.4;5906;
0da66728-6c30-44c4-9264-df8fac2467ee;2024-12-26T07:38:00Z;926.4;927.6;927.8;926.2;8415;
0da66728-6c30-44c4-9264-df8fac2467ee;2024-12-26T07:39:00Z;927.4;929;929;927.4;25175;
0da66728-6c30-44c4-9264-df8fac2467ee;2024-12-26T07:40:00Z;929;931;931.4;928.2;28670;
0da66728-6c30-44c4-9264-df8fac2467ee;2024-12-26T07:41:00Z;931;928.8;931;928.8;13445;
0da66728-6c30-44c4-9264-df8fac2467ee;2024-12-26T07:42:00Z;928.8;928.6;929;927.8;5579;
0da66728-6c30-44c4-9264-df8fac2467ee;2024-12-26T07:43:00Z;928.6;929.8;929.8;928.2;6413;
0da66728-6c30-44c4-9264-df8fac2467ee;2024-12-26T07:44:00Z;929.8;930;930;929.8;11187;
0da66728-6c30-44c4-9264-df8fac2467ee;2024-12-26T07:45:00Z;930;929.8;930.2;929.6;10639;
0da66728-6c30-44c4-9264-df8fac2467ee;2024-12-26T07:46:00Z;929.8;930;930.8;929.6;9185;
0da66728-6c30-44c4-9264-df8fac2467ee;2024-12-26T07:47:00Z;930;930;930;928.4;8146;
0da66728-6c30-44c4-9264-df8fac2467ee;2024-12-26T07:48:00Z;930;928.4;930;928.2;9522;
0da66728-6c30-44c4-9264-df8fac2467ee;2024-12-26T07:49:00Z;928.4;929;929;927.6;7068;
0da66728-6c30-44c4-9264-df8fac2467ee;2024-12-26T07:50:00Z;929.4;929.2;929.6;928.8;2835;
0da66728-6c30-44c4-9264-df8fac2467ee;2024-12-26T07:51:00Z;928.8;928.6;929.2;928.2;4616;
0da66728-6c30-44c4-9264-df8fac2467ee;2024-12-26T07:52:00Z;928.6;928.4;929;928;2979;
0da66728-6c30-44c4-9264-df8fac2467ee;2024-12-26T07:53:00Z;928.8;928;928.8;928;1832;
0da66728-6c30-44c4-9264-df8fac2467ee;2024-12-26T07:54:00Z;928.4;928;928.4;928;2654;
0da66728-6c30-44c4-9264-df8fac2467ee;2024-12-26T07:55:00Z;928;928;928.2;928;2704;
0da66728-6c30-44c4-9264-df8fac2467ee;2024-12-26T07:56:00Z;928;928;928.4;928;2348;
0da66728-6c30-44c4-9264-df8fac2467ee;2024-12-26T07:57:00Z;928;928;928.8;928;1431;
0da66728-6c30-44c4-9264-df8fac2467ee;2024-12-26T07:58:00Z;928.2;927.8;928.4;927.6;4223;
0da66728-6c30-44c4-9264-df8fac2467ee;2024-12-26T07:59:00Z;927.6;928;928;927.6;2346;
0da66728-6c30-44c4-9264-df8fac2467ee;2024-12-26T08:00:00Z;927.8;929.4;929.4;927.8;5310;
0da66728-6c30-44c4-9264-df8fac2467ee;2024-12-26T08:01:00Z;929.2;929.2;930.2;928.2;18987;
0da66728-6c30-44c4-9264-df8fac2467ee;2024-12-26T08:02:00Z;929.4;929.2;929.4;928.4;4287;
0da66728-6c30-44c4-9264-df8fac2467ee;2024-12-26T08:03:00Z;929;929.2;929.2;928.6;2257;
0da66728-6c30-44c4-9264-df8fac2467ee;2024-12-26T08:04:00Z;929;929.6;929.8;929;4674;
0da66728-6c30-44c4-9264-df8fac2467ee;2024-12-26T08:05:00Z;929.6;929.4;929.6;929;2157;
0da66728-6c30-44c4-9264-df8fac2467ee;2024-12-26T08:06:00Z;929.2;929.6;929.8;929.2;2658;
0da66728-6c30-44c4-9264-df8fac2467ee;2024-12-26T08:07:00Z;929.6;929.6;929.6;929.4;2553;
0da66728-6c30-44c4-9264-df8fac2467ee;2024-12-26T08:08:00Z;929.6;930;930;929.6;6810;
0da66728-6c30-44c4-9264-df8fac2467ee;2024-12-26T08:09:00Z;929.8;930;930;929.8;3168;
0da66728-6c30-44c4-9264-df8fac2467ee;2024-12-26T08:10:00Z;930;930;930;929.8;2999;
0da66728-6c30-44c4-9264-df8fac2467ee;2024-12-26T08:11:00Z;930;931;931;929.8;18222;
0da66728-6c30-44c4-9264-df8fac2467ee;2024-12-26T08:12:00Z;931;931;931;930.4;6345;
0da66728-6c30-44c4-9264-df8fac2467ee;2024-12-26T08:13:00Z;931;932;932;930.6;13036;
0da66728-6c30-44c4-9264-df8fac2467ee;2024-12-26T08:14:00Z;932;931.8;932;931.8;2286;
0da66728-6c30-44c4-9264-df8fac2467ee;2024-12-26T08:15:00Z;932;931.8;932;930.8;4836;
0da66728-6c30-44c4-9264-df8fac2467ee;2024-12-26T08:16:00Z;931.8;932.2;932.2;931.4;3956;
0da66728-6c30-44c4-9264-df8fac2467ee;2024-12-26T08:17:00Z;932.2;931.6;932.2;931.2;5884;
0da66728-6c30-44c4-9264-df8fac2467ee;2024-12-26T08:18:00Z;931.6;935;935;931.2;33824;
0da66728-6c30-44c4-9264-df8fac2467ee;2024-12-26T08:19:00Z;935;933;935.4;933;7950;
0da66728-6c30-44c4-9264-df8fac2467ee;2024-12-26T08:20:00Z;933.6;932;933.8;931.4;8830;
0da66728-6c30-44c4-9264-df8fac2467ee;2024-12-26T08:21:00Z;932;931.6;932;931.6;2789;
0da66728-6c30-44c4-9264-df8fac2467ee;2024-12-26T08:22:00Z;931.8;932.4;933.6;931;11485;
0da66728-6c30-44c4-9264-df8fac2467ee;2024-12-26T08:23:00Z;932;931;932.4;930.2;10609;
0da66728-6c30-44c4-9264-df8fac2467ee;2024-12-26T08:24:00Z;930.6;930.4;931.4;930.2;22353;
0da66728-6c30-44c4-9264-df8fac2467ee;2024-12-26T08:25:00Z;930.4;931;931;930;11669;
0da66728-6c30-44c4-9264-df8fac2467ee;2024-12-26T08:26:00Z;930.8;929.6;930.8;927.8;14252;
0da66728-6c30-44c4-9264-df8fac2467ee;2024-12-26T08:27:00Z;929.6;929.2;930;929;3438;
0da66728-6c30-44c4-9264-df8fac2467ee;2024-12-26T08:28:00Z;929.6;929;929.8;928.6;6194;
0da66728-6c30-44c4-9264-df8fac2467ee;2024-12-26T08:29:00Z;929.4;929;929.4;928.6;2995;
0da66728-6c30-44c4-9264-df8fac2467ee;2024-12-26T08:30:00Z;929;928.2;929.4;928.2;3660;
0da66728-6c30-44c4-9264-df8fac2467ee;2024-12-26T08:31:00Z;928;927;928.4;926.4;14518;
0da66728-6c30-44c4-9264-df8fac2467ee;2024-12-26T08:32:00Z;926.8;927.8;927.8;926.8;4151;
0da66728-6c30-44c4-9264-df8fac2467ee;2024-12-26T08:33:00Z;927.4;927.2;928;927.2;2642;
0da66728-6c30-44c4-9264-df8fac2467ee;2024-12-26T08:34:00Z;927.4;927.6;927.6;926.8;5403;
0da66728-6c30-44c4-9264-df8fac2467ee;2024-12-26T08:35:00Z;927.6;928.4;928.6;927.4;3719;
0da66728-6c30-44c4-9264-df8fac2467ee;2024-12-26T08:36:00Z;928.4;928.6;929.2;928;2156;
0da66728-6c30-44c4-9264-df8fac2467ee;2024-12-26T08:37:00Z;928.4;928.8;929;928.4;1287;
0da66728-6c30-44c4-9264-df8fac2467ee;2024-12-26T08:38:00Z;928.6;927.6;929;927.6;1087;
0da66728-6c30-44c4-9264-df8fac2467ee;2024-12-26T08:39:00Z;927.6;928.4;929.4;927.4;8799;
0da66728-6c30-44c4-9264-df8fac2467ee;2024-12-26T08:40:00Z;928.4;927.6;929;927.4;7041;
0da66728-6c30-44c4-9264-df8fac2467ee;2024-12-26T08:41:00Z;927.4;927.4;927.8;927.4;3637;
0da66728-6c30-44c4-9264-df8fac2467ee;2024-12-26T08:42:00Z;927.4;927.4;927.6;927.4;2969;
0da66728-6c30-44c4-9264-df8fac2467ee;2024-12-26T08:43:00Z;927.4;926.2;927.6;925.8;29295;
0da66728-6c30-44c4-9264-df8fac2467ee;2024-12-26T08:44:00Z;926.4;925.6;926.4;925.6;4061;
0da66728-6c30-44c4-9264-df8fac2467ee;2024-12-26T08:45:00Z;925.6;923.8;925.8;923.8;33081;
0da66728-6c30-44c4-9264-df8fac2467ee;2024-12-26T08:46:00Z;923.8;924;924.6;923.2;10710;
0da66728-6c30-44c4-9264-df8fac2467ee;2024-12-26T08:47:00Z;923.4;922.2;924;922.2;3680;
0da66728-6c30-44c4-9264-df8fac2467ee;2024-12-26T08:48:00Z;922.2;921.6;922.6;920.6;16202;
0da66728-6c30-44c4-9264-df8fac2467ee;2024-12-26T08:49:00Z;921.6;922;922;921;4987;
0da66728-6c30-44c4-9264-df8fac2467ee;2024-12-26T08:50:00Z;922;921.6;922.8;921.6;3354;
0da66728-6c30-44c4-9264-df8fac2467ee;2024-12-26T08:51:00Z;921.6;921.6;921.8;920.8;3213;
0da66728-6c30-44c4-9264-df8fac2467ee;2024-12-26T08:52:00Z;921.4;922.2;922.4;921;983;
0da66728-6c30-44c4-9264-df8fac2467ee;2024-12-26T08:53:00Z;922.2;923.6;923.8;922.2;5522;
0da66728-6c30-44c4-9264-df8fac2467ee;2024-12-26T08:54:00Z;923.8;924.2;924.6;923.4;1840;
0da66728-6c30-44c4-9264-df8fac2467ee;2024-12-26T08:55:00Z;924;923.8;924.2;923.8;1960;
0da66728-6c30-44c4-9264-df8fac2467ee;2024-12-26T08:56:00Z;924;923.8;924;923.8;1627;
0da66728-6c30-44c4-9264-df8fac2467ee;2024-12-26T08:57:00Z;923.8;924;925;923.8;5461;
0da66728-6c30-44c4-9264-df8fac2467ee;2024-12-26T08:58:00Z;924.2;924.2;924.2;924;4380;
0da66728-6c30-44c4-9264-df8fac2467ee;2024-12-26T08:59:00Z;924;924.6;924.6;923.8;5584;
0da66728-6c30-44c4-9264-df8fac2467ee;2024-12-26T09:00:00Z;924.4;924;924.4;924;283;
0da66728-6c30-44c4-9264-df8fac2467ee;2024-12-26T09:01:00Z;924;923.8;924;923.8;2698;
0da66728-6c30-44c4-9264-df8fac2467ee;2024-12-26T09:02:00Z;923.8;923.8;924;923.8;13091;
0da66728-6c30-44c4-9264-df8fac2467ee;2024-12-26T09:03:00Z;923.8;924.6;924.8;923.8;11811;
0da66728-6c30-44c4-9264-df8fac2467ee;2024-12-26T09:04:00Z;924.8;924.8;924.8;924.4;1098;
0da66728-6c30-44c4-9264-df8fac2467ee;2024-12-26T09:05:00Z;924.4;926.2;926.2;924.4;3853;
0da66728-6c30-44c4-9264-df8fac2467ee;2024-12-26T09:06:00Z;925.6;925.6;926.8;925.2;8710;
0da66728-6c30-44c4-9264-df8fac2467ee;2024-12-26T09:07:00Z;925.6;926.6;926.6;925.6;956;
0da66728-6c30-44c4-9264-df8fac2467ee;2024-12-26T09:08:00Z;926.6;928.2;928.2;926.6;14821;
0da66728-6c30-44c4-9264-df8fac2467ee;2024-12-26T09:09:00Z;928.2;928.6;928.6;928;3546;
0da66728-6c30-44c4-9264-df8fac2467ee;2024-12-26T09:10:00Z;928.6;928;928.8;928;6847;
0da66728-6c30-44c4-9264-df8fac2467ee;2024-12-26T09:11:00Z;928;928;929.2;928;2521;
0da66728-6c30-44c4-9264-df8fac2467ee;2024-12-26T09:12:00Z;928;927.2;928.8;927.2;9490;
0da66728-6c30-44c4-9264-df8fac2467ee;2024-12-26T09:13:00Z;927.2;930;930.6;927;33883;
0da66728-6c30-44c4-9264-df8fac2467ee;2024-12-26T09:14:00Z;930;930.4;930.6;930;4282;
0da66728-6c30-44c4-9264-df8fac2467ee;2024-12-26T09:15:00Z;930.6;930.2;930.6;930;5031;
0da66728-6c30-44c4-9264-df8fac2467ee;2024-12-26T09:16:00Z;930.2;930.4;930.6;930;3730;
0da66728-6c30-44c4-9264-df8fac2467ee;2024-12-26T09:17:00Z;930.4;930.2;930.6;930;3323;
0da66728-6c30-44c4-9264-df8fac2467ee;2024-12-26T09:18:00Z;930.2;930;930.6;930;2916;
0da66728-6c30-44c4-9264-df8fac2467ee;2024-12-26T09:19:00Z;930.2;930;930.4;930;2645;
0da66728-6c30-44c4-9264-df8fac2467ee;2024-12-26T09:20:00Z;930;930;930.2;930;4263;
0da66728-6c30-44c4-9264-df8fac2467ee;2024-12-26T09:21:00Z;930;930;930.2;930;3935;
0da66728-6c30-44c4-9264-df8fac2467ee;2024-12-26T09:22:00Z;930;930;930.2;930;6082;
0da66728-6c30-44c4-9264-df8fac2467ee;2024-12-26T09:23:00Z;930;930.4;930.8;930;6265;
0da66728-6c30-44c4-9264-df8fac2467ee;2024-12-26T09:24:00Z;930.2;930.2;930.4;930;4309;
0da66728-6c30-44c4-9264-df8fac2467ee;2024-12-26T09:25:00Z;930;930;930.2;930;4020;
0da66728-6c30-44c4-9264-df8fac2467ee;2024-12-26T09:26:00Z;930;930;930.6;930;7294;
0da66728-6c30-44c4-9264-df8fac2467ee;2024-12-26T09:27:00Z;930.6;930.6;930.6;930;426;
0da66728-6c30-44c4-9264-df8fac2467ee;2024-12-26T09:28:00Z;930.4;930;930.6;930;1301;
0da66728-6c30-44c4-9264-df8fac2467ee;2024-12-26T09:29:00Z;930;930;930.2;930;6786;
0da66728-6c30-44c4-9264-df8fac2467ee;2024-12-26T09:30:00Z;930;930.2;930.6;930;4774;
0da66728-6c30-44c4-9264-df8fac2467ee;2024-12-26T09:31:00Z;930.2;930;930.4;930;1524;
0da66728-6c30-44c4-9264-df8fac2467ee;2024-12-26T09:32:00Z;930;930.2;930.2;930;1079;
0da66728-6c30-44c4-9264-df8fac2467ee;2024-12-26T09:33:00Z;930;930.4;930.8;930;926;
0da66728-6c30-44c4-9264-df8fac2467ee;2024-12-26T09:34:00Z;930.4;931;931;930.2;15638;
0da66728-6c30-44c4-9264-df8fac2467ee;2024-12-26T09:35:00Z;931;931;931;930.8;2115;
0da66728-6c30-44c4-9264-df8fac2467ee;2024-12-26T09:36:00Z;931;931;931.2;931;2534;
0da66728-6c30-44c4-9264-df8fac2467ee;2024-12-26T09:37:00Z;931.2;931;931.2;931;109;
0da66728-6c30-44c4-9264-df8fac2467ee;2024-12-26T09:38:00Z;931.2;932;932.8;931;8105;
0da66728-6c30-44c4-9264-df8fac2467ee;2024-12-26T09:39:00Z;932.4;931;932.4;930.8;2478;
0da66728-6c30-44c4-9264-df8fac2467ee;2024-12-26T09:40:00Z;931;931.6;931.8;930.8;1528;
0da66728-6c30-44c4-9264-df8fac2467ee;2024-12-26T09:41:00Z;931.6;931.8;931.8;931.4;1490;
0da66728-6c30-44c4-9264-df8fac2467ee;2024-12-26T09:42:00Z;931.8;931.8;931.8;931.6;208;
0da66728-6c30-44c4-9264-df8fac2467ee;2024-12-26T09:43:00Z;931.8;934.2;934.2;931.4;33818;
0da66728-6c30-44c4-9264-df8fac2467ee;2024-12-26T09:44:00Z;934;936.6;937.2;934;44409;
0da66728-6c30-44c4-9264-df8fac2467ee;2024-12-26T09:45:00Z;936.8;935.4;937;935.2;8004;
0da66728-6c30-44c4-9264-df8fac2467ee;2024-12-26T09:46:00Z;935.4;934.4;935.4;934.4;2977;
0da66728-6c30-44c4-9264-df8fac2467ee;2024-12-26T09:47:00Z;934.4;934.4;934.6;934;1194;
0da66728-6c30-44c4-9264-df8fac2467ee;2024-12-26T09:48:00Z;934.6;934.4;935;934.4;1146;
0da66728-6c30-44c4-9264-df8fac2467ee;2024-12-26T09:49:00Z;934.4;933.8;934.4;933.8;1869;
0da66728-6c30-44c4-9264-df8fac2467ee;2024-12-26T09:50:00Z;934.2;933.6;934.4;933.4;4795;
0da66728-6c30-44c4-9264-df8fac2467ee;2024-12-26T09:51:00Z;934;935;935.2;933.8;3335;
0da66728-6c30-44c4-9264-df8fac2467ee;2024-12-26T09:52:00Z;935;935.4;935.8;934.8;3629;
0da66728-6c30-44c4-9264-df8fac2467ee;2024-12-26T09:53:00Z;935.2;934.8;935.4;934.8;3309;
0da66728-6c30-44c4-9264-df8fac2467ee;2024-12-26T09:54:00Z;934.6;935.4;935.4;934.6;1410;
0da66728-6c30-44c4-9264-df8fac2467ee;2024-12-26T09:55:00Z;935.2;935.6;935.8;934.4;2995;
0da66728-6c30-44c4-9264-df8fac2467ee;2024-12-26T09:56:00Z;935.8;934.8;935.8;934.8;5925;
0da66728-6c30-44c4-9264-df8fac2467ee;2024-12-26T09:57:00Z;934.8;934.6;935;934;1788;
0da66728-6c30-44c4-9264-df8fac2467ee;2024-12-26T09:58:00Z;934.8;934.8;935;934.2;2484;
0da66728-6c30-44c4-9264-df8fac2467ee;2024-12-26T09:59:00Z;935;935.2;935.6;934.8;3701;
0da66728-6c30-44c4-9264-df8fac2467ee;2024-12-26T10:00:00Z;935.2;935.2;935.8;935.2;1129;
0da66728-6c30-44c4-9264-df8fac2467ee;2024-12-26T10:01:00Z;935.4;935.6;935.8;934.8;2859;
0da66728-6c30-44c4-9264-df8fac2467ee;2024-12-26T10:02:00Z;935.8;936;936;935.4;2845;
0da66728-6c30-44c4-9264-df8fac2467ee;2024-12-26T10:03:00Z;936;935.4;936;935.4;1780;
0da66728-6c30-44c4-9264-df8fac2467ee;2024-12-26T10:04:00Z;935.4;934;935.6;933.2;12250;
0da66728-6c30-44c4-9264-df8fac2467ee;2024-12-26T10:05:00Z;934;933.2;934;933.2;1217;
0da66728-6c30-44c4-9264-df8fac2467ee;2024-12-26T10:06:00Z;933.4;933.6;934.2;933.4;4226;
0da66728-6c30-44c4-9264-df8fac2467ee;2024-12-26T10:07:00Z;933.6;933.8;934.4;933.6;1223;
0da66728-6c30-44c4-9264-df8fac2467ee;2024-12-26T10:08:00Z;934;933;934.4;933;2845;
0da66728-6c30-44c4-9264-df8fac2467ee;2024-12-26T10:09:00Z;933.2;933.2;933.6;933;338;
0da66728-6c30-44c4-9264-df8fac2467ee;2024-12-26T10:10:00Z;933.2;934.6;934.6;933.2;1975;
0da66728-6c30-44c4-9264-df8fac2467ee;2024-12-26T10:11:00Z;934.4;934.6;935;934;2521;
0da66728-6c30-44c4-9264-df8fac2467ee;2024-12-26T10:12:00Z;934.6;933.8;935;933.8;2778;
0da66728-6c30-44c4-9264-df8fac2467ee;2024-12-26T10:13:00Z;933.8;932.4;933.8;932;12438;
0da66728-6c30-44c4-9264-df8fac2467ee;2024-12-26T10:14:00Z;932.2;932;932.4;932;2643;
0da66728-6c30-44c4-9264-df8fac2467ee;2024-12-26T10:15:00Z;932;931.4;932.2;931.4;4289;
0da66728-6c30-44c4-9264-df8fac2467ee;2024-12-26T10:16:00Z;931.4;931.4;931.6;930.8;8116;
0da66728-6c30-44c4-9264-df8fac2467ee;2024-12-26T10:17:00Z;931.2;931.4;931.8;930.8;6939;
0da66728-6c30-44c4-9264-df8fac2467ee;2024-12-26T10:18:00Z;931.4;931.2;931.6;931;1009;
0da66728-6c30-44c4-9264-df8fac2467ee;2024-12-26T10:19:00Z;931.2;931;931.4;930.8;1377;
0da66728-6c30-44c4-9264-df8fac2467ee;2024-12-26T10:20:00Z;930.8;930.8;931;930.8;2297;
0da66728-6c30-44c4-9264-df8fac2467ee;2024-12-26T10:21:00Z;930.8;930.8;932;930.8;3657;
0da66728-6c30-44c4-9264-df8fac2467ee;2024-12-26T10:22:00Z;930.8;931;931;930.8;1433;
0da66728-6c30-44c4-9264-df8fac2467ee;2024-12-26T10:23:00Z;931;932.2;932.2;930.8;684;
0da66728-6c30-44c4-9264-df8fac2467ee;2024-12-26T10:24:00Z;932;932;933;932;2690;
0da66728-6c30-44c4-9264-df8fac2467ee;2024-12-26T10:25:00Z;931.8;931.2;932.4;931.2;1333;
0da66728-6c30-44c4-9264-df8fac2467ee;2024-12-26T10:26:00Z;931.6;931.8;932;931.4;697;
0da66728-6c30-44c4-9264-df8fac2467ee;2024-12-26T10:27:00Z;931.8;932.2;932.2;931.8;183;
0da66728-6c30-44c4-9264-df8fac2467ee;2024-12-26T10:28:00Z;932.2;932.2;932.8;932;394;
0da66728-6c30-44c4-9264-df8fac2467ee;2024-12-26T10:29:00Z;932.2;931.8;932.2;931.4;548;
0da66728-6c30-44c4-9264-df8fac2467ee;2024-12-26T10:30:00Z;932;931.2;932.2;931.2;362;
0da66728-6c30-44c4-9264-df8fac2467ee;2024-12-26T10:31:00Z;931.6;931;931.6;931;2823;
0da66728-6c30-44c4-9264-df8fac2467ee;2024-12-26T10:32:00Z;931.4;932.2;932.2;931;1158;
0da66728-6c30-44c4-9264-df8fac2467ee;2024-12-26T10:33:00Z;932.2;932.8;933;932;1073;
0da66728-6c30-44c4-9264-df8fac2467ee;2024-12-26T10:34:00Z;932.6;931.4;932.8;931.4;3133;
0da66728-6c30-44c4-9264-df8fac2467ee;2024-12-26T10:35:00Z;931.4;931;931.6;931;3888;
0da66728-6c30-44c4-9264-df8fac2467ee;2024-12-26T10:36:00Z;931;931.4;931.4;931;619;
0da66728-6c30-44c4-9264-df8fac2467ee;2024-12-26T10:37:00Z;931.4;931;931.4;931;555;
0da66728-6c30-44c4-9264-df8fac2467ee;2024-12-26T10:38:00Z;931.4;931;931.4;931;347;
0da66728-6c30-44c4-9264-df8fac2467ee;2024-12-26T10:39:00Z;931.4;931;931.6;931;983;
0da66728-6c30-44c4-9264-df8fac2467ee;2024-12-26T10:40:00Z;931;931;931.4;931;973;
0da66728-6c30-44c4-9264-df8fac2467ee;2024-12-26T10:41:00Z;931.2;931;931.6;931;1281;
0da66728-6c30-44c4-9264-df8fac2467ee;2024-12-26T10:42:00Z;931.4;931.6;931.6;931;456;
0da66728-6c30-44c4-9264-df8fac2467ee;2024-12-26T10:43:00Z;931.2;932.4;932.6;931.2;886;
0da66728-6c30-44c4-9264-df8fac2467ee;2024-12-26T10:44:00Z;932.4;933.8;933.8;932.4;7145;
0da66728-6c30-44c4-9264-df8fac2467ee;2024-12-26T10:45:00Z;933.6;933.6;933.8;933.2;1548;
0da66728-6c30-44c4-9264-df8fac2467ee;2024-12-26T10:46:00Z;933.4;933;933.4;932.6;687;
0da66728-6c30-44c4-9264-df8fac2467ee;2024-12-26T10:47:00Z;933;932.8;933.4;932.8;557;
0da66728-6c30-44c4-9264-df8fac2467ee;2024-12-26T10:48:00Z;933;932.8;933;932.2;879;
0da66728-6c30-44c4-9264-df8fac2467ee;2024-12-26T10:49:00Z;933;932;933;932;2185;
0da66728-6c30-44c4-9264-df8fac2467ee;2024-12-26T10:50:00Z;932;932;932.6;932;1425;
0da66728-6c30-44c4-9264-df8fac2467ee;2024-12-26T10:51:00Z;932;932;932.2;932;1434;
0da66728-6c30-44c4-9264-df8fac2467ee;2024-12-26T10:52:00Z;932.2;931.8;932.2;931.2;1756;
0da66728-6c30-44c4-9264-df8fac2467ee;2024-12-26T10:53:00Z;931.8;931.4;931.8;931.2;523;
0da66728-6c30-44c4-9264-df8fac2467ee;2024-12-26T10:54:00Z;931.2;931.6;931.6;930.8;6201;
0da66728-6c30-44c4-9264-df8fac2467ee;2024-12-26T10:55:00Z;931.4;931;931.6;931;2788;
0da66728-6c30-44c4-9264-df8fac2467ee;2024-12-26T10:56:00Z;931;931;931.2;930.8;2238;
0da66728-6c30-44c4-9264-df8fac2467ee;2024-12-26T10:57:00Z;930.8;931.2;931.6;930;20961;
0da66728-6c30-44c4-9264-df8fac2467ee;2024-12-26T10:58:00Z;931.2;932;932.2;930.8;13342;
0da66728-6c30-44c4-9264-df8fac2467ee;2024-12-26T10:59:00Z;932;933.2;933.4;932;4898;
0da66728-6c30-44c4-9264-df8fac2467ee;2024-12-26T11:00:00Z;933.4;933.6;933.6;933.2;1796;
0da66728-6c30-44c4-9264-df8fac2467ee;2024-12-26T11:01:00Z;933;933;933.4;933;334;
0da66728-6c30-44c4-9264-df8fac2467ee;2024-12-26T11:02:00Z;933;932.8;933.2;932.6;498;
0da66728-6c30-44c4-9264-df8fac2467ee;2024-12-26T11:03:00Z;933.2;932.6;933.2;932.4;687;
0da66728-6c30-44c4-9264-df8fac2467ee;2024-12-26T11:04:00Z;932.4;932.2;932.8;932.2;2545;
0da66728-6c30-44c4-9264-df8fac2467ee;2024-12-26T11:05:00Z;932.2;932;932.6;932;5215;
0da66728-6c30-44c4-9264-df8fac2467ee;2024-12-26T11:06:00Z;932.2;931;932.4;931;4150;
0da66728-6c30-44c4-9264-df8fac2467ee;2024-12-26T11:07:00Z;931;930.8;931.8;930;11943;
0da66728-6c30-44c4-9264-df8fac2467ee;2024-12-26T11:08:00Z;930.4;931;931.4;930.4;2462;
0da66728-6c30-44c4-9264-df8fac2467ee;2024-12-26T11:09:00Z;931;931.4;932;930.4;4159;
0da66728-6c30-44c4-9264-df8fac2467ee;2024-12-26T11:10:00Z;931.8;932.8;932.8;931.6;2496;
0da66728-6c30-44c4-9264-df8fac2467ee;2024-12-26T11:11:00Z;932.8;932.6;933;932.6;2684;
0da66728-6c30-44c4-9264-df8fac2467ee;2024-12-26T11:12:00Z;932.8;932.8;932.8;932.6;2831;
0da66728-6c30-44c4-9264-df8fac2467ee;2024-12-26T11:13:00Z;932.8;932.4;932.8;932;2421;
0da66728-6c30-44c4-9264-df8fac2467ee;2024-12-26T11:14:00Z;932.6;932.6;932.8;932.2;876;
0da66728-6c30-44c4-9264-df8fac2467ee;2024-12-26T11:15:00Z;932.6;932.6;932.6;932;1571;
0da66728-6c30-44c4-9264-df8fac2467ee;2024-12-26T11:16:00Z;932.6;932.6;933;932.4;2840;
0da66728-6c30-44c4-9264-df8fac2467ee;2024-12-26T11:17:00Z;933;933;933;932.6;2583;
0da66728-6c30-44c4-9264-df8fac2467ee;2024-12-26T11:18:00Z;933;932.6;933;932.6;2654;
0da66728-6c30-44c4-9264-df8fac2467ee;2024-12-26T11:19:00Z;932.8;932.4;932.8;932.2;271;
0da66728-6c30-44c4-9264-df8fac2467ee;2024-12-26T11:20:00Z;932.6;932.4;932.6;932.2;3501;
0da66728-6c30-44c4-9264-df8fac2467ee;2024-12-26T11:21:00Z;932.4;932.8;932.8;932.2;556;
0da66728-6c30-44c4-9264-df8fac2467ee;2024-12-26T11:22:00Z;932.4;932.4;933;932.2;2044;
0da66728-6c30-44c4-9264-df8fac2467ee;2024-12-26T11:23:00Z;932.8;932.4;933;932.2;1778;
0da66728-6c30-44c4-9264-df8fac2467ee;2024-12-26T11:24:00Z;932.4;932.2;932.6;931.8;964;
0da66728-6c30-44c4-9264-df8fac2467ee;2024-12-26T11:25:00Z;932.2;931;932.4;931;2312;
0da66728-6c30-44c4-9264-df8fac2467ee;2024-12-26T11:26:00Z;931;931.8;932.4;930.6;4503;
0da66728-6c30-44c4-9264-df8fac2467ee;2024-12-26T11:27:00Z;931.8;932.4;932.4;931.2;2825;
0da66728-6c30-44c4-9264-df8fac2467ee;2024-12-26T11:28:00Z;932.4;933;933;932.4;3133;
0da66728-6c30-44c4-9264-df8fac2467ee;2024-12-26T11:29:00Z;933;932.6;933;932.6;2902;
0da66728-6c30-44c4-9264-df8fac2467ee;2024-12-26T11:30:00Z;932.6;932.6;933;932.4;3455;
0da66728-6c30-44c4-9264-df8fac2467ee;2024-12-26T11:31:00Z;932.6;932.6;932.6;932.4;4946;
0da66728-6c30-44c4-9264-df8fac2467ee;2024-12-26T11:32:00Z;932.6;932.4;933;931;15404;
0da66728-6c30-44c4-9264-df8fac2467ee;2024-12-26T11:33:00Z;932;931.8;932.8;931.6;2112;
0da66728-6c30-44c4-9264-df8fac2467ee;2024-12-26T11:34:00Z;931.8;931;931.8;930.6;1617;
0da66728-6c30-44c4-9264-df8fac2467ee;2024-12-26T11:35:00Z;931.4;931;931.8;930.6;5772;
0da66728-6c30-44c4-9264-df8fac2467ee;2024-12-26T11:36:00Z;930.6;930.2;931.2;930.2;4775;
0da66728-6c30-44c4-9264-df8fac2467ee;2024-12-26T11:37:00Z;930.4;930.6;931;930.2;6244;
0da66728-6c30-44c4-9264-df8fac2467ee;2024-12-26T11:38:00Z;930.4;930;930.8;930;4617;
0da66728-6c30-44c4-9264-df8fac2467ee;2024-12-26T11:39:00Z;930;930.8;931;930;1428;
0da66728-6c30-44c4-9264-df8fac2467ee;2024-12-26T11:40:00Z;930.8;930.8;931.2;930.4;3291;
0da66728-6c30-44c4-9264-df8fac2467ee;2024-12-26T11:41:00Z;930.8;931.2;931.2;930.8;968;
0da66728-6c30-44c4-9264-df8fac2467ee;2024-12-26T11:42:00Z;931;931.2;931.2;931;1133;
0da66728-6c30-44c4-9264-df8fac2467ee;2024-12-26T11:43:00Z;931.2;931.2;931.2;930.8;500;
0da66728-6c30-44c4-9264-df8fac2467ee;2024-12-26T11:44:00Z;931.2;930.8;931.2;930.4;902;
0da66728-6c30-44c4-9264-df8fac2467ee;2024-12-26T11:45:00Z;930.8;931;931.6;930.4;3150;
0da66728-6c30-44c4-9264-df8fac2467ee;2024-12-26T11:46:00Z;930.8;932.8;932.8;930.8;3590;
0da66728-6c30-44c4-9264-df8fac2467ee;2024-12-26T11:47:00Z;932.8;933;933;932.4;6217;
0da66728-6c30-44c4-9264-df8fac2467ee;2024-12-26T11:48:00Z;932.6;932.4;933;932.4;1067;
0da66728-6c30-44c4-9264-df8fac2467ee;2024-12-26T11:49:00Z;932.8;931.2;933;931.2;9915;
0da66728-6c30-44c4-9264-df8fac2467ee;2024-12-26T11:50:00Z;931.4;932;932.8;931.4;3229;
0da66728-6c30-44c4-9264-df8fac2467ee;2024-12-26T11:51:00Z;932;931.8;932.2;931.2;1858;
0da66728-6c30-44c4-9264-df8fac2467ee;2024-12-26T11:52:00Z;931.8;932;932.2;931.8;625;
0da66728-6c30-44c4-9264-df8fac2467ee;2024-12-26T11:53:00Z;932.4;932.2;932.6;932;614;
0da66728-6c30-44c4-9264-df8fac2467ee;2024-12-26T11:54:00Z;932;932.6;932.6;932;915;
0da66728-6c30-44c4-9264-df8fac2467ee;2024-12-26T11:55:00Z;932.2;932.6;932.8;932;530;
0da66728-6c30-44c4-9264-df8fac2467ee;2024-12-26T11:56:00Z;932.8;932.4;932.8;932.2;782;
0da66728-6c30-44c4-9264-df8fac2467ee;2024-12-26T11:57:00Z;932.2;932.8;932.8;932.2;2116;
0da66728-6c30-44c4-9264-df8fac2467ee;2024-12-26T11:58:00Z;932.8;932.6;932.8;932.4;1463;
0da66728-6c30-44c4-9264-df8fac2467ee;2024-12-26T11:59:00Z;932.6;933;933.2;932.6;1123;
0da66728-6c30-44c4-9264-df8fac2467ee;2024-12-26T12:00:00Z;933;934;934;932.6;8619;
0da66728-6c30-44c4-9264-df8fac2467ee;2024-12-26T12:01:00Z;934;934.6;934.6;933.8;8613;
0da66728-6c30-44c4-9264-df8fac2467ee;2024-12-26T12:02:00Z;934.6;935;935;934.6;7838;
0da66728-6c30-44c4-9264-df8fac2467ee;2024-12-26T12:03:00Z;935;934;935;934;2238;
0da66728-6c30-44c4-9264-df8fac2467ee;2024-12-26T12:04:00Z;934;934.8;934.8;934;10460;
0da66728-6c30-44c4-9264-df8fac2467ee;2024-12-26T12:05:00Z;934.6;934;934.8;934;1842;
0da66728-6c30-44c4-9264-df8fac2467ee;2024-12-26T12:06:00Z;934.4;934.2;934.4;934;2658;
0da66728-6c30-44c4-9264-df8fac2467ee;2024-12-26T12:07:00Z;934.4;934;934.6;934;3266;
0da66728-6c30-44c4-9264-df8fac2467ee;2024-12-26T12:08:00Z;934.4;934;934.6;934;3046;
0da66728-6c30-44c4-9264-df8fac2467ee;2024-12-26T12:09:00Z;934.2;934.4;934.4;934;5772;
0da66728-6c30-44c4-9264-df8fac2467ee;2024-12-26T12:10:00Z;934.4;934.6;934.6;934.4;2365;
0da66728-6c30-44c4-9264-df8fac2467ee;2024-12-26T12:11:00Z;934.6;934.8;935;934.4;2405;
0da66728-6c30-44c4-9264-df8fac2467ee;2024-12-26T12:12:00Z;935;936;936;934.8;23213;
0da66728-6c30-44c4-9264-df8fac2467ee;2024-12-26T12:13:00Z;936;937;937.6;935.4;21230;
0da66728-6c30-44c4-9264-df8fac2467ee;2024-12-26T12:14:00Z;937;937.4;937.6;937;6205;
0da66728-6c30-44c4-9264-df8fac2467ee;2024-12-26T12:15:00Z;937.2;937.6;938;937;20010;
0da66728-6c30-44c4-9264-df8fac2467ee;2024-12-26T12:16:00Z;937.4;934.8;937.4;934.8;7969;
0da66728-6c30-44c4-9264-df8fac2467ee;2024-12-26T12:17:00Z;936;937;937;935.8;16506;
0da66728-6c30-44c4-9264-df8fac2467ee;2024-12-26T12:18:00Z;936.8;936.8;936.8;936.2;3689;
0da66728-6c30-44c4-9264-df8fac2467ee;2024-12-26T12:19:00Z;936.8;937.8;938;936.4;15148;
0da66728-6c30-44c4-9264-df8fac2467ee;2024-12-26T12:20:00Z;937.8;938.8;938.8;937.6;16444;
0da66728-6c30-44c4-9264-df8fac2467ee;2024-12-26T12:21:00Z;938.8;939.8;939.8;938.6;19947;
0da66728-6c30-44c4-9264-df8fac2467ee;2024-12-26T12:22:00Z;939.8;940;940;939.4;9347;
0da66728-6c30-44c4-9264-df8fac2467ee;2024-12-26T12:23:00Z;939.6;941;941.2;939.4;11783;
0da66728-6c30-44c4-9264-df8fac2467ee;2024-12-26T12:24:00Z;941.2;942.2;942.6;939.8;20717;
0da66728-6c30-44c4-9264-df8fac2467ee;2024-12-26T12:25:00Z;942.2;942.4;943.2;942;11055;
0da66728-6c30-44c4-9264-df8fac2467ee;2024-12-26T12:26:00Z;942.4;943.6;943.6;941.8;8129;
0da66728-6c30-44c4-9264-df8fac2467ee;2024-12-26T12:27:00Z;943.6;941.4;943.6;941;16110;
0da66728-6c30-44c4-9264-df8fac2467ee;2024-12-26T12:28:00Z;941.8;942.4;942.6;939.8;20623;
0da66728-6c30-44c4-9264-df8fac2467ee;2024-12-26T12:29:00Z;942.8;942.8;943.2;941.6;7952;
0da66728-6c30-44c4-9264-df8fac2467ee;2024-12-26T12:30:00Z;943.2;944.2;945;943;30689;
0da66728-6c30-44c4-9264-df8fac2467ee;2024-12-26T12:31:00Z;944.6;946.6;946.8;944.6;19845;
0da66728-6c30-44c4-9264-df8fac2467ee;2024-12-26T12:32:00Z;946.4;946.6;947;945.4;10446;
0da66728-6c30-44c4-9264-df8fac2467ee;2024-12-26T12:33:00Z;946.6;946.6;947;946;6676;
0da66728-6c30-44c4-9264-df8fac2467ee;2024-12-26T12:34:00Z;946.8;946.8;947.8;946.2;10351;
0da66728-6c30-44c4-9264-df8fac2467ee;2024-12-26T12:35:00Z;946.8;947.8;948;946.8;4808;
0da66728-6c30-44c4-9264-df8fac2467ee;2024-12-26T12:36:00Z;947.8;947;948.4;947;8473;
0da66728-6c30-44c4-9264-df8fac2467ee;2024-12-26T12:37:00Z;947;947.4;948;946.4;9886;
0da66728-6c30-44c4-9264-df8fac2467ee;2024-12-26T12:38:00Z;947.4;949;949;947.4;33083;
0da66728-6c30-44c4-9264-df8fac2467ee;2024-12-26T12:39:00Z;949;949;949.6;948;19214;
0da66728-6c30-44c4-9264-df8fac2467ee;2024-12-26T12:40:00Z;949;949.8;950;948.6;18046;
0da66728-6c30-44c4-9264-df8fac2467ee;2024-12-26T12:41:00Z;949.6;951.6;952.4;949.4;54216;
0da66728-6c30-44c4-9264-df8fac2467ee;2024-12-26T12:42:00Z;951.2;951.4;951.8;950.8;17034;
0da66728-6c30-44c4-9264-df8fac2467ee;2024-12-26T12:43:00Z;951.4;952.6;952.8;950.6;23548;
0da66728-6c30-44c4-9264-df8fac2467ee;2024-12-26T12:44:00Z;952.6;954.6;955;952.6;46646;
0da66728-6c30-44c4-9264-df8fac2467ee;2024-12-26T12:45:00Z;954.6;952.8;956;952;54725;
0da66728-6c30-44c4-9264-df8fac2467ee;2024-12-26T12:46:00Z;952.8;953;953.4;951.4;37735;
0da66728-6c30-44c4-9264-df8fac2467ee;2024-12-26T12:47:00Z;953;951;953;950.6;18368;
0da66728-6c30-44c4-9264-df8fac2467ee;2024-12-26T12:48:00Z;951.2;951.2;952.6;950.6;15242;
0da66728-6c30-44c4-9264-df8fac2467ee;2024-12-26T12:49:00Z;951.2;951.6;952;951.2;8180;
0da66728-6c30-44c4-9264-df8fac2467ee;2024-12-26T12:50:00Z;951.6;953;953;951.4;12777;
0da66728-6c30-44c4-9264-df8fac2467ee;2024-12-26T12:51:00Z;952.8;953.4;953.8;952.8;8395;
0da66728-6c30-44c4-9264-df8fac2467ee;2024-12-26T12:52:00Z;953.4;953.2;953.6;953;5918;
0da66728-6c30-44c4-9264-df8fac2467ee;2024-12-26T12:53:00Z;953.4;953.4;954.6;952.8;18576;
0da66728-6c30-44c4-9264-df8fac2467ee;2024-12-26T12:54:00Z;953.2;954;954;952;20677;
0da66728-6c30-44c4-9264-df8fac2467ee;2024-12-26T12:55:00Z;953.8;955.2;955.8;953.6;13696;
0da66728-6c30-44c4-9264-df8fac2467ee;2024-12-26T12:56:00Z;955;953.8;955.2;953.8;4342;
0da66728-6c30-44c4-9264-df8fac2467ee;2024-12-26T12:57:00Z;953.8;954;954.2;953.4;6889;
0da66728-6c30-44c4-9264-df8fac2467ee;2024-12-26T12:58:00Z;953.6;953.6;954;953;14175;
0da66728-6c30-44c4-9264-df8fac2467ee;2024-12-26T12:59:00Z;953.2;953;954;953;8291;
0da66728-6c30-44c4-9264-df8fac2467ee;2024-12-26T13:00:00Z;953.2;953;953.6;953;6997;
0da66728-6c30-44c4-9264-df8fac2467ee;2024-12-26T13:01:00Z;953.2;953.2;953.6;953;5859;
0da66728-6c30-44c4-9264-df8fac2467ee;2024-12-26T13:02:00Z;953;954;954;953;16041;
0da66728-6c30-44c4-9264-df8fac2467ee;2024-12-26T13:03:00Z;954;953.8;954.8;953.6;6102;
0da66728-6c30-44c4-9264-df8fac2467ee;2024-12-26T13:04:00Z;954;954.2;954.4;953.8;1741;
0da66728-6c30-44c4-9264-df8fac2467ee;2024-12-26T13:05:00Z;954.2;954.2;954.6;954.2;2481;
0da66728-6c30-44c4-9264-df8fac2467ee;2024-12-26T13:06:00Z;954.4;953.4;954.4;953;17451;
0da66728-6c30-44c4-9264-df8fac2467ee;2024-12-26T13:07:00Z;953.8;954.8;954.8;953.6;15376;
0da66728-6c30-44c4-9264-df8fac2467ee;2024-12-26T13:08:00Z;954.8;955.6;955.6;954.8;10067;
0da66728-6c30-44c4-9264-df8fac2467ee;2024-12-26T13:09:00Z;955.2;957.6;958.6;954.8;45812;
0da66728-6c30-44c4-9264-df8fac2467ee;2024-12-26T13:10:00Z;957.8;957;957.8;956.2;8030;
0da66728-6c30-44c4-9264-df8fac2467ee;2024-12-26T13:11:00Z;957;954;957;953.4;37978;
0da66728-6c30-44c4-9264-df8fac2467ee;2024-12-26T13:12:00Z;954;953.6;954.4;953.4;8943;
0da66728-6c30-44c4-9264-df8fac2467ee;2024-12-26T13:13:00Z;953.4;954.4;954.4;953.4;5378;
0da66728-6c30-44c4-9264-df8fac2467ee;2024-12-26T13:14:00Z;954.4;954;954.4;953.8;3881;
0da66728-6c30-44c4-9264-df8fac2467ee;2024-12-26T13:15:00Z;953.8;954.6;954.6;953.8;4752;
0da66728-6c30-44c4-9264-df8fac2467ee;2024-12-26T13:16:00Z;954.6;957;957;954.6;12873;
0da66728-6c30-44c4-9264-df8fac2467ee;2024-12-26T13:17:00Z;956.4;956;957;956;4570;
0da66728-6c30-44c4-9264-df8fac2467ee;2024-12-26T13:18:00Z;956.2;956;956.4;956;769;
0da66728-6c30-44c4-9264-df8fac2467ee;2024-12-26T13:19:00Z;956.2;955;956.2;954.2;10596;
0da66728-6c30-44c4-9264-df8fac2467ee;2024-12-26T13:20:00Z;954.6;955.8;956;954.2;4279;
0da66728-6c30-44c4-9264-df8fac2467ee;2024-12-26T13:21:00Z;955.8;955.8;956;954;8551;
0da66728-6c30-44c4-9264-df8fac2467ee;2024-12-26T13:22:00Z;955.6;955.2;956;955;1004;
0da66728-6c30-44c4-9264-df8fac2467ee;2024-12-26T13:23:00Z;955.2;954.6;955.6;954.6;3707;
0da66728-6c30-44c4-9264-df8fac2467ee;2024-12-26T13:24:00Z;954.6;954.6;955;954.6;2994;
0da66728-6c30-44c4-9264-df8fac2467ee;2024-12-26T13:25:00Z;954.6;953.6;955;953.4;19160;
0da66728-6c30-44c4-9264-df8fac2467ee;2024-12-26T13:26:00Z;953.6;953.4;954;953.4;9208;
0da66728-6c30-44c4-9264-df8fac2467ee;2024-12-26T13:27:00Z;953.6;953;954;952.2;27045;
0da66728-6c30-44c4-9264-df8fac2467ee;2024-12-26T13:28:00Z;953;953;953.8;952.4;4186;
0da66728-6c30-44c4-9264-df8fac2467ee;2024-12-26T13:29:00Z;953;953;953.6;952.6;4912;
0da66728-6c30-44c4-9264-df8fac2467ee;2024-12-26T13:30:00Z;953;953.8;953.8;952.4;7312;
0da66728-6c30-44c4-9264-df8fac2467ee;2024-12-26T13:31:00Z;953;954;954;952.8;4841;
0da66728-6c30-44c4-9264-df8fac2467ee;2024-12-26T13:32:00Z;954;954;954;953.6;2391;
0da66728-6c30-44c4-9264-df8fac2467ee;2024-12-26T13:33:00Z;953.6;954.2;954.2;953.6;2235;
0da66728-6c30-44c4-9264-df8fac2467ee;2024-12-26T13:34:00Z;954.2;953.8;954.6;953.6;7505;
0da66728-6c30-44c4-9264-df8fac2467ee;2024-12-26T13:35:00Z;953.8;954.2;955;953.6;13388;
0da66728-6c30-44c4-9264-df8fac2467ee;2024-12-26T13:36:00Z;954.6;954.8;955;954.2;1238;
0da66728-6c30-44c4-9264-df8fac2467ee;2024-12-26T13:37:00Z;954.8;954.4;954.8;954.2;307;
0da66728-6c30-44c4-9264-df8fac2467ee;2024-12-26T13:38:00Z;954.2;954.6;954.8;954.2;1085;
0da66728-6c30-44c4-9264-df8fac2467ee;2024-12-26T13:39:00Z;954.6;954.2;954.6;954;3845;
0da66728-6c30-44c4-9264-df8fac2467ee;2024-12-26T13:40:00Z;954;954;954.2;954;1955;
0da66728-6c30-44c4-9264-df8fac2467ee;2024-12-26T13:41:00Z;954.2;954.2;954.2;954;3465;
0da66728-6c30-44c4-9264-df8fac2467ee;2024-12-26T13:42:00Z;954;954.2;954.2;954;1990;
0da66728-6c30-44c4-9264-df8fac2467ee;2024-12-26T13:43:00Z;954;954;954.6;954;3798;
0da66728-6c30-44c4-9264-df8fac2467ee;2024-12-26T13:44:00Z;954.4;954.2;954.4;954;6992;
0da66728-6c30-44c4-9264-df8fac2467ee;2024-12-26T13:45:00Z;954;953.6;954.2;953.6;12438;
0da66728-6c30-44c4-9264-df8fac2467ee;2024-12-26T13:46:00Z;954;954.4;954.4;953.6;7457;
0da66728-6c30-44c4-9264-df8fac2467ee;2024-12-26T13:47:00Z;954.2;954;954.4;953.6;2478;
0da66728-6c30-44c4-9264-df8fac2467ee;2024-12-26T13:48:00Z;954;954;954.2;953.8;878;
0da66728-6c30-44c4-9264-df8fac2467ee;2024-12-26T13:49:00Z;954;953.8;954.2;953.8;2052;
0da66728-6c30-44c4-9264-df8fac2467ee;2024-12-26T13:50:00Z;953.8;953.6;953.8;953.6;5509;
0da66728-6c30-44c4-9264-df8fac2467ee;2024-12-26T13:51:00Z;953.8;953.8;954;953.6;3950;
0da66728-6c30-44c4-9264-df8fac2467ee;2024-12-26T13:52:00Z;953.6;953.8;953.8;953.6;1369;
0da66728-6c30-44c4-9264-df8fac2467ee;2024-12-26T13:53:00Z;953.6;954.2;954.2;953.6;17762;
0da66728-6c30-44c4-9264-df8fac2467ee;2024-12-26T13:54:00Z;954;954.4;954.6;954;5641;
0da66728-6c30-44c4-9264-df8fac2467ee;2024-12-26T13:55:00Z;954.4;954;954.4;954;623;
0da66728-6c30-44c4-9264-df8fac2467ee;2024-12-26T13:56:00Z;954;954;954.4;954;3008;
0da66728-6c30-44c4-9264-df8fac2467ee;2024-12-26T13:57:00Z;954.2;954.2;954.4;954;2009;
0da66728-6c30-44c4-9264-df8fac2467ee;2024-12-26T13:58:00Z;954.2;954;954.4;954;4021;
0da66728-6c30-44c4-9264-df8fac2467ee;2024-12-26T13:59:00Z;954;954.4;954.4;954;3411;
0da66728-6c30-44c4-9264-df8fac2467ee;2024-12-26T14:00:00Z;954.4;954;954.4;954;4038;
0da66728-6c30-44c4-9264-df8fac2467ee;2024-12-26T14:01:00Z;954.2;954.4;954.4;954;2223;
0da66728-6c30-44c4-9264-df8fac2467ee;2024-12-26T14:02:00Z;954.4;954.4;954.4;954;1135;
0da66728-6c30-44c4-9264-df8fac2467ee;2024-12-26T14:03:00Z;954.2;954;954.4;954;6119;
0da66728-6c30-44c4-9264-df8fac2467ee;2024-12-26T14:04:00Z;954;954;954.2;953.8;3986;
0da66728-6c30-44c4-9264-df8fac2467ee;2024-12-26T14:05:00Z;954;954;954;953.6;1398;
0da66728-6c30-44c4-9264-df8fac2467ee;2024-12-26T14:06:00Z;953.6;954.2;954.4;953.6;13957;
0da66728-6c30-44c4-9264-df8fac2467ee;2024-12-26T14:07:00Z;954.2;952;954.4;951.6;59313;
0da66728-6c30-44c4-9264-df8fac2467ee;2024-12-26T14:08:00Z;951.8;953.2;953.8;951;26299;
0da66728-6c30-44c4-9264-df8fac2467ee;2024-12-26T14:09:00Z;952.8;951.4;953;951.4;3476;
0da66728-6c30-44c4-9264-df8fac2467ee;2024-12-26T14:10:00Z;952;951.6;952.2;951.2;2296;
0da66728-6c30-44c4-9264-df8fac2467ee;2024-12-26T14:11:00Z;951.4;952.6;952.6;951.2;10744;
0da66728-6c30-44c4-9264-df8fac2467ee;2024-12-26T14:12:00Z;952.6;952.2;952.8;952;1040;
0da66728-6c30-44c4-9264-df8fac2467ee;2024-12-26T14:13:00Z;952.6;952.6;952.6;952.2;1900;
0da66728-6c30-44c4-9264-df8fac2467ee;2024-12-26T14:14:00Z;952.6;952;952.8;952;3413;
0da66728-6c30-44c4-9264-df8fac2467ee;2024-12-26T14:15:00Z;952;952.2;952.4;952;1597;
0da66728-6c30-44c4-9264-df8fac2467ee;2024-12-26T14:16:00Z;952;952.2;952.2;952;2120;
0da66728-6c30-44c4-9264-df8fac2467ee;2024-12-26T14:17:00Z;952.2;951;952.2;951;3255;
0da66728-6c30-44c4-9264-df8fac2467ee;2024-12-26T14:18:00Z;951.4;951.2;951.6;951;3392;
0da66728-6c30-44c4-9264-df8fac2467ee;2024-12-26T14:19:00Z;951.2;951.6;951.6;951;4746;
0da66728-6c30-44c4-9264-df8fac2467ee;2024-12-26T14:20:00Z;951.4;952.4;952.8;951.4;8306;
0da66728-6c30-44c4-9264-df8fac2467ee;2024-12-26T14:21:00Z;952.4;952.6;952.8;952.4;968;
0da66728-6c30-44c4-9264-df8fac2467ee;2024-12-26T14:22:00Z;952.4;952.6;952.6;952.4;1835;
0da66728-6c30-44c4-9264-df8fac2467ee;2024-12-26T14:23:00Z;952.4;952.8;952.8;952.4;1317;
0da66728-6c30-44c4-9264-df8fac2467ee;2024-12-26T14:24:00Z;952.8;953;953;952.6;508;
0da66728-6c30-44c4-9264-df8fac2467ee;2024-12-26T14:25:00Z;953;952.4;953;951;23641;
0da66728-6c30-44c4-9264-df8fac2467ee;2024-12-26T14:26:00Z;952.2;951.4;952.6;951.4;1927;
0da66728-6c30-44c4-9264-df8fac2467ee;2024-12-26T14:27:00Z;951.6;951.8;951.8;950.8;17129;
0da66728-6c30-44c4-9264-df8fac2467ee;2024-12-26T14:28:00Z;951.8;951.2;951.8;950.8;2450;
0da66728-6c30-44c4-9264-df8fac2467ee;2024-12-26T14:29:00Z;950.8;951.2;951.2;950.6;4477;
0da66728-6c30-44c4-9264-df8fac2467ee;2024-12-26T14:30:00Z;950.8;950.4;951.2;950.2;3926;
0da66728-6c30-44c4-9264-df8fac2467ee;2024-12-26T14:31:00Z;950.6;950.4;951.2;950.2;3698;
0da66728-6c30-44c4-9264-df8fac2467ee;2024-12-26T14:32:00Z;950.6;950.2;950.8;950.2;3945;
0da66728-6c30-44c4-9264-df8fac2467ee;2024-12-26T14:33:00Z;950.2;950.8;950.8;950.2;8095;
0da66728-6c30-44c4-9264-df8fac2467ee;2024-12-26T14:34:00Z;950.4;951;951;950.2;7990;
0da66728-6c30-44c4-9264-df8fac2467ee;2024-12-26T14:35:00Z;950.8;950.8;951;950.2;7757;
0da66728-6c30-44c4-9264-df8fac2467ee;2024-12-26T14:36:00Z;950.6;950.6;950.6;950.4;295;
0da66728-6c30-44c4-9264-df8fac2467ee;2024-12-26T14:37:00Z;950.6;951.4;951.4;950.6;6430;
0da66728-6c30-44c4-9264-df8fac2467ee;2024-12-26T14:38:00Z;951.4;950.8;951.8;950.8;2906;
0da66728-6c30-44c4-9264-df8fac2467ee;2024-12-26T14:39:00Z;950.8;951.4;951.4;950.8;1608;
0da66728-6c30-44c4-9264-df8fac2467ee;2024-12-26T14:40:00Z;951.4;951.8;952;951.4;2143;
0da66728-6c30-44c4-9264-df8fac2467ee;2024-12-26T14:41:00Z;951.8;953;953;951.6;6757;
0da66728-6c30-44c4-9264-df8fac2467ee;2024-12-26T14:42:00Z;953;954.2;954.4;952.6;10655;
0da66728-6c30-44c4-9264-df8fac2467ee;2024-12-26T14:43:00Z;954.2;954.2;954.4;954.2;3188;
0da66728-6c30-44c4-9264-df8fac2467ee;2024-12-26T14:44:00Z;954;954.2;954.2;953.8;1022;
0da66728-6c30-44c4-9264-df8fac2467ee;2024-12-26T14:45:00Z;953.8;954;954.2;953.8;1068;
0da66728-6c30-44c4-9264-df8fac2467ee;2024-12-26T14:46:00Z;953.8;954.8;955;953.8;7898;
0da66728-6c30-44c4-9264-df8fac2467ee;2024-12-26T14:47:00Z;954.6;955;955;954.6;3908;
0da66728-6c30-44c4-9264-df8fac2467ee;2024-12-26T14:48:00Z;955;954.8;955;954.6;2116;
0da66728-6c30-44c4-9264-df8fac2467ee;2024-12-26T14:49:00Z;954.6;954.8;955;954.6;690;
0da66728-6c30-44c4-9264-df8fac2467ee;2024-12-26T14:50:00Z;954.6;955;955;954.6;1520;
0da66728-6c30-44c4-9264-df8fac2467ee;2024-12-26T14:51:00Z;954.8;954.8;955;954.4;860;
0da66728-6c30-44c4-9264-df8fac2467ee;2024-12-26T14:52:00Z;954.8;954.4;954.8;954.2;808;
0da66728-6c30-44c4-9264-df8fac2467ee;2024-12-26T14:53:00Z;954.4;954;954.4;953.8;366;
0da66728-6c30-44c4-9264-df8fac2467ee;2024-12-26T14:54:00Z;953.8;953.8;954.2;953.6;304;
0da66728-6c30-44c4-9264-df8fac2467ee;2024-12-26T14:55:00Z;954;953.8;954;953.8;589;
0da66728-6c30-44c4-9264-df8fac2467ee;2024-12-26T14:56:00Z;953.8;954.2;954.2;953.6;206;
0da66728-6c30-44c4-9264-df8fac2467ee;2024-12-26T14:57:00Z;954;954;954.2;953.6;216;
0da66728-6c30-44c4-9264-df8fac2467ee;2024-12-26T14:58:00Z;954;954;954;953.8;277;
0da66728-6c30-44c4-9264-df8fac2467ee;2024-12-26T14:59:00Z;954;953.6;954;953.6;228;
0da66728-6c30-44c4-9264-df8fac2467ee;2024-12-26T15:00:00Z;953.6;952;954.2;950.6;30991;
0da66728-6c30-44c4-9264-df8fac2467ee;2024-12-26T15:01:00Z;952;952;952.4;951.6;491;
0da66728-6c30-44c4-9264-df8fac2467ee;2024-12-26T15:02:00Z;952;950.8;952;950.8;3825;
0da66728-6c30-44c4-9264-df8fac2467ee;2024-12-26T15:03:00Z;951;951.8;951.8;950.8;4822;
0da66728-6c30-44c4-9264-df8fac2467ee;2024-12-26T15:04:00Z;951;951.8;951.8;951;1065;
0da66728-6c30-44c4-9264-df8fac2467ee;2024-12-26T15:05:00Z;951.6;951.8;951.8;951.2;500;
0da66728-6c30-44c4-9264-df8fac2467ee;2024-12-26T15:06:00Z;951.8;953;953;951.6;1509;
0da66728-6c30-44c4-9264-df8fac2467ee;2024-12-26T15:07:00Z;952.6;952.4;953;952.2;292;
0da66728-6c30-44c4-9264-df8fac2467ee;2024-12-26T15:08:00Z;952.4;952.4;952.4;952.2;514;
0da66728-6c30-44c4-9264-df8fac2467ee;2024-12-26T15:09:00Z;952.2;953;953;952.2;1107;
0da66728-6c30-44c4-9264-df8fac2467ee;2024-12-26T15:10:00Z;953;952.8;953;952.8;722;
0da66728-6c30-44c4-9264-df8fac2467ee;2024-12-26T15:11:00Z;953;952.8;953;952.8;644;
0da66728-6c30-44c4-9264-df8fac2467ee;2024-12-26T15:12:00Z;953;953;953;952.8;1337;
0da66728-6c30-44c4-9264-df8fac2467ee;2024-12-26T15:13:00Z;953;953.2;953.2;952.6;836;
0da66728-6c30-44c4-9264-df8fac2467ee;2024-12-26T15:14:00Z;952.8;952.6;953;952;3249;
0da66728-6c30-44c4-9264-df8fac2467ee;2024-12-26T15:15:00Z;952.6;953.2;953.2;952.2;316;
0da66728-6c30-44c4-9264-df8fac2467ee;2024-12-26T15:16:00Z;953.2;953.2;953.2;953;324;
0da66728-6c30-44c4-9264-df8fac2467ee;2024-12-26T15:17:00Z;953;952.8;953;952.6;218;
0da66728-6c30-44c4-9264-df8fac2467ee;2024-12-26T15:18:00Z;952.6;951.8;952.8;951;7507;
0da66728-6c30-44c4-9264-df8fac2467ee;2024-12-26T15:19:00Z;951.8;951.4;951.8;951.4;804;
0da66728-6c30-44c4-9264-df8fac2467ee;2024-12-26T15:20:00Z;951.8;951.8;951.8;951;4714;
0da66728-6c30-44c4-9264-df8fac2467ee;2024-12-26T15:21:00Z;951.6;952;952;951.6;145;
0da66728-6c30-44c4-9264-df8fac2467ee;2024-12-26T15:22:00Z;951.8;952;952;951.6;203;
0da66728-6c30-44c4-9264-df8fac2467ee;2024-12-26T15:23:00Z;951.6;951.8;952;951.6;1285;
0da66728-6c30-44c4-9264-df8fac2467ee;2024-12-26T15:24:00Z;951.8;952.2;952.2;951.6;2754;
0da66728-6c30-44c4-9264-df8fac2467ee;2024-12-26T15:25:00Z;952;952.6;952.8;952;4354;
0da66728-6c30-44c4-9264-df8fac2467ee;2024-12-26T15:26:00Z;952.6;953;953.4;952.6;5384;
0da66728-6c30-44c4-9264-df8fac2467ee;2024-12-26T15:27:00Z;952.8;952.6;953.6;952.6;2043;
0da66728-6c30-44c4-9264-df8fac2467ee;2024-12-26T15:28:00Z;952.6;952.6;953;952.6;2625;
0da66728-6c30-44c4-9264-df8fac2467ee;2024-12-26T15:29:00Z;952.6;953.2;953.8;952.6;3318;
0da66728-6c30-44c4-9264-df8fac2467ee;2024-12-26T15:30:00Z;953.4;953.4;953.8;953.2;2376;
0da66728-6c30-44c4-9264-df8fac2467ee;2024-12-26T15:31:00Z;953.4;954.6;954.8;953;11353;
0da66728-6c30-44c4-9264-df8fac2467ee;2024-12-26T15:32:00Z;954;955;955.8;954;10575;
0da66728-6c30-44c4-9264-df8fac2467ee;2024-12-26T15:33:00Z;955;954;955.4;953.6;4997;
0da66728-6c30-44c4-9264-df8fac2467ee;2024-12-26T15:34:00Z;954;954.2;954.2;953.4;3605;
0da66728-6c30-44c4-9264-df8fac2467ee;2024-12-26T15:35:00Z;953.8;953.4;954.6;953.4;5074;
0da66728-6c30-44c4-9264-df8fac2467ee;2024-12-26T15:36:00Z;953.6;953.6;953.8;953;4281;
0da66728-6c30-44c4-9264-df8fac2467ee;2024-12-26T15:37:00Z;953;953.2;953.8;953;1830;
0da66728-6c30-44c4-9264-df8fac2467ee;2024-12-26T15:38:00Z;953.6;954.2;955.6;953.2;4939;
0da66728-6c30-44c4-9264-df8fac2467ee;2024-12-26T15:39:00Z;954.2;955;955;953.8;1676;
0da66728-6c30-44c4-9264-df8fac2467ee;2024-12-26T15:45:00Z;956;956;956;956;7823;
0da66728-6c30-44c4-9264-df8fac2467ee;2024-12-26T15:46:00Z;956;956;956;956;408;
0da66728-6c30-44c4-9264-df8fac2467ee;2024-12-26T15:47:00Z;956;956;956;956;2120;
0da66728-6c30-44c4-9264-df8fac2467ee;2024-12-26T15:48:00Z;956;956;956;956;10;
0da66728-6c30-44c4-9264-df8fac2467ee;2024-12-26T15:49:00Z;956;956;956;956;22;
0da66728-6c30-44c4-9264-df8fac2467ee;2024-12-26T16:04:00Z;955;955;955;955;724;
0da66728-6c30-44c4-9264-df8fac2467ee;2024-12-26T16:05:00Z;955;955;956.4;954.8;5585;
0da66728-6c30-44c4-9264-df8fac2467ee;2024-12-26T16:06:00Z;954.6;954.2;954.8;954.2;3470;
0da66728-6c30-44c4-9264-df8fac2467ee;2024-12-26T16:07:00Z;954.2;953.8;954.4;953.8;750;
0da66728-6c30-44c4-9264-df8fac2467ee;2024-12-26T16:08:00Z;954.2;954;954.4;953.6;605;
0da66728-6c30-44c4-9264-df8fac2467ee;2024-12-26T16:09:00Z;953.8;953.8;954.6;953.8;203;
0da66728-6c30-44c4-9264-df8fac2467ee;2024-12-26T16:10:00Z;954.2;954.4;954.4;953.6;358;
0da66728-6c30-44c4-9264-df8fac2467ee;2024-12-26T16:11:00Z;954;954;954.4;953.4;1620;
0da66728-6c30-44c4-9264-df8fac2467ee;2024-12-26T16:12:00Z;954.4;954.6;955;954;2180;
0da66728-6c30-44c4-9264-df8fac2467ee;2024-12-26T16:13:00Z;954.8;957.6;957.6;954.4;30897;
0da66728-6c30-44c4-9264-df8fac2467ee;2024-12-26T16:14:00Z;957.6;957;957.6;956.4;2883;
0da66728-6c30-44c4-9264-df8fac2467ee;2024-12-26T16:15:00Z;956.4;956.8;957;956.4;431;
0da66728-6c30-44c4-9264-df8fac2467ee;2024-12-26T16:16:00Z;956.8;956.8;957;956.6;2149;
0da66728-6c30-44c4-9264-df8fac2467ee;2024-12-26T16:17:00Z;957;956.6;957;956.4;1045;
0da66728-6c30-44c4-9264-df8fac2467ee;2024-12-26T16:18:00Z;956.8;956.4;956.8;956.4;510;
0da66728-6c30-44c4-9264-df8fac2467ee;2024-12-26T16:19:00Z;956.4;956.6;956.6;956.2;1513;
0da66728-6c30-44c4-9264-df8fac2467ee;2024-12-26T16:20:00Z;956.4;956.6;956.6;956.2;312;
0da66728-6c30-44c4-9264-df8fac2467ee;2024-12-26T16:21:00Z;956.4;956.2;956.6;956;906;
0da66728-6c30-44c4-9264-df8fac2467ee;2024-12-26T16:22:00Z;956.6;956.6;956.8;956;1509;
0da66728-6c30-44c4-9264-df8fac2467ee;2024-12-26T16:23:00Z;956.2;957.4;957.4;956.2;3259;
0da66728-6c30-44c4-9264-df8fac2467ee;2024-12-26T16:24:00Z;957.4;957.6;957.6;957.2;2251;
0da66728-6c30-44c4-9264-df8fac2467ee;2024-12-26T16:25:00Z;957.6;957;957.6;956.4;1467;
0da66728-6c30-44c4-9264-df8fac2467ee;2024-12-26T16:26:00Z;957;956.8;957;956.4;974;
0da66728-6c30-44c4-9264-df8fac2467ee;2024-12-26T16:27:00Z;956.8;957;957;956.4;642;
0da66728-6c30-44c4-9264-df8fac2467ee;2024-12-26T16:28:00Z;956.4;957;957;956.4;1037;
0da66728-6c30-44c4-9264-df8fac2467ee;2024-12-26T16:29:00Z;957;957.8;957.8;956.8;5489;
0da66728-6c30-44c4-9264-df8fac2467ee;2024-12-26T16:30:00Z;957.6;958.8;958.8;957.6;15578;
0da66728-6c30-44c4-9264-df8fac2467ee;2024-12-26T16:31:00Z;958.8;959.8;960;958.6;36073;
0da66728-6c30-44c4-9264-df8fac2467ee;2024-12-26T16:32:00Z;960;961.2;961.6;959.8;10789;
0da66728-6c30-44c4-9264-df8fac2467ee;2024-12-26T16:33:00Z;961.2;961.4;962;961;9468;
0da66728-6c30-44c4-9264-df8fac2467ee;2024-12-26T16:34:00Z;961.2;962.4;962.4;961.2;9496;
0da66728-6c30-44c4-9264-df8fac2467ee;2024-12-26T16:35:00Z;962.2;962;963;961;13495;
0da66728-6c30-44c4-9264-df8fac2467ee;2024-12-26T16:36:00Z;962;961.6;962;961;7505;
0da66728-6c30-44c4-9264-df8fac2467ee;2024-12-26T16:37:00Z;961;960.6;961.8;960.4;6059;
0da66728-6c30-44c4-9264-df8fac2467ee;2024-12-26T16:38:00Z;960.8;961;961;960.2;2780;
0da66728-6c30-44c4-9264-df8fac2467ee;2024-12-26T16:39:00Z;960.6;961.2;961.4;960.4;3951;
0da66728-6c30-44c4-9264-df8fac2467ee;2024-12-26T16:40:00Z;961.4;962.4;962.6;961.2;5367;
0da66728-6c30-44c4-9264-df8fac2467ee;2024-12-26T16:41:00Z;962.4;963.6;963.6;962;8457;
0da66728-6c30-44c4-9264-df8fac2467ee;2024-12-26T16:42:00Z;963.6;964;964;962.8;16758;
0da66728-6c30-44c4-9264-df8fac2467ee;2024-12-26T16:43:00Z;963.8;968.6;969;963.8;51660;
0da66728-6c30-44c4-9264-df8fac2467ee;2024-12-26T16:44:00Z;968;967;968.4;965.8;12606;
0da66728-6c30-44c4-9264-df8fac2467ee;2024-12-26T16:45:00Z;966.4;966.2;967.6;966;6785;
0da66728-6c30-44c4-9264-df8fac2467ee;2024-12-26T16:46:00Z;966;966.8;966.8;965.8;9159;
0da66728-6c30-44c4-9264-df8fac2467ee;2024-12-26T16:47:00Z;966.2;966.2;966.8;966;3884;
0da66728-6c30-44c4-9264-df8fac2467ee;2024-12-26T16:48:00Z;966.4;966.8;966.8;966.2;3785;
0da66728-6c30-44c4-9264-df8fac2467ee;2024-12-26T16:49:00Z;966.6;966;966.8;965.4;6369;
0da66728-6c30-44c4-9264-df8fac2467ee;2024-12-26T16:50:00Z;966.2;966.4;966.8;965.6;2576;
0da66728-6c30-44c4-9264-df8fac2467ee;2024-12-26T16:51:00Z;966.2;966;966.8;966;2408;
0da66728-6c30-44c4-9264-df8fac2467ee;2024-12-26T16:52:00Z;966;965.4;966.6;962.8;18825;
0da66728-6c30-44c4-9264-df8fac2467ee;2024-12-26T16:53:00Z;964.8;965;965.4;964.6;256;
0da66728-6c30-44c4-9264-df8fac2467ee;2024-12-26T16:54:00Z;964.6;964.8;965;964;5121;
0da66728-6c30-44c4-9264-df8fac2467ee;2024-12-26T16:55:00Z;964.8;965;965;964.6;3633;
0da66728-6c30-44c4-9264-df8fac2467ee;2024-12-26T16:56:00Z;965;964.4;965;964.2;4834;
0da66728-6c30-44c4-9264-df8fac2467ee;2024-12-26T16:57:00Z;964.4;964.2;964.6;964;1876;
0da66728-6c30-44c4-9264-df8fac2467ee;2024-12-26T16:58:00Z;964.2;964.2;964.6;964.2;1798;
0da66728-6c30-44c4-9264-df8fac2467ee;2024-12-26T16:59:00Z;964.4;964.2;964.4;964.2;486;
0da66728-6c30-44c4-9264-df8fac2467ee;2024-12-26T17:00:00Z;964.2;964.8;964.8;964;2789;
0da66728-6c30-44c4-9264-df8fac2467ee;2024-12-26T17:01:00Z;964.8;964.2;964.8;964.2;6328;
0da66728-6c30-44c4-9264-df8fac2467ee;2024-12-26T17:02:00Z;964.2;963.8;964.6;963.8;2567;
0da66728-6c30-44c4-9264-df8fac2467ee;2024-12-26T17:03:00Z;964;963.8;964.4;963.6;2544;
0da66728-6c30-44c4-9264-df8fac2467ee;2024-12-26T17:04:00Z;963.6;961.8;963.8;961.6;11626;
0da66728-6c30-44c4-9264-df8fac2467ee;2024-12-26T17:05:00Z;962.4;962.6;963;962.4;1286;
0da66728-6c30-44c4-9264-df8fac2467ee;2024-12-26T17:06:00Z;963;963.4;963.4;962.6;2000;
0da66728-6c30-44c4-9264-df8fac2467ee;2024-12-26T17:07:00Z;963.4;963.2;963.6;962;7119;
0da66728-6c30-44c4-9264-df8fac2467ee;2024-12-26T17:08:00Z;963.2;963;963.2;962.2;2718;
0da66728-6c30-44c4-9264-df8fac2467ee;2024-12-26T17:09:00Z;963;963.2;963.2;962.8;3270;
0da66728-6c30-44c4-9264-df8fac2467ee;2024-12-26T17:10:00Z;963.2;962.8;963.2;961.8;4143;
0da66728-6c30-44c4-9264-df8fac2467ee;2024-12-26T17:11:00Z;962.6;962;962.6;961.8;3005;
0da66728-6c30-44c4-9264-df8fac2467ee;2024-12-26T17:12:00Z;962;961.8;962.4;961.8;2990;
0da66728-6c30-44c4-9264-df8fac2467ee;2024-12-26T17:13:00Z;961.8;961.4;961.8;961.4;623;
0da66728-6c30-44c4-9264-df8fac2467ee;2024-12-26T17:14:00Z;961.6;961;961.6;960.4;9366;
0da66728-6c30-44c4-9264-df8fac2467ee;2024-12-26T17:15:00Z;961;960.2;961;960.2;1786;
0da66728-6c30-44c4-9264-df8fac2467ee;2024-12-26T17:16:00Z;960.2;960.2;960.4;960.2;4561;
0da66728-6c30-44c4-9264-df8fac2467ee;2024-12-26T17:17:00Z;960.2;961.6;961.6;960.2;1523;
0da66728-6c30-44c4-9264-df8fac2467ee;2024-12-26T17:18:00Z;961;961.6;962;961;3696;
0da66728-6c30-44c4-9264-df8fac2467ee;2024-12-26T17:19:00Z;961.6;960.6;961.6;960.6;2212;
0da66728-6c30-44c4-9264-df8fac2467ee;2024-12-26T17:20:00Z;960.8;960.6;960.8;960.6;649;
0da66728-6c30-44c4-9264-df8fac2467ee;2024-12-26T17:21:00Z;960.8;960.6;960.8;960.4;1696;
0da66728-6c30-44c4-9264-df8fac2467ee;2024-12-26T17:22:00Z;960.6;960.2;960.8;960.2;3434;
0da66728-6c30-44c4-9264-df8fac2467ee;2024-12-26T17:23:00Z;960.2;960;960.4;960;4799;
0da66728-6c30-44c4-9264-df8fac2467ee;2024-12-26T17:24:00Z;960.2;960;960.4;960;3252;
0da66728-6c30-44c4-9264-df8fac2467ee;2024-12-26T17:25:00Z;960.2;959.2;960.2;958.2;10182;
0da66728-6c30-44c4-9264-df8fac2467ee;2024-12-26T17:26:00Z;959.4;959.6;959.6;958.6;2419;
0da66728-6c30-44c4-9264-df8fac2467ee;2024-12-26T17:27:00Z;959.6;959;959.6;958.2;5246;
0da66728-6c30-44c4-9264-df8fac2467ee;2024-12-26T17:28:00Z;958.8;959.2;959.4;958.6;1845;
0da66728-6c30-44c4-9264-df8fac2467ee;2024-12-26T17:29:00Z;959;958.8;960.6;958.2;7956;
0da66728-6c30-44c4-9264-df8fac2467ee;2024-12-26T17:30:00Z;958.8;960.8;960.8;958.8;3388;
0da66728-6c30-44c4-9264-df8fac2467ee;2024-12-26T17:31:00Z;960.6;960;961;960;927;
0da66728-6c30-44c4-9264-df8fac2467ee;2024-12-26T17:32:00Z;960;960.4;960.6;959.8;3024;
0da66728-6c30-44c4-9264-df8fac2467ee;2024-12-26T17:33:00Z;960.4;960.4;960.6;960.4;1485;
0da66728-6c30-44c4-9264-df8fac2467ee;2024-12-26T17:34:00Z;960.6;960.6;960.6;960.4;2962;
0da66728-6c30-44c4-9264-df8fac2467ee;2024-12-26T17:35:00Z;960.4;960.6;960.6;960.4;460;
0da66728-6c30-44c4-9264-df8fac2467ee;2024-12-26T17:36:00Z;960.4;960.4;960.6;960.4;292;
0da66728-6c30-44c4-9264-df8fac2467ee;2024-12-26T17:37:00Z;960.4;960.4;960.6;960.4;2194;
0da66728-6c30-44c4-9264-df8fac2467ee;2024-12-26T17:38:00Z;960.4;960.6;960.6;960.4;1044;
0da66728-6c30-44c4-9264-df8fac2467ee;2024-12-26T17:39:00Z;960.4;960.2;960.6;960.2;1070;
0da66728-6c30-44c4-9264-df8fac2467ee;2024-12-26T17:40:00Z;960.2;959.4;960.2;959.4;186;
0da66728-6c30-44c4-9264-df8fac2467ee;2024-12-26T17:41:00Z;959.6;959.6;960;959.2;2273;
0da66728-6c30-44c4-9264-df8fac2467ee;2024-12-26T17:42:00Z;959.2;958.6;959.4;958.6;1677;
0da66728-6c30-44c4-9264-df8fac2467ee;2024-12-26T17:43:00Z;958.8;958;958.8;957.8;4161;
0da66728-6c30-44c4-9264-df8fac2467ee;2024-12-26T17:44:00Z;958;958.2;958.2;957.6;2476;
0da66728-6c30-44c4-9264-df8fac2467ee;2024-12-26T17:45:00Z;958.2;958.2;958.8;957.8;3481;
0da66728-6c30-44c4-9264-df8fac2467ee;2024-12-26T17:46:00Z;958.2;958.6;958.8;958.2;4509;
0da66728-6c30-44c4-9264-df8fac2467ee;2024-12-26T17:47:00Z;958.6;958.4;958.8;958.4;1216;
0da66728-6c30-44c4-9264-df8fac2467ee;2024-12-26T17:48:00Z;958.8;956.8;958.8;955.4;18196;
0da66728-6c30-44c4-9264-df8fac2467ee;2024-12-26T17:49:00Z;956.6;957;957.2;956;3788;
0da66728-6c30-44c4-9264-df8fac2467ee;2024-12-26T17:50:00Z;957.2;957.6;957.6;957;518;
0da66728-6c30-44c4-9264-df8fac2467ee;2024-12-26T17:51:00Z;957.6;957.8;958;957.4;470;
0da66728-6c30-44c4-9264-df8fac2467ee;2024-12-26T17:52:00Z;957.4;957.2;957.6;956.8;806;
0da66728-6c30-44c4-9264-df8fac2467ee;2024-12-26T17:53:00Z;957.2;955.4;957.2;955.4;3535;
0da66728-6c30-44c4-9264-df8fac2467ee;2024-12-26T17:54:00Z;955.6;955.4;955.8;954.6;2772;
0da66728-6c30-44c4-9264-df8fac2467ee;2024-12-26T17:55:00Z;955.4;956;956;955.4;783;
0da66728-6c30-44c4-9264-df8fac2467ee;2024-12-26T17:56:00Z;956;956.2;956.2;955.6;861;
0da66728-6c30-44c4-9264-df8fac2467ee;2024-12-26T17:57:00Z;955.8;954.6;956;954.6;4823;
0da66728-6c30-44c4-9264-df8fac2467ee;2024-12-26T17:58:00Z;954.6;954.4;954.6;954.2;5372;
0da66728-6c30-44c4-9264-df8fac2467ee;2024-12-26T17:59:00Z;954.2;952.6;954.2;952.4;21252;
0da66728-6c30-44c4-9264-df8fac2467ee;2024-12-26T18:00:00Z;952.6;953;953.8;952.4;2286;
0da66728-6c30-44c4-9264-df8fac2467ee;2024-12-26T18:01:00Z;953.2;953.6;953.6;953;731;
0da66728-6c30-44c4-9264-df8fac2467ee;2024-12-26T18:02:00Z;953.8;953;953.8;953;1522;
0da66728-6c30-44c4-9264-df8fac2467ee;2024-12-26T18:03:00Z;953;953.4;954.2;953;2653;
0da66728-6c30-44c4-9264-df8fac2467ee;2024-12-26T18:04:00Z;953.6;954.8;954.8;953.2;1920;
0da66728-6c30-44c4-9264-df8fac2467ee;2024-12-26T18:05:00Z;954.8;955.8;955.8;954.8;3365;
0da66728-6c30-44c4-9264-df8fac2467ee;2024-12-26T18:06:00Z;955.6;955.4;956;955.4;2672;
0da66728-6c30-44c4-9264-df8fac2467ee;2024-12-26T18:07:00Z;955.2;955.2;955.4;955;599;
0da66728-6c30-44c4-9264-df8fac2467ee;2024-12-26T18:08:00Z;955.4;954.6;955.4;954.4;1585;
0da66728-6c30-44c4-9264-df8fac2467ee;2024-12-26T18:09:00Z;954.2;954.2;954.6;954;104;
0da66728-6c30-44c4-9264-df8fac2467ee;2024-12-26T18:10:00Z;954.6;955;955;954.4;606;
0da66728-6c30-44c4-9264-df8fac2467ee;2024-12-26T18:11:00Z;955;954.2;955;954.2;214;
0da66728-6c30-44c4-9264-df8fac2467ee;2024-12-26T18:12:00Z;954.2;952.8;954.4;952.8;3603;
0da66728-6c30-44c4-9264-df8fac2467ee;2024-12-26T18:13:00Z;953;952.8;953.2;951;14751;
0da66728-6c30-44c4-9264-df8fac2467ee;2024-12-26T18:14:00Z;952.6;953.2;953.2;952.6;955;
0da66728-6c30-44c4-9264-df8fac2467ee;2024-12-26T18:15:00Z;953;952.8;953.6;952.6;3130;
0da66728-6c30-44c4-9264-df8fac2467ee;2024-12-26T18:16:00Z;952.8;953.4;953.4;952.8;1142;
0da66728-6c30-44c4-9264-df8fac2467ee;2024-12-26T18:17:00Z;953.2;952.8;953.4;952.4;2743;
0da66728-6c30-44c4-9264-df8fac2467ee;2024-12-26T18:18:00Z;952.8;952.4;953;952.2;1178;
0da66728-6c30-44c4-9264-df8fac2467ee;2024-12-26T18:19:00Z;952.4;952.2;952.6;952.2;1439;
0da66728-6c30-44c4-9264-df8fac2467ee;2024-12-26T18:20:00Z;952.2;951;952.4;950.6;11440;
0da66728-6c30-44c4-9264-df8fac2467ee;2024-12-26T18:21:00Z;951.4;950.2;951.4;950.2;22188;
0da66728-6c30-44c4-9264-df8fac2467ee;2024-12-26T18:22:00Z;950;948.6;950;948.6;12135;
0da66728-6c30-44c4-9264-df8fac2467ee;2024-12-26T18:23:00Z;948.6;948.6;949.2;948.2;5607;
0da66728-6c30-44c4-9264-df8fac2467ee;2024-12-26T18:24:00Z;948.8;949;949.8;948.8;3720;
0da66728-6c30-44c4-9264-df8fac2467ee;2024-12-26T18:25:00Z;949;948.2;949;948;9983;
0da66728-6c30-44c4-9264-df8fac2467ee;2024-12-26T18:26:00Z;948.4;949;949;948.2;7305;
0da66728-6c30-44c4-9264-df8fac2467ee;2024-12-26T18:27:00Z;948.8;947.8;949;947.8;4985;
0da66728-6c30-44c4-9264-df8fac2467ee;2024-12-26T18:28:00Z;947.8;947;948.2;946.4;7391;
0da66728-6c30-44c4-9264-df8fac2467ee;2024-12-26T18:29:00Z;947;946.4;947;945.6;6324;
0da66728-6c30-44c4-9264-df8fac2467ee;2024-12-26T18:30:00Z;946.4;945.6;947;944.2;25902;
0da66728-6c30-44c4-9264-df8fac2467ee;2024-12-26T18:31:00Z;946;946.2;946.2;945.2;4600;
0da66728-6c30-44c4-9264-df8fac2467ee;2024-12-26T18:32:00Z;945.8;947;947.2;945.8;4539;
0da66728-6c30-44c4-9264-df8fac2467ee;2024-12-26T18:33:00Z;947.2;947;947.6;946.8;1468;
0da66728-6c30-44c4-9264-df8fac2467ee;2024-12-26T18:34:00Z;947;947.6;947.8;947;1319;
0da66728-6c30-44c4-9264-df8fac2467ee;2024-12-26T18:35:00Z;947.6;948;948;947.4;2725;
0da66728-6c30-44c4-9264-df8fac2467ee;2024-12-26T18:36:00Z;948;949.2;949.4;948;3986;
0da66728-6c30-44c4-9264-df8fac2467ee;2024-12-26T18:37:00Z;949;950.2;950.2;949;9005;
0da66728-6c30-44c4-9264-df8fac2467ee;2024-12-26T18:38:00Z;950;950.6;950.8;950;4978;
0da66728-6c30-44c4-9264-df8fac2467ee;2024-12-26T18:39:00Z;950.8;951.2;951.2;950.6;3024;
0da66728-6c30-44c4-9264-df8fac2467ee;2024-12-26T18:40:00Z;951;950.6;951.2;950;1808;
0da66728-6c30-44c4-9264-df8fac2467ee;2024-12-26T18:41:00Z;950.4;949.4;950.4;949.2;1624;
0da66728-6c30-44c4-9264-df8fac2467ee;2024-12-26T18:42:00Z;949.4;949.6;949.8;949.2;2503;
0da66728-6c30-44c4-9264-df8fac2467ee;2024-12-26T18:43:00Z;949.2;949.2;949.6;949.2;198;
0da66728-6c30-44c4-9264-df8fac2467ee;2024-12-26T18:44:00Z;949.4;949.4;949.4;949.2;105;
0da66728-6c30-44c4-9264-df8fac2467ee;2024-12-26T18:45:00Z;949.2;949.8;949.8;949.2;3003;
0da66728-6c30-44c4-9264-df8fac2467ee;2024-12-26T18:46:00Z;950;950;950;949.8;1133;
0da66728-6c30-44c4-9264-df8fac2467ee;2024-12-26T18:47:00Z;950;950;950;949.8;551;
0da66728-6c30-44c4-9264-df8fac2467ee;2024-12-26T18:48:00Z;949.8;948.6;950;948.4;8629;
0da66728-6c30-44c4-9264-df8fac2467ee;2024-12-26T18:49:00Z;948.6;948.2;948.6;948.2;2281;
0da66728-6c30-44c4-9264-df8fac2467ee;2024-12-26T18:50:00Z;948.2;947.8;948.4;947.6;2894;
0da66728-6c30-44c4-9264-df8fac2467ee;2024-12-26T18:51:00Z;948;947.2;948;947.2;2835;
0da66728-6c30-44c4-9264-df8fac2467ee;2024-12-26T18:52:00Z;947;947.4;948;946.2;7546;
0da66728-6c30-44c4-9264-df8fac2467ee;2024-12-26T18:53:00Z;947.4;947.2;947.8;947.2;6464;
0da66728-6c30-44c4-9264-df8fac2467ee;2024-12-26T18:54:00Z;947.2;947.2;947.6;946.8;5931;
0da66728-6c30-44c4-9264-df8fac2467ee;2024-12-26T18:55:00Z;947.4;947.6;947.8;947;5930;
0da66728-6c30-44c4-9264-df8fac2467ee;2024-12-26T18:56:00Z;947.8;947.6;947.8;947.6;272;
0da66728-6c30-44c4-9264-df8fac2467ee;2024-12-26T18:57:00Z;947.6;948.4;948.6;947.6;1820;
0da66728-6c30-44c4-9264-df8fac2467ee;2024-12-26T18:58:00Z;948.4;948.4;948.4;948;67;
0da66728-6c30-44c4-9264-df8fac2467ee;2024-12-26T18:59:00Z;948.4;949;949;948.4;612;
0da66728-6c30-44c4-9264-df8fac2467ee;2024-12-26T19:00:00Z;948.6;950;950.2;948.4;6561;
0da66728-6c30-44c4-9264-df8fac2467ee;2024-12-26T19:01:00Z;950;950.6;951.4;950;9756;
0da66728-6c30-44c4-9264-df8fac2467ee;2024-12-26T19:02:00Z;950.6;950.4;950.6;950;976;
0da66728-6c30-44c4-9264-df8fac2467ee;2024-12-26T19:03:00Z;950.4;950;950.8;949.8;906;
0da66728-6c30-44c4-9264-df8fac2467ee;2024-12-26T19:04:00Z;950;950.2;950.2;949.6;696;
0da66728-6c30-44c4-9264-df8fac2467ee;2024-12-26T19:05:00Z;949.8;950.4;950.4;949.8;621;
0da66728-6c30-44c4-9264-df8fac2467ee;2024-12-26T19:06:00Z;950.4;950.2;950.4;949.6;218;
0da66728-6c30-44c4-9264-df8fac2467ee;2024-12-26T19:07:00Z;949.8;950;950.2;949.8;832;
0da66728-6c30-44c4-9264-df8fac2467ee;2024-12-26T19:08:00Z;950;950.4;950.4;950;2023;
0da66728-6c30-44c4-9264-df8fac2467ee;2024-12-26T19:09:00Z;950.6;950;950.6;950;289;
0da66728-6c30-44c4-9264-df8fac2467ee;2024-12-26T19:10:00Z;950.6;950.2;950.8;950;1557;
0da66728-6c30-44c4-9264-df8fac2467ee;2024-12-26T19:11:00Z;950.4;950.6;951;950;936;
0da66728-6c30-44c4-9264-df8fac2467ee;2024-12-26T19:12:00Z;950.2;950.2;950.8;950.2;2016;
0da66728-6c30-44c4-9264-df8fac2467ee;2024-12-26T19:13:00Z;950.2;950.2;950.4;950;565;
0da66728-6c30-44c4-9264-df8fac2467ee;2024-12-26T19:14:00Z;950.2;949.8;950.8;949.8;1608;
0da66728-6c30-44c4-9264-df8fac2467ee;2024-12-26T19:15:00Z;949.6;950;950.6;949.6;1804;
0da66728-6c30-44c4-9264-df8fac2467ee;2024-12-26T19:16:00Z;950.4;950.8;950.8;950.4;394;
0da66728-6c30-44c4-9264-df8fac2467ee;2024-12-26T19:17:00Z;950.4;950;950.4;949.8;1485;
0da66728-6c30-44c4-9264-df8fac2467ee;2024-12-26T19:18:00Z;949.8;948.8;949.8;948.2;1920;
0da66728-6c30-44c4-9264-df8fac2467ee;2024-12-26T19:19:00Z;948.8;948.4;949;948.4;1229;
0da66728-6c30-44c4-9264-df8fac2467ee;2024-12-26T19:20:00Z;948.6;948.4;948.8;948.4;229;
0da66728-6c30-44c4-9264-df8fac2467ee;2024-12-26T19:21:00Z;948.8;949.2;949.2;948.6;1401;
0da66728-6c30-44c4-9264-df8fac2467ee;2024-12-26T19:22:00Z;948.8;948.8;948.8;948.8;20;
0da66728-6c30-44c4-9264-df8fac2467ee;2024-12-26T19:23:00Z;949;948.8;949;948.6;286;
0da66728-6c30-44c4-9264-df8fac2467ee;2024-12-26T19:24:00Z;949;948.6;949;948.2;662;
0da66728-6c30-44c4-9264-df8fac2467ee;2024-12-26T19:25:00Z;948.6;948.2;948.6;948.2;44;
0da66728-6c30-44c4-9264-df8fac2467ee;2024-12-26T19:26:00Z;948.2;948.2;948.4;948.2;30;
0da66728-6c30-44c4-9264-df8fac2467ee;2024-12-26T19:27:00Z;948.2;947.6;948.4;947.6;1558;
0da66728-6c30-44c4-9264-df8fac2467ee;2024-12-26T19:28:00Z;947.6;947.8;947.8;947.4;1003;
0da66728-6c30-44c4-9264-df8fac2467ee;2024-12-26T19:29:00Z;947.4;948.2;948.2;947.4;565;
0da66728-6c30-44c4-9264-df8fac2467ee;2024-12-26T19:30:00Z;948.4;948.8;948.8;948.2;214;
0da66728-6c30-44c4-9264-df8fac2467ee;2024-12-26T19:31:00Z;948.2;948;948.4;947.8;322;
0da66728-6c30-44c4-9264-df8fac2467ee;2024-12-26T19:32:00Z;948.2;948.8;948.8;947.8;632;
0da66728-6c30-44c4-9264-df8fac2467ee;2024-12-26T19:33:00Z;948.8;948.4;948.8;948.4;174;
0da66728-6c30-44c4-9264-df8fac2467ee;2024-12-26T19:34:00Z;948.6;948;948.6;948;349;
0da66728-6c30-44c4-9264-df8fac2467ee;2024-12-26T19:35:00Z;947.6;947.8;948.2;947.6;48;
0da66728-6c30-44c4-9264-df8fac2467ee;2024-12-26T19:36:00Z;947.6;947.4;947.8;947.4;55;
0da66728-6c30-44c4-9264-df8fac2467ee;2024-12-26T19:37:00Z;947.4;948;948;947.4;91;
0da66728-6c30-44c4-9264-df8fac2467ee;2024-12-26T19:38:00Z;947.4;947.4;947.4;947.4;7;
0da66728-6c30-44c4-9264-df8fac2467ee;2024-12-26T19:39:00Z;947.8;947.4;948;947.2;1189;
0da66728-6c30-44c4-9264-df8fac2467ee;2024-12-26T19:40:00Z;948;947.8;948;947.6;178;
0da66728-6c30-44c4-9264-df8fac2467ee;2024-12-26T19:41:00Z;947.8;947.6;948;947.6;1165;
0da66728-6c30-44c4-9264-df8fac2467ee;2024-12-26T19:42:00Z;947.6;947;947.8;947;4157;
0da66728-6c30-44c4-9264-df8fac2467ee;2024-12-26T19:43:00Z;947;947.4;947.4;947;2586;
0da66728-6c30-44c4-9264-df8fac2467ee;2024-12-26T19:44:00Z;947.4;947.2;947.4;947;1350;
0da66728-6c30-44c4-9264-df8fac2467ee;2024-12-26T19:45:00Z;947;947;947.2;947;226;
0da66728-6c30-44c4-9264-df8fac2467ee;2024-12-26T19:46:00Z;947;946.6;947.2;946.6;729;
0da66728-6c30-44c4-9264-df8fac2467ee;2024-12-26T19:47:00Z;946.6;946.6;946.8;946.6;306;
0da66728-6c30-44c4-9264-df8fac2467ee;2024-12-26T19:48:00Z;946.6;947;947;946.6;310;
0da66728-6c30-44c4-9264-df8fac2467ee;2024-12-26T19:49:00Z;947;947;947.4;946.6;1227;
0da66728-6c30-44c4-9264-df8fac2467ee;2024-12-26T19:50:00Z;947.2;947.4;947.6;947.2;2485;
0da66728-6c30-44c4-9264-df8fac2467ee;2024-12-26T19:51:00Z;947.4;948;948;947.4;819;
0da66728-6c30-44c4-9264-df8fac2467ee;2024-12-26T19:52:00Z;948.4;948.2;948.6;948.2;665;
0da66728-6c30-44c4-9264-df8fac2467ee;2024-12-26T19:53:00Z;948.2;948;948.2;948;906;
0da66728-6c30-44c4-9264-df8fac2467ee;2024-12-26T19:54:00Z;948;947.4;948;947.4;614;
0da66728-6c30-44c4-9264-df8fac2467ee;2024-12-26T19:55:00Z;947.4;947.4;948;947.4;420;
0da66728-6c30-44c4-9264-df8fac2467ee;2024-12-26T19:56:00Z;947.4;946.8;947.4;946.6;1508;
0da66728-6c30-44c4-9264-df8fac2467ee;2024-12-26T19:57:00Z;946.6;947.4;947.4;946.6;2172;
0da66728-6c30-44c4-9264-df8fac2467ee;2024-12-26T19:58:00Z;947.4;947;947.4;947;385;
0da66728-6c30-44c4-9264-df8fac2467ee;2024-12-26T19:59:00Z;947;946.8;947.2;946.6;1232;
0da66728-6c30-44c4-9264-df8fac2467ee;2024-12-26T20:00:00Z;946.6;946.8;946.8;946.4;571;
0da66728-6c30-44c4-9264-df8fac2467ee;2024-12-26T20:01:00Z;946.8;946.8;946.8;946.6;720;
0da66728-6c30-44c4-9264-df8fac2467ee;2024-12-26T20:02:00Z;946.8;946.8;946.8;946.6;278;
0da66728-6c30-44c4-9264-df8fac2467ee;2024-12-26T20:03:00Z;946.8;946.8;946.8;946.6;313;
0da66728-6c30-44c4-9264-df8fac2467ee;2024-12-26T20:04:00Z;946.8;946.8;947.2;946.8;611;
0da66728-6c30-44c4-9264-df8fac2467ee;2024-12-26T20:05:00Z;946.8;947;947;946.8;457;
0da66728-6c30-44c4-9264-df8fac2467ee;2024-12-26T20:06:00Z;947;947;947;946.8;187;
0da66728-6c30-44c4-9264-df8fac2467ee;2024-12-26T20:07:00Z;947;947.4;947.4;947;1012;
0da66728-6c30-44c4-9264-df8fac2467ee;2024-12-26T20:08:00Z;947.2;947.2;947.4;947;811;
0da66728-6c30-44c4-9264-df8fac2467ee;2024-12-26T20:09:00Z;947.2;946.4;947.2;946.4;1527;
0da66728-6c30-44c4-9264-df8fac2467ee;2024-12-26T20:10:00Z;946.6;946.8;946.8;946.4;1077;
0da66728-6c30-44c4-9264-df8fac2467ee;2024-12-26T20:11:00Z;947.4;947.4;947.4;946.8;397;
0da66728-6c30-44c4-9264-df8fac2467ee;2024-12-26T20:12:00Z;946.6;946.8;947.4;946.4;1227;
0da66728-6c30-44c4-9264-df8fac2467ee;2024-12-26T20:13:00Z;946.4;946.2;946.6;946.2;1059;
0da66728-6c30-44c4-9264-df8fac2467ee;2024-12-26T20:14:00Z;946.4;946.2;946.4;946;944;
0da66728-6c30-44c4-9264-df8fac2467ee;2024-12-26T20:15:00Z;946;946.2;946.2;946;5132;
0da66728-6c30-44c4-9264-df8fac2467ee;2024-12-26T20:16:00Z;946;946;946;945.4;2060;
0da66728-6c30-44c4-9264-df8fac2467ee;2024-12-26T20:17:00Z;945.8;946.8;946.8;945.6;2221;
0da66728-6c30-44c4-9264-df8fac2467ee;2024-12-26T20:18:00Z;947;947;947;946.8;391;
0da66728-6c30-44c4-9264-df8fac2467ee;2024-12-26T20:19:00Z;946.8;947;947;946.8;192;
0da66728-6c30-44c4-9264-df8fac2467ee;2024-12-26T20:20:00Z;947;947.6;947.6;947;513;
0da66728-6c30-44c4-9264-df8fac2467ee;2024-12-26T20:21:00Z;947.8;948.2;948.2;947.6;564;
0da66728-6c30-44c4-9264-df8fac2467ee;2024-12-26T20:22:00Z;948;948;948.8;948;956;
0da66728-6c30-44c4-9264-df8fac2467ee;2024-12-26T20:23:00Z;948;948.2;948.2;948;812;
0da66728-6c30-44c4-9264-df8fac2467ee;2024-12-26T20:24:00Z;948;948.6;948.6;948;1445;
0da66728-6c30-44c4-9264-df8fac2467ee;2024-12-26T20:25:00Z;948.6;948.8;949;948.4;1208;
0da66728-6c30-44c4-9264-df8fac2467ee;2024-12-26T20:26:00Z;948.4;949.6;949.6;948.4;1764;
0da66728-6c30-44c4-9264-df8fac2467ee;2024-12-26T20:27:00Z;949.4;950;950;949.4;726;
0da66728-6c30-44c4-9264-df8fac2467ee;2024-12-26T20:28:00Z;949.8;949.4;949.8;949;476;
0da66728-6c30-44c4-9264-df8fac2467ee;2024-12-26T20:29:00Z;949;947.4;949;947.4;2135;
0da66728-6c30-44c4-9264-df8fac2467ee;2024-12-26T20:30:00Z;947.4;946.8;947.4;946.6;844;
0da66728-6c30-44c4-9264-df8fac2467ee;2024-12-26T20:31:00Z;947;947.6;947.6;946.8;1211;
0da66728-6c30-44c4-9264-df8fac2467ee;2024-12-26T20:32:00Z;947.4;947.6;947.6;946.8;600;
0da66728-6c30-44c4-9264-df8fac2467ee;2024-12-26T20:33:00Z;947.6;949.4;949.6;947.2;3590;
0da66728-6c30-44c4-9264-df8fac2467ee;2024-12-26T20:34:00Z;949.4;949.6;949.6;948.4;2320;
0da66728-6c30-44c4-9264-df8fac2467ee;2024-12-26T20:35:00Z;949.4;949.6;949.6;949.4;356;
0da66728-6c30-44c4-9264-df8fac2467ee;2024-12-26T20:36:00Z;949.4;949.6;949.6;948.8;799;
0da66728-6c30-44c4-9264-df8fac2467ee;2024-12-26T20:37:00Z;949.6;949.4;949.8;949.4;69;
0da66728-6c30-44c4-9264-df8fac2467ee;2024-12-26T20:38:00Z;949.4;948.6;949.4;948.6;874;
0da66728-6c30-44c4-9264-df8fac2467ee;2024-12-26T20:39:00Z;948.6;948.4;949;948.4;300;
0da66728-6c30-44c4-9264-df8fac2467ee;2024-12-26T20:40:00Z;949;948.8;949;948.4;102;
0da66728-6c30-44c4-9264-df8fac2467ee;2024-12-26T20:41:00Z;948.2;948.2;948.2;948.2;97;
0da66728-6c30-44c4-9264-df8fac2467ee;2024-12-26T20:42:00Z;948.2;948.2;948.8;948.2;736;
0da66728-6c30-44c4-9264-df8fac2467ee;2024-12-26T20:43:00Z;948.2;948.6;948.8;948.2;127;
0da66728-6c30-44c4-9264-df8fac2467ee;2024-12-26T20:44:00Z;948.8;950;950;948.8;1787;
0da66728-6c30-44c4-9264-df8fac2467ee;2024-12-26T20:45:00Z;949.8;949.8;950;949.2;232;
0da66728-6c30-44c4-9264-df8fac2467ee;2024-12-26T20:46:00Z;949.8;949.8;949.8;949.6;148;
0da66728-6c30-44c4-9264-df8fac2467ee;2024-12-26T20:47:00Z;949.8;949.2;949.8;949.2;684;
0da66728-6c30-44c4-9264-df8fac2467ee;2024-12-26T20:48:00Z;949.2;949.4;949.4;949.2;363;
0da66728-6c30-44c4-9264-df8fac2467ee;2024-12-26T20:49:00Z;949.6;949.8;950;949.2;2638;
