8e2b0325-0292-4654-8a18-4f63ed3b0e09;2024-05-03T06:59:00Z;0.023225;0.023225;0.023225;0.023225;1460;
8e2b0325-0292-4654-8a18-4f63ed3b0e09;2024-05-03T07:00:00Z;0.023225;0.02322;0.023245;0.02322;14018;
8e2b0325-0292-4654-8a18-4f63ed3b0e09;2024-05-03T07:01:00Z;0.023235;0.02325;0.02325;0.023215;12872;
8e2b0325-0292-4654-8a18-4f63ed3b0e09;2024-05-03T07:02:00Z;0.023245;0.02324;0.02325;0.023235;21283;
8e2b0325-0292-4654-8a18-4f63ed3b0e09;2024-05-03T07:03:00Z;0.023235;0.02323;0.02324;0.023225;7241;
8e2b0325-0292-4654-8a18-4f63ed3b0e09;2024-05-03T07:04:00Z;0.02323;0.02324;0.02324;0.023225;5673;
8e2b0325-0292-4654-8a18-4f63ed3b0e09;2024-05-03T07:05:00Z;0.02324;0.02324;0.023245;0.02322;8143;
8e2b0325-0292-4654-8a18-4f63ed3b0e09;2024-05-03T07:06:00Z;0.02324;0.023235;0.023245;0.02323;8349;
8e2b0325-0292-4654-8a18-4f63ed3b0e09;2024-05-03T07:07:00Z;0.023235;0.023235;0.023235;0.02322;5422;
8e2b0325-0292-4654-8a18-4f63ed3b0e09;2024-05-03T07:08:00Z;0.02323;0.02324;0.023245;0.023225;5635;
8e2b0325-0292-4654-8a18-4f63ed3b0e09;2024-05-03T07:09:00Z;0.02324;0.02323;0.023245;0.02322;7872;
8e2b0325-0292-4654-8a18-4f63ed3b0e09;2024-05-03T07:10:00Z;0.02323;0.023205;0.023235;0.0232;16383;
8e2b0325-0292-4654-8a18-4f63ed3b0e09;2024-05-03T07:11:00Z;0.023205;0.0232;0.023205;0.02318;17193;
8e2b0325-0292-4654-8a18-4f63ed3b0e09;2024-05-03T07:12:00Z;0.023195;0.023195;0.02322;0.02319;20020;
8e2b0325-0292-4654-8a18-4f63ed3b0e09;2024-05-03T07:13:00Z;0.0232;0.0232;0.02321;0.023195;3385;
8e2b0325-0292-4654-8a18-4f63ed3b0e09;2024-05-03T07:14:00Z;0.023205;0.02319;0.023205;0.023185;13736;
8e2b0325-0292-4654-8a18-4f63ed3b0e09;2024-05-03T07:15:00Z;0.023185;0.02318;0.023185;0.02317;11122;
8e2b0325-0292-4654-8a18-4f63ed3b0e09;2024-05-03T07:16:00Z;0.02318;0.023175;0.02318;0.023155;28941;
8e2b0325-0292-4654-8a18-4f63ed3b0e09;2024-05-03T07:17:00Z;0.023175;0.02318;0.02318;0.023155;6045;
8e2b0325-0292-4654-8a18-4f63ed3b0e09;2024-05-03T07:18:00Z;0.023185;0.023185;0.023185;0.02318;3267;
8e2b0325-0292-4654-8a18-4f63ed3b0e09;2024-05-03T07:19:00Z;0.02318;0.02318;0.0232;0.02318;29410;
8e2b0325-0292-4654-8a18-4f63ed3b0e09;2024-05-03T07:20:00Z;0.023185;0.02317;0.023185;0.023165;1899;
8e2b0325-0292-4654-8a18-4f63ed3b0e09;2024-05-03T07:21:00Z;0.023175;0.023175;0.02318;0.023165;6591;
8e2b0325-0292-4654-8a18-4f63ed3b0e09;2024-05-03T07:22:00Z;0.023175;0.02318;0.02318;0.02316;29925;
8e2b0325-0292-4654-8a18-4f63ed3b0e09;2024-05-03T07:23:00Z;0.023175;0.02318;0.023185;0.02317;5820;
8e2b0325-0292-4654-8a18-4f63ed3b0e09;2024-05-03T07:24:00Z;0.023175;0.023185;0.02319;0.023175;9562;
8e2b0325-0292-4654-8a18-4f63ed3b0e09;2024-05-03T07:25:00Z;0.023185;0.02321;0.02321;0.02318;13307;
8e2b0325-0292-4654-8a18-4f63ed3b0e09;2024-05-03T07:26:00Z;0.0232;0.0232;0.02321;0.02319;6672;
8e2b0325-0292-4654-8a18-4f63ed3b0e09;2024-05-03T07:27:00Z;0.0232;0.023205;0.02321;0.023195;2451;
8e2b0325-0292-4654-8a18-4f63ed3b0e09;2024-05-03T07:28:00Z;0.0232;0.0232;0.023205;0.023195;2997;
8e2b0325-0292-4654-8a18-4f63ed3b0e09;2024-05-03T07:29:00Z;0.0232;0.0232;0.0232;0.023195;2342;
8e2b0325-0292-4654-8a18-4f63ed3b0e09;2024-05-03T07:30:00Z;0.0232;0.023195;0.0232;0.023195;10372;
8e2b0325-0292-4654-8a18-4f63ed3b0e09;2024-05-03T07:31:00Z;0.0232;0.023195;0.0232;0.02319;1477;
8e2b0325-0292-4654-8a18-4f63ed3b0e09;2024-05-03T07:32:00Z;0.023195;0.02319;0.0232;0.023185;7195;
8e2b0325-0292-4654-8a18-4f63ed3b0e09;2024-05-03T07:33:00Z;0.023185;0.023185;0.02319;0.023185;7584;
8e2b0325-0292-4654-8a18-4f63ed3b0e09;2024-05-03T07:34:00Z;0.02319;0.023185;0.02319;0.02318;4082;
8e2b0325-0292-4654-8a18-4f63ed3b0e09;2024-05-03T07:35:00Z;0.02318;0.02316;0.023185;0.02316;16267;
8e2b0325-0292-4654-8a18-4f63ed3b0e09;2024-05-03T07:36:00Z;0.023165;0.023145;0.023165;0.02313;43834;
8e2b0325-0292-4654-8a18-4f63ed3b0e09;2024-05-03T07:37:00Z;0.023145;0.023145;0.02315;0.02313;11781;
8e2b0325-0292-4654-8a18-4f63ed3b0e09;2024-05-03T07:38:00Z;0.023145;0.02314;0.023145;0.023135;6830;
8e2b0325-0292-4654-8a18-4f63ed3b0e09;2024-05-03T07:39:00Z;0.023135;0.023145;0.02315;0.023135;12338;
8e2b0325-0292-4654-8a18-4f63ed3b0e09;2024-05-03T07:40:00Z;0.02314;0.023125;0.023145;0.023115;36052;
8e2b0325-0292-4654-8a18-4f63ed3b0e09;2024-05-03T07:41:00Z;0.02312;0.023125;0.02313;0.023115;3295;
8e2b0325-0292-4654-8a18-4f63ed3b0e09;2024-05-03T07:42:00Z;0.023125;0.02311;0.02313;0.0231;38599;
8e2b0325-0292-4654-8a18-4f63ed3b0e09;2024-05-03T07:43:00Z;0.023115;0.023115;0.023125;0.023095;15866;
8e2b0325-0292-4654-8a18-4f63ed3b0e09;2024-05-03T07:44:00Z;0.02312;0.023135;0.023145;0.023115;59385;
8e2b0325-0292-4654-8a18-4f63ed3b0e09;2024-05-03T07:45:00Z;0.023135;0.023135;0.023145;0.02313;14119;
8e2b0325-0292-4654-8a18-4f63ed3b0e09;2024-05-03T07:46:00Z;0.023135;0.023135;0.023145;0.02313;13561;
8e2b0325-0292-4654-8a18-4f63ed3b0e09;2024-05-03T07:47:00Z;0.023135;0.02312;0.023135;0.023105;26856;
8e2b0325-0292-4654-8a18-4f63ed3b0e09;2024-05-03T07:48:00Z;0.02312;0.023135;0.02314;0.02311;10148;
8e2b0325-0292-4654-8a18-4f63ed3b0e09;2024-05-03T07:49:00Z;0.02313;0.023125;0.02313;0.023115;1272;
8e2b0325-0292-4654-8a18-4f63ed3b0e09;2024-05-03T07:50:00Z;0.023115;0.023125;0.023125;0.02311;7936;
8e2b0325-0292-4654-8a18-4f63ed3b0e09;2024-05-03T07:51:00Z;0.023125;0.02312;0.02314;0.02312;24266;
8e2b0325-0292-4654-8a18-4f63ed3b0e09;2024-05-03T07:52:00Z;0.023125;0.023095;0.023125;0.02308;75354;
8e2b0325-0292-4654-8a18-4f63ed3b0e09;2024-05-03T07:53:00Z;0.0231;0.023095;0.0231;0.023095;14971;
8e2b0325-0292-4654-8a18-4f63ed3b0e09;2024-05-03T07:54:00Z;0.0231;0.0231;0.0231;0.02309;12315;
8e2b0325-0292-4654-8a18-4f63ed3b0e09;2024-05-03T07:55:00Z;0.0231;0.023115;0.02312;0.023095;87655;
8e2b0325-0292-4654-8a18-4f63ed3b0e09;2024-05-03T07:56:00Z;0.02312;0.023125;0.023125;0.023115;4868;
8e2b0325-0292-4654-8a18-4f63ed3b0e09;2024-05-03T07:57:00Z;0.023125;0.02313;0.023135;0.02312;8850;
8e2b0325-0292-4654-8a18-4f63ed3b0e09;2024-05-03T07:58:00Z;0.02313;0.02312;0.02313;0.02312;3620;
8e2b0325-0292-4654-8a18-4f63ed3b0e09;2024-05-03T07:59:00Z;0.02312;0.023115;0.023125;0.02311;11418;
8e2b0325-0292-4654-8a18-4f63ed3b0e09;2024-05-03T08:00:00Z;0.02312;0.02312;0.02312;0.023115;1580;
8e2b0325-0292-4654-8a18-4f63ed3b0e09;2024-05-03T08:01:00Z;0.02312;0.02313;0.023135;0.02312;4106;
8e2b0325-0292-4654-8a18-4f63ed3b0e09;2024-05-03T08:02:00Z;0.023125;0.023135;0.023135;0.023125;1755;
8e2b0325-0292-4654-8a18-4f63ed3b0e09;2024-05-03T08:03:00Z;0.023135;0.02313;0.023135;0.02312;1060;
8e2b0325-0292-4654-8a18-4f63ed3b0e09;2024-05-03T08:04:00Z;0.02313;0.023125;0.023135;0.02312;3589;
8e2b0325-0292-4654-8a18-4f63ed3b0e09;2024-05-03T08:05:00Z;0.02313;0.023145;0.023145;0.02313;7236;
8e2b0325-0292-4654-8a18-4f63ed3b0e09;2024-05-03T08:06:00Z;0.023145;0.02315;0.02315;0.023135;20439;
8e2b0325-0292-4654-8a18-4f63ed3b0e09;2024-05-03T08:07:00Z;0.02315;0.023145;0.023155;0.023145;5343;
8e2b0325-0292-4654-8a18-4f63ed3b0e09;2024-05-03T08:08:00Z;0.02315;0.02315;0.023155;0.02315;3946;
8e2b0325-0292-4654-8a18-4f63ed3b0e09;2024-05-03T08:09:00Z;0.023155;0.023145;0.023155;0.023145;7566;
8e2b0325-0292-4654-8a18-4f63ed3b0e09;2024-05-03T08:10:00Z;0.02315;0.023145;0.02315;0.023135;11023;
8e2b0325-0292-4654-8a18-4f63ed3b0e09;2024-05-03T08:11:00Z;0.023145;0.02313;0.023145;0.02312;10298;
8e2b0325-0292-4654-8a18-4f63ed3b0e09;2024-05-03T08:12:00Z;0.02313;0.02313;0.023135;0.02312;1664;
8e2b0325-0292-4654-8a18-4f63ed3b0e09;2024-05-03T08:13:00Z;0.02313;0.02312;0.02313;0.023115;3218;
8e2b0325-0292-4654-8a18-4f63ed3b0e09;2024-05-03T08:14:00Z;0.02312;0.023105;0.02312;0.0231;10527;
8e2b0325-0292-4654-8a18-4f63ed3b0e09;2024-05-03T08:15:00Z;0.02311;0.02312;0.02312;0.023105;3623;
8e2b0325-0292-4654-8a18-4f63ed3b0e09;2024-05-03T08:16:00Z;0.02312;0.023115;0.02312;0.02311;3690;
8e2b0325-0292-4654-8a18-4f63ed3b0e09;2024-05-03T08:17:00Z;0.02311;0.023115;0.023115;0.02311;12675;
8e2b0325-0292-4654-8a18-4f63ed3b0e09;2024-05-03T08:18:00Z;0.02311;0.02311;0.023115;0.02311;26442;
8e2b0325-0292-4654-8a18-4f63ed3b0e09;2024-05-03T08:19:00Z;0.023115;0.023115;0.023115;0.02311;11545;
8e2b0325-0292-4654-8a18-4f63ed3b0e09;2024-05-03T08:20:00Z;0.023115;0.02312;0.02313;0.023115;6856;
8e2b0325-0292-4654-8a18-4f63ed3b0e09;2024-05-03T08:21:00Z;0.023125;0.02312;0.023125;0.02311;6891;
8e2b0325-0292-4654-8a18-4f63ed3b0e09;2024-05-03T08:22:00Z;0.02312;0.02312;0.02313;0.02311;20718;
8e2b0325-0292-4654-8a18-4f63ed3b0e09;2024-05-03T08:23:00Z;0.023125;0.023125;0.023125;0.023115;8866;
8e2b0325-0292-4654-8a18-4f63ed3b0e09;2024-05-03T08:24:00Z;0.02312;0.02312;0.023125;0.02312;3866;
8e2b0325-0292-4654-8a18-4f63ed3b0e09;2024-05-03T08:25:00Z;0.023125;0.023135;0.02314;0.02312;5403;
8e2b0325-0292-4654-8a18-4f63ed3b0e09;2024-05-03T08:26:00Z;0.023135;0.02313;0.023145;0.02313;3697;
8e2b0325-0292-4654-8a18-4f63ed3b0e09;2024-05-03T08:27:00Z;0.023135;0.023135;0.023135;0.02313;912;
8e2b0325-0292-4654-8a18-4f63ed3b0e09;2024-05-03T08:28:00Z;0.02313;0.023135;0.023135;0.02313;4202;
8e2b0325-0292-4654-8a18-4f63ed3b0e09;2024-05-03T08:29:00Z;0.02313;0.02313;0.023135;0.02313;1641;
8e2b0325-0292-4654-8a18-4f63ed3b0e09;2024-05-03T08:30:00Z;0.02313;0.02313;0.023135;0.02313;4161;
8e2b0325-0292-4654-8a18-4f63ed3b0e09;2024-05-03T08:31:00Z;0.023135;0.02314;0.02314;0.02313;3507;
8e2b0325-0292-4654-8a18-4f63ed3b0e09;2024-05-03T08:32:00Z;0.023135;0.02314;0.02314;0.023135;2314;
8e2b0325-0292-4654-8a18-4f63ed3b0e09;2024-05-03T08:33:00Z;0.02314;0.02313;0.02314;0.023125;2628;
8e2b0325-0292-4654-8a18-4f63ed3b0e09;2024-05-03T08:34:00Z;0.02313;0.02312;0.02313;0.023115;11454;
8e2b0325-0292-4654-8a18-4f63ed3b0e09;2024-05-03T08:35:00Z;0.023115;0.02312;0.023125;0.023115;2804;
8e2b0325-0292-4654-8a18-4f63ed3b0e09;2024-05-03T08:36:00Z;0.02312;0.02312;0.02312;0.023115;1749;
8e2b0325-0292-4654-8a18-4f63ed3b0e09;2024-05-03T08:37:00Z;0.02312;0.02311;0.02312;0.02311;27225;
8e2b0325-0292-4654-8a18-4f63ed3b0e09;2024-05-03T08:38:00Z;0.02311;0.023115;0.02312;0.02311;8309;
8e2b0325-0292-4654-8a18-4f63ed3b0e09;2024-05-03T08:39:00Z;0.023115;0.023105;0.02312;0.023105;31738;
8e2b0325-0292-4654-8a18-4f63ed3b0e09;2024-05-03T08:40:00Z;0.02311;0.02311;0.02311;0.0231;8259;
8e2b0325-0292-4654-8a18-4f63ed3b0e09;2024-05-03T08:41:00Z;0.023105;0.0231;0.02311;0.023095;16230;
8e2b0325-0292-4654-8a18-4f63ed3b0e09;2024-05-03T08:42:00Z;0.023105;0.023105;0.02311;0.02309;2321;
8e2b0325-0292-4654-8a18-4f63ed3b0e09;2024-05-03T08:43:00Z;0.0231;0.023105;0.02311;0.0231;1612;
8e2b0325-0292-4654-8a18-4f63ed3b0e09;2024-05-03T08:44:00Z;0.023105;0.023105;0.02311;0.0231;516;
8e2b0325-0292-4654-8a18-4f63ed3b0e09;2024-05-03T08:45:00Z;0.0231;0.023105;0.023105;0.02309;5933;
8e2b0325-0292-4654-8a18-4f63ed3b0e09;2024-05-03T08:46:00Z;0.023105;0.023095;0.023105;0.023095;4986;
8e2b0325-0292-4654-8a18-4f63ed3b0e09;2024-05-03T08:47:00Z;0.02309;0.023085;0.0231;0.02308;16504;
8e2b0325-0292-4654-8a18-4f63ed3b0e09;2024-05-03T08:48:00Z;0.02308;0.02307;0.023085;0.02306;42731;
8e2b0325-0292-4654-8a18-4f63ed3b0e09;2024-05-03T08:49:00Z;0.02307;0.02308;0.023085;0.023065;9476;
8e2b0325-0292-4654-8a18-4f63ed3b0e09;2024-05-03T08:50:00Z;0.02308;0.023095;0.023095;0.02308;40542;
8e2b0325-0292-4654-8a18-4f63ed3b0e09;2024-05-03T08:51:00Z;0.023095;0.023115;0.02312;0.023095;16385;
8e2b0325-0292-4654-8a18-4f63ed3b0e09;2024-05-03T08:52:00Z;0.023105;0.0231;0.02311;0.0231;1476;
8e2b0325-0292-4654-8a18-4f63ed3b0e09;2024-05-03T08:53:00Z;0.0231;0.023105;0.023105;0.0231;3301;
8e2b0325-0292-4654-8a18-4f63ed3b0e09;2024-05-03T08:54:00Z;0.023105;0.023105;0.02311;0.0231;1290;
8e2b0325-0292-4654-8a18-4f63ed3b0e09;2024-05-03T08:55:00Z;0.02311;0.023105;0.02311;0.0231;415;
8e2b0325-0292-4654-8a18-4f63ed3b0e09;2024-05-03T08:56:00Z;0.023105;0.0231;0.02311;0.023095;11256;
8e2b0325-0292-4654-8a18-4f63ed3b0e09;2024-05-03T08:57:00Z;0.0231;0.023105;0.023105;0.023095;5372;
8e2b0325-0292-4654-8a18-4f63ed3b0e09;2024-05-03T08:58:00Z;0.0231;0.0231;0.023105;0.0231;968;
8e2b0325-0292-4654-8a18-4f63ed3b0e09;2024-05-03T08:59:00Z;0.023105;0.02309;0.023105;0.02309;809;
8e2b0325-0292-4654-8a18-4f63ed3b0e09;2024-05-03T09:00:00Z;0.023095;0.02308;0.023095;0.023075;8306;
8e2b0325-0292-4654-8a18-4f63ed3b0e09;2024-05-03T09:01:00Z;0.02308;0.02308;0.02308;0.02307;5107;
8e2b0325-0292-4654-8a18-4f63ed3b0e09;2024-05-03T09:02:00Z;0.02308;0.02308;0.02308;0.02307;4524;
8e2b0325-0292-4654-8a18-4f63ed3b0e09;2024-05-03T09:03:00Z;0.023075;0.02309;0.0231;0.02307;31085;
8e2b0325-0292-4654-8a18-4f63ed3b0e09;2024-05-03T09:04:00Z;0.023095;0.02309;0.023095;0.02309;1543;
8e2b0325-0292-4654-8a18-4f63ed3b0e09;2024-05-03T09:05:00Z;0.023095;0.02308;0.023095;0.02308;1743;
8e2b0325-0292-4654-8a18-4f63ed3b0e09;2024-05-03T09:06:00Z;0.023085;0.023095;0.023095;0.023075;7058;
8e2b0325-0292-4654-8a18-4f63ed3b0e09;2024-05-03T09:07:00Z;0.023095;0.0231;0.0231;0.02309;9939;
8e2b0325-0292-4654-8a18-4f63ed3b0e09;2024-05-03T09:08:00Z;0.023095;0.023105;0.023105;0.023095;6908;
8e2b0325-0292-4654-8a18-4f63ed3b0e09;2024-05-03T09:09:00Z;0.023105;0.02312;0.02312;0.023105;4283;
8e2b0325-0292-4654-8a18-4f63ed3b0e09;2024-05-03T09:10:00Z;0.02312;0.02312;0.02312;0.023115;3440;
8e2b0325-0292-4654-8a18-4f63ed3b0e09;2024-05-03T09:11:00Z;0.02312;0.023105;0.02312;0.0231;2778;
8e2b0325-0292-4654-8a18-4f63ed3b0e09;2024-05-03T09:12:00Z;0.023105;0.02311;0.02311;0.0231;2351;
8e2b0325-0292-4654-8a18-4f63ed3b0e09;2024-05-03T09:13:00Z;0.023105;0.023105;0.02311;0.023095;5692;
8e2b0325-0292-4654-8a18-4f63ed3b0e09;2024-05-03T09:14:00Z;0.023105;0.02309;0.023105;0.02309;5778;
8e2b0325-0292-4654-8a18-4f63ed3b0e09;2024-05-03T09:15:00Z;0.023095;0.02309;0.0231;0.02309;669;
8e2b0325-0292-4654-8a18-4f63ed3b0e09;2024-05-03T09:16:00Z;0.02309;0.0231;0.0231;0.02309;914;
8e2b0325-0292-4654-8a18-4f63ed3b0e09;2024-05-03T09:17:00Z;0.02309;0.023085;0.0231;0.023075;6074;
8e2b0325-0292-4654-8a18-4f63ed3b0e09;2024-05-03T09:18:00Z;0.02308;0.023095;0.0231;0.02308;6071;
8e2b0325-0292-4654-8a18-4f63ed3b0e09;2024-05-03T09:19:00Z;0.02308;0.023085;0.023095;0.02308;2242;
8e2b0325-0292-4654-8a18-4f63ed3b0e09;2024-05-03T09:20:00Z;0.02308;0.023085;0.023085;0.023075;4642;
8e2b0325-0292-4654-8a18-4f63ed3b0e09;2024-05-03T09:21:00Z;0.02308;0.023085;0.02309;0.023075;1875;
8e2b0325-0292-4654-8a18-4f63ed3b0e09;2024-05-03T09:22:00Z;0.023085;0.02308;0.02309;0.023075;1658;
8e2b0325-0292-4654-8a18-4f63ed3b0e09;2024-05-03T09:23:00Z;0.023085;0.02308;0.02309;0.02308;916;
8e2b0325-0292-4654-8a18-4f63ed3b0e09;2024-05-03T09:24:00Z;0.02308;0.023085;0.023095;0.02308;1152;
8e2b0325-0292-4654-8a18-4f63ed3b0e09;2024-05-03T09:25:00Z;0.02309;0.023095;0.023095;0.023085;1459;
8e2b0325-0292-4654-8a18-4f63ed3b0e09;2024-05-03T09:26:00Z;0.023095;0.02309;0.023095;0.02309;691;
8e2b0325-0292-4654-8a18-4f63ed3b0e09;2024-05-03T09:27:00Z;0.02309;0.02309;0.023095;0.02309;570;
8e2b0325-0292-4654-8a18-4f63ed3b0e09;2024-05-03T09:28:00Z;0.023095;0.023095;0.023095;0.02309;1422;
8e2b0325-0292-4654-8a18-4f63ed3b0e09;2024-05-03T09:29:00Z;0.02309;0.023085;0.023095;0.023085;805;
8e2b0325-0292-4654-8a18-4f63ed3b0e09;2024-05-03T09:30:00Z;0.023085;0.023085;0.02309;0.02308;3216;
8e2b0325-0292-4654-8a18-4f63ed3b0e09;2024-05-03T09:31:00Z;0.023085;0.023075;0.023095;0.023065;30082;
8e2b0325-0292-4654-8a18-4f63ed3b0e09;2024-05-03T09:32:00Z;0.023075;0.02308;0.02308;0.02307;1013;
8e2b0325-0292-4654-8a18-4f63ed3b0e09;2024-05-03T09:33:00Z;0.02307;0.023075;0.023075;0.023065;703;
8e2b0325-0292-4654-8a18-4f63ed3b0e09;2024-05-03T09:34:00Z;0.023075;0.023075;0.02308;0.02307;3923;
8e2b0325-0292-4654-8a18-4f63ed3b0e09;2024-05-03T09:35:00Z;0.02308;0.02308;0.02308;0.02307;1294;
8e2b0325-0292-4654-8a18-4f63ed3b0e09;2024-05-03T09:36:00Z;0.02308;0.023075;0.02308;0.02307;1039;
8e2b0325-0292-4654-8a18-4f63ed3b0e09;2024-05-03T09:37:00Z;0.023075;0.023075;0.023075;0.02307;334;
8e2b0325-0292-4654-8a18-4f63ed3b0e09;2024-05-03T09:38:00Z;0.023075;0.023075;0.023075;0.02307;274;
8e2b0325-0292-4654-8a18-4f63ed3b0e09;2024-05-03T09:39:00Z;0.02307;0.023075;0.023075;0.02307;1381;
8e2b0325-0292-4654-8a18-4f63ed3b0e09;2024-05-03T09:40:00Z;0.023075;0.02307;0.023075;0.02306;15201;
8e2b0325-0292-4654-8a18-4f63ed3b0e09;2024-05-03T09:41:00Z;0.023075;0.02307;0.02308;0.023065;3497;
8e2b0325-0292-4654-8a18-4f63ed3b0e09;2024-05-03T09:42:00Z;0.02307;0.023065;0.023075;0.023065;615;
8e2b0325-0292-4654-8a18-4f63ed3b0e09;2024-05-03T09:43:00Z;0.023065;0.023075;0.023075;0.023065;308;
8e2b0325-0292-4654-8a18-4f63ed3b0e09;2024-05-03T09:44:00Z;0.023075;0.02308;0.02308;0.023065;2694;
8e2b0325-0292-4654-8a18-4f63ed3b0e09;2024-05-03T09:45:00Z;0.02308;0.023085;0.023085;0.023075;2042;
8e2b0325-0292-4654-8a18-4f63ed3b0e09;2024-05-03T09:46:00Z;0.023085;0.02308;0.023085;0.023075;504;
8e2b0325-0292-4654-8a18-4f63ed3b0e09;2024-05-03T09:47:00Z;0.02308;0.023085;0.023085;0.02307;1381;
8e2b0325-0292-4654-8a18-4f63ed3b0e09;2024-05-03T09:48:00Z;0.023085;0.02308;0.023085;0.02308;754;
8e2b0325-0292-4654-8a18-4f63ed3b0e09;2024-05-03T09:49:00Z;0.023085;0.0231;0.0231;0.023075;5281;
8e2b0325-0292-4654-8a18-4f63ed3b0e09;2024-05-03T09:50:00Z;0.0231;0.02311;0.02311;0.023095;11186;
8e2b0325-0292-4654-8a18-4f63ed3b0e09;2024-05-03T09:51:00Z;0.02311;0.023125;0.023125;0.02311;12534;
8e2b0325-0292-4654-8a18-4f63ed3b0e09;2024-05-03T09:52:00Z;0.02312;0.023125;0.023135;0.02312;19739;
8e2b0325-0292-4654-8a18-4f63ed3b0e09;2024-05-03T09:53:00Z;0.02312;0.023125;0.02313;0.02312;9722;
8e2b0325-0292-4654-8a18-4f63ed3b0e09;2024-05-03T09:54:00Z;0.02313;0.023135;0.023135;0.023125;3617;
8e2b0325-0292-4654-8a18-4f63ed3b0e09;2024-05-03T09:55:00Z;0.023135;0.02314;0.02314;0.02313;2235;
8e2b0325-0292-4654-8a18-4f63ed3b0e09;2024-05-03T09:56:00Z;0.02314;0.023135;0.02314;0.02313;208;
8e2b0325-0292-4654-8a18-4f63ed3b0e09;2024-05-03T09:57:00Z;0.023135;0.023125;0.02314;0.02312;10687;
8e2b0325-0292-4654-8a18-4f63ed3b0e09;2024-05-03T09:58:00Z;0.023125;0.02312;0.023125;0.023105;1757;
8e2b0325-0292-4654-8a18-4f63ed3b0e09;2024-05-03T09:59:00Z;0.02311;0.023115;0.02312;0.02311;874;
8e2b0325-0292-4654-8a18-4f63ed3b0e09;2024-05-03T10:00:00Z;0.023115;0.02311;0.023125;0.023105;9403;
8e2b0325-0292-4654-8a18-4f63ed3b0e09;2024-05-03T10:01:00Z;0.02311;0.02311;0.02311;0.0231;3320;
8e2b0325-0292-4654-8a18-4f63ed3b0e09;2024-05-03T10:02:00Z;0.023105;0.02311;0.02311;0.023105;2251;
8e2b0325-0292-4654-8a18-4f63ed3b0e09;2024-05-03T10:03:00Z;0.02311;0.02311;0.02311;0.023105;276;
8e2b0325-0292-4654-8a18-4f63ed3b0e09;2024-05-03T10:04:00Z;0.023105;0.02311;0.02311;0.023105;47;
8e2b0325-0292-4654-8a18-4f63ed3b0e09;2024-05-03T10:05:00Z;0.02311;0.02311;0.02311;0.023105;2815;
8e2b0325-0292-4654-8a18-4f63ed3b0e09;2024-05-03T10:06:00Z;0.023105;0.02311;0.02311;0.023105;2338;
8e2b0325-0292-4654-8a18-4f63ed3b0e09;2024-05-03T10:07:00Z;0.02311;0.02311;0.02311;0.023105;232;
8e2b0325-0292-4654-8a18-4f63ed3b0e09;2024-05-03T10:08:00Z;0.02311;0.02313;0.02313;0.023105;905;
8e2b0325-0292-4654-8a18-4f63ed3b0e09;2024-05-03T10:09:00Z;0.02313;0.023145;0.023145;0.02312;5601;
8e2b0325-0292-4654-8a18-4f63ed3b0e09;2024-05-03T10:10:00Z;0.02314;0.023135;0.02314;0.02313;2870;
8e2b0325-0292-4654-8a18-4f63ed3b0e09;2024-05-03T10:11:00Z;0.02314;0.02312;0.02314;0.023115;5930;
8e2b0325-0292-4654-8a18-4f63ed3b0e09;2024-05-03T10:12:00Z;0.02312;0.02314;0.023145;0.023115;7878;
8e2b0325-0292-4654-8a18-4f63ed3b0e09;2024-05-03T10:13:00Z;0.02314;0.023145;0.023145;0.02313;5143;
8e2b0325-0292-4654-8a18-4f63ed3b0e09;2024-05-03T10:14:00Z;0.023135;0.023145;0.023145;0.023135;4731;
8e2b0325-0292-4654-8a18-4f63ed3b0e09;2024-05-03T10:15:00Z;0.02314;0.023155;0.02316;0.02314;21113;
8e2b0325-0292-4654-8a18-4f63ed3b0e09;2024-05-03T10:16:00Z;0.023155;0.023155;0.02316;0.02315;175;
8e2b0325-0292-4654-8a18-4f63ed3b0e09;2024-05-03T10:17:00Z;0.023145;0.023145;0.023155;0.02314;1339;
8e2b0325-0292-4654-8a18-4f63ed3b0e09;2024-05-03T10:18:00Z;0.023145;0.02314;0.02315;0.023135;1574;
8e2b0325-0292-4654-8a18-4f63ed3b0e09;2024-05-03T10:19:00Z;0.023135;0.023145;0.023145;0.023135;1551;
8e2b0325-0292-4654-8a18-4f63ed3b0e09;2024-05-03T10:20:00Z;0.023145;0.02314;0.02315;0.023135;8236;
8e2b0325-0292-4654-8a18-4f63ed3b0e09;2024-05-03T10:21:00Z;0.023145;0.023145;0.02315;0.02314;1616;
8e2b0325-0292-4654-8a18-4f63ed3b0e09;2024-05-03T10:22:00Z;0.02315;0.023155;0.023155;0.02314;1326;
8e2b0325-0292-4654-8a18-4f63ed3b0e09;2024-05-03T10:23:00Z;0.023155;0.02315;0.023155;0.02315;1179;
8e2b0325-0292-4654-8a18-4f63ed3b0e09;2024-05-03T10:24:00Z;0.023155;0.02315;0.023155;0.02314;3730;
8e2b0325-0292-4654-8a18-4f63ed3b0e09;2024-05-03T10:25:00Z;0.023145;0.02315;0.023155;0.023145;259;
8e2b0325-0292-4654-8a18-4f63ed3b0e09;2024-05-03T10:26:00Z;0.023145;0.023145;0.02315;0.023145;2044;
8e2b0325-0292-4654-8a18-4f63ed3b0e09;2024-05-03T10:27:00Z;0.02315;0.02315;0.02315;0.023145;551;
8e2b0325-0292-4654-8a18-4f63ed3b0e09;2024-05-03T10:28:00Z;0.023145;0.023155;0.023165;0.023145;22233;
8e2b0325-0292-4654-8a18-4f63ed3b0e09;2024-05-03T10:29:00Z;0.02316;0.02316;0.02316;0.023155;1900;
8e2b0325-0292-4654-8a18-4f63ed3b0e09;2024-05-03T10:30:00Z;0.02316;0.023165;0.023175;0.023155;13875;
8e2b0325-0292-4654-8a18-4f63ed3b0e09;2024-05-03T10:31:00Z;0.023165;0.02317;0.023175;0.02316;1954;
8e2b0325-0292-4654-8a18-4f63ed3b0e09;2024-05-03T10:32:00Z;0.02316;0.02316;0.02317;0.023155;3916;
8e2b0325-0292-4654-8a18-4f63ed3b0e09;2024-05-03T10:33:00Z;0.023155;0.023155;0.02316;0.023155;796;
8e2b0325-0292-4654-8a18-4f63ed3b0e09;2024-05-03T10:34:00Z;0.023155;0.02317;0.02317;0.023155;2839;
8e2b0325-0292-4654-8a18-4f63ed3b0e09;2024-05-03T10:35:00Z;0.02316;0.023165;0.023165;0.02316;476;
8e2b0325-0292-4654-8a18-4f63ed3b0e09;2024-05-03T10:36:00Z;0.02316;0.023165;0.02317;0.02316;2469;
8e2b0325-0292-4654-8a18-4f63ed3b0e09;2024-05-03T10:37:00Z;0.02316;0.023155;0.023165;0.02315;2179;
8e2b0325-0292-4654-8a18-4f63ed3b0e09;2024-05-03T10:38:00Z;0.02315;0.023165;0.023165;0.023145;2195;
8e2b0325-0292-4654-8a18-4f63ed3b0e09;2024-05-03T10:39:00Z;0.023165;0.02316;0.023165;0.02315;334;
8e2b0325-0292-4654-8a18-4f63ed3b0e09;2024-05-03T10:40:00Z;0.02316;0.02316;0.023165;0.023155;729;
8e2b0325-0292-4654-8a18-4f63ed3b0e09;2024-05-03T10:41:00Z;0.02316;0.023165;0.023165;0.023155;1407;
8e2b0325-0292-4654-8a18-4f63ed3b0e09;2024-05-03T10:42:00Z;0.02316;0.02316;0.023165;0.02316;4550;
8e2b0325-0292-4654-8a18-4f63ed3b0e09;2024-05-03T10:43:00Z;0.023165;0.02317;0.02317;0.02316;1713;
8e2b0325-0292-4654-8a18-4f63ed3b0e09;2024-05-03T10:44:00Z;0.023165;0.023165;0.02317;0.023165;1353;
8e2b0325-0292-4654-8a18-4f63ed3b0e09;2024-05-03T10:45:00Z;0.02317;0.023175;0.023175;0.023165;978;
8e2b0325-0292-4654-8a18-4f63ed3b0e09;2024-05-03T10:46:00Z;0.02317;0.023165;0.023175;0.023165;164;
8e2b0325-0292-4654-8a18-4f63ed3b0e09;2024-05-03T10:47:00Z;0.023165;0.02317;0.023175;0.023165;87;
8e2b0325-0292-4654-8a18-4f63ed3b0e09;2024-05-03T10:48:00Z;0.023175;0.02319;0.02319;0.02317;17707;
8e2b0325-0292-4654-8a18-4f63ed3b0e09;2024-05-03T10:49:00Z;0.02319;0.023185;0.02319;0.023185;883;
8e2b0325-0292-4654-8a18-4f63ed3b0e09;2024-05-03T10:50:00Z;0.02319;0.023195;0.0232;0.023185;25836;
8e2b0325-0292-4654-8a18-4f63ed3b0e09;2024-05-03T10:51:00Z;0.023195;0.023205;0.023205;0.02319;15616;
8e2b0325-0292-4654-8a18-4f63ed3b0e09;2024-05-03T10:52:00Z;0.023205;0.023195;0.023205;0.023195;12350;
8e2b0325-0292-4654-8a18-4f63ed3b0e09;2024-05-03T10:53:00Z;0.0232;0.0232;0.0232;0.023195;493;
8e2b0325-0292-4654-8a18-4f63ed3b0e09;2024-05-03T10:54:00Z;0.023195;0.023185;0.0232;0.023185;2528;
8e2b0325-0292-4654-8a18-4f63ed3b0e09;2024-05-03T10:55:00Z;0.023195;0.023185;0.023195;0.02318;14010;
8e2b0325-0292-4654-8a18-4f63ed3b0e09;2024-05-03T10:56:00Z;0.023185;0.023175;0.023185;0.023175;8865;
8e2b0325-0292-4654-8a18-4f63ed3b0e09;2024-05-03T10:57:00Z;0.023175;0.023175;0.02318;0.023155;18749;
8e2b0325-0292-4654-8a18-4f63ed3b0e09;2024-05-03T10:58:00Z;0.02318;0.02318;0.02318;0.023175;1571;
8e2b0325-0292-4654-8a18-4f63ed3b0e09;2024-05-03T10:59:00Z;0.02318;0.02318;0.023185;0.02317;4296;
8e2b0325-0292-4654-8a18-4f63ed3b0e09;2024-05-03T11:00:00Z;0.02317;0.023185;0.023185;0.02317;1043;
8e2b0325-0292-4654-8a18-4f63ed3b0e09;2024-05-03T11:01:00Z;0.023175;0.023195;0.023195;0.023175;7894;
8e2b0325-0292-4654-8a18-4f63ed3b0e09;2024-05-03T11:02:00Z;0.02319;0.023195;0.023195;0.02319;3762;
8e2b0325-0292-4654-8a18-4f63ed3b0e09;2024-05-03T11:03:00Z;0.02319;0.02319;0.023195;0.02319;2177;
8e2b0325-0292-4654-8a18-4f63ed3b0e09;2024-05-03T11:04:00Z;0.02319;0.02319;0.02319;0.023175;2263;
8e2b0325-0292-4654-8a18-4f63ed3b0e09;2024-05-03T11:05:00Z;0.02319;0.023185;0.023195;0.023175;5845;
8e2b0325-0292-4654-8a18-4f63ed3b0e09;2024-05-03T11:06:00Z;0.023185;0.023185;0.023185;0.02318;224;
8e2b0325-0292-4654-8a18-4f63ed3b0e09;2024-05-03T11:07:00Z;0.02318;0.023185;0.023185;0.02318;552;
8e2b0325-0292-4654-8a18-4f63ed3b0e09;2024-05-03T11:08:00Z;0.02318;0.023185;0.023185;0.02318;62;
8e2b0325-0292-4654-8a18-4f63ed3b0e09;2024-05-03T11:09:00Z;0.02318;0.023175;0.023185;0.023175;172;
8e2b0325-0292-4654-8a18-4f63ed3b0e09;2024-05-03T11:10:00Z;0.023175;0.02318;0.02318;0.023175;675;
8e2b0325-0292-4654-8a18-4f63ed3b0e09;2024-05-03T11:11:00Z;0.02318;0.02318;0.02318;0.023175;42;
8e2b0325-0292-4654-8a18-4f63ed3b0e09;2024-05-03T11:12:00Z;0.02318;0.023175;0.02318;0.02317;5235;
8e2b0325-0292-4654-8a18-4f63ed3b0e09;2024-05-03T11:13:00Z;0.02317;0.02317;0.02318;0.02316;3678;
8e2b0325-0292-4654-8a18-4f63ed3b0e09;2024-05-03T11:14:00Z;0.02317;0.02318;0.02318;0.02317;1353;
8e2b0325-0292-4654-8a18-4f63ed3b0e09;2024-05-03T11:15:00Z;0.023175;0.02318;0.02318;0.023175;482;
8e2b0325-0292-4654-8a18-4f63ed3b0e09;2024-05-03T11:16:00Z;0.02318;0.023175;0.02318;0.02317;550;
8e2b0325-0292-4654-8a18-4f63ed3b0e09;2024-05-03T11:17:00Z;0.023175;0.023175;0.023175;0.02317;109;
8e2b0325-0292-4654-8a18-4f63ed3b0e09;2024-05-03T11:18:00Z;0.023175;0.023165;0.023175;0.02316;11722;
8e2b0325-0292-4654-8a18-4f63ed3b0e09;2024-05-03T11:19:00Z;0.023165;0.02317;0.023175;0.023155;3801;
8e2b0325-0292-4654-8a18-4f63ed3b0e09;2024-05-03T11:20:00Z;0.023165;0.02317;0.02317;0.023165;337;
8e2b0325-0292-4654-8a18-4f63ed3b0e09;2024-05-03T11:21:00Z;0.02317;0.023175;0.023175;0.023165;1298;
8e2b0325-0292-4654-8a18-4f63ed3b0e09;2024-05-03T11:22:00Z;0.023165;0.023165;0.023175;0.023165;265;
8e2b0325-0292-4654-8a18-4f63ed3b0e09;2024-05-03T11:23:00Z;0.023165;0.023185;0.023195;0.023165;37493;
8e2b0325-0292-4654-8a18-4f63ed3b0e09;2024-05-03T11:24:00Z;0.02319;0.02319;0.02319;0.023185;1734;
8e2b0325-0292-4654-8a18-4f63ed3b0e09;2024-05-03T11:25:00Z;0.02319;0.023185;0.02319;0.023185;1349;
8e2b0325-0292-4654-8a18-4f63ed3b0e09;2024-05-03T11:26:00Z;0.02319;0.023185;0.02319;0.02318;1015;
8e2b0325-0292-4654-8a18-4f63ed3b0e09;2024-05-03T11:27:00Z;0.023185;0.02318;0.023185;0.02318;28;
8e2b0325-0292-4654-8a18-4f63ed3b0e09;2024-05-03T11:28:00Z;0.02318;0.023185;0.0232;0.02318;19014;
8e2b0325-0292-4654-8a18-4f63ed3b0e09;2024-05-03T11:29:00Z;0.023195;0.02319;0.023195;0.02319;562;
8e2b0325-0292-4654-8a18-4f63ed3b0e09;2024-05-03T11:30:00Z;0.023195;0.023195;0.023195;0.02319;42;
8e2b0325-0292-4654-8a18-4f63ed3b0e09;2024-05-03T11:31:00Z;0.02319;0.023195;0.023195;0.02319;1016;
8e2b0325-0292-4654-8a18-4f63ed3b0e09;2024-05-03T11:32:00Z;0.023195;0.0232;0.0232;0.02319;888;
8e2b0325-0292-4654-8a18-4f63ed3b0e09;2024-05-03T11:33:00Z;0.023195;0.0232;0.0232;0.023195;543;
8e2b0325-0292-4654-8a18-4f63ed3b0e09;2024-05-03T11:34:00Z;0.0232;0.023195;0.0232;0.023195;768;
8e2b0325-0292-4654-8a18-4f63ed3b0e09;2024-05-03T11:35:00Z;0.0232;0.0232;0.0232;0.023195;301;
8e2b0325-0292-4654-8a18-4f63ed3b0e09;2024-05-03T11:36:00Z;0.0232;0.023195;0.0232;0.02319;3679;
8e2b0325-0292-4654-8a18-4f63ed3b0e09;2024-05-03T11:37:00Z;0.023195;0.023185;0.023195;0.023185;931;
8e2b0325-0292-4654-8a18-4f63ed3b0e09;2024-05-03T11:38:00Z;0.02319;0.023185;0.02319;0.023185;466;
8e2b0325-0292-4654-8a18-4f63ed3b0e09;2024-05-03T11:39:00Z;0.023185;0.023175;0.023185;0.023175;2948;
8e2b0325-0292-4654-8a18-4f63ed3b0e09;2024-05-03T11:40:00Z;0.023175;0.023175;0.023185;0.023175;75;
8e2b0325-0292-4654-8a18-4f63ed3b0e09;2024-05-03T11:41:00Z;0.02318;0.02318;0.023185;0.023175;827;
8e2b0325-0292-4654-8a18-4f63ed3b0e09;2024-05-03T11:42:00Z;0.023185;0.02318;0.023185;0.02318;1179;
8e2b0325-0292-4654-8a18-4f63ed3b0e09;2024-05-03T11:43:00Z;0.023185;0.02318;0.023185;0.023175;1194;
8e2b0325-0292-4654-8a18-4f63ed3b0e09;2024-05-03T11:44:00Z;0.02318;0.023165;0.02318;0.023165;3191;
8e2b0325-0292-4654-8a18-4f63ed3b0e09;2024-05-03T11:45:00Z;0.02317;0.023165;0.02317;0.023165;1760;
8e2b0325-0292-4654-8a18-4f63ed3b0e09;2024-05-03T11:46:00Z;0.02317;0.02317;0.02317;0.023165;1341;
8e2b0325-0292-4654-8a18-4f63ed3b0e09;2024-05-03T11:47:00Z;0.023165;0.02317;0.02317;0.02316;886;
8e2b0325-0292-4654-8a18-4f63ed3b0e09;2024-05-03T11:48:00Z;0.02317;0.02317;0.02317;0.02316;24;
8e2b0325-0292-4654-8a18-4f63ed3b0e09;2024-05-03T11:49:00Z;0.02317;0.023165;0.02317;0.02316;867;
8e2b0325-0292-4654-8a18-4f63ed3b0e09;2024-05-03T11:50:00Z;0.023165;0.023165;0.02317;0.023165;362;
8e2b0325-0292-4654-8a18-4f63ed3b0e09;2024-05-03T11:51:00Z;0.02317;0.02317;0.02317;0.023165;272;
8e2b0325-0292-4654-8a18-4f63ed3b0e09;2024-05-03T11:52:00Z;0.02317;0.02317;0.02317;0.02317;81;
8e2b0325-0292-4654-8a18-4f63ed3b0e09;2024-05-03T11:53:00Z;0.023165;0.02317;0.02317;0.023165;450;
8e2b0325-0292-4654-8a18-4f63ed3b0e09;2024-05-03T11:54:00Z;0.02317;0.02317;0.02317;0.023165;806;
8e2b0325-0292-4654-8a18-4f63ed3b0e09;2024-05-03T11:55:00Z;0.023165;0.023165;0.02317;0.023165;2155;
8e2b0325-0292-4654-8a18-4f63ed3b0e09;2024-05-03T11:56:00Z;0.02317;0.023175;0.023175;0.023155;12262;
8e2b0325-0292-4654-8a18-4f63ed3b0e09;2024-05-03T11:57:00Z;0.02317;0.02316;0.023175;0.02316;5462;
8e2b0325-0292-4654-8a18-4f63ed3b0e09;2024-05-03T11:58:00Z;0.02316;0.02316;0.02317;0.02316;2430;
8e2b0325-0292-4654-8a18-4f63ed3b0e09;2024-05-03T11:59:00Z;0.02316;0.023175;0.02318;0.02316;21038;
8e2b0325-0292-4654-8a18-4f63ed3b0e09;2024-05-03T12:00:00Z;0.023175;0.02318;0.02319;0.023165;26217;
8e2b0325-0292-4654-8a18-4f63ed3b0e09;2024-05-03T12:01:00Z;0.023185;0.02318;0.023185;0.02318;345;
8e2b0325-0292-4654-8a18-4f63ed3b0e09;2024-05-03T12:02:00Z;0.023185;0.02318;0.023185;0.023175;814;
8e2b0325-0292-4654-8a18-4f63ed3b0e09;2024-05-03T12:03:00Z;0.023185;0.02318;0.023185;0.023175;424;
8e2b0325-0292-4654-8a18-4f63ed3b0e09;2024-05-03T12:04:00Z;0.02318;0.023195;0.0232;0.023175;37314;
8e2b0325-0292-4654-8a18-4f63ed3b0e09;2024-05-03T12:05:00Z;0.023195;0.0232;0.0232;0.023195;235;
8e2b0325-0292-4654-8a18-4f63ed3b0e09;2024-05-03T12:06:00Z;0.0232;0.023195;0.023205;0.02319;4493;
8e2b0325-0292-4654-8a18-4f63ed3b0e09;2024-05-03T12:07:00Z;0.023195;0.023185;0.023195;0.023185;1634;
8e2b0325-0292-4654-8a18-4f63ed3b0e09;2024-05-03T12:08:00Z;0.023185;0.02319;0.02319;0.02318;76;
8e2b0325-0292-4654-8a18-4f63ed3b0e09;2024-05-03T12:09:00Z;0.023185;0.023195;0.023195;0.023185;572;
8e2b0325-0292-4654-8a18-4f63ed3b0e09;2024-05-03T12:10:00Z;0.023195;0.023195;0.023195;0.02319;491;
8e2b0325-0292-4654-8a18-4f63ed3b0e09;2024-05-03T12:11:00Z;0.02319;0.02318;0.023195;0.02318;3037;
8e2b0325-0292-4654-8a18-4f63ed3b0e09;2024-05-03T12:12:00Z;0.023185;0.023185;0.023195;0.02318;61;
8e2b0325-0292-4654-8a18-4f63ed3b0e09;2024-05-03T12:13:00Z;0.023195;0.023185;0.023195;0.023185;71;
8e2b0325-0292-4654-8a18-4f63ed3b0e09;2024-05-03T12:14:00Z;0.023195;0.02319;0.0232;0.023185;4523;
8e2b0325-0292-4654-8a18-4f63ed3b0e09;2024-05-03T12:15:00Z;0.02319;0.023185;0.02319;0.023185;675;
8e2b0325-0292-4654-8a18-4f63ed3b0e09;2024-05-03T12:16:00Z;0.02319;0.02319;0.02319;0.023185;40;
8e2b0325-0292-4654-8a18-4f63ed3b0e09;2024-05-03T12:17:00Z;0.02319;0.02319;0.02319;0.023185;46;
8e2b0325-0292-4654-8a18-4f63ed3b0e09;2024-05-03T12:18:00Z;0.02319;0.023195;0.023195;0.023185;637;
8e2b0325-0292-4654-8a18-4f63ed3b0e09;2024-05-03T12:19:00Z;0.02319;0.02319;0.023195;0.02319;659;
8e2b0325-0292-4654-8a18-4f63ed3b0e09;2024-05-03T12:20:00Z;0.023195;0.023195;0.023195;0.02319;512;
8e2b0325-0292-4654-8a18-4f63ed3b0e09;2024-05-03T12:21:00Z;0.02319;0.023195;0.023195;0.02319;2154;
8e2b0325-0292-4654-8a18-4f63ed3b0e09;2024-05-03T12:22:00Z;0.023195;0.02319;0.023195;0.02319;1942;
8e2b0325-0292-4654-8a18-4f63ed3b0e09;2024-05-03T12:23:00Z;0.02319;0.023185;0.023195;0.023185;4489;
8e2b0325-0292-4654-8a18-4f63ed3b0e09;2024-05-03T12:24:00Z;0.02319;0.023195;0.023195;0.02319;2720;
8e2b0325-0292-4654-8a18-4f63ed3b0e09;2024-05-03T12:25:00Z;0.0232;0.0232;0.023205;0.023195;13577;
8e2b0325-0292-4654-8a18-4f63ed3b0e09;2024-05-03T12:26:00Z;0.0232;0.023205;0.023205;0.0232;13482;
8e2b0325-0292-4654-8a18-4f63ed3b0e09;2024-05-03T12:27:00Z;0.023205;0.023205;0.023205;0.0232;122;
8e2b0325-0292-4654-8a18-4f63ed3b0e09;2024-05-03T12:28:00Z;0.023205;0.023205;0.023205;0.0232;716;
8e2b0325-0292-4654-8a18-4f63ed3b0e09;2024-05-03T12:29:00Z;0.0232;0.023195;0.023205;0.023195;1675;
8e2b0325-0292-4654-8a18-4f63ed3b0e09;2024-05-03T12:30:00Z;0.023195;0.023205;0.023215;0.023195;55288;
8e2b0325-0292-4654-8a18-4f63ed3b0e09;2024-05-03T12:31:00Z;0.023205;0.02321;0.02321;0.023205;1207;
8e2b0325-0292-4654-8a18-4f63ed3b0e09;2024-05-03T12:32:00Z;0.02321;0.02321;0.02321;0.023205;367;
8e2b0325-0292-4654-8a18-4f63ed3b0e09;2024-05-03T12:33:00Z;0.02321;0.023205;0.02321;0.023205;1500;
8e2b0325-0292-4654-8a18-4f63ed3b0e09;2024-05-03T12:34:00Z;0.023205;0.02321;0.02321;0.023205;154;
8e2b0325-0292-4654-8a18-4f63ed3b0e09;2024-05-03T12:35:00Z;0.02321;0.023215;0.023215;0.023205;598;
8e2b0325-0292-4654-8a18-4f63ed3b0e09;2024-05-03T12:36:00Z;0.02321;0.023215;0.023215;0.02321;585;
8e2b0325-0292-4654-8a18-4f63ed3b0e09;2024-05-03T12:37:00Z;0.023215;0.023215;0.02322;0.02321;2942;
8e2b0325-0292-4654-8a18-4f63ed3b0e09;2024-05-03T12:38:00Z;0.02322;0.023225;0.023225;0.023215;15762;
8e2b0325-0292-4654-8a18-4f63ed3b0e09;2024-05-03T12:39:00Z;0.02322;0.023225;0.02323;0.02322;5910;
8e2b0325-0292-4654-8a18-4f63ed3b0e09;2024-05-03T12:40:00Z;0.02323;0.02323;0.02323;0.02322;2222;
8e2b0325-0292-4654-8a18-4f63ed3b0e09;2024-05-03T12:41:00Z;0.02323;0.023225;0.02323;0.02322;1745;
8e2b0325-0292-4654-8a18-4f63ed3b0e09;2024-05-03T12:42:00Z;0.023225;0.02323;0.02323;0.023225;15787;
8e2b0325-0292-4654-8a18-4f63ed3b0e09;2024-05-03T12:43:00Z;0.02323;0.02319;0.02323;0.02319;51709;
8e2b0325-0292-4654-8a18-4f63ed3b0e09;2024-05-03T12:44:00Z;0.023195;0.02321;0.02321;0.02319;1599;
8e2b0325-0292-4654-8a18-4f63ed3b0e09;2024-05-03T12:45:00Z;0.023205;0.02321;0.02321;0.023205;52;
8e2b0325-0292-4654-8a18-4f63ed3b0e09;2024-05-03T12:46:00Z;0.023205;0.023205;0.02321;0.0232;14476;
8e2b0325-0292-4654-8a18-4f63ed3b0e09;2024-05-03T12:47:00Z;0.0232;0.023205;0.023205;0.0232;1888;
8e2b0325-0292-4654-8a18-4f63ed3b0e09;2024-05-03T12:48:00Z;0.0232;0.0232;0.02321;0.0232;6088;
8e2b0325-0292-4654-8a18-4f63ed3b0e09;2024-05-03T12:49:00Z;0.023205;0.023195;0.023205;0.02318;19673;
8e2b0325-0292-4654-8a18-4f63ed3b0e09;2024-05-03T12:50:00Z;0.023195;0.023185;0.023195;0.023175;30831;
8e2b0325-0292-4654-8a18-4f63ed3b0e09;2024-05-03T12:51:00Z;0.023185;0.02317;0.0232;0.02316;30398;
8e2b0325-0292-4654-8a18-4f63ed3b0e09;2024-05-03T12:52:00Z;0.02317;0.02317;0.02317;0.023145;24004;
8e2b0325-0292-4654-8a18-4f63ed3b0e09;2024-05-03T12:53:00Z;0.023165;0.023165;0.023165;0.02312;116486;
8e2b0325-0292-4654-8a18-4f63ed3b0e09;2024-05-03T12:54:00Z;0.023165;0.02317;0.02317;0.02316;5246;
8e2b0325-0292-4654-8a18-4f63ed3b0e09;2024-05-03T12:55:00Z;0.02317;0.02317;0.023175;0.023165;1615;
8e2b0325-0292-4654-8a18-4f63ed3b0e09;2024-05-03T12:56:00Z;0.023165;0.02317;0.02317;0.023165;5385;
8e2b0325-0292-4654-8a18-4f63ed3b0e09;2024-05-03T12:57:00Z;0.023165;0.02318;0.02318;0.023165;3631;
8e2b0325-0292-4654-8a18-4f63ed3b0e09;2024-05-03T12:58:00Z;0.02318;0.02318;0.02318;0.023175;3878;
8e2b0325-0292-4654-8a18-4f63ed3b0e09;2024-05-03T12:59:00Z;0.02318;0.02318;0.023185;0.02318;2264;
8e2b0325-0292-4654-8a18-4f63ed3b0e09;2024-05-03T13:00:00Z;0.023185;0.023185;0.02319;0.023175;6250;
8e2b0325-0292-4654-8a18-4f63ed3b0e09;2024-05-03T13:01:00Z;0.023185;0.023185;0.023185;0.02318;449;
8e2b0325-0292-4654-8a18-4f63ed3b0e09;2024-05-03T13:02:00Z;0.023185;0.023185;0.023185;0.02318;1477;
8e2b0325-0292-4654-8a18-4f63ed3b0e09;2024-05-03T13:03:00Z;0.023185;0.02319;0.02319;0.02318;7706;
8e2b0325-0292-4654-8a18-4f63ed3b0e09;2024-05-03T13:04:00Z;0.02319;0.023185;0.023195;0.023185;7959;
8e2b0325-0292-4654-8a18-4f63ed3b0e09;2024-05-03T13:05:00Z;0.023185;0.023175;0.023185;0.023175;1840;
8e2b0325-0292-4654-8a18-4f63ed3b0e09;2024-05-03T13:06:00Z;0.02318;0.02319;0.02319;0.023175;5817;
8e2b0325-0292-4654-8a18-4f63ed3b0e09;2024-05-03T13:07:00Z;0.023185;0.02318;0.02319;0.023175;2846;
8e2b0325-0292-4654-8a18-4f63ed3b0e09;2024-05-03T13:08:00Z;0.02318;0.02316;0.02319;0.02316;21935;
8e2b0325-0292-4654-8a18-4f63ed3b0e09;2024-05-03T13:09:00Z;0.02317;0.023165;0.023175;0.02316;2752;
8e2b0325-0292-4654-8a18-4f63ed3b0e09;2024-05-03T13:10:00Z;0.02317;0.023185;0.023185;0.023165;3867;
8e2b0325-0292-4654-8a18-4f63ed3b0e09;2024-05-03T13:11:00Z;0.023185;0.023175;0.023185;0.023175;616;
8e2b0325-0292-4654-8a18-4f63ed3b0e09;2024-05-03T13:12:00Z;0.023185;0.02318;0.023185;0.023175;2187;
8e2b0325-0292-4654-8a18-4f63ed3b0e09;2024-05-03T13:13:00Z;0.023175;0.02317;0.02318;0.02316;2738;
8e2b0325-0292-4654-8a18-4f63ed3b0e09;2024-05-03T13:14:00Z;0.02316;0.023175;0.023175;0.02316;2251;
8e2b0325-0292-4654-8a18-4f63ed3b0e09;2024-05-03T13:15:00Z;0.023175;0.02318;0.02318;0.023165;4029;
8e2b0325-0292-4654-8a18-4f63ed3b0e09;2024-05-03T13:16:00Z;0.02318;0.02317;0.02318;0.02317;1257;
8e2b0325-0292-4654-8a18-4f63ed3b0e09;2024-05-03T13:17:00Z;0.02318;0.023185;0.023185;0.023175;840;
8e2b0325-0292-4654-8a18-4f63ed3b0e09;2024-05-03T13:18:00Z;0.023175;0.023175;0.023175;0.02316;3148;
8e2b0325-0292-4654-8a18-4f63ed3b0e09;2024-05-03T13:19:00Z;0.02317;0.02317;0.023175;0.02316;4490;
8e2b0325-0292-4654-8a18-4f63ed3b0e09;2024-05-03T13:20:00Z;0.023165;0.023175;0.023175;0.023165;1499;
8e2b0325-0292-4654-8a18-4f63ed3b0e09;2024-05-03T13:21:00Z;0.023165;0.02317;0.023175;0.023165;1720;
8e2b0325-0292-4654-8a18-4f63ed3b0e09;2024-05-03T13:22:00Z;0.023175;0.02317;0.02318;0.02317;5576;
8e2b0325-0292-4654-8a18-4f63ed3b0e09;2024-05-03T13:23:00Z;0.02317;0.02317;0.023175;0.023165;6512;
8e2b0325-0292-4654-8a18-4f63ed3b0e09;2024-05-03T13:24:00Z;0.02317;0.023175;0.023175;0.023165;784;
8e2b0325-0292-4654-8a18-4f63ed3b0e09;2024-05-03T13:25:00Z;0.02317;0.023175;0.02318;0.02317;664;
8e2b0325-0292-4654-8a18-4f63ed3b0e09;2024-05-03T13:26:00Z;0.023175;0.02317;0.02318;0.02317;1072;
8e2b0325-0292-4654-8a18-4f63ed3b0e09;2024-05-03T13:27:00Z;0.023175;0.02316;0.023175;0.02316;1185;
8e2b0325-0292-4654-8a18-4f63ed3b0e09;2024-05-03T13:28:00Z;0.023175;0.023175;0.023175;0.023165;372;
8e2b0325-0292-4654-8a18-4f63ed3b0e09;2024-05-03T13:29:00Z;0.023175;0.023175;0.02318;0.02317;693;
8e2b0325-0292-4654-8a18-4f63ed3b0e09;2024-05-03T13:30:00Z;0.023175;0.023175;0.02318;0.023165;1080;
8e2b0325-0292-4654-8a18-4f63ed3b0e09;2024-05-03T13:31:00Z;0.023175;0.023175;0.02318;0.02317;2307;
8e2b0325-0292-4654-8a18-4f63ed3b0e09;2024-05-03T13:32:00Z;0.02317;0.02317;0.023175;0.023165;1761;
8e2b0325-0292-4654-8a18-4f63ed3b0e09;2024-05-03T13:33:00Z;0.023175;0.023175;0.02318;0.02317;992;
8e2b0325-0292-4654-8a18-4f63ed3b0e09;2024-05-03T13:34:00Z;0.02317;0.023175;0.023175;0.02317;200;
8e2b0325-0292-4654-8a18-4f63ed3b0e09;2024-05-03T13:35:00Z;0.023175;0.02317;0.023175;0.023165;777;
8e2b0325-0292-4654-8a18-4f63ed3b0e09;2024-05-03T13:36:00Z;0.02317;0.02316;0.02317;0.02316;4193;
8e2b0325-0292-4654-8a18-4f63ed3b0e09;2024-05-03T13:37:00Z;0.023155;0.02316;0.02316;0.023155;246;
8e2b0325-0292-4654-8a18-4f63ed3b0e09;2024-05-03T13:38:00Z;0.023155;0.02316;0.02316;0.023155;413;
8e2b0325-0292-4654-8a18-4f63ed3b0e09;2024-05-03T13:39:00Z;0.02316;0.02316;0.02316;0.023145;13376;
8e2b0325-0292-4654-8a18-4f63ed3b0e09;2024-05-03T13:40:00Z;0.023155;0.02315;0.02316;0.02315;8788;
8e2b0325-0292-4654-8a18-4f63ed3b0e09;2024-05-03T13:41:00Z;0.023155;0.02316;0.02316;0.02314;10843;
8e2b0325-0292-4654-8a18-4f63ed3b0e09;2024-05-03T13:42:00Z;0.02316;0.02316;0.023165;0.023155;680;
8e2b0325-0292-4654-8a18-4f63ed3b0e09;2024-05-03T13:43:00Z;0.023155;0.02316;0.02317;0.023155;5247;
8e2b0325-0292-4654-8a18-4f63ed3b0e09;2024-05-03T13:44:00Z;0.02317;0.02317;0.02317;0.02316;1390;
8e2b0325-0292-4654-8a18-4f63ed3b0e09;2024-05-03T13:45:00Z;0.023165;0.023165;0.02317;0.023165;1551;
8e2b0325-0292-4654-8a18-4f63ed3b0e09;2024-05-03T13:46:00Z;0.02317;0.023155;0.02317;0.023155;5603;
8e2b0325-0292-4654-8a18-4f63ed3b0e09;2024-05-03T13:47:00Z;0.02316;0.023115;0.02316;0.0231;107888;
8e2b0325-0292-4654-8a18-4f63ed3b0e09;2024-05-03T13:48:00Z;0.023115;0.023135;0.023135;0.023095;48896;
8e2b0325-0292-4654-8a18-4f63ed3b0e09;2024-05-03T13:49:00Z;0.023135;0.02314;0.02314;0.02313;571;
8e2b0325-0292-4654-8a18-4f63ed3b0e09;2024-05-03T13:50:00Z;0.02314;0.02313;0.02314;0.023115;3956;
8e2b0325-0292-4654-8a18-4f63ed3b0e09;2024-05-03T13:51:00Z;0.02313;0.023155;0.02316;0.02312;43627;
8e2b0325-0292-4654-8a18-4f63ed3b0e09;2024-05-03T13:52:00Z;0.02316;0.02313;0.02316;0.02313;11462;
8e2b0325-0292-4654-8a18-4f63ed3b0e09;2024-05-03T13:53:00Z;0.02313;0.02313;0.023155;0.023125;25202;
8e2b0325-0292-4654-8a18-4f63ed3b0e09;2024-05-03T13:54:00Z;0.023135;0.023135;0.023135;0.023125;5031;
8e2b0325-0292-4654-8a18-4f63ed3b0e09;2024-05-03T13:55:00Z;0.023135;0.02313;0.023135;0.02313;1354;
8e2b0325-0292-4654-8a18-4f63ed3b0e09;2024-05-03T13:56:00Z;0.023135;0.02315;0.02315;0.02313;1138;
8e2b0325-0292-4654-8a18-4f63ed3b0e09;2024-05-03T13:57:00Z;0.02315;0.023155;0.02316;0.02315;4337;
8e2b0325-0292-4654-8a18-4f63ed3b0e09;2024-05-03T13:58:00Z;0.023155;0.02316;0.02316;0.023155;2723;
8e2b0325-0292-4654-8a18-4f63ed3b0e09;2024-05-03T13:59:00Z;0.02316;0.023155;0.02316;0.023155;338;
8e2b0325-0292-4654-8a18-4f63ed3b0e09;2024-05-03T14:00:00Z;0.02316;0.02316;0.02316;0.023155;7512;
8e2b0325-0292-4654-8a18-4f63ed3b0e09;2024-05-03T14:01:00Z;0.02316;0.02316;0.02316;0.023155;1281;
8e2b0325-0292-4654-8a18-4f63ed3b0e09;2024-05-03T14:02:00Z;0.02316;0.023155;0.02316;0.02315;1029;
8e2b0325-0292-4654-8a18-4f63ed3b0e09;2024-05-03T14:03:00Z;0.023155;0.023135;0.023155;0.023135;4631;
8e2b0325-0292-4654-8a18-4f63ed3b0e09;2024-05-03T14:04:00Z;0.023135;0.02315;0.02315;0.023135;1451;
8e2b0325-0292-4654-8a18-4f63ed3b0e09;2024-05-03T14:05:00Z;0.02315;0.02314;0.02315;0.023135;3097;
8e2b0325-0292-4654-8a18-4f63ed3b0e09;2024-05-03T14:06:00Z;0.023135;0.023135;0.02315;0.023135;6694;
8e2b0325-0292-4654-8a18-4f63ed3b0e09;2024-05-03T14:07:00Z;0.023145;0.02317;0.02317;0.023135;30086;
8e2b0325-0292-4654-8a18-4f63ed3b0e09;2024-05-03T14:08:00Z;0.02317;0.02316;0.02317;0.02316;1620;
8e2b0325-0292-4654-8a18-4f63ed3b0e09;2024-05-03T14:09:00Z;0.023165;0.023165;0.023165;0.02316;741;
8e2b0325-0292-4654-8a18-4f63ed3b0e09;2024-05-03T14:10:00Z;0.023165;0.02316;0.023165;0.02316;3242;
8e2b0325-0292-4654-8a18-4f63ed3b0e09;2024-05-03T14:11:00Z;0.023165;0.023165;0.02317;0.02316;4620;
8e2b0325-0292-4654-8a18-4f63ed3b0e09;2024-05-03T14:12:00Z;0.02316;0.023165;0.023165;0.02316;339;
8e2b0325-0292-4654-8a18-4f63ed3b0e09;2024-05-03T14:13:00Z;0.023165;0.02316;0.023165;0.023155;780;
8e2b0325-0292-4654-8a18-4f63ed3b0e09;2024-05-03T14:14:00Z;0.02316;0.023155;0.02316;0.023155;2455;
8e2b0325-0292-4654-8a18-4f63ed3b0e09;2024-05-03T14:15:00Z;0.02316;0.023155;0.02316;0.02315;737;
8e2b0325-0292-4654-8a18-4f63ed3b0e09;2024-05-03T14:16:00Z;0.023155;0.023155;0.023155;0.02315;451;
8e2b0325-0292-4654-8a18-4f63ed3b0e09;2024-05-03T14:17:00Z;0.023155;0.023155;0.02316;0.02315;345;
8e2b0325-0292-4654-8a18-4f63ed3b0e09;2024-05-03T14:18:00Z;0.02315;0.023155;0.023155;0.023145;3225;
8e2b0325-0292-4654-8a18-4f63ed3b0e09;2024-05-03T14:19:00Z;0.023155;0.02315;0.023155;0.02315;101;
8e2b0325-0292-4654-8a18-4f63ed3b0e09;2024-05-03T14:20:00Z;0.023155;0.02315;0.023155;0.02315;263;
8e2b0325-0292-4654-8a18-4f63ed3b0e09;2024-05-03T14:21:00Z;0.02315;0.02315;0.023155;0.02315;3639;
8e2b0325-0292-4654-8a18-4f63ed3b0e09;2024-05-03T14:22:00Z;0.023155;0.02316;0.023165;0.023155;5028;
8e2b0325-0292-4654-8a18-4f63ed3b0e09;2024-05-03T14:23:00Z;0.023165;0.023165;0.023165;0.02316;24;
8e2b0325-0292-4654-8a18-4f63ed3b0e09;2024-05-03T14:24:00Z;0.02316;0.023155;0.023165;0.02315;1992;
8e2b0325-0292-4654-8a18-4f63ed3b0e09;2024-05-03T14:25:00Z;0.02316;0.02316;0.02316;0.023155;147;
8e2b0325-0292-4654-8a18-4f63ed3b0e09;2024-05-03T14:26:00Z;0.02316;0.02316;0.02316;0.023155;741;
8e2b0325-0292-4654-8a18-4f63ed3b0e09;2024-05-03T14:27:00Z;0.02316;0.02315;0.02316;0.02315;1547;
8e2b0325-0292-4654-8a18-4f63ed3b0e09;2024-05-03T14:28:00Z;0.02316;0.02316;0.02316;0.02315;863;
8e2b0325-0292-4654-8a18-4f63ed3b0e09;2024-05-03T14:29:00Z;0.023155;0.02316;0.02316;0.023155;192;
8e2b0325-0292-4654-8a18-4f63ed3b0e09;2024-05-03T14:30:00Z;0.02316;0.02316;0.02316;0.023155;456;
8e2b0325-0292-4654-8a18-4f63ed3b0e09;2024-05-03T14:31:00Z;0.023155;0.023165;0.023165;0.023155;1323;
8e2b0325-0292-4654-8a18-4f63ed3b0e09;2024-05-03T14:32:00Z;0.02316;0.023165;0.02317;0.023155;1397;
8e2b0325-0292-4654-8a18-4f63ed3b0e09;2024-05-03T14:33:00Z;0.023165;0.023165;0.02317;0.02316;1162;
8e2b0325-0292-4654-8a18-4f63ed3b0e09;2024-05-03T14:34:00Z;0.023165;0.02316;0.023165;0.023155;359;
8e2b0325-0292-4654-8a18-4f63ed3b0e09;2024-05-03T14:35:00Z;0.023165;0.02316;0.023165;0.023155;152;
8e2b0325-0292-4654-8a18-4f63ed3b0e09;2024-05-03T14:36:00Z;0.023155;0.023155;0.023165;0.023155;296;
8e2b0325-0292-4654-8a18-4f63ed3b0e09;2024-05-03T14:37:00Z;0.023155;0.023155;0.02316;0.023155;95;
8e2b0325-0292-4654-8a18-4f63ed3b0e09;2024-05-03T14:38:00Z;0.02316;0.023155;0.02316;0.023155;497;
8e2b0325-0292-4654-8a18-4f63ed3b0e09;2024-05-03T14:39:00Z;0.02316;0.02316;0.02316;0.02315;2291;
8e2b0325-0292-4654-8a18-4f63ed3b0e09;2024-05-03T14:40:00Z;0.02316;0.02316;0.02316;0.023155;53;
8e2b0325-0292-4654-8a18-4f63ed3b0e09;2024-05-03T14:41:00Z;0.02316;0.023155;0.02317;0.023155;5879;
8e2b0325-0292-4654-8a18-4f63ed3b0e09;2024-05-03T14:42:00Z;0.02316;0.02316;0.02316;0.02315;1128;
8e2b0325-0292-4654-8a18-4f63ed3b0e09;2024-05-03T14:43:00Z;0.02316;0.023165;0.023165;0.023155;1628;
8e2b0325-0292-4654-8a18-4f63ed3b0e09;2024-05-03T14:44:00Z;0.023165;0.023165;0.02317;0.023155;961;
8e2b0325-0292-4654-8a18-4f63ed3b0e09;2024-05-03T14:45:00Z;0.023165;0.023175;0.023175;0.02316;9603;
8e2b0325-0292-4654-8a18-4f63ed3b0e09;2024-05-03T14:46:00Z;0.02317;0.023175;0.023175;0.023165;3490;
8e2b0325-0292-4654-8a18-4f63ed3b0e09;2024-05-03T14:47:00Z;0.023175;0.023175;0.023175;0.02317;639;
8e2b0325-0292-4654-8a18-4f63ed3b0e09;2024-05-03T14:48:00Z;0.023175;0.02317;0.02318;0.023165;4734;
8e2b0325-0292-4654-8a18-4f63ed3b0e09;2024-05-03T14:49:00Z;0.02317;0.023175;0.02318;0.02317;6195;
8e2b0325-0292-4654-8a18-4f63ed3b0e09;2024-05-03T14:50:00Z;0.02318;0.02318;0.02318;0.02317;1340;
8e2b0325-0292-4654-8a18-4f63ed3b0e09;2024-05-03T14:51:00Z;0.023175;0.023185;0.023185;0.02317;5119;
8e2b0325-0292-4654-8a18-4f63ed3b0e09;2024-05-03T14:52:00Z;0.02317;0.02318;0.02318;0.02317;127;
8e2b0325-0292-4654-8a18-4f63ed3b0e09;2024-05-03T14:53:00Z;0.02318;0.02318;0.02318;0.02317;588;
8e2b0325-0292-4654-8a18-4f63ed3b0e09;2024-05-03T14:54:00Z;0.023175;0.023185;0.023185;0.023175;893;
8e2b0325-0292-4654-8a18-4f63ed3b0e09;2024-05-03T14:55:00Z;0.02318;0.02318;0.023185;0.023175;510;
8e2b0325-0292-4654-8a18-4f63ed3b0e09;2024-05-03T14:56:00Z;0.023175;0.023185;0.023185;0.02317;3962;
8e2b0325-0292-4654-8a18-4f63ed3b0e09;2024-05-03T14:57:00Z;0.023175;0.023185;0.023185;0.023175;3493;
8e2b0325-0292-4654-8a18-4f63ed3b0e09;2024-05-03T14:58:00Z;0.023185;0.023185;0.023185;0.02318;298;
8e2b0325-0292-4654-8a18-4f63ed3b0e09;2024-05-03T14:59:00Z;0.023185;0.023185;0.023185;0.02318;106;
8e2b0325-0292-4654-8a18-4f63ed3b0e09;2024-05-03T15:00:00Z;0.023185;0.023185;0.023185;0.02318;427;
8e2b0325-0292-4654-8a18-4f63ed3b0e09;2024-05-03T15:01:00Z;0.023185;0.02318;0.023185;0.02318;1506;
8e2b0325-0292-4654-8a18-4f63ed3b0e09;2024-05-03T15:02:00Z;0.02318;0.023185;0.023185;0.02318;4906;
8e2b0325-0292-4654-8a18-4f63ed3b0e09;2024-05-03T15:03:00Z;0.02319;0.02319;0.02319;0.023185;2174;
8e2b0325-0292-4654-8a18-4f63ed3b0e09;2024-05-03T15:04:00Z;0.02319;0.02319;0.02319;0.023185;4061;
8e2b0325-0292-4654-8a18-4f63ed3b0e09;2024-05-03T15:05:00Z;0.02319;0.02319;0.023195;0.023185;2469;
8e2b0325-0292-4654-8a18-4f63ed3b0e09;2024-05-03T15:06:00Z;0.023185;0.02318;0.023185;0.023175;11422;
8e2b0325-0292-4654-8a18-4f63ed3b0e09;2024-05-03T15:07:00Z;0.02318;0.02319;0.02319;0.023175;2950;
8e2b0325-0292-4654-8a18-4f63ed3b0e09;2024-05-03T15:08:00Z;0.023185;0.02319;0.02319;0.023185;488;
8e2b0325-0292-4654-8a18-4f63ed3b0e09;2024-05-03T15:09:00Z;0.023185;0.023175;0.02319;0.023175;1115;
8e2b0325-0292-4654-8a18-4f63ed3b0e09;2024-05-03T15:10:00Z;0.02318;0.023185;0.02319;0.02317;6348;
8e2b0325-0292-4654-8a18-4f63ed3b0e09;2024-05-03T15:11:00Z;0.023185;0.023185;0.02319;0.023175;2424;
8e2b0325-0292-4654-8a18-4f63ed3b0e09;2024-05-03T15:12:00Z;0.02318;0.02318;0.02319;0.023175;2449;
8e2b0325-0292-4654-8a18-4f63ed3b0e09;2024-05-03T15:13:00Z;0.023185;0.023185;0.02319;0.02318;1458;
8e2b0325-0292-4654-8a18-4f63ed3b0e09;2024-05-03T15:14:00Z;0.02319;0.023185;0.02319;0.02318;3845;
8e2b0325-0292-4654-8a18-4f63ed3b0e09;2024-05-03T15:15:00Z;0.02318;0.023185;0.02319;0.02318;4076;
8e2b0325-0292-4654-8a18-4f63ed3b0e09;2024-05-03T15:16:00Z;0.02318;0.023185;0.023185;0.02318;66;
8e2b0325-0292-4654-8a18-4f63ed3b0e09;2024-05-03T15:17:00Z;0.023185;0.02318;0.02319;0.02317;4333;
8e2b0325-0292-4654-8a18-4f63ed3b0e09;2024-05-03T15:18:00Z;0.023185;0.023185;0.023185;0.02318;129;
8e2b0325-0292-4654-8a18-4f63ed3b0e09;2024-05-03T15:19:00Z;0.023185;0.023175;0.023185;0.02317;5257;
8e2b0325-0292-4654-8a18-4f63ed3b0e09;2024-05-03T15:20:00Z;0.02318;0.023175;0.023185;0.02317;296;
8e2b0325-0292-4654-8a18-4f63ed3b0e09;2024-05-03T15:21:00Z;0.02318;0.023175;0.02318;0.02316;7616;
8e2b0325-0292-4654-8a18-4f63ed3b0e09;2024-05-03T15:22:00Z;0.023175;0.023175;0.02318;0.023165;763;
8e2b0325-0292-4654-8a18-4f63ed3b0e09;2024-05-03T15:23:00Z;0.023175;0.023175;0.023175;0.02317;139;
8e2b0325-0292-4654-8a18-4f63ed3b0e09;2024-05-03T15:24:00Z;0.023175;0.023175;0.023175;0.023165;229;
8e2b0325-0292-4654-8a18-4f63ed3b0e09;2024-05-03T15:25:00Z;0.023175;0.02316;0.023175;0.02315;8105;
8e2b0325-0292-4654-8a18-4f63ed3b0e09;2024-05-03T15:26:00Z;0.02316;0.023155;0.02316;0.023155;1332;
8e2b0325-0292-4654-8a18-4f63ed3b0e09;2024-05-03T15:27:00Z;0.023155;0.02316;0.02316;0.023155;557;
8e2b0325-0292-4654-8a18-4f63ed3b0e09;2024-05-03T15:28:00Z;0.02316;0.023155;0.02316;0.023155;405;
8e2b0325-0292-4654-8a18-4f63ed3b0e09;2024-05-03T15:29:00Z;0.02316;0.02316;0.02316;0.02315;2006;
8e2b0325-0292-4654-8a18-4f63ed3b0e09;2024-05-03T15:30:00Z;0.02316;0.023165;0.023165;0.023155;1207;
8e2b0325-0292-4654-8a18-4f63ed3b0e09;2024-05-03T15:31:00Z;0.023165;0.023155;0.023165;0.02315;1675;
8e2b0325-0292-4654-8a18-4f63ed3b0e09;2024-05-03T15:32:00Z;0.023155;0.023145;0.023165;0.023145;541;
8e2b0325-0292-4654-8a18-4f63ed3b0e09;2024-05-03T15:33:00Z;0.023155;0.023145;0.023155;0.023145;296;
8e2b0325-0292-4654-8a18-4f63ed3b0e09;2024-05-03T15:34:00Z;0.023145;0.023145;0.02315;0.023145;413;
8e2b0325-0292-4654-8a18-4f63ed3b0e09;2024-05-03T15:35:00Z;0.02315;0.023145;0.02315;0.023145;184;
8e2b0325-0292-4654-8a18-4f63ed3b0e09;2024-05-03T15:36:00Z;0.02315;0.02315;0.02315;0.023145;687;
8e2b0325-0292-4654-8a18-4f63ed3b0e09;2024-05-03T15:37:00Z;0.023145;0.023145;0.02315;0.023145;222;
8e2b0325-0292-4654-8a18-4f63ed3b0e09;2024-05-03T15:38:00Z;0.023145;0.02315;0.02315;0.023145;1314;
8e2b0325-0292-4654-8a18-4f63ed3b0e09;2024-05-03T15:39:00Z;0.02315;0.023175;0.023245;0.02315;185587;
8e2b0325-0292-4654-8a18-4f63ed3b0e09;2024-05-03T15:45:00Z;0.02313;0.02313;0.02313;0.02313;106562;
8e2b0325-0292-4654-8a18-4f63ed3b0e09;2024-05-03T15:46:00Z;0.02313;0.02313;0.02313;0.02313;18;
8e2b0325-0292-4654-8a18-4f63ed3b0e09;2024-05-03T15:47:00Z;0.02313;0.02313;0.02313;0.02313;14;
8e2b0325-0292-4654-8a18-4f63ed3b0e09;2024-05-03T15:48:00Z;0.02313;0.02313;0.02313;0.02313;111;
8e2b0325-0292-4654-8a18-4f63ed3b0e09;2024-05-03T15:49:00Z;0.02313;0.02313;0.02313;0.02313;100;
8e2b0325-0292-4654-8a18-4f63ed3b0e09;2024-05-03T16:04:00Z;0.023135;0.023135;0.023135;0.023135;843;
8e2b0325-0292-4654-8a18-4f63ed3b0e09;2024-05-03T16:05:00Z;0.02315;0.02316;0.023165;0.023135;7703;
8e2b0325-0292-4654-8a18-4f63ed3b0e09;2024-05-03T16:06:00Z;0.02316;0.02316;0.02316;0.023155;4019;
8e2b0325-0292-4654-8a18-4f63ed3b0e09;2024-05-03T16:07:00Z;0.02316;0.02318;0.02318;0.02315;20384;
8e2b0325-0292-4654-8a18-4f63ed3b0e09;2024-05-03T16:08:00Z;0.023175;0.02318;0.02318;0.023175;4513;
8e2b0325-0292-4654-8a18-4f63ed3b0e09;2024-05-03T16:09:00Z;0.02318;0.023175;0.02318;0.02317;433;
8e2b0325-0292-4654-8a18-4f63ed3b0e09;2024-05-03T16:10:00Z;0.02317;0.02317;0.023175;0.02317;2007;
8e2b0325-0292-4654-8a18-4f63ed3b0e09;2024-05-03T16:11:00Z;0.023175;0.023165;0.023175;0.023165;2272;
8e2b0325-0292-4654-8a18-4f63ed3b0e09;2024-05-03T16:12:00Z;0.02317;0.023165;0.02317;0.023165;177;
8e2b0325-0292-4654-8a18-4f63ed3b0e09;2024-05-03T16:13:00Z;0.023175;0.023175;0.023175;0.023165;154;
8e2b0325-0292-4654-8a18-4f63ed3b0e09;2024-05-03T16:14:00Z;0.023165;0.02317;0.023175;0.023165;195;
8e2b0325-0292-4654-8a18-4f63ed3b0e09;2024-05-03T16:15:00Z;0.02317;0.023165;0.02317;0.02316;1971;
8e2b0325-0292-4654-8a18-4f63ed3b0e09;2024-05-03T16:16:00Z;0.023165;0.023165;0.023165;0.023155;328;
8e2b0325-0292-4654-8a18-4f63ed3b0e09;2024-05-03T16:17:00Z;0.023155;0.02316;0.023165;0.02315;2188;
8e2b0325-0292-4654-8a18-4f63ed3b0e09;2024-05-03T16:18:00Z;0.023155;0.023155;0.02316;0.02315;2046;
8e2b0325-0292-4654-8a18-4f63ed3b0e09;2024-05-03T16:19:00Z;0.023155;0.02315;0.02316;0.02315;758;
8e2b0325-0292-4654-8a18-4f63ed3b0e09;2024-05-03T16:20:00Z;0.02315;0.02315;0.023155;0.02315;886;
8e2b0325-0292-4654-8a18-4f63ed3b0e09;2024-05-03T16:21:00Z;0.023155;0.023155;0.023155;0.02315;373;
8e2b0325-0292-4654-8a18-4f63ed3b0e09;2024-05-03T16:22:00Z;0.02315;0.023155;0.023155;0.02315;1135;
8e2b0325-0292-4654-8a18-4f63ed3b0e09;2024-05-03T16:23:00Z;0.02316;0.02315;0.02316;0.02315;127;
8e2b0325-0292-4654-8a18-4f63ed3b0e09;2024-05-03T16:24:00Z;0.02315;0.02315;0.02316;0.02315;3638;
8e2b0325-0292-4654-8a18-4f63ed3b0e09;2024-05-03T16:25:00Z;0.02315;0.02315;0.023155;0.02315;1419;
8e2b0325-0292-4654-8a18-4f63ed3b0e09;2024-05-03T16:26:00Z;0.02315;0.023155;0.023155;0.02315;298;
8e2b0325-0292-4654-8a18-4f63ed3b0e09;2024-05-03T16:27:00Z;0.023155;0.02316;0.02316;0.02315;659;
8e2b0325-0292-4654-8a18-4f63ed3b0e09;2024-05-03T16:28:00Z;0.02316;0.02315;0.02316;0.02315;94;
8e2b0325-0292-4654-8a18-4f63ed3b0e09;2024-05-03T16:29:00Z;0.02315;0.02315;0.02316;0.02315;2862;
8e2b0325-0292-4654-8a18-4f63ed3b0e09;2024-05-03T16:30:00Z;0.023155;0.02315;0.023155;0.02315;611;
8e2b0325-0292-4654-8a18-4f63ed3b0e09;2024-05-03T16:31:00Z;0.02315;0.02315;0.023155;0.023145;2083;
8e2b0325-0292-4654-8a18-4f63ed3b0e09;2024-05-03T16:32:00Z;0.023145;0.023145;0.02315;0.023145;277;
8e2b0325-0292-4654-8a18-4f63ed3b0e09;2024-05-03T16:33:00Z;0.02315;0.02314;0.02315;0.02314;511;
8e2b0325-0292-4654-8a18-4f63ed3b0e09;2024-05-03T16:34:00Z;0.023145;0.02314;0.023145;0.02314;2348;
8e2b0325-0292-4654-8a18-4f63ed3b0e09;2024-05-03T16:35:00Z;0.023145;0.02315;0.02315;0.02314;3002;
8e2b0325-0292-4654-8a18-4f63ed3b0e09;2024-05-03T16:36:00Z;0.02315;0.02315;0.02315;0.02314;225;
8e2b0325-0292-4654-8a18-4f63ed3b0e09;2024-05-03T16:37:00Z;0.02315;0.02315;0.02315;0.02314;1573;
8e2b0325-0292-4654-8a18-4f63ed3b0e09;2024-05-03T16:38:00Z;0.02315;0.02315;0.02315;0.02314;1741;
8e2b0325-0292-4654-8a18-4f63ed3b0e09;2024-05-03T16:39:00Z;0.02315;0.02315;0.02315;0.023145;246;
8e2b0325-0292-4654-8a18-4f63ed3b0e09;2024-05-03T16:40:00Z;0.023145;0.023145;0.02315;0.023145;1357;
8e2b0325-0292-4654-8a18-4f63ed3b0e09;2024-05-03T16:41:00Z;0.02314;0.023145;0.023145;0.02314;144;
8e2b0325-0292-4654-8a18-4f63ed3b0e09;2024-05-03T16:42:00Z;0.023145;0.02315;0.02315;0.02314;670;
8e2b0325-0292-4654-8a18-4f63ed3b0e09;2024-05-03T16:43:00Z;0.02315;0.02314;0.02315;0.02314;483;
8e2b0325-0292-4654-8a18-4f63ed3b0e09;2024-05-03T16:44:00Z;0.02315;0.023145;0.02315;0.023135;1649;
8e2b0325-0292-4654-8a18-4f63ed3b0e09;2024-05-03T16:45:00Z;0.02314;0.02314;0.02315;0.023135;1665;
8e2b0325-0292-4654-8a18-4f63ed3b0e09;2024-05-03T16:46:00Z;0.02314;0.023145;0.02315;0.02314;1405;
8e2b0325-0292-4654-8a18-4f63ed3b0e09;2024-05-03T16:47:00Z;0.02315;0.023155;0.023155;0.02315;3622;
8e2b0325-0292-4654-8a18-4f63ed3b0e09;2024-05-03T16:48:00Z;0.023155;0.023135;0.02316;0.023135;6096;
8e2b0325-0292-4654-8a18-4f63ed3b0e09;2024-05-03T16:49:00Z;0.023145;0.023135;0.023145;0.02313;5183;
8e2b0325-0292-4654-8a18-4f63ed3b0e09;2024-05-03T16:50:00Z;0.023145;0.023145;0.023145;0.023135;424;
8e2b0325-0292-4654-8a18-4f63ed3b0e09;2024-05-03T16:51:00Z;0.023135;0.02313;0.023145;0.02313;1756;
8e2b0325-0292-4654-8a18-4f63ed3b0e09;2024-05-03T16:52:00Z;0.02313;0.023135;0.023145;0.02313;600;
8e2b0325-0292-4654-8a18-4f63ed3b0e09;2024-05-03T16:53:00Z;0.02314;0.02314;0.02314;0.023135;117;
8e2b0325-0292-4654-8a18-4f63ed3b0e09;2024-05-03T16:54:00Z;0.02314;0.02314;0.02314;0.023135;236;
8e2b0325-0292-4654-8a18-4f63ed3b0e09;2024-05-03T16:55:00Z;0.023135;0.023135;0.02314;0.023135;2545;
8e2b0325-0292-4654-8a18-4f63ed3b0e09;2024-05-03T16:56:00Z;0.02313;0.023135;0.023135;0.02313;1948;
8e2b0325-0292-4654-8a18-4f63ed3b0e09;2024-05-03T16:57:00Z;0.023135;0.023135;0.023135;0.02313;2104;
8e2b0325-0292-4654-8a18-4f63ed3b0e09;2024-05-03T16:58:00Z;0.023135;0.02313;0.023135;0.02313;520;
8e2b0325-0292-4654-8a18-4f63ed3b0e09;2024-05-03T16:59:00Z;0.02313;0.02314;0.02314;0.02313;2541;
8e2b0325-0292-4654-8a18-4f63ed3b0e09;2024-05-03T17:00:00Z;0.02314;0.023135;0.02314;0.02313;810;
8e2b0325-0292-4654-8a18-4f63ed3b0e09;2024-05-03T17:01:00Z;0.023135;0.02313;0.023135;0.02313;881;
8e2b0325-0292-4654-8a18-4f63ed3b0e09;2024-05-03T17:02:00Z;0.02314;0.023135;0.02314;0.02313;406;
8e2b0325-0292-4654-8a18-4f63ed3b0e09;2024-05-03T17:03:00Z;0.023135;0.023135;0.023135;0.02313;1285;
8e2b0325-0292-4654-8a18-4f63ed3b0e09;2024-05-03T17:04:00Z;0.023135;0.023135;0.023135;0.02313;1556;
8e2b0325-0292-4654-8a18-4f63ed3b0e09;2024-05-03T17:05:00Z;0.02313;0.02313;0.023135;0.02313;192;
8e2b0325-0292-4654-8a18-4f63ed3b0e09;2024-05-03T17:06:00Z;0.02313;0.023135;0.023135;0.02313;227;
8e2b0325-0292-4654-8a18-4f63ed3b0e09;2024-05-03T17:07:00Z;0.023135;0.02313;0.023135;0.02313;1515;
8e2b0325-0292-4654-8a18-4f63ed3b0e09;2024-05-03T17:08:00Z;0.023135;0.023135;0.023135;0.02313;320;
8e2b0325-0292-4654-8a18-4f63ed3b0e09;2024-05-03T17:09:00Z;0.023135;0.02313;0.023135;0.02313;1110;
8e2b0325-0292-4654-8a18-4f63ed3b0e09;2024-05-03T17:10:00Z;0.023135;0.02313;0.023135;0.02313;2629;
8e2b0325-0292-4654-8a18-4f63ed3b0e09;2024-05-03T17:11:00Z;0.023135;0.02314;0.02314;0.02313;66;
8e2b0325-0292-4654-8a18-4f63ed3b0e09;2024-05-03T17:12:00Z;0.02314;0.02314;0.02314;0.023135;315;
8e2b0325-0292-4654-8a18-4f63ed3b0e09;2024-05-03T17:13:00Z;0.02314;0.02314;0.02314;0.02313;2465;
8e2b0325-0292-4654-8a18-4f63ed3b0e09;2024-05-03T17:14:00Z;0.02314;0.02314;0.02314;0.02313;87;
8e2b0325-0292-4654-8a18-4f63ed3b0e09;2024-05-03T17:15:00Z;0.02314;0.02314;0.02314;0.02313;312;
8e2b0325-0292-4654-8a18-4f63ed3b0e09;2024-05-03T17:16:00Z;0.02313;0.02313;0.02313;0.023125;8233;
8e2b0325-0292-4654-8a18-4f63ed3b0e09;2024-05-03T17:17:00Z;0.02313;0.02313;0.02313;0.023125;279;
8e2b0325-0292-4654-8a18-4f63ed3b0e09;2024-05-03T17:18:00Z;0.02313;0.023125;0.02313;0.023125;262;
8e2b0325-0292-4654-8a18-4f63ed3b0e09;2024-05-03T17:19:00Z;0.02313;0.02313;0.02313;0.023125;156;
8e2b0325-0292-4654-8a18-4f63ed3b0e09;2024-05-03T17:20:00Z;0.023125;0.023125;0.02313;0.023125;119;
8e2b0325-0292-4654-8a18-4f63ed3b0e09;2024-05-03T17:21:00Z;0.02313;0.02313;0.02313;0.023125;2185;
8e2b0325-0292-4654-8a18-4f63ed3b0e09;2024-05-03T17:22:00Z;0.02313;0.02313;0.02313;0.02313;115;
8e2b0325-0292-4654-8a18-4f63ed3b0e09;2024-05-03T17:23:00Z;0.023125;0.02313;0.02313;0.023125;233;
8e2b0325-0292-4654-8a18-4f63ed3b0e09;2024-05-03T17:24:00Z;0.023125;0.02313;0.02313;0.023125;186;
8e2b0325-0292-4654-8a18-4f63ed3b0e09;2024-05-03T17:25:00Z;0.023125;0.02313;0.02313;0.02312;6236;
8e2b0325-0292-4654-8a18-4f63ed3b0e09;2024-05-03T17:26:00Z;0.02312;0.023125;0.023135;0.023115;27280;
8e2b0325-0292-4654-8a18-4f63ed3b0e09;2024-05-03T17:27:00Z;0.023125;0.023135;0.023135;0.023115;6551;
8e2b0325-0292-4654-8a18-4f63ed3b0e09;2024-05-03T17:28:00Z;0.023135;0.02312;0.023135;0.02312;1882;
8e2b0325-0292-4654-8a18-4f63ed3b0e09;2024-05-03T17:29:00Z;0.023125;0.023125;0.023125;0.023115;31;
8e2b0325-0292-4654-8a18-4f63ed3b0e09;2024-05-03T17:30:00Z;0.02312;0.023125;0.023125;0.023115;27;
8e2b0325-0292-4654-8a18-4f63ed3b0e09;2024-05-03T17:31:00Z;0.02312;0.023125;0.023125;0.023115;506;
8e2b0325-0292-4654-8a18-4f63ed3b0e09;2024-05-03T17:32:00Z;0.023125;0.02312;0.023125;0.02311;15731;
8e2b0325-0292-4654-8a18-4f63ed3b0e09;2024-05-03T17:33:00Z;0.023115;0.02311;0.02312;0.02311;5668;
8e2b0325-0292-4654-8a18-4f63ed3b0e09;2024-05-03T17:34:00Z;0.02312;0.02312;0.02312;0.023105;5247;
8e2b0325-0292-4654-8a18-4f63ed3b0e09;2024-05-03T17:35:00Z;0.02312;0.02312;0.02312;0.02311;892;
8e2b0325-0292-4654-8a18-4f63ed3b0e09;2024-05-03T17:36:00Z;0.02312;0.023125;0.023125;0.02311;738;
8e2b0325-0292-4654-8a18-4f63ed3b0e09;2024-05-03T17:37:00Z;0.023125;0.023125;0.023125;0.023115;39;
8e2b0325-0292-4654-8a18-4f63ed3b0e09;2024-05-03T17:38:00Z;0.02312;0.02312;0.023125;0.023115;45;
8e2b0325-0292-4654-8a18-4f63ed3b0e09;2024-05-03T17:39:00Z;0.02312;0.02312;0.02312;0.023115;1352;
8e2b0325-0292-4654-8a18-4f63ed3b0e09;2024-05-03T17:40:00Z;0.02312;0.02312;0.02312;0.023115;1452;
8e2b0325-0292-4654-8a18-4f63ed3b0e09;2024-05-03T17:41:00Z;0.02312;0.023125;0.023125;0.02312;2842;
8e2b0325-0292-4654-8a18-4f63ed3b0e09;2024-05-03T17:42:00Z;0.02312;0.02312;0.023125;0.02312;2201;
8e2b0325-0292-4654-8a18-4f63ed3b0e09;2024-05-03T17:43:00Z;0.023125;0.023125;0.023125;0.02312;212;
8e2b0325-0292-4654-8a18-4f63ed3b0e09;2024-05-03T17:44:00Z;0.02312;0.02312;0.023125;0.02312;1534;
8e2b0325-0292-4654-8a18-4f63ed3b0e09;2024-05-03T17:45:00Z;0.023125;0.023125;0.023125;0.02312;808;
8e2b0325-0292-4654-8a18-4f63ed3b0e09;2024-05-03T17:46:00Z;0.02312;0.02312;0.023125;0.02312;2272;
8e2b0325-0292-4654-8a18-4f63ed3b0e09;2024-05-03T17:47:00Z;0.023125;0.023125;0.023125;0.02312;3364;
8e2b0325-0292-4654-8a18-4f63ed3b0e09;2024-05-03T17:48:00Z;0.023125;0.023125;0.023125;0.02312;261;
8e2b0325-0292-4654-8a18-4f63ed3b0e09;2024-05-03T17:49:00Z;0.023125;0.02313;0.02313;0.023125;5003;
8e2b0325-0292-4654-8a18-4f63ed3b0e09;2024-05-03T17:50:00Z;0.02313;0.02313;0.02313;0.023125;561;
8e2b0325-0292-4654-8a18-4f63ed3b0e09;2024-05-03T17:51:00Z;0.02313;0.023125;0.02313;0.023125;428;
8e2b0325-0292-4654-8a18-4f63ed3b0e09;2024-05-03T17:52:00Z;0.023125;0.023125;0.023125;0.02312;10121;
8e2b0325-0292-4654-8a18-4f63ed3b0e09;2024-05-03T17:53:00Z;0.023125;0.02312;0.023125;0.02312;1306;
8e2b0325-0292-4654-8a18-4f63ed3b0e09;2024-05-03T17:54:00Z;0.02312;0.023125;0.023125;0.02312;569;
8e2b0325-0292-4654-8a18-4f63ed3b0e09;2024-05-03T17:55:00Z;0.023125;0.023115;0.023125;0.0231;15565;
8e2b0325-0292-4654-8a18-4f63ed3b0e09;2024-05-03T17:56:00Z;0.023115;0.02312;0.02312;0.023105;38;
8e2b0325-0292-4654-8a18-4f63ed3b0e09;2024-05-03T17:57:00Z;0.02312;0.023105;0.02312;0.023105;259;
8e2b0325-0292-4654-8a18-4f63ed3b0e09;2024-05-03T17:58:00Z;0.02312;0.02311;0.02312;0.023105;284;
8e2b0325-0292-4654-8a18-4f63ed3b0e09;2024-05-03T17:59:00Z;0.023105;0.02311;0.023115;0.023105;162;
8e2b0325-0292-4654-8a18-4f63ed3b0e09;2024-05-03T18:00:00Z;0.023115;0.02312;0.02312;0.023105;424;
8e2b0325-0292-4654-8a18-4f63ed3b0e09;2024-05-03T18:01:00Z;0.02311;0.023105;0.02312;0.023105;578;
8e2b0325-0292-4654-8a18-4f63ed3b0e09;2024-05-03T18:02:00Z;0.02311;0.02311;0.02311;0.023105;637;
8e2b0325-0292-4654-8a18-4f63ed3b0e09;2024-05-03T18:03:00Z;0.023105;0.02311;0.02311;0.023105;127;
8e2b0325-0292-4654-8a18-4f63ed3b0e09;2024-05-03T18:04:00Z;0.02311;0.02311;0.02311;0.023105;277;
8e2b0325-0292-4654-8a18-4f63ed3b0e09;2024-05-03T18:05:00Z;0.02311;0.023105;0.02311;0.023105;2288;
8e2b0325-0292-4654-8a18-4f63ed3b0e09;2024-05-03T18:06:00Z;0.023105;0.0231;0.02311;0.0231;28072;
8e2b0325-0292-4654-8a18-4f63ed3b0e09;2024-05-03T18:07:00Z;0.0231;0.02311;0.02311;0.0231;1785;
8e2b0325-0292-4654-8a18-4f63ed3b0e09;2024-05-03T18:08:00Z;0.02311;0.02311;0.02311;0.023105;2384;
8e2b0325-0292-4654-8a18-4f63ed3b0e09;2024-05-03T18:09:00Z;0.02311;0.02311;0.02311;0.023105;1240;
8e2b0325-0292-4654-8a18-4f63ed3b0e09;2024-05-03T18:10:00Z;0.02311;0.023105;0.02311;0.023105;986;
8e2b0325-0292-4654-8a18-4f63ed3b0e09;2024-05-03T18:11:00Z;0.02311;0.02311;0.02311;0.023105;41;
8e2b0325-0292-4654-8a18-4f63ed3b0e09;2024-05-03T18:12:00Z;0.02311;0.02311;0.02311;0.023105;1251;
8e2b0325-0292-4654-8a18-4f63ed3b0e09;2024-05-03T18:13:00Z;0.02311;0.02311;0.023115;0.02311;722;
8e2b0325-0292-4654-8a18-4f63ed3b0e09;2024-05-03T18:14:00Z;0.02311;0.023115;0.023115;0.023105;4867;
8e2b0325-0292-4654-8a18-4f63ed3b0e09;2024-05-03T18:15:00Z;0.023115;0.023115;0.023115;0.02311;49;
8e2b0325-0292-4654-8a18-4f63ed3b0e09;2024-05-03T18:16:00Z;0.023115;0.023115;0.023115;0.02311;130;
8e2b0325-0292-4654-8a18-4f63ed3b0e09;2024-05-03T18:17:00Z;0.02311;0.023115;0.023115;0.02311;260;
8e2b0325-0292-4654-8a18-4f63ed3b0e09;2024-05-03T18:18:00Z;0.023115;0.023115;0.023115;0.02311;128;
8e2b0325-0292-4654-8a18-4f63ed3b0e09;2024-05-03T18:19:00Z;0.02311;0.023105;0.02311;0.023095;34535;
8e2b0325-0292-4654-8a18-4f63ed3b0e09;2024-05-03T18:20:00Z;0.023105;0.02309;0.023105;0.02309;8743;
8e2b0325-0292-4654-8a18-4f63ed3b0e09;2024-05-03T18:21:00Z;0.02309;0.023095;0.023095;0.02309;502;
8e2b0325-0292-4654-8a18-4f63ed3b0e09;2024-05-03T18:22:00Z;0.02309;0.02309;0.023095;0.023085;10943;
8e2b0325-0292-4654-8a18-4f63ed3b0e09;2024-05-03T18:23:00Z;0.023085;0.023095;0.023095;0.023085;2323;
8e2b0325-0292-4654-8a18-4f63ed3b0e09;2024-05-03T18:24:00Z;0.023095;0.023095;0.023095;0.02309;921;
8e2b0325-0292-4654-8a18-4f63ed3b0e09;2024-05-03T18:25:00Z;0.023095;0.023095;0.023095;0.02309;1495;
8e2b0325-0292-4654-8a18-4f63ed3b0e09;2024-05-03T18:26:00Z;0.02309;0.023105;0.023105;0.023085;9731;
8e2b0325-0292-4654-8a18-4f63ed3b0e09;2024-05-03T18:27:00Z;0.023105;0.0231;0.023105;0.023095;20;
8e2b0325-0292-4654-8a18-4f63ed3b0e09;2024-05-03T18:28:00Z;0.023095;0.02309;0.023095;0.02309;283;
8e2b0325-0292-4654-8a18-4f63ed3b0e09;2024-05-03T18:29:00Z;0.023095;0.023095;0.023095;0.02309;442;
8e2b0325-0292-4654-8a18-4f63ed3b0e09;2024-05-03T18:30:00Z;0.023095;0.023085;0.023095;0.02308;9362;
8e2b0325-0292-4654-8a18-4f63ed3b0e09;2024-05-03T18:31:00Z;0.02308;0.023085;0.02309;0.02308;619;
8e2b0325-0292-4654-8a18-4f63ed3b0e09;2024-05-03T18:32:00Z;0.023085;0.02309;0.02309;0.023085;370;
8e2b0325-0292-4654-8a18-4f63ed3b0e09;2024-05-03T18:33:00Z;0.023085;0.02309;0.02309;0.023085;1488;
8e2b0325-0292-4654-8a18-4f63ed3b0e09;2024-05-03T18:34:00Z;0.02309;0.023095;0.023095;0.023085;3287;
8e2b0325-0292-4654-8a18-4f63ed3b0e09;2024-05-03T18:35:00Z;0.023095;0.023085;0.023095;0.023085;188;
8e2b0325-0292-4654-8a18-4f63ed3b0e09;2024-05-03T18:36:00Z;0.023085;0.02309;0.02309;0.023085;285;
8e2b0325-0292-4654-8a18-4f63ed3b0e09;2024-05-03T18:37:00Z;0.02309;0.023085;0.02309;0.023085;655;
8e2b0325-0292-4654-8a18-4f63ed3b0e09;2024-05-03T18:38:00Z;0.023085;0.02309;0.02309;0.023085;73;
8e2b0325-0292-4654-8a18-4f63ed3b0e09;2024-05-03T18:39:00Z;0.02309;0.02309;0.02309;0.023085;276;
8e2b0325-0292-4654-8a18-4f63ed3b0e09;2024-05-03T18:40:00Z;0.02309;0.023095;0.023095;0.023085;1300;
8e2b0325-0292-4654-8a18-4f63ed3b0e09;2024-05-03T18:41:00Z;0.02309;0.023095;0.023095;0.02309;294;
8e2b0325-0292-4654-8a18-4f63ed3b0e09;2024-05-03T18:42:00Z;0.023095;0.02309;0.023095;0.02309;117;
8e2b0325-0292-4654-8a18-4f63ed3b0e09;2024-05-03T18:43:00Z;0.023095;0.023095;0.023095;0.02309;512;
8e2b0325-0292-4654-8a18-4f63ed3b0e09;2024-05-03T18:44:00Z;0.023095;0.02309;0.023095;0.023085;285;
8e2b0325-0292-4654-8a18-4f63ed3b0e09;2024-05-03T18:45:00Z;0.02309;0.02309;0.02309;0.023085;242;
8e2b0325-0292-4654-8a18-4f63ed3b0e09;2024-05-03T18:46:00Z;0.02309;0.023095;0.023095;0.023085;2313;
8e2b0325-0292-4654-8a18-4f63ed3b0e09;2024-05-03T18:47:00Z;0.023095;0.023075;0.023095;0.02307;20920;
8e2b0325-0292-4654-8a18-4f63ed3b0e09;2024-05-03T18:48:00Z;0.02309;0.023085;0.02309;0.02308;263;
8e2b0325-0292-4654-8a18-4f63ed3b0e09;2024-05-03T18:49:00Z;0.02309;0.023095;0.023095;0.023085;248;
8e2b0325-0292-4654-8a18-4f63ed3b0e09;2024-05-03T18:50:00Z;0.023095;0.023095;0.023095;0.02309;1161;
8e2b0325-0292-4654-8a18-4f63ed3b0e09;2024-05-03T18:51:00Z;0.023095;0.023095;0.023095;0.023095;8;
8e2b0325-0292-4654-8a18-4f63ed3b0e09;2024-05-03T18:52:00Z;0.023095;0.0231;0.023105;0.023095;16776;
8e2b0325-0292-4654-8a18-4f63ed3b0e09;2024-05-03T18:53:00Z;0.0231;0.023085;0.0231;0.02308;10313;
8e2b0325-0292-4654-8a18-4f63ed3b0e09;2024-05-03T18:54:00Z;0.023095;0.023085;0.023095;0.023085;110;
8e2b0325-0292-4654-8a18-4f63ed3b0e09;2024-05-03T18:55:00Z;0.02309;0.023065;0.023095;0.023;279019;
8e2b0325-0292-4654-8a18-4f63ed3b0e09;2024-05-03T18:56:00Z;0.023065;0.023065;0.02307;0.02306;7146;
8e2b0325-0292-4654-8a18-4f63ed3b0e09;2024-05-03T18:57:00Z;0.023065;0.02306;0.023065;0.02306;2334;
8e2b0325-0292-4654-8a18-4f63ed3b0e09;2024-05-03T18:58:00Z;0.023065;0.023095;0.023095;0.023065;29723;
8e2b0325-0292-4654-8a18-4f63ed3b0e09;2024-05-03T18:59:00Z;0.02309;0.02308;0.02309;0.023075;10927;
8e2b0325-0292-4654-8a18-4f63ed3b0e09;2024-05-03T19:00:00Z;0.02308;0.023085;0.02309;0.023075;5582;
8e2b0325-0292-4654-8a18-4f63ed3b0e09;2024-05-03T19:01:00Z;0.023075;0.023075;0.02309;0.02307;6296;
8e2b0325-0292-4654-8a18-4f63ed3b0e09;2024-05-03T19:02:00Z;0.023085;0.023085;0.023085;0.02308;85;
8e2b0325-0292-4654-8a18-4f63ed3b0e09;2024-05-03T19:03:00Z;0.02308;0.02309;0.023095;0.02308;10068;
8e2b0325-0292-4654-8a18-4f63ed3b0e09;2024-05-03T19:04:00Z;0.02309;0.023085;0.0231;0.023085;10519;
8e2b0325-0292-4654-8a18-4f63ed3b0e09;2024-05-03T19:05:00Z;0.023085;0.023085;0.023085;0.02308;754;
8e2b0325-0292-4654-8a18-4f63ed3b0e09;2024-05-03T19:06:00Z;0.023085;0.02308;0.023085;0.02308;1063;
8e2b0325-0292-4654-8a18-4f63ed3b0e09;2024-05-03T19:07:00Z;0.023085;0.023085;0.023085;0.02308;123;
8e2b0325-0292-4654-8a18-4f63ed3b0e09;2024-05-03T19:08:00Z;0.023085;0.023085;0.023085;0.02308;117;
8e2b0325-0292-4654-8a18-4f63ed3b0e09;2024-05-03T19:09:00Z;0.02308;0.023085;0.023085;0.02308;3359;
8e2b0325-0292-4654-8a18-4f63ed3b0e09;2024-05-03T19:10:00Z;0.02308;0.023075;0.02308;0.02306;25444;
8e2b0325-0292-4654-8a18-4f63ed3b0e09;2024-05-03T19:11:00Z;0.02307;0.02304;0.023075;0.023025;95960;
8e2b0325-0292-4654-8a18-4f63ed3b0e09;2024-05-03T19:12:00Z;0.023045;0.02304;0.023045;0.023035;1837;
8e2b0325-0292-4654-8a18-4f63ed3b0e09;2024-05-03T19:13:00Z;0.02304;0.023045;0.02305;0.02304;7612;
8e2b0325-0292-4654-8a18-4f63ed3b0e09;2024-05-03T19:14:00Z;0.02305;0.02305;0.02305;0.023045;2625;
8e2b0325-0292-4654-8a18-4f63ed3b0e09;2024-05-03T19:15:00Z;0.02305;0.02306;0.02306;0.023045;3627;
8e2b0325-0292-4654-8a18-4f63ed3b0e09;2024-05-03T19:16:00Z;0.02306;0.023065;0.023065;0.02306;794;
8e2b0325-0292-4654-8a18-4f63ed3b0e09;2024-05-03T19:17:00Z;0.023065;0.02306;0.023065;0.02306;652;
8e2b0325-0292-4654-8a18-4f63ed3b0e09;2024-05-03T19:18:00Z;0.02306;0.023055;0.02307;0.02305;18852;
8e2b0325-0292-4654-8a18-4f63ed3b0e09;2024-05-03T19:19:00Z;0.023055;0.02306;0.02306;0.023055;2156;
8e2b0325-0292-4654-8a18-4f63ed3b0e09;2024-05-03T19:20:00Z;0.02306;0.023075;0.023075;0.023055;2929;
8e2b0325-0292-4654-8a18-4f63ed3b0e09;2024-05-03T19:21:00Z;0.023075;0.023075;0.023075;0.02306;2545;
8e2b0325-0292-4654-8a18-4f63ed3b0e09;2024-05-03T19:22:00Z;0.02307;0.02307;0.02307;0.023065;599;
8e2b0325-0292-4654-8a18-4f63ed3b0e09;2024-05-03T19:23:00Z;0.02307;0.023075;0.023075;0.02307;1858;
8e2b0325-0292-4654-8a18-4f63ed3b0e09;2024-05-03T19:24:00Z;0.02307;0.02307;0.02307;0.02307;1520;
8e2b0325-0292-4654-8a18-4f63ed3b0e09;2024-05-03T19:25:00Z;0.02308;0.02308;0.02308;0.02307;173;
8e2b0325-0292-4654-8a18-4f63ed3b0e09;2024-05-03T19:26:00Z;0.023075;0.023065;0.023075;0.023065;3096;
8e2b0325-0292-4654-8a18-4f63ed3b0e09;2024-05-03T19:27:00Z;0.023075;0.02306;0.023075;0.02306;10606;
8e2b0325-0292-4654-8a18-4f63ed3b0e09;2024-05-03T19:28:00Z;0.023075;0.02306;0.023075;0.02305;11685;
8e2b0325-0292-4654-8a18-4f63ed3b0e09;2024-05-03T19:29:00Z;0.02306;0.02307;0.02307;0.02305;597;
8e2b0325-0292-4654-8a18-4f63ed3b0e09;2024-05-03T19:30:00Z;0.02307;0.02307;0.02307;0.02306;1791;
8e2b0325-0292-4654-8a18-4f63ed3b0e09;2024-05-03T19:31:00Z;0.02307;0.023075;0.023075;0.02307;227;
8e2b0325-0292-4654-8a18-4f63ed3b0e09;2024-05-03T19:32:00Z;0.023075;0.02307;0.023075;0.023065;28;
8e2b0325-0292-4654-8a18-4f63ed3b0e09;2024-05-03T19:33:00Z;0.02307;0.023075;0.023075;0.023065;557;
8e2b0325-0292-4654-8a18-4f63ed3b0e09;2024-05-03T19:34:00Z;0.023065;0.023075;0.023075;0.023065;691;
8e2b0325-0292-4654-8a18-4f63ed3b0e09;2024-05-03T19:35:00Z;0.02307;0.023075;0.023075;0.02307;765;
8e2b0325-0292-4654-8a18-4f63ed3b0e09;2024-05-03T19:36:00Z;0.02307;0.023075;0.023075;0.02307;120;
8e2b0325-0292-4654-8a18-4f63ed3b0e09;2024-05-03T19:37:00Z;0.023075;0.023075;0.023075;0.02307;1141;
8e2b0325-0292-4654-8a18-4f63ed3b0e09;2024-05-03T19:38:00Z;0.023075;0.023075;0.023075;0.02307;477;
8e2b0325-0292-4654-8a18-4f63ed3b0e09;2024-05-03T19:39:00Z;0.023075;0.023075;0.023075;0.02307;33;
8e2b0325-0292-4654-8a18-4f63ed3b0e09;2024-05-03T19:40:00Z;0.023075;0.02306;0.023075;0.02305;20134;
8e2b0325-0292-4654-8a18-4f63ed3b0e09;2024-05-03T19:41:00Z;0.02306;0.02306;0.023065;0.023055;503;
8e2b0325-0292-4654-8a18-4f63ed3b0e09;2024-05-03T19:42:00Z;0.02306;0.02306;0.02306;0.023055;447;
8e2b0325-0292-4654-8a18-4f63ed3b0e09;2024-05-03T19:43:00Z;0.02306;0.02306;0.02306;0.023055;154;
8e2b0325-0292-4654-8a18-4f63ed3b0e09;2024-05-03T19:44:00Z;0.02306;0.02306;0.02306;0.023055;1781;
8e2b0325-0292-4654-8a18-4f63ed3b0e09;2024-05-03T19:45:00Z;0.023055;0.02306;0.02306;0.023055;251;
8e2b0325-0292-4654-8a18-4f63ed3b0e09;2024-05-03T19:46:00Z;0.02306;0.02306;0.02306;0.023055;605;
8e2b0325-0292-4654-8a18-4f63ed3b0e09;2024-05-03T19:47:00Z;0.023055;0.02305;0.02306;0.02304;11128;
8e2b0325-0292-4654-8a18-4f63ed3b0e09;2024-05-03T19:48:00Z;0.02305;0.02302;0.02305;0.023015;189808;
8e2b0325-0292-4654-8a18-4f63ed3b0e09;2024-05-03T19:49:00Z;0.02303;0.023015;0.02303;0.02301;29732;
8e2b0325-0292-4654-8a18-4f63ed3b0e09;2024-05-03T19:50:00Z;0.023015;0.02299;0.023015;0.02297;94582;
8e2b0325-0292-4654-8a18-4f63ed3b0e09;2024-05-03T19:51:00Z;0.02299;0.023005;0.023005;0.02298;31267;
8e2b0325-0292-4654-8a18-4f63ed3b0e09;2024-05-03T19:52:00Z;0.023;0.023;0.02301;0.02299;3168;
8e2b0325-0292-4654-8a18-4f63ed3b0e09;2024-05-03T19:53:00Z;0.023;0.022995;0.023005;0.02299;2341;
8e2b0325-0292-4654-8a18-4f63ed3b0e09;2024-05-03T19:54:00Z;0.02299;0.023;0.023;0.02299;4408;
8e2b0325-0292-4654-8a18-4f63ed3b0e09;2024-05-03T19:55:00Z;0.023;0.023005;0.023005;0.022995;5079;
8e2b0325-0292-4654-8a18-4f63ed3b0e09;2024-05-03T19:56:00Z;0.023005;0.023;0.023005;0.023;3697;
8e2b0325-0292-4654-8a18-4f63ed3b0e09;2024-05-03T19:57:00Z;0.023005;0.023005;0.023005;0.023;6019;
8e2b0325-0292-4654-8a18-4f63ed3b0e09;2024-05-03T19:58:00Z;0.023005;0.023005;0.023015;0.023;18644;
8e2b0325-0292-4654-8a18-4f63ed3b0e09;2024-05-03T19:59:00Z;0.023005;0.02302;0.02302;0.023;7455;
8e2b0325-0292-4654-8a18-4f63ed3b0e09;2024-05-03T20:00:00Z;0.02301;0.023005;0.02301;0.023;15048;
8e2b0325-0292-4654-8a18-4f63ed3b0e09;2024-05-03T20:01:00Z;0.023005;0.02302;0.02302;0.023;5686;
8e2b0325-0292-4654-8a18-4f63ed3b0e09;2024-05-03T20:02:00Z;0.02302;0.02303;0.02303;0.023005;8680;
8e2b0325-0292-4654-8a18-4f63ed3b0e09;2024-05-03T20:03:00Z;0.02303;0.02304;0.02304;0.02301;9710;
8e2b0325-0292-4654-8a18-4f63ed3b0e09;2024-05-03T20:04:00Z;0.02304;0.02305;0.02305;0.023035;9041;
8e2b0325-0292-4654-8a18-4f63ed3b0e09;2024-05-03T20:05:00Z;0.02305;0.023035;0.02305;0.023025;3827;
8e2b0325-0292-4654-8a18-4f63ed3b0e09;2024-05-03T20:06:00Z;0.023035;0.023035;0.023035;0.02302;255;
8e2b0325-0292-4654-8a18-4f63ed3b0e09;2024-05-03T20:07:00Z;0.023035;0.023035;0.02304;0.023035;799;
8e2b0325-0292-4654-8a18-4f63ed3b0e09;2024-05-03T20:08:00Z;0.023035;0.02304;0.02304;0.023035;25;
8e2b0325-0292-4654-8a18-4f63ed3b0e09;2024-05-03T20:09:00Z;0.02304;0.023045;0.023045;0.02304;709;
8e2b0325-0292-4654-8a18-4f63ed3b0e09;2024-05-03T20:10:00Z;0.023045;0.02304;0.023045;0.02304;739;
8e2b0325-0292-4654-8a18-4f63ed3b0e09;2024-05-03T20:11:00Z;0.02304;0.023045;0.023045;0.02304;103;
8e2b0325-0292-4654-8a18-4f63ed3b0e09;2024-05-03T20:12:00Z;0.02304;0.023045;0.023045;0.02304;249;
8e2b0325-0292-4654-8a18-4f63ed3b0e09;2024-05-03T20:13:00Z;0.023045;0.02304;0.023045;0.02304;379;
8e2b0325-0292-4654-8a18-4f63ed3b0e09;2024-05-03T20:14:00Z;0.02304;0.023035;0.023045;0.02303;670;
8e2b0325-0292-4654-8a18-4f63ed3b0e09;2024-05-03T20:15:00Z;0.023035;0.02303;0.02304;0.023025;2455;
8e2b0325-0292-4654-8a18-4f63ed3b0e09;2024-05-03T20:16:00Z;0.02303;0.02303;0.02303;0.023025;1056;
8e2b0325-0292-4654-8a18-4f63ed3b0e09;2024-05-03T20:17:00Z;0.02303;0.02302;0.02303;0.02302;1676;
8e2b0325-0292-4654-8a18-4f63ed3b0e09;2024-05-03T20:18:00Z;0.02303;0.02303;0.02303;0.023025;324;
8e2b0325-0292-4654-8a18-4f63ed3b0e09;2024-05-03T20:19:00Z;0.02303;0.02303;0.02303;0.023025;190;
8e2b0325-0292-4654-8a18-4f63ed3b0e09;2024-05-03T20:20:00Z;0.023025;0.02303;0.02303;0.023025;31;
8e2b0325-0292-4654-8a18-4f63ed3b0e09;2024-05-03T20:21:00Z;0.02303;0.02303;0.02303;0.023025;400;
8e2b0325-0292-4654-8a18-4f63ed3b0e09;2024-05-03T20:22:00Z;0.02303;0.02303;0.02303;0.023025;1190;
8e2b0325-0292-4654-8a18-4f63ed3b0e09;2024-05-03T20:23:00Z;0.02303;0.023025;0.02303;0.023025;716;
8e2b0325-0292-4654-8a18-4f63ed3b0e09;2024-05-03T20:24:00Z;0.023025;0.02302;0.023025;0.02302;168;
8e2b0325-0292-4654-8a18-4f63ed3b0e09;2024-05-03T20:25:00Z;0.02302;0.022985;0.023025;0.022985;48439;
8e2b0325-0292-4654-8a18-4f63ed3b0e09;2024-05-03T20:26:00Z;0.022985;0.022995;0.022995;0.02298;8374;
8e2b0325-0292-4654-8a18-4f63ed3b0e09;2024-05-03T20:27:00Z;0.022995;0.02299;0.022995;0.02299;1551;
8e2b0325-0292-4654-8a18-4f63ed3b0e09;2024-05-03T20:28:00Z;0.02299;0.02299;0.02299;0.022985;3118;
8e2b0325-0292-4654-8a18-4f63ed3b0e09;2024-05-03T20:29:00Z;0.02299;0.02299;0.02299;0.02298;4170;
8e2b0325-0292-4654-8a18-4f63ed3b0e09;2024-05-03T20:30:00Z;0.022995;0.022995;0.022995;0.02299;1393;
8e2b0325-0292-4654-8a18-4f63ed3b0e09;2024-05-03T20:31:00Z;0.022995;0.022985;0.022995;0.022985;1862;
8e2b0325-0292-4654-8a18-4f63ed3b0e09;2024-05-03T20:32:00Z;0.02299;0.02299;0.02299;0.022985;114;
8e2b0325-0292-4654-8a18-4f63ed3b0e09;2024-05-03T20:33:00Z;0.022985;0.02299;0.02299;0.022985;6280;
8e2b0325-0292-4654-8a18-4f63ed3b0e09;2024-05-03T20:34:00Z;0.02299;0.02299;0.02299;0.022985;6117;
8e2b0325-0292-4654-8a18-4f63ed3b0e09;2024-05-03T20:35:00Z;0.02299;0.02299;0.02299;0.02298;12329;
8e2b0325-0292-4654-8a18-4f63ed3b0e09;2024-05-03T20:36:00Z;0.022995;0.02299;0.022995;0.02299;310;
8e2b0325-0292-4654-8a18-4f63ed3b0e09;2024-05-03T20:37:00Z;0.02299;0.022995;0.022995;0.02299;3344;
8e2b0325-0292-4654-8a18-4f63ed3b0e09;2024-05-03T20:38:00Z;0.022995;0.02299;0.022995;0.02299;19324;
8e2b0325-0292-4654-8a18-4f63ed3b0e09;2024-05-03T20:39:00Z;0.022995;0.02299;0.022995;0.02299;13010;
8e2b0325-0292-4654-8a18-4f63ed3b0e09;2024-05-03T20:40:00Z;0.022995;0.02299;0.022995;0.02299;8215;
8e2b0325-0292-4654-8a18-4f63ed3b0e09;2024-05-03T20:41:00Z;0.02299;0.02301;0.02301;0.022985;50245;
8e2b0325-0292-4654-8a18-4f63ed3b0e09;2024-05-03T20:42:00Z;0.023005;0.023005;0.02301;0.023;3167;
8e2b0325-0292-4654-8a18-4f63ed3b0e09;2024-05-03T20:43:00Z;0.023005;0.023005;0.02301;0.023005;1331;
8e2b0325-0292-4654-8a18-4f63ed3b0e09;2024-05-03T20:44:00Z;0.02301;0.023;0.02301;0.022985;21148;
8e2b0325-0292-4654-8a18-4f63ed3b0e09;2024-05-03T20:45:00Z;0.023;0.022985;0.023005;0.022985;7150;
8e2b0325-0292-4654-8a18-4f63ed3b0e09;2024-05-03T20:46:00Z;0.02299;0.023;0.023;0.022985;4434;
8e2b0325-0292-4654-8a18-4f63ed3b0e09;2024-05-03T20:47:00Z;0.023;0.023;0.023;0.02299;874;
8e2b0325-0292-4654-8a18-4f63ed3b0e09;2024-05-03T20:48:00Z;0.022995;0.022995;0.023;0.02299;4421;
8e2b0325-0292-4654-8a18-4f63ed3b0e09;2024-05-03T20:49:00Z;0.022995;0.022995;0.023;0.02298;18985;
