10620843-28ce-44e8-80c2-f26ceb1bd3e1;2024-08-08T06:59:00Z;1239;1239;1239;1239;460;
10620843-28ce-44e8-80c2-f26ceb1bd3e1;2024-08-08T07:00:00Z;1236.8;1235.6;1236.8;1233;2870;
10620843-28ce-44e8-80c2-f26ceb1bd3e1;2024-08-08T07:01:00Z;1234.2;1233.8;1234.8;1233;970;
10620843-28ce-44e8-80c2-f26ceb1bd3e1;2024-08-08T07:02:00Z;1235;1235.2;1236.4;1234.4;1740;
10620843-28ce-44e8-80c2-f26ceb1bd3e1;2024-08-08T07:03:00Z;1235.2;1232.6;1235.2;1232.6;4480;
10620843-28ce-44e8-80c2-f26ceb1bd3e1;2024-08-08T07:04:00Z;1232.6;1232;1232.6;1230;3720;
10620843-28ce-44e8-80c2-f26ceb1bd3e1;2024-08-08T07:05:00Z;1231.6;1227.6;1231.8;1226.8;6510;
10620843-28ce-44e8-80c2-f26ceb1bd3e1;2024-08-08T07:06:00Z;1227.8;1228.4;1228.4;1227;930;
10620843-28ce-44e8-80c2-f26ceb1bd3e1;2024-08-08T07:07:00Z;1228.4;1230;1230;1228;2050;
10620843-28ce-44e8-80c2-f26ceb1bd3e1;2024-08-08T07:08:00Z;1229.8;1231.4;1232.6;1229.6;10470;
10620843-28ce-44e8-80c2-f26ceb1bd3e1;2024-08-08T07:09:00Z;1231;1230;1231;1228.4;3050;
10620843-28ce-44e8-80c2-f26ceb1bd3e1;2024-08-08T07:10:00Z;1230.6;1230;1230.6;1230;220;
10620843-28ce-44e8-80c2-f26ceb1bd3e1;2024-08-08T07:11:00Z;1230;1229.2;1230;1229;590;
10620843-28ce-44e8-80c2-f26ceb1bd3e1;2024-08-08T07:12:00Z;1230.4;1231.4;1231.8;1230.4;450;
10620843-28ce-44e8-80c2-f26ceb1bd3e1;2024-08-08T07:13:00Z;1231.8;1232;1232;1229.2;4670;
10620843-28ce-44e8-80c2-f26ceb1bd3e1;2024-08-08T07:14:00Z;1232;1233.4;1234.8;1231.8;2330;
10620843-28ce-44e8-80c2-f26ceb1bd3e1;2024-08-08T07:15:00Z;1232.4;1231.6;1234;1231.6;1890;
10620843-28ce-44e8-80c2-f26ceb1bd3e1;2024-08-08T07:16:00Z;1231.6;1234.6;1235;1231.2;7080;
10620843-28ce-44e8-80c2-f26ceb1bd3e1;2024-08-08T07:17:00Z;1234.8;1231.6;1234.8;1231.6;2020;
10620843-28ce-44e8-80c2-f26ceb1bd3e1;2024-08-08T07:18:00Z;1231.6;1229.6;1233.4;1229.6;5120;
10620843-28ce-44e8-80c2-f26ceb1bd3e1;2024-08-08T07:19:00Z;1229.6;1230.4;1230.6;1229.6;360;
10620843-28ce-44e8-80c2-f26ceb1bd3e1;2024-08-08T07:20:00Z;1230;1230.6;1230.6;1230;7480;
10620843-28ce-44e8-80c2-f26ceb1bd3e1;2024-08-08T07:21:00Z;1230.6;1232.8;1232.8;1230.6;3520;
10620843-28ce-44e8-80c2-f26ceb1bd3e1;2024-08-08T07:22:00Z;1232.4;1232.6;1232.6;1232;430;
10620843-28ce-44e8-80c2-f26ceb1bd3e1;2024-08-08T07:23:00Z;1232.6;1228;1232.8;1228;9560;
10620843-28ce-44e8-80c2-f26ceb1bd3e1;2024-08-08T07:24:00Z;1228.6;1229;1229.8;1228.2;850;
10620843-28ce-44e8-80c2-f26ceb1bd3e1;2024-08-08T07:25:00Z;1229.8;1228.4;1229.8;1228.4;160;
10620843-28ce-44e8-80c2-f26ceb1bd3e1;2024-08-08T07:26:00Z;1229.4;1229.4;1229.4;1228.4;1590;
10620843-28ce-44e8-80c2-f26ceb1bd3e1;2024-08-08T07:27:00Z;1229.4;1228.2;1229.6;1227.6;2690;
10620843-28ce-44e8-80c2-f26ceb1bd3e1;2024-08-08T07:28:00Z;1227.8;1227.6;1228;1227.6;200;
10620843-28ce-44e8-80c2-f26ceb1bd3e1;2024-08-08T07:29:00Z;1227.8;1228.8;1228.8;1227.8;1900;
10620843-28ce-44e8-80c2-f26ceb1bd3e1;2024-08-08T07:30:00Z;1228.8;1228.6;1228.8;1228;3410;
10620843-28ce-44e8-80c2-f26ceb1bd3e1;2024-08-08T07:31:00Z;1228.6;1228.8;1228.8;1228.4;400;
10620843-28ce-44e8-80c2-f26ceb1bd3e1;2024-08-08T07:32:00Z;1228.8;1229.2;1229.4;1228.8;1040;
10620843-28ce-44e8-80c2-f26ceb1bd3e1;2024-08-08T07:33:00Z;1229.2;1230;1230;1229;480;
10620843-28ce-44e8-80c2-f26ceb1bd3e1;2024-08-08T07:34:00Z;1229.8;1230;1230;1229.8;100;
10620843-28ce-44e8-80c2-f26ceb1bd3e1;2024-08-08T07:35:00Z;1230.4;1231.6;1231.6;1230.4;1550;
10620843-28ce-44e8-80c2-f26ceb1bd3e1;2024-08-08T07:36:00Z;1231.6;1229.8;1231.6;1229.8;960;
10620843-28ce-44e8-80c2-f26ceb1bd3e1;2024-08-08T07:37:00Z;1230;1229.8;1230;1229.6;760;
10620843-28ce-44e8-80c2-f26ceb1bd3e1;2024-08-08T07:38:00Z;1229.6;1230.8;1230.8;1229.6;420;
10620843-28ce-44e8-80c2-f26ceb1bd3e1;2024-08-08T07:39:00Z;1231.2;1231.4;1232;1231.2;980;
10620843-28ce-44e8-80c2-f26ceb1bd3e1;2024-08-08T07:40:00Z;1231.6;1231;1231.6;1230.6;1020;
10620843-28ce-44e8-80c2-f26ceb1bd3e1;2024-08-08T07:41:00Z;1231.2;1229.8;1231.2;1229.8;4680;
10620843-28ce-44e8-80c2-f26ceb1bd3e1;2024-08-08T07:42:00Z;1229.6;1229.8;1230;1228;1440;
10620843-28ce-44e8-80c2-f26ceb1bd3e1;2024-08-08T07:43:00Z;1230;1229.6;1230;1229;280;
10620843-28ce-44e8-80c2-f26ceb1bd3e1;2024-08-08T07:44:00Z;1229.2;1228.8;1229.2;1228.8;680;
10620843-28ce-44e8-80c2-f26ceb1bd3e1;2024-08-08T07:45:00Z;1228.8;1228.6;1228.8;1228.2;1470;
10620843-28ce-44e8-80c2-f26ceb1bd3e1;2024-08-08T07:46:00Z;1228.8;1228.2;1228.8;1228.2;620;
10620843-28ce-44e8-80c2-f26ceb1bd3e1;2024-08-08T07:47:00Z;1228.8;1228.2;1228.8;1228;2370;
10620843-28ce-44e8-80c2-f26ceb1bd3e1;2024-08-08T07:48:00Z;1228.2;1228.2;1228.8;1228;720;
10620843-28ce-44e8-80c2-f26ceb1bd3e1;2024-08-08T07:49:00Z;1229.6;1230;1230;1228.8;600;
10620843-28ce-44e8-80c2-f26ceb1bd3e1;2024-08-08T07:50:00Z;1230.2;1230.8;1230.8;1230;470;
10620843-28ce-44e8-80c2-f26ceb1bd3e1;2024-08-08T07:51:00Z;1230.8;1230;1230.8;1230;180;
10620843-28ce-44e8-80c2-f26ceb1bd3e1;2024-08-08T07:52:00Z;1230;1228.4;1230;1228.2;560;
10620843-28ce-44e8-80c2-f26ceb1bd3e1;2024-08-08T07:53:00Z;1228.2;1230.4;1230.4;1228.2;1100;
10620843-28ce-44e8-80c2-f26ceb1bd3e1;2024-08-08T07:54:00Z;1230.2;1230.6;1230.6;1230.2;480;
10620843-28ce-44e8-80c2-f26ceb1bd3e1;2024-08-08T07:55:00Z;1230;1230;1230.4;1229.4;210;
10620843-28ce-44e8-80c2-f26ceb1bd3e1;2024-08-08T07:56:00Z;1230.4;1230.4;1230.4;1230.4;10;
10620843-28ce-44e8-80c2-f26ceb1bd3e1;2024-08-08T07:57:00Z;1230.4;1230.8;1230.8;1230.2;810;
10620843-28ce-44e8-80c2-f26ceb1bd3e1;2024-08-08T07:58:00Z;1231;1231.6;1231.6;1230.8;1190;
10620843-28ce-44e8-80c2-f26ceb1bd3e1;2024-08-08T07:59:00Z;1232;1232;1232;1232;630;
10620843-28ce-44e8-80c2-f26ceb1bd3e1;2024-08-08T08:00:00Z;1232;1232;1232;1231.8;260;
10620843-28ce-44e8-80c2-f26ceb1bd3e1;2024-08-08T08:01:00Z;1231.6;1231.8;1231.8;1231.6;40;
10620843-28ce-44e8-80c2-f26ceb1bd3e1;2024-08-08T08:02:00Z;1231.8;1231.8;1231.8;1231.8;40;
10620843-28ce-44e8-80c2-f26ceb1bd3e1;2024-08-08T08:03:00Z;1231.4;1230.8;1231.6;1230.8;280;
10620843-28ce-44e8-80c2-f26ceb1bd3e1;2024-08-08T08:04:00Z;1231.8;1231.8;1231.8;1231.8;40;
10620843-28ce-44e8-80c2-f26ceb1bd3e1;2024-08-08T08:05:00Z;1232;1232.4;1232.6;1232;1470;
10620843-28ce-44e8-80c2-f26ceb1bd3e1;2024-08-08T08:06:00Z;1232.6;1234.8;1234.8;1232.6;2240;
10620843-28ce-44e8-80c2-f26ceb1bd3e1;2024-08-08T08:07:00Z;1234.8;1234.4;1234.8;1234.4;690;
10620843-28ce-44e8-80c2-f26ceb1bd3e1;2024-08-08T08:08:00Z;1234.4;1234;1234.8;1234;630;
10620843-28ce-44e8-80c2-f26ceb1bd3e1;2024-08-08T08:09:00Z;1234.6;1234.4;1234.6;1233.8;700;
10620843-28ce-44e8-80c2-f26ceb1bd3e1;2024-08-08T08:10:00Z;1234.8;1235;1235;1234.8;2110;
10620843-28ce-44e8-80c2-f26ceb1bd3e1;2024-08-08T08:11:00Z;1235;1235.6;1235.8;1234.8;780;
10620843-28ce-44e8-80c2-f26ceb1bd3e1;2024-08-08T08:12:00Z;1235.6;1235.8;1235.8;1235.6;1280;
10620843-28ce-44e8-80c2-f26ceb1bd3e1;2024-08-08T08:13:00Z;1235.8;1233.4;1235.8;1232.6;2220;
10620843-28ce-44e8-80c2-f26ceb1bd3e1;2024-08-08T08:14:00Z;1234;1234.8;1234.8;1233.2;2270;
10620843-28ce-44e8-80c2-f26ceb1bd3e1;2024-08-08T08:15:00Z;1234.8;1235.8;1235.8;1234.8;810;
10620843-28ce-44e8-80c2-f26ceb1bd3e1;2024-08-08T08:16:00Z;1235.8;1235.6;1235.8;1235.6;830;
10620843-28ce-44e8-80c2-f26ceb1bd3e1;2024-08-08T08:17:00Z;1235.6;1234;1235.6;1234;1570;
10620843-28ce-44e8-80c2-f26ceb1bd3e1;2024-08-08T08:18:00Z;1234.2;1233.8;1234.4;1233.8;110;
10620843-28ce-44e8-80c2-f26ceb1bd3e1;2024-08-08T08:19:00Z;1233.8;1232.4;1233.8;1232.4;1260;
10620843-28ce-44e8-80c2-f26ceb1bd3e1;2024-08-08T08:20:00Z;1232.4;1232.2;1233.2;1232.2;1440;
10620843-28ce-44e8-80c2-f26ceb1bd3e1;2024-08-08T08:21:00Z;1232.4;1232.6;1233;1232.2;1180;
10620843-28ce-44e8-80c2-f26ceb1bd3e1;2024-08-08T08:22:00Z;1232.6;1232.8;1232.8;1232.6;60;
10620843-28ce-44e8-80c2-f26ceb1bd3e1;2024-08-08T08:23:00Z;1233.2;1233.8;1233.8;1232.8;170;
10620843-28ce-44e8-80c2-f26ceb1bd3e1;2024-08-08T08:24:00Z;1233.6;1233.6;1233.6;1233.6;300;
10620843-28ce-44e8-80c2-f26ceb1bd3e1;2024-08-08T08:25:00Z;1233.6;1232.8;1233.6;1232.8;150;
10620843-28ce-44e8-80c2-f26ceb1bd3e1;2024-08-08T08:26:00Z;1232.8;1234.2;1234.2;1232.8;360;
10620843-28ce-44e8-80c2-f26ceb1bd3e1;2024-08-08T08:27:00Z;1234.4;1234.6;1234.6;1234.4;90;
10620843-28ce-44e8-80c2-f26ceb1bd3e1;2024-08-08T08:28:00Z;1234.6;1234.2;1234.8;1234.2;170;
10620843-28ce-44e8-80c2-f26ceb1bd3e1;2024-08-08T08:29:00Z;1234;1233.4;1234;1233.4;400;
10620843-28ce-44e8-80c2-f26ceb1bd3e1;2024-08-08T08:30:00Z;1233.6;1233.6;1233.6;1233.6;20;
10620843-28ce-44e8-80c2-f26ceb1bd3e1;2024-08-08T08:31:00Z;1233.6;1233.6;1233.6;1233.6;20;
10620843-28ce-44e8-80c2-f26ceb1bd3e1;2024-08-08T08:32:00Z;1233.6;1233.8;1233.8;1233.4;300;
10620843-28ce-44e8-80c2-f26ceb1bd3e1;2024-08-08T08:33:00Z;1233.6;1232.6;1233.6;1232.6;180;
10620843-28ce-44e8-80c2-f26ceb1bd3e1;2024-08-08T08:34:00Z;1233.2;1233.4;1233.4;1233.2;100;
10620843-28ce-44e8-80c2-f26ceb1bd3e1;2024-08-08T08:35:00Z;1233.4;1233.4;1233.4;1233.2;70;
10620843-28ce-44e8-80c2-f26ceb1bd3e1;2024-08-08T08:36:00Z;1233.4;1233.4;1233.4;1233.4;330;
10620843-28ce-44e8-80c2-f26ceb1bd3e1;2024-08-08T08:37:00Z;1233.2;1232.6;1234;1232.6;1920;
10620843-28ce-44e8-80c2-f26ceb1bd3e1;2024-08-08T08:38:00Z;1232.6;1232.6;1232.6;1232.6;1670;
10620843-28ce-44e8-80c2-f26ceb1bd3e1;2024-08-08T08:39:00Z;1232.8;1233.6;1233.6;1232.8;40;
10620843-28ce-44e8-80c2-f26ceb1bd3e1;2024-08-08T08:40:00Z;1233;1232.8;1233;1232.8;250;
10620843-28ce-44e8-80c2-f26ceb1bd3e1;2024-08-08T08:41:00Z;1233.6;1234;1234;1232.6;1110;
10620843-28ce-44e8-80c2-f26ceb1bd3e1;2024-08-08T08:42:00Z;1233.6;1233.6;1233.6;1233.6;10;
10620843-28ce-44e8-80c2-f26ceb1bd3e1;2024-08-08T08:43:00Z;1232.6;1233;1233;1232.6;250;
10620843-28ce-44e8-80c2-f26ceb1bd3e1;2024-08-08T08:45:00Z;1233;1233;1233;1233;30;
10620843-28ce-44e8-80c2-f26ceb1bd3e1;2024-08-08T08:46:00Z;1232.6;1233.4;1233.4;1232.6;230;
10620843-28ce-44e8-80c2-f26ceb1bd3e1;2024-08-08T08:47:00Z;1233.8;1233.8;1233.8;1233.8;10;
10620843-28ce-44e8-80c2-f26ceb1bd3e1;2024-08-08T08:48:00Z;1234;1234;1234;1234;10;
10620843-28ce-44e8-80c2-f26ceb1bd3e1;2024-08-08T08:50:00Z;1234;1234;1234;1234;10;
10620843-28ce-44e8-80c2-f26ceb1bd3e1;2024-08-08T08:51:00Z;1234;1234;1234;1234;10;
10620843-28ce-44e8-80c2-f26ceb1bd3e1;2024-08-08T08:52:00Z;1233.8;1233;1234;1233;1980;
10620843-28ce-44e8-80c2-f26ceb1bd3e1;2024-08-08T08:53:00Z;1233;1233;1233;1233;200;
10620843-28ce-44e8-80c2-f26ceb1bd3e1;2024-08-08T08:54:00Z;1233;1233;1233;1233;10;
10620843-28ce-44e8-80c2-f26ceb1bd3e1;2024-08-08T08:55:00Z;1233.8;1233;1234;1233;210;
10620843-28ce-44e8-80c2-f26ceb1bd3e1;2024-08-08T08:56:00Z;1234;1234;1234;1233.4;430;
10620843-28ce-44e8-80c2-f26ceb1bd3e1;2024-08-08T08:57:00Z;1234.2;1234.4;1234.4;1234;700;
10620843-28ce-44e8-80c2-f26ceb1bd3e1;2024-08-08T08:58:00Z;1234;1234;1234;1233.6;430;
10620843-28ce-44e8-80c2-f26ceb1bd3e1;2024-08-08T08:59:00Z;1234;1234.6;1234.6;1234;460;
10620843-28ce-44e8-80c2-f26ceb1bd3e1;2024-08-08T09:00:00Z;1234.6;1235;1235;1233.4;1010;
10620843-28ce-44e8-80c2-f26ceb1bd3e1;2024-08-08T09:01:00Z;1235;1236;1236.4;1235;1780;
10620843-28ce-44e8-80c2-f26ceb1bd3e1;2024-08-08T09:02:00Z;1236.4;1235.8;1236.4;1235.8;450;
10620843-28ce-44e8-80c2-f26ceb1bd3e1;2024-08-08T09:03:00Z;1235.4;1235.4;1235.4;1235.4;330;
10620843-28ce-44e8-80c2-f26ceb1bd3e1;2024-08-08T09:04:00Z;1235.4;1236;1236;1235.4;220;
10620843-28ce-44e8-80c2-f26ceb1bd3e1;2024-08-08T09:05:00Z;1236;1236.2;1236.2;1235.6;220;
10620843-28ce-44e8-80c2-f26ceb1bd3e1;2024-08-08T09:06:00Z;1236.4;1236.2;1236.4;1236.2;30;
10620843-28ce-44e8-80c2-f26ceb1bd3e1;2024-08-08T09:07:00Z;1236;1236.4;1236.4;1236;110;
10620843-28ce-44e8-80c2-f26ceb1bd3e1;2024-08-08T09:08:00Z;1236.4;1236.4;1236.4;1235.8;240;
10620843-28ce-44e8-80c2-f26ceb1bd3e1;2024-08-08T09:09:00Z;1236.4;1236.4;1237;1236.4;1800;
10620843-28ce-44e8-80c2-f26ceb1bd3e1;2024-08-08T09:10:00Z;1236.2;1236;1237;1236;1050;
10620843-28ce-44e8-80c2-f26ceb1bd3e1;2024-08-08T09:11:00Z;1235.6;1237.4;1237.4;1235.4;1270;
10620843-28ce-44e8-80c2-f26ceb1bd3e1;2024-08-08T09:12:00Z;1237.4;1237.2;1237.6;1236.6;2370;
10620843-28ce-44e8-80c2-f26ceb1bd3e1;2024-08-08T09:13:00Z;1236.4;1236.6;1237.4;1236.4;210;
10620843-28ce-44e8-80c2-f26ceb1bd3e1;2024-08-08T09:14:00Z;1237.2;1236.8;1237.6;1236.6;990;
10620843-28ce-44e8-80c2-f26ceb1bd3e1;2024-08-08T09:15:00Z;1236.8;1236.8;1237.4;1236.8;200;
10620843-28ce-44e8-80c2-f26ceb1bd3e1;2024-08-08T09:16:00Z;1236.8;1237.4;1237.4;1236.8;660;
10620843-28ce-44e8-80c2-f26ceb1bd3e1;2024-08-08T09:17:00Z;1237.4;1237.4;1237.4;1236.8;70;
10620843-28ce-44e8-80c2-f26ceb1bd3e1;2024-08-08T09:18:00Z;1237.4;1236.8;1237.4;1236.6;170;
10620843-28ce-44e8-80c2-f26ceb1bd3e1;2024-08-08T09:19:00Z;1236.4;1235.6;1236.4;1235.2;980;
10620843-28ce-44e8-80c2-f26ceb1bd3e1;2024-08-08T09:20:00Z;1235.6;1235.4;1236.4;1235.4;160;
10620843-28ce-44e8-80c2-f26ceb1bd3e1;2024-08-08T09:21:00Z;1235.8;1236.2;1236.4;1235.8;100;
10620843-28ce-44e8-80c2-f26ceb1bd3e1;2024-08-08T09:22:00Z;1236.6;1236.6;1237;1235.2;2300;
10620843-28ce-44e8-80c2-f26ceb1bd3e1;2024-08-08T09:23:00Z;1236.2;1236.2;1236.2;1236.2;30;
10620843-28ce-44e8-80c2-f26ceb1bd3e1;2024-08-08T09:24:00Z;1235.8;1236.2;1236.4;1235.6;480;
10620843-28ce-44e8-80c2-f26ceb1bd3e1;2024-08-08T09:25:00Z;1236.2;1235.2;1236.2;1235.2;90;
10620843-28ce-44e8-80c2-f26ceb1bd3e1;2024-08-08T09:26:00Z;1235.6;1235.6;1235.6;1235.6;10;
10620843-28ce-44e8-80c2-f26ceb1bd3e1;2024-08-08T09:27:00Z;1236.2;1235.6;1236.2;1235.6;20;
10620843-28ce-44e8-80c2-f26ceb1bd3e1;2024-08-08T09:28:00Z;1235.6;1234.6;1235.6;1234.6;850;
10620843-28ce-44e8-80c2-f26ceb1bd3e1;2024-08-08T09:29:00Z;1235;1235.2;1235.2;1234.6;90;
10620843-28ce-44e8-80c2-f26ceb1bd3e1;2024-08-08T09:30:00Z;1235.4;1234.8;1235.4;1234.8;60;
10620843-28ce-44e8-80c2-f26ceb1bd3e1;2024-08-08T09:31:00Z;1234.6;1234.6;1234.6;1234.6;390;
10620843-28ce-44e8-80c2-f26ceb1bd3e1;2024-08-08T09:32:00Z;1234.6;1234.6;1234.6;1234.6;20;
10620843-28ce-44e8-80c2-f26ceb1bd3e1;2024-08-08T09:33:00Z;1234.6;1235.6;1235.6;1234.6;170;
10620843-28ce-44e8-80c2-f26ceb1bd3e1;2024-08-08T09:34:00Z;1235.4;1234.6;1235.4;1234.6;110;
10620843-28ce-44e8-80c2-f26ceb1bd3e1;2024-08-08T09:35:00Z;1235.2;1234.6;1235.2;1234.6;20;
10620843-28ce-44e8-80c2-f26ceb1bd3e1;2024-08-08T09:37:00Z;1234.6;1234.6;1234.6;1234.6;160;
10620843-28ce-44e8-80c2-f26ceb1bd3e1;2024-08-08T09:38:00Z;1234.4;1234.6;1234.6;1234.4;260;
10620843-28ce-44e8-80c2-f26ceb1bd3e1;2024-08-08T09:39:00Z;1234.6;1234.2;1234.6;1234;760;
10620843-28ce-44e8-80c2-f26ceb1bd3e1;2024-08-08T09:40:00Z;1234.6;1234.6;1234.6;1234.2;480;
10620843-28ce-44e8-80c2-f26ceb1bd3e1;2024-08-08T09:41:00Z;1234.6;1234.6;1234.6;1234.6;50;
10620843-28ce-44e8-80c2-f26ceb1bd3e1;2024-08-08T09:42:00Z;1234;1234.2;1234.6;1234;180;
10620843-28ce-44e8-80c2-f26ceb1bd3e1;2024-08-08T09:43:00Z;1234;1233.4;1234;1233.4;580;
10620843-28ce-44e8-80c2-f26ceb1bd3e1;2024-08-08T09:44:00Z;1234.2;1234.2;1234.2;1234.2;10;
10620843-28ce-44e8-80c2-f26ceb1bd3e1;2024-08-08T09:45:00Z;1234;1234;1234;1234;20;
10620843-28ce-44e8-80c2-f26ceb1bd3e1;2024-08-08T09:46:00Z;1233.6;1234;1234;1233.4;180;
10620843-28ce-44e8-80c2-f26ceb1bd3e1;2024-08-08T09:48:00Z;1233.6;1234.2;1234.2;1233.4;1800;
10620843-28ce-44e8-80c2-f26ceb1bd3e1;2024-08-08T09:49:00Z;1234.2;1233.2;1234.2;1233.2;3310;
10620843-28ce-44e8-80c2-f26ceb1bd3e1;2024-08-08T09:50:00Z;1233.4;1233.2;1233.4;1233.2;1000;
10620843-28ce-44e8-80c2-f26ceb1bd3e1;2024-08-08T09:51:00Z;1233.4;1233.2;1233.4;1233.2;100;
10620843-28ce-44e8-80c2-f26ceb1bd3e1;2024-08-08T09:52:00Z;1233.2;1233.2;1233.2;1233.2;970;
10620843-28ce-44e8-80c2-f26ceb1bd3e1;2024-08-08T09:53:00Z;1233.2;1233.2;1233.2;1233.2;240;
10620843-28ce-44e8-80c2-f26ceb1bd3e1;2024-08-08T09:54:00Z;1233.2;1233.2;1233.2;1233.2;20;
10620843-28ce-44e8-80c2-f26ceb1bd3e1;2024-08-08T09:55:00Z;1233.2;1233.2;1233.2;1233.2;410;
10620843-28ce-44e8-80c2-f26ceb1bd3e1;2024-08-08T09:56:00Z;1233.2;1233.4;1233.4;1233.2;1270;
10620843-28ce-44e8-80c2-f26ceb1bd3e1;2024-08-08T09:57:00Z;1233.2;1233.2;1233.4;1233.2;630;
10620843-28ce-44e8-80c2-f26ceb1bd3e1;2024-08-08T09:58:00Z;1233.2;1233.2;1233.4;1233.2;980;
10620843-28ce-44e8-80c2-f26ceb1bd3e1;2024-08-08T09:59:00Z;1233.2;1233.6;1233.6;1233.2;90;
10620843-28ce-44e8-80c2-f26ceb1bd3e1;2024-08-08T10:00:00Z;1233.4;1233.6;1234;1233.2;270;
10620843-28ce-44e8-80c2-f26ceb1bd3e1;2024-08-08T10:01:00Z;1233.4;1233.2;1233.4;1233.2;160;
10620843-28ce-44e8-80c2-f26ceb1bd3e1;2024-08-08T10:02:00Z;1233.2;1233.2;1233.2;1233.2;30;
10620843-28ce-44e8-80c2-f26ceb1bd3e1;2024-08-08T10:03:00Z;1233.2;1233.2;1233.4;1233.2;600;
10620843-28ce-44e8-80c2-f26ceb1bd3e1;2024-08-08T10:04:00Z;1233.2;1233.4;1233.4;1233.2;330;
10620843-28ce-44e8-80c2-f26ceb1bd3e1;2024-08-08T10:05:00Z;1233.4;1233.2;1233.6;1233.2;90;
10620843-28ce-44e8-80c2-f26ceb1bd3e1;2024-08-08T10:06:00Z;1234;1233.4;1234;1233.4;40;
10620843-28ce-44e8-80c2-f26ceb1bd3e1;2024-08-08T10:07:00Z;1233.4;1233.2;1233.6;1233.2;190;
10620843-28ce-44e8-80c2-f26ceb1bd3e1;2024-08-08T10:08:00Z;1233.6;1233.6;1233.6;1233.4;140;
10620843-28ce-44e8-80c2-f26ceb1bd3e1;2024-08-08T10:09:00Z;1233.8;1233.6;1233.8;1233.6;1120;
10620843-28ce-44e8-80c2-f26ceb1bd3e1;2024-08-08T10:11:00Z;1234;1234.2;1234.2;1234;1110;
10620843-28ce-44e8-80c2-f26ceb1bd3e1;2024-08-08T10:12:00Z;1233.8;1233.6;1233.8;1233.6;30;
10620843-28ce-44e8-80c2-f26ceb1bd3e1;2024-08-08T10:13:00Z;1234;1234;1234;1234;10;
10620843-28ce-44e8-80c2-f26ceb1bd3e1;2024-08-08T10:14:00Z;1234.2;1234.2;1234.2;1234.2;110;
10620843-28ce-44e8-80c2-f26ceb1bd3e1;2024-08-08T10:15:00Z;1234;1234;1234.2;1234;1800;
10620843-28ce-44e8-80c2-f26ceb1bd3e1;2024-08-08T10:16:00Z;1234.2;1234.2;1234.2;1234.2;20;
10620843-28ce-44e8-80c2-f26ceb1bd3e1;2024-08-08T10:17:00Z;1234.2;1234.2;1234.2;1234;110;
10620843-28ce-44e8-80c2-f26ceb1bd3e1;2024-08-08T10:18:00Z;1234.2;1234.2;1234.2;1234;2090;
10620843-28ce-44e8-80c2-f26ceb1bd3e1;2024-08-08T10:19:00Z;1234.2;1234;1234.2;1234;30;
10620843-28ce-44e8-80c2-f26ceb1bd3e1;2024-08-08T10:20:00Z;1234;1234.2;1234.2;1234;60;
10620843-28ce-44e8-80c2-f26ceb1bd3e1;2024-08-08T10:21:00Z;1234.2;1234.2;1234.2;1234.2;250;
10620843-28ce-44e8-80c2-f26ceb1bd3e1;2024-08-08T10:22:00Z;1234.2;1234.2;1234.2;1234;1000;
10620843-28ce-44e8-80c2-f26ceb1bd3e1;2024-08-08T10:23:00Z;1234.2;1234;1234.2;1234;180;
10620843-28ce-44e8-80c2-f26ceb1bd3e1;2024-08-08T10:24:00Z;1234.2;1234.2;1234.2;1234.2;370;
10620843-28ce-44e8-80c2-f26ceb1bd3e1;2024-08-08T10:25:00Z;1234;1233.6;1234;1233.6;1080;
10620843-28ce-44e8-80c2-f26ceb1bd3e1;2024-08-08T10:26:00Z;1233.6;1233.6;1233.6;1233.2;1360;
10620843-28ce-44e8-80c2-f26ceb1bd3e1;2024-08-08T10:28:00Z;1233.6;1233.6;1233.6;1233.6;50;
10620843-28ce-44e8-80c2-f26ceb1bd3e1;2024-08-08T10:29:00Z;1233.8;1233.8;1233.8;1233.8;20;
10620843-28ce-44e8-80c2-f26ceb1bd3e1;2024-08-08T10:30:00Z;1234;1234;1234;1234;10;
10620843-28ce-44e8-80c2-f26ceb1bd3e1;2024-08-08T10:31:00Z;1233.4;1233.8;1233.8;1233.4;30;
10620843-28ce-44e8-80c2-f26ceb1bd3e1;2024-08-08T10:32:00Z;1233.4;1233.4;1233.4;1233.4;40;
10620843-28ce-44e8-80c2-f26ceb1bd3e1;2024-08-08T10:33:00Z;1233.4;1233.4;1233.4;1233.4;50;
10620843-28ce-44e8-80c2-f26ceb1bd3e1;2024-08-08T10:34:00Z;1233.6;1233.6;1233.6;1233.6;160;
10620843-28ce-44e8-80c2-f26ceb1bd3e1;2024-08-08T10:35:00Z;1233.6;1233.6;1233.6;1233.6;40;
10620843-28ce-44e8-80c2-f26ceb1bd3e1;2024-08-08T10:36:00Z;1233.6;1233.4;1233.6;1233.4;800;
10620843-28ce-44e8-80c2-f26ceb1bd3e1;2024-08-08T10:37:00Z;1233.4;1233.2;1233.4;1233.2;3580;
10620843-28ce-44e8-80c2-f26ceb1bd3e1;2024-08-08T10:38:00Z;1233.2;1230.6;1233.2;1230.4;6700;
10620843-28ce-44e8-80c2-f26ceb1bd3e1;2024-08-08T10:39:00Z;1230.6;1230.6;1231;1230.6;200;
10620843-28ce-44e8-80c2-f26ceb1bd3e1;2024-08-08T10:40:00Z;1230.6;1230.8;1230.8;1230.6;30;
10620843-28ce-44e8-80c2-f26ceb1bd3e1;2024-08-08T10:41:00Z;1230.8;1231.2;1231.2;1230.6;420;
10620843-28ce-44e8-80c2-f26ceb1bd3e1;2024-08-08T10:42:00Z;1231;1230;1231;1230;1550;
10620843-28ce-44e8-80c2-f26ceb1bd3e1;2024-08-08T10:43:00Z;1230;1231;1231;1229.6;770;
10620843-28ce-44e8-80c2-f26ceb1bd3e1;2024-08-08T10:44:00Z;1230.2;1230.8;1231;1230;540;
10620843-28ce-44e8-80c2-f26ceb1bd3e1;2024-08-08T10:45:00Z;1230.2;1231;1231;1230;970;
10620843-28ce-44e8-80c2-f26ceb1bd3e1;2024-08-08T10:46:00Z;1231;1231.6;1231.6;1231;360;
10620843-28ce-44e8-80c2-f26ceb1bd3e1;2024-08-08T10:47:00Z;1231.6;1230.4;1231.6;1230;290;
10620843-28ce-44e8-80c2-f26ceb1bd3e1;2024-08-08T10:48:00Z;1231.2;1232;1232;1230.4;2260;
10620843-28ce-44e8-80c2-f26ceb1bd3e1;2024-08-08T10:49:00Z;1231.2;1231.2;1231.2;1231.2;40;
10620843-28ce-44e8-80c2-f26ceb1bd3e1;2024-08-08T10:50:00Z;1231;1231;1231;1231;10;
10620843-28ce-44e8-80c2-f26ceb1bd3e1;2024-08-08T10:51:00Z;1231;1231.4;1231.4;1231;80;
10620843-28ce-44e8-80c2-f26ceb1bd3e1;2024-08-08T10:52:00Z;1231.4;1231.4;1231.4;1231.4;170;
10620843-28ce-44e8-80c2-f26ceb1bd3e1;2024-08-08T10:53:00Z;1230.6;1231.4;1231.4;1230.6;140;
10620843-28ce-44e8-80c2-f26ceb1bd3e1;2024-08-08T10:54:00Z;1231.2;1230.8;1231.2;1230.6;50;
10620843-28ce-44e8-80c2-f26ceb1bd3e1;2024-08-08T10:55:00Z;1230.8;1231;1232;1230.8;910;
10620843-28ce-44e8-80c2-f26ceb1bd3e1;2024-08-08T10:56:00Z;1231.6;1231.6;1231.6;1231.6;70;
10620843-28ce-44e8-80c2-f26ceb1bd3e1;2024-08-08T10:57:00Z;1232;1232.6;1233;1231.8;1560;
10620843-28ce-44e8-80c2-f26ceb1bd3e1;2024-08-08T10:58:00Z;1232.6;1234;1234.2;1232.6;4440;
10620843-28ce-44e8-80c2-f26ceb1bd3e1;2024-08-08T10:59:00Z;1233;1235.2;1235.2;1233;4990;
10620843-28ce-44e8-80c2-f26ceb1bd3e1;2024-08-08T11:00:00Z;1235;1236.4;1236.4;1235;3200;
10620843-28ce-44e8-80c2-f26ceb1bd3e1;2024-08-08T11:01:00Z;1235.8;1236.4;1236.4;1235.2;2530;
10620843-28ce-44e8-80c2-f26ceb1bd3e1;2024-08-08T11:02:00Z;1236.4;1236.2;1236.6;1236;2010;
10620843-28ce-44e8-80c2-f26ceb1bd3e1;2024-08-08T11:03:00Z;1235.4;1235.2;1235.4;1235.2;250;
10620843-28ce-44e8-80c2-f26ceb1bd3e1;2024-08-08T11:04:00Z;1235.2;1235;1235.2;1234.2;120;
10620843-28ce-44e8-80c2-f26ceb1bd3e1;2024-08-08T11:05:00Z;1234.2;1233.8;1234.2;1233.8;90;
10620843-28ce-44e8-80c2-f26ceb1bd3e1;2024-08-08T11:06:00Z;1234.6;1234;1234.8;1233.6;700;
10620843-28ce-44e8-80c2-f26ceb1bd3e1;2024-08-08T11:07:00Z;1233.8;1233.8;1234;1233.8;30;
10620843-28ce-44e8-80c2-f26ceb1bd3e1;2024-08-08T11:08:00Z;1233.2;1231.8;1233.2;1231.6;900;
10620843-28ce-44e8-80c2-f26ceb1bd3e1;2024-08-08T11:09:00Z;1232.8;1233.8;1233.8;1232.8;140;
10620843-28ce-44e8-80c2-f26ceb1bd3e1;2024-08-08T11:10:00Z;1233.4;1233.8;1233.8;1233.2;50;
10620843-28ce-44e8-80c2-f26ceb1bd3e1;2024-08-08T11:11:00Z;1233;1232.4;1233;1232;1210;
10620843-28ce-44e8-80c2-f26ceb1bd3e1;2024-08-08T11:12:00Z;1232.4;1234;1234;1232.4;1230;
10620843-28ce-44e8-80c2-f26ceb1bd3e1;2024-08-08T11:13:00Z;1234.8;1235;1235;1234;2190;
10620843-28ce-44e8-80c2-f26ceb1bd3e1;2024-08-08T11:14:00Z;1235;1235;1235;1235;2250;
10620843-28ce-44e8-80c2-f26ceb1bd3e1;2024-08-08T11:15:00Z;1234.8;1235;1235;1233.8;680;
10620843-28ce-44e8-80c2-f26ceb1bd3e1;2024-08-08T11:16:00Z;1234.6;1234.4;1235;1234.4;610;
10620843-28ce-44e8-80c2-f26ceb1bd3e1;2024-08-08T11:17:00Z;1234.8;1234.4;1234.8;1234.4;120;
10620843-28ce-44e8-80c2-f26ceb1bd3e1;2024-08-08T11:18:00Z;1234.2;1234.4;1234.4;1234.2;70;
10620843-28ce-44e8-80c2-f26ceb1bd3e1;2024-08-08T11:19:00Z;1234.4;1235;1235;1234.4;220;
10620843-28ce-44e8-80c2-f26ceb1bd3e1;2024-08-08T11:20:00Z;1234.8;1235;1235;1234.8;5770;
10620843-28ce-44e8-80c2-f26ceb1bd3e1;2024-08-08T11:21:00Z;1235;1236.2;1236.2;1235;2490;
10620843-28ce-44e8-80c2-f26ceb1bd3e1;2024-08-08T11:22:00Z;1236.2;1236.2;1236.2;1235.2;910;
10620843-28ce-44e8-80c2-f26ceb1bd3e1;2024-08-08T11:23:00Z;1236.2;1235.6;1236.2;1235.6;100;
10620843-28ce-44e8-80c2-f26ceb1bd3e1;2024-08-08T11:24:00Z;1235.4;1236;1236;1235.4;30;
10620843-28ce-44e8-80c2-f26ceb1bd3e1;2024-08-08T11:25:00Z;1236;1236;1236;1236;40;
10620843-28ce-44e8-80c2-f26ceb1bd3e1;2024-08-08T11:26:00Z;1236;1236;1236;1235.8;320;
10620843-28ce-44e8-80c2-f26ceb1bd3e1;2024-08-08T11:27:00Z;1236;1236.4;1236.4;1235.8;1900;
10620843-28ce-44e8-80c2-f26ceb1bd3e1;2024-08-08T11:28:00Z;1236.4;1236;1236.4;1236;130;
10620843-28ce-44e8-80c2-f26ceb1bd3e1;2024-08-08T11:29:00Z;1236;1236.4;1236.4;1235.6;840;
10620843-28ce-44e8-80c2-f26ceb1bd3e1;2024-08-08T11:30:00Z;1236.4;1235;1236.6;1235;3430;
10620843-28ce-44e8-80c2-f26ceb1bd3e1;2024-08-08T11:31:00Z;1235.8;1237.4;1237.4;1235.8;1450;
10620843-28ce-44e8-80c2-f26ceb1bd3e1;2024-08-08T11:32:00Z;1237.4;1237.6;1238;1237.4;970;
10620843-28ce-44e8-80c2-f26ceb1bd3e1;2024-08-08T11:33:00Z;1237.4;1237.8;1238.6;1237.2;1880;
10620843-28ce-44e8-80c2-f26ceb1bd3e1;2024-08-08T11:34:00Z;1237.8;1237.8;1238;1237.8;260;
10620843-28ce-44e8-80c2-f26ceb1bd3e1;2024-08-08T11:35:00Z;1238;1237.8;1238;1237.6;300;
10620843-28ce-44e8-80c2-f26ceb1bd3e1;2024-08-08T11:36:00Z;1237.4;1236.8;1237.4;1236.2;180;
10620843-28ce-44e8-80c2-f26ceb1bd3e1;2024-08-08T11:37:00Z;1236.6;1237.2;1237.2;1236.6;140;
10620843-28ce-44e8-80c2-f26ceb1bd3e1;2024-08-08T11:38:00Z;1237.2;1237.2;1237.2;1237.2;20;
10620843-28ce-44e8-80c2-f26ceb1bd3e1;2024-08-08T11:39:00Z;1237.2;1237.2;1237.2;1237.2;10;
10620843-28ce-44e8-80c2-f26ceb1bd3e1;2024-08-08T11:40:00Z;1237.2;1236.4;1237.2;1236.4;220;
10620843-28ce-44e8-80c2-f26ceb1bd3e1;2024-08-08T11:41:00Z;1236;1235.8;1236.8;1235.8;670;
10620843-28ce-44e8-80c2-f26ceb1bd3e1;2024-08-08T11:42:00Z;1235.6;1235.4;1236.2;1235.4;640;
10620843-28ce-44e8-80c2-f26ceb1bd3e1;2024-08-08T11:43:00Z;1235.2;1236.6;1237;1235;960;
10620843-28ce-44e8-80c2-f26ceb1bd3e1;2024-08-08T11:44:00Z;1237;1237.2;1237.2;1237;360;
10620843-28ce-44e8-80c2-f26ceb1bd3e1;2024-08-08T11:45:00Z;1237.2;1237.8;1237.8;1237.2;170;
10620843-28ce-44e8-80c2-f26ceb1bd3e1;2024-08-08T11:46:00Z;1237.8;1237.8;1237.8;1237.2;190;
10620843-28ce-44e8-80c2-f26ceb1bd3e1;2024-08-08T11:47:00Z;1237.6;1237.2;1237.6;1237.2;130;
10620843-28ce-44e8-80c2-f26ceb1bd3e1;2024-08-08T11:48:00Z;1237.2;1237.2;1237.4;1237.2;120;
10620843-28ce-44e8-80c2-f26ceb1bd3e1;2024-08-08T11:49:00Z;1237;1238;1238.2;1237;1310;
10620843-28ce-44e8-80c2-f26ceb1bd3e1;2024-08-08T11:50:00Z;1238;1237.4;1238;1237.4;410;
10620843-28ce-44e8-80c2-f26ceb1bd3e1;2024-08-08T11:51:00Z;1237.6;1237.8;1238;1237.6;1020;
10620843-28ce-44e8-80c2-f26ceb1bd3e1;2024-08-08T11:52:00Z;1237.4;1237.2;1237.4;1237.2;50;
10620843-28ce-44e8-80c2-f26ceb1bd3e1;2024-08-08T11:53:00Z;1237.4;1237.4;1237.6;1237.2;390;
10620843-28ce-44e8-80c2-f26ceb1bd3e1;2024-08-08T11:54:00Z;1237;1237.2;1237.2;1237;1160;
10620843-28ce-44e8-80c2-f26ceb1bd3e1;2024-08-08T11:55:00Z;1237.2;1237.2;1237.2;1237.2;580;
10620843-28ce-44e8-80c2-f26ceb1bd3e1;2024-08-08T11:56:00Z;1237.2;1238.6;1238.6;1237.2;10000;
10620843-28ce-44e8-80c2-f26ceb1bd3e1;2024-08-08T11:57:00Z;1238.6;1240;1240;1238.6;6500;
10620843-28ce-44e8-80c2-f26ceb1bd3e1;2024-08-08T11:58:00Z;1239.8;1239.4;1239.8;1239.4;230;
10620843-28ce-44e8-80c2-f26ceb1bd3e1;2024-08-08T11:59:00Z;1239.4;1239;1239.4;1239;370;
10620843-28ce-44e8-80c2-f26ceb1bd3e1;2024-08-08T12:00:00Z;1239.2;1238.6;1239.2;1238;80;
10620843-28ce-44e8-80c2-f26ceb1bd3e1;2024-08-08T12:01:00Z;1238;1237.8;1238;1237.8;100;
10620843-28ce-44e8-80c2-f26ceb1bd3e1;2024-08-08T12:02:00Z;1238;1238.6;1238.6;1238;240;
10620843-28ce-44e8-80c2-f26ceb1bd3e1;2024-08-08T12:04:00Z;1238.6;1237.4;1238.6;1237.4;210;
10620843-28ce-44e8-80c2-f26ceb1bd3e1;2024-08-08T12:05:00Z;1238.6;1237.4;1238.6;1237.4;1710;
10620843-28ce-44e8-80c2-f26ceb1bd3e1;2024-08-08T12:06:00Z;1238.2;1238.6;1238.6;1238.2;180;
10620843-28ce-44e8-80c2-f26ceb1bd3e1;2024-08-08T12:07:00Z;1238.2;1238.2;1238.2;1238.2;20;
10620843-28ce-44e8-80c2-f26ceb1bd3e1;2024-08-08T12:08:00Z;1238.6;1238.6;1238.6;1238.6;10;
10620843-28ce-44e8-80c2-f26ceb1bd3e1;2024-08-08T12:09:00Z;1237.8;1237.6;1237.8;1237.6;20;
10620843-28ce-44e8-80c2-f26ceb1bd3e1;2024-08-08T12:10:00Z;1237.8;1238.2;1238.2;1237.8;790;
10620843-28ce-44e8-80c2-f26ceb1bd3e1;2024-08-08T12:11:00Z;1238.4;1239.8;1239.8;1238.4;2230;
10620843-28ce-44e8-80c2-f26ceb1bd3e1;2024-08-08T12:12:00Z;1239.6;1239.4;1239.8;1239.4;250;
10620843-28ce-44e8-80c2-f26ceb1bd3e1;2024-08-08T12:13:00Z;1239.8;1240;1240;1239.8;500;
10620843-28ce-44e8-80c2-f26ceb1bd3e1;2024-08-08T12:14:00Z;1240;1240;1240;1239.2;470;
10620843-28ce-44e8-80c2-f26ceb1bd3e1;2024-08-08T12:15:00Z;1239.4;1239.4;1239.4;1239.4;10;
10620843-28ce-44e8-80c2-f26ceb1bd3e1;2024-08-08T12:16:00Z;1239.8;1239;1240;1239;3720;
10620843-28ce-44e8-80c2-f26ceb1bd3e1;2024-08-08T12:17:00Z;1239.2;1240;1240;1239;620;
10620843-28ce-44e8-80c2-f26ceb1bd3e1;2024-08-08T12:18:00Z;1239.8;1240.8;1241.8;1239.8;4130;
10620843-28ce-44e8-80c2-f26ceb1bd3e1;2024-08-08T12:19:00Z;1241.6;1241.4;1241.8;1241.4;730;
10620843-28ce-44e8-80c2-f26ceb1bd3e1;2024-08-08T12:20:00Z;1241.4;1240.8;1241.4;1240.6;750;
10620843-28ce-44e8-80c2-f26ceb1bd3e1;2024-08-08T12:21:00Z;1240.6;1240.6;1240.8;1240.6;200;
10620843-28ce-44e8-80c2-f26ceb1bd3e1;2024-08-08T12:22:00Z;1240.8;1241;1241;1240.8;20;
10620843-28ce-44e8-80c2-f26ceb1bd3e1;2024-08-08T12:23:00Z;1240.6;1240;1240.6;1239.6;1060;
10620843-28ce-44e8-80c2-f26ceb1bd3e1;2024-08-08T12:24:00Z;1241;1241.2;1241.2;1241;370;
10620843-28ce-44e8-80c2-f26ceb1bd3e1;2024-08-08T12:25:00Z;1241.2;1241;1241.6;1241;1090;
10620843-28ce-44e8-80c2-f26ceb1bd3e1;2024-08-08T12:26:00Z;1241;1240.4;1241;1239.8;430;
10620843-28ce-44e8-80c2-f26ceb1bd3e1;2024-08-08T12:27:00Z;1240.4;1239.8;1240.8;1239.6;5850;
10620843-28ce-44e8-80c2-f26ceb1bd3e1;2024-08-08T12:28:00Z;1239.6;1239.8;1240;1239.4;300;
10620843-28ce-44e8-80c2-f26ceb1bd3e1;2024-08-08T12:30:00Z;1240.4;1241;1241;1240;140;
10620843-28ce-44e8-80c2-f26ceb1bd3e1;2024-08-08T12:31:00Z;1240.2;1240.6;1240.6;1238.2;4590;
10620843-28ce-44e8-80c2-f26ceb1bd3e1;2024-08-08T12:32:00Z;1239.8;1240.8;1240.8;1239.8;1290;
10620843-28ce-44e8-80c2-f26ceb1bd3e1;2024-08-08T12:33:00Z;1240.6;1240;1240.6;1240;30;
10620843-28ce-44e8-80c2-f26ceb1bd3e1;2024-08-08T12:34:00Z;1240;1239.2;1240.8;1239.2;660;
10620843-28ce-44e8-80c2-f26ceb1bd3e1;2024-08-08T12:35:00Z;1239.6;1240.4;1240.4;1239.4;710;
10620843-28ce-44e8-80c2-f26ceb1bd3e1;2024-08-08T12:36:00Z;1239.8;1239.6;1240.6;1239.6;660;
10620843-28ce-44e8-80c2-f26ceb1bd3e1;2024-08-08T12:37:00Z;1239.8;1240;1240.8;1239.6;690;
10620843-28ce-44e8-80c2-f26ceb1bd3e1;2024-08-08T12:38:00Z;1239.8;1240;1240;1239.8;110;
10620843-28ce-44e8-80c2-f26ceb1bd3e1;2024-08-08T12:39:00Z;1240;1240;1240;1240;50;
10620843-28ce-44e8-80c2-f26ceb1bd3e1;2024-08-08T12:40:00Z;1240;1240.6;1240.6;1240;620;
10620843-28ce-44e8-80c2-f26ceb1bd3e1;2024-08-08T12:41:00Z;1240.4;1238.8;1240.4;1238.2;2230;
10620843-28ce-44e8-80c2-f26ceb1bd3e1;2024-08-08T12:42:00Z;1238.8;1240.6;1240.6;1238.8;1590;
10620843-28ce-44e8-80c2-f26ceb1bd3e1;2024-08-08T12:43:00Z;1240.6;1240;1240.6;1240;20;
10620843-28ce-44e8-80c2-f26ceb1bd3e1;2024-08-08T12:44:00Z;1240.4;1239.4;1240.4;1239.4;280;
10620843-28ce-44e8-80c2-f26ceb1bd3e1;2024-08-08T12:45:00Z;1239.6;1239.8;1239.8;1239.6;60;
10620843-28ce-44e8-80c2-f26ceb1bd3e1;2024-08-08T12:46:00Z;1239.8;1239.2;1239.8;1239.2;1140;
10620843-28ce-44e8-80c2-f26ceb1bd3e1;2024-08-08T12:47:00Z;1239.4;1238.6;1239.8;1238.4;1890;
10620843-28ce-44e8-80c2-f26ceb1bd3e1;2024-08-08T12:48:00Z;1238.4;1235.8;1238.6;1235.2;5520;
10620843-28ce-44e8-80c2-f26ceb1bd3e1;2024-08-08T12:49:00Z;1237.2;1237.4;1237.4;1237.2;300;
10620843-28ce-44e8-80c2-f26ceb1bd3e1;2024-08-08T12:50:00Z;1236.6;1238;1238;1236.2;900;
10620843-28ce-44e8-80c2-f26ceb1bd3e1;2024-08-08T12:51:00Z;1237.8;1237.8;1237.8;1237.8;50;
10620843-28ce-44e8-80c2-f26ceb1bd3e1;2024-08-08T12:52:00Z;1237.6;1235.8;1238;1235.4;1180;
10620843-28ce-44e8-80c2-f26ceb1bd3e1;2024-08-08T12:53:00Z;1236;1236;1236;1236;30;
10620843-28ce-44e8-80c2-f26ceb1bd3e1;2024-08-08T12:54:00Z;1236;1236.4;1236.6;1236;330;
10620843-28ce-44e8-80c2-f26ceb1bd3e1;2024-08-08T12:55:00Z;1236;1235.4;1236;1235.2;1070;
10620843-28ce-44e8-80c2-f26ceb1bd3e1;2024-08-08T12:56:00Z;1235.4;1235.2;1235.4;1235.2;80;
10620843-28ce-44e8-80c2-f26ceb1bd3e1;2024-08-08T12:57:00Z;1236;1236.4;1236.4;1236;90;
10620843-28ce-44e8-80c2-f26ceb1bd3e1;2024-08-08T12:58:00Z;1236.2;1236.2;1236.2;1236.2;10;
10620843-28ce-44e8-80c2-f26ceb1bd3e1;2024-08-08T12:59:00Z;1236;1235;1236.2;1235;1900;
10620843-28ce-44e8-80c2-f26ceb1bd3e1;2024-08-08T13:00:00Z;1235.4;1234.4;1235.6;1233.4;4910;
10620843-28ce-44e8-80c2-f26ceb1bd3e1;2024-08-08T13:01:00Z;1234.2;1233;1234.2;1232.6;1680;
10620843-28ce-44e8-80c2-f26ceb1bd3e1;2024-08-08T13:02:00Z;1233;1235.4;1235.4;1232.8;2250;
10620843-28ce-44e8-80c2-f26ceb1bd3e1;2024-08-08T13:03:00Z;1235.4;1235.4;1235.6;1234.8;1710;
10620843-28ce-44e8-80c2-f26ceb1bd3e1;2024-08-08T13:04:00Z;1233.8;1234.6;1235;1233.8;160;
10620843-28ce-44e8-80c2-f26ceb1bd3e1;2024-08-08T13:05:00Z;1234;1233;1234;1232.8;1230;
10620843-28ce-44e8-80c2-f26ceb1bd3e1;2024-08-08T13:06:00Z;1233;1234.2;1234.8;1233;4110;
10620843-28ce-44e8-80c2-f26ceb1bd3e1;2024-08-08T13:07:00Z;1234.8;1235;1235.6;1234.8;590;
10620843-28ce-44e8-80c2-f26ceb1bd3e1;2024-08-08T13:08:00Z;1234.8;1234;1234.8;1232.6;1530;
10620843-28ce-44e8-80c2-f26ceb1bd3e1;2024-08-08T13:09:00Z;1234.2;1235;1235;1234.2;120;
10620843-28ce-44e8-80c2-f26ceb1bd3e1;2024-08-08T13:10:00Z;1234.8;1234.4;1235.4;1234.4;200;
10620843-28ce-44e8-80c2-f26ceb1bd3e1;2024-08-08T13:11:00Z;1235.4;1235.6;1235.6;1235.4;720;
10620843-28ce-44e8-80c2-f26ceb1bd3e1;2024-08-08T13:12:00Z;1235.6;1235.8;1236.2;1235.6;200;
10620843-28ce-44e8-80c2-f26ceb1bd3e1;2024-08-08T13:13:00Z;1236.8;1236.8;1236.8;1236.8;60;
10620843-28ce-44e8-80c2-f26ceb1bd3e1;2024-08-08T13:14:00Z;1236.2;1236.2;1236.6;1236.2;90;
10620843-28ce-44e8-80c2-f26ceb1bd3e1;2024-08-08T13:15:00Z;1236.2;1236.2;1236.2;1236.2;40;
10620843-28ce-44e8-80c2-f26ceb1bd3e1;2024-08-08T13:16:00Z;1235.2;1234.6;1235.6;1234.6;260;
10620843-28ce-44e8-80c2-f26ceb1bd3e1;2024-08-08T13:17:00Z;1235.2;1233.8;1235.2;1233.8;850;
10620843-28ce-44e8-80c2-f26ceb1bd3e1;2024-08-08T13:18:00Z;1234;1234;1234;1233.2;990;
10620843-28ce-44e8-80c2-f26ceb1bd3e1;2024-08-08T13:19:00Z;1234.4;1234.6;1234.6;1234;60;
10620843-28ce-44e8-80c2-f26ceb1bd3e1;2024-08-08T13:20:00Z;1234.6;1234;1234.6;1234;130;
10620843-28ce-44e8-80c2-f26ceb1bd3e1;2024-08-08T13:21:00Z;1234;1234;1234;1233.8;230;
10620843-28ce-44e8-80c2-f26ceb1bd3e1;2024-08-08T13:22:00Z;1233.4;1233.2;1233.4;1233.2;40;
10620843-28ce-44e8-80c2-f26ceb1bd3e1;2024-08-08T13:23:00Z;1233.4;1234;1234;1233.2;400;
10620843-28ce-44e8-80c2-f26ceb1bd3e1;2024-08-08T13:24:00Z;1234;1234;1234;1233.6;90;
10620843-28ce-44e8-80c2-f26ceb1bd3e1;2024-08-08T13:25:00Z;1233.6;1235.2;1235.2;1233.6;1240;
10620843-28ce-44e8-80c2-f26ceb1bd3e1;2024-08-08T13:26:00Z;1234.8;1236;1236;1234.8;1410;
10620843-28ce-44e8-80c2-f26ceb1bd3e1;2024-08-08T13:27:00Z;1236;1235.8;1236.2;1235.6;370;
10620843-28ce-44e8-80c2-f26ceb1bd3e1;2024-08-08T13:28:00Z;1236;1236;1236.2;1236;620;
10620843-28ce-44e8-80c2-f26ceb1bd3e1;2024-08-08T13:29:00Z;1236;1236.2;1236.2;1236;650;
10620843-28ce-44e8-80c2-f26ceb1bd3e1;2024-08-08T13:30:00Z;1236.2;1236;1236.2;1236;140;
10620843-28ce-44e8-80c2-f26ceb1bd3e1;2024-08-08T13:31:00Z;1236.2;1236;1236.2;1236;50;
10620843-28ce-44e8-80c2-f26ceb1bd3e1;2024-08-08T13:32:00Z;1236;1236;1236.2;1235.8;200;
10620843-28ce-44e8-80c2-f26ceb1bd3e1;2024-08-08T13:33:00Z;1236;1236.2;1236.2;1236;50;
10620843-28ce-44e8-80c2-f26ceb1bd3e1;2024-08-08T13:34:00Z;1236.2;1236.4;1236.4;1236;290;
10620843-28ce-44e8-80c2-f26ceb1bd3e1;2024-08-08T13:35:00Z;1236.4;1236.8;1236.8;1235.8;320;
10620843-28ce-44e8-80c2-f26ceb1bd3e1;2024-08-08T13:36:00Z;1236.8;1237.6;1237.6;1236.6;2490;
10620843-28ce-44e8-80c2-f26ceb1bd3e1;2024-08-08T13:37:00Z;1237.4;1238;1238;1237.4;390;
10620843-28ce-44e8-80c2-f26ceb1bd3e1;2024-08-08T13:38:00Z;1238;1237.8;1238;1237.4;80;
10620843-28ce-44e8-80c2-f26ceb1bd3e1;2024-08-08T13:39:00Z;1238;1239.4;1239.4;1238;2010;
10620843-28ce-44e8-80c2-f26ceb1bd3e1;2024-08-08T13:40:00Z;1238.2;1238.8;1238.8;1238.2;110;
10620843-28ce-44e8-80c2-f26ceb1bd3e1;2024-08-08T13:41:00Z;1239;1239.2;1239.2;1238.4;180;
10620843-28ce-44e8-80c2-f26ceb1bd3e1;2024-08-08T13:42:00Z;1239.2;1241.2;1241.2;1239.2;3350;
10620843-28ce-44e8-80c2-f26ceb1bd3e1;2024-08-08T13:43:00Z;1241;1242;1242;1240.2;6520;
10620843-28ce-44e8-80c2-f26ceb1bd3e1;2024-08-08T13:44:00Z;1241.8;1241;1242;1241;1940;
10620843-28ce-44e8-80c2-f26ceb1bd3e1;2024-08-08T13:45:00Z;1241.8;1239;1242;1239;3150;
10620843-28ce-44e8-80c2-f26ceb1bd3e1;2024-08-08T13:46:00Z;1239;1238.2;1239;1236.2;5450;
10620843-28ce-44e8-80c2-f26ceb1bd3e1;2024-08-08T13:47:00Z;1237.6;1235.8;1238;1235.6;1390;
10620843-28ce-44e8-80c2-f26ceb1bd3e1;2024-08-08T13:48:00Z;1236;1235.8;1236.6;1235.8;210;
10620843-28ce-44e8-80c2-f26ceb1bd3e1;2024-08-08T13:49:00Z;1235.8;1237;1237;1235.4;740;
10620843-28ce-44e8-80c2-f26ceb1bd3e1;2024-08-08T13:50:00Z;1236;1236.6;1236.6;1235.8;130;
10620843-28ce-44e8-80c2-f26ceb1bd3e1;2024-08-08T13:51:00Z;1236.6;1236.6;1237.4;1236.2;1840;
10620843-28ce-44e8-80c2-f26ceb1bd3e1;2024-08-08T13:52:00Z;1237;1235.4;1237;1235.4;310;
10620843-28ce-44e8-80c2-f26ceb1bd3e1;2024-08-08T13:53:00Z;1236;1234.4;1236;1233;3750;
10620843-28ce-44e8-80c2-f26ceb1bd3e1;2024-08-08T13:54:00Z;1234.6;1234.4;1234.6;1233.6;530;
10620843-28ce-44e8-80c2-f26ceb1bd3e1;2024-08-08T13:55:00Z;1234.4;1234.8;1234.8;1234.4;40;
10620843-28ce-44e8-80c2-f26ceb1bd3e1;2024-08-08T13:56:00Z;1235;1236.6;1236.6;1235;1030;
10620843-28ce-44e8-80c2-f26ceb1bd3e1;2024-08-08T13:57:00Z;1236.2;1236.4;1236.6;1236.2;390;
10620843-28ce-44e8-80c2-f26ceb1bd3e1;2024-08-08T13:58:00Z;1237;1238.4;1238.4;1237;1060;
10620843-28ce-44e8-80c2-f26ceb1bd3e1;2024-08-08T13:59:00Z;1238.2;1238;1238.4;1237.6;430;
10620843-28ce-44e8-80c2-f26ceb1bd3e1;2024-08-08T14:00:00Z;1237.8;1237.4;1237.8;1236.6;350;
10620843-28ce-44e8-80c2-f26ceb1bd3e1;2024-08-08T14:01:00Z;1236.6;1236.8;1236.8;1236.6;20;
10620843-28ce-44e8-80c2-f26ceb1bd3e1;2024-08-08T14:02:00Z;1236.6;1237.4;1237.4;1236.6;330;
10620843-28ce-44e8-80c2-f26ceb1bd3e1;2024-08-08T14:03:00Z;1237.4;1238;1238;1237.4;1280;
10620843-28ce-44e8-80c2-f26ceb1bd3e1;2024-08-08T14:04:00Z;1237.6;1237.8;1238.2;1237.6;1110;
10620843-28ce-44e8-80c2-f26ceb1bd3e1;2024-08-08T14:05:00Z;1238;1237.6;1238;1237.6;560;
10620843-28ce-44e8-80c2-f26ceb1bd3e1;2024-08-08T14:06:00Z;1237.6;1238.4;1238.8;1237.6;980;
10620843-28ce-44e8-80c2-f26ceb1bd3e1;2024-08-08T14:07:00Z;1238;1238.6;1238.6;1238;170;
10620843-28ce-44e8-80c2-f26ceb1bd3e1;2024-08-08T14:08:00Z;1238;1237.6;1238;1237.6;200;
10620843-28ce-44e8-80c2-f26ceb1bd3e1;2024-08-08T14:09:00Z;1238;1238.4;1239.8;1238;1730;
10620843-28ce-44e8-80c2-f26ceb1bd3e1;2024-08-08T14:10:00Z;1238.4;1239.2;1239.8;1238.4;230;
10620843-28ce-44e8-80c2-f26ceb1bd3e1;2024-08-08T14:11:00Z;1239.2;1240.6;1240.6;1239.2;2500;
10620843-28ce-44e8-80c2-f26ceb1bd3e1;2024-08-08T14:12:00Z;1240.6;1240.6;1241.2;1240.2;3540;
10620843-28ce-44e8-80c2-f26ceb1bd3e1;2024-08-08T14:13:00Z;1241.2;1239.4;1241.4;1238.4;3020;
10620843-28ce-44e8-80c2-f26ceb1bd3e1;2024-08-08T14:14:00Z;1239.2;1239.6;1239.6;1239.2;150;
10620843-28ce-44e8-80c2-f26ceb1bd3e1;2024-08-08T14:15:00Z;1239.2;1239.6;1239.6;1239;430;
10620843-28ce-44e8-80c2-f26ceb1bd3e1;2024-08-08T14:16:00Z;1239.6;1239.2;1239.6;1239.2;310;
10620843-28ce-44e8-80c2-f26ceb1bd3e1;2024-08-08T14:17:00Z;1239;1238.8;1239;1238.4;830;
10620843-28ce-44e8-80c2-f26ceb1bd3e1;2024-08-08T14:18:00Z;1239.6;1240.6;1240.6;1238.6;1690;
10620843-28ce-44e8-80c2-f26ceb1bd3e1;2024-08-08T14:19:00Z;1239.8;1239.6;1240.4;1239.2;470;
10620843-28ce-44e8-80c2-f26ceb1bd3e1;2024-08-08T14:20:00Z;1239.6;1240.2;1240.2;1238.8;1510;
10620843-28ce-44e8-80c2-f26ceb1bd3e1;2024-08-08T14:21:00Z;1240.6;1240.6;1240.8;1239;1440;
10620843-28ce-44e8-80c2-f26ceb1bd3e1;2024-08-08T14:22:00Z;1240.4;1240.6;1240.6;1240;920;
10620843-28ce-44e8-80c2-f26ceb1bd3e1;2024-08-08T14:23:00Z;1240.2;1241.4;1241.4;1240;2260;
10620843-28ce-44e8-80c2-f26ceb1bd3e1;2024-08-08T14:24:00Z;1241.4;1244.6;1244.6;1241.4;22950;
10620843-28ce-44e8-80c2-f26ceb1bd3e1;2024-08-08T14:25:00Z;1244.4;1244;1244.6;1243.2;5840;
10620843-28ce-44e8-80c2-f26ceb1bd3e1;2024-08-08T14:26:00Z;1244.4;1244;1244.4;1243;7330;
10620843-28ce-44e8-80c2-f26ceb1bd3e1;2024-08-08T14:27:00Z;1244;1244.2;1244.6;1244;4070;
10620843-28ce-44e8-80c2-f26ceb1bd3e1;2024-08-08T14:28:00Z;1244;1244.2;1244.2;1243.4;1180;
10620843-28ce-44e8-80c2-f26ceb1bd3e1;2024-08-08T14:29:00Z;1243.4;1244.2;1244.2;1243.4;1040;
10620843-28ce-44e8-80c2-f26ceb1bd3e1;2024-08-08T14:30:00Z;1244.2;1243.8;1244.2;1243.8;630;
10620843-28ce-44e8-80c2-f26ceb1bd3e1;2024-08-08T14:31:00Z;1243.8;1243.2;1243.8;1243.2;590;
10620843-28ce-44e8-80c2-f26ceb1bd3e1;2024-08-08T14:32:00Z;1243.2;1243.6;1244;1243.2;230;
10620843-28ce-44e8-80c2-f26ceb1bd3e1;2024-08-08T14:33:00Z;1243.8;1243.2;1244;1242.8;1530;
10620843-28ce-44e8-80c2-f26ceb1bd3e1;2024-08-08T14:34:00Z;1243.4;1243.6;1243.6;1242.2;1300;
10620843-28ce-44e8-80c2-f26ceb1bd3e1;2024-08-08T14:35:00Z;1243.6;1242.2;1243.6;1242.2;290;
10620843-28ce-44e8-80c2-f26ceb1bd3e1;2024-08-08T14:36:00Z;1242.2;1242.6;1243;1242.2;440;
10620843-28ce-44e8-80c2-f26ceb1bd3e1;2024-08-08T14:37:00Z;1242.8;1243.6;1243.6;1242.8;630;
10620843-28ce-44e8-80c2-f26ceb1bd3e1;2024-08-08T14:38:00Z;1243.6;1243.4;1243.6;1242.2;3400;
10620843-28ce-44e8-80c2-f26ceb1bd3e1;2024-08-08T14:39:00Z;1243.6;1244.2;1244.2;1243.2;710;
10620843-28ce-44e8-80c2-f26ceb1bd3e1;2024-08-08T14:40:00Z;1243.6;1243.4;1244;1243.2;460;
10620843-28ce-44e8-80c2-f26ceb1bd3e1;2024-08-08T14:41:00Z;1243.8;1243;1243.8;1243;280;
10620843-28ce-44e8-80c2-f26ceb1bd3e1;2024-08-08T14:42:00Z;1242.6;1243.2;1244;1242.6;900;
10620843-28ce-44e8-80c2-f26ceb1bd3e1;2024-08-08T14:43:00Z;1243.6;1243.6;1243.8;1243;290;
10620843-28ce-44e8-80c2-f26ceb1bd3e1;2024-08-08T14:44:00Z;1243;1242.8;1243.6;1242.6;660;
10620843-28ce-44e8-80c2-f26ceb1bd3e1;2024-08-08T14:45:00Z;1243.2;1242.6;1243.2;1242.6;230;
10620843-28ce-44e8-80c2-f26ceb1bd3e1;2024-08-08T14:46:00Z;1243.2;1243.2;1243.6;1243.2;320;
10620843-28ce-44e8-80c2-f26ceb1bd3e1;2024-08-08T14:47:00Z;1243;1243.2;1243.2;1242.4;410;
10620843-28ce-44e8-80c2-f26ceb1bd3e1;2024-08-08T14:48:00Z;1243.2;1242.6;1243.2;1242.4;1290;
10620843-28ce-44e8-80c2-f26ceb1bd3e1;2024-08-08T14:49:00Z;1243;1243;1243.2;1242.4;210;
10620843-28ce-44e8-80c2-f26ceb1bd3e1;2024-08-08T14:50:00Z;1243;1242.8;1243;1242.6;110;
10620843-28ce-44e8-80c2-f26ceb1bd3e1;2024-08-08T14:51:00Z;1242.6;1243.4;1243.6;1242.6;1360;
10620843-28ce-44e8-80c2-f26ceb1bd3e1;2024-08-08T14:52:00Z;1243;1242.6;1243.6;1242.4;2260;
10620843-28ce-44e8-80c2-f26ceb1bd3e1;2024-08-08T14:53:00Z;1242.6;1243.2;1243.2;1242.2;260;
10620843-28ce-44e8-80c2-f26ceb1bd3e1;2024-08-08T14:54:00Z;1242.6;1243.2;1243.2;1241.6;1440;
10620843-28ce-44e8-80c2-f26ceb1bd3e1;2024-08-08T14:55:00Z;1242.6;1242;1242.8;1242;210;
10620843-28ce-44e8-80c2-f26ceb1bd3e1;2024-08-08T14:56:00Z;1242;1240.8;1242;1240.8;2550;
10620843-28ce-44e8-80c2-f26ceb1bd3e1;2024-08-08T14:57:00Z;1240.8;1240.8;1240.8;1240.6;620;
10620843-28ce-44e8-80c2-f26ceb1bd3e1;2024-08-08T14:58:00Z;1240.6;1240;1240.6;1238.4;6080;
10620843-28ce-44e8-80c2-f26ceb1bd3e1;2024-08-08T14:59:00Z;1240;1239.2;1241.2;1238.8;960;
10620843-28ce-44e8-80c2-f26ceb1bd3e1;2024-08-08T15:00:00Z;1240;1240.4;1240.4;1240;300;
10620843-28ce-44e8-80c2-f26ceb1bd3e1;2024-08-08T15:01:00Z;1240;1239.4;1240;1238.4;1270;
10620843-28ce-44e8-80c2-f26ceb1bd3e1;2024-08-08T15:02:00Z;1238.8;1239.4;1239.4;1238.4;720;
10620843-28ce-44e8-80c2-f26ceb1bd3e1;2024-08-08T15:03:00Z;1239.4;1239.4;1240.2;1239.4;120;
10620843-28ce-44e8-80c2-f26ceb1bd3e1;2024-08-08T15:04:00Z;1240;1240;1240;1240;50;
10620843-28ce-44e8-80c2-f26ceb1bd3e1;2024-08-08T15:05:00Z;1239.6;1239.6;1239.6;1239.6;500;
10620843-28ce-44e8-80c2-f26ceb1bd3e1;2024-08-08T15:06:00Z;1239.6;1238;1239.6;1237.6;2890;
10620843-28ce-44e8-80c2-f26ceb1bd3e1;2024-08-08T15:07:00Z;1237.6;1237.6;1237.6;1237;1380;
10620843-28ce-44e8-80c2-f26ceb1bd3e1;2024-08-08T15:08:00Z;1237.6;1237.6;1238;1237.4;2570;
10620843-28ce-44e8-80c2-f26ceb1bd3e1;2024-08-08T15:09:00Z;1238;1238;1238;1238;3040;
10620843-28ce-44e8-80c2-f26ceb1bd3e1;2024-08-08T15:10:00Z;1238;1237.6;1238;1237;1690;
10620843-28ce-44e8-80c2-f26ceb1bd3e1;2024-08-08T15:11:00Z;1237;1238;1238;1237;1640;
10620843-28ce-44e8-80c2-f26ceb1bd3e1;2024-08-08T15:12:00Z;1238;1237.8;1238;1237.6;480;
10620843-28ce-44e8-80c2-f26ceb1bd3e1;2024-08-08T15:13:00Z;1237.8;1237.6;1237.8;1237.6;370;
10620843-28ce-44e8-80c2-f26ceb1bd3e1;2024-08-08T15:14:00Z;1237.8;1238;1238;1237.8;200;
10620843-28ce-44e8-80c2-f26ceb1bd3e1;2024-08-08T15:15:00Z;1238;1237;1238;1236.6;1900;
10620843-28ce-44e8-80c2-f26ceb1bd3e1;2024-08-08T15:16:00Z;1236.6;1236.6;1237.4;1236;3870;
10620843-28ce-44e8-80c2-f26ceb1bd3e1;2024-08-08T15:17:00Z;1236.6;1236.8;1236.8;1236.6;400;
10620843-28ce-44e8-80c2-f26ceb1bd3e1;2024-08-08T15:18:00Z;1237.6;1238;1238;1237.6;80;
10620843-28ce-44e8-80c2-f26ceb1bd3e1;2024-08-08T15:19:00Z;1238;1237;1238;1236.2;360;
10620843-28ce-44e8-80c2-f26ceb1bd3e1;2024-08-08T15:20:00Z;1237;1236.2;1237;1236.2;920;
10620843-28ce-44e8-80c2-f26ceb1bd3e1;2024-08-08T15:21:00Z;1236.4;1236.2;1236.8;1236.2;370;
10620843-28ce-44e8-80c2-f26ceb1bd3e1;2024-08-08T15:22:00Z;1236.4;1236.2;1236.8;1236.2;360;
10620843-28ce-44e8-80c2-f26ceb1bd3e1;2024-08-08T15:23:00Z;1236.2;1236.4;1236.4;1236;3160;
10620843-28ce-44e8-80c2-f26ceb1bd3e1;2024-08-08T15:24:00Z;1236.4;1236.4;1236.4;1236.4;280;
10620843-28ce-44e8-80c2-f26ceb1bd3e1;2024-08-08T15:25:00Z;1236.4;1236.2;1237.6;1236.2;2500;
10620843-28ce-44e8-80c2-f26ceb1bd3e1;2024-08-08T15:26:00Z;1236.2;1236.2;1236.2;1236.2;360;
10620843-28ce-44e8-80c2-f26ceb1bd3e1;2024-08-08T15:27:00Z;1236.2;1236.2;1236.6;1236.2;1330;
10620843-28ce-44e8-80c2-f26ceb1bd3e1;2024-08-08T15:28:00Z;1236.2;1236.2;1236.2;1236.2;410;
10620843-28ce-44e8-80c2-f26ceb1bd3e1;2024-08-08T15:29:00Z;1236.2;1235.2;1236.2;1235.2;2650;
10620843-28ce-44e8-80c2-f26ceb1bd3e1;2024-08-08T15:30:00Z;1235.6;1235.2;1235.6;1235.2;550;
10620843-28ce-44e8-80c2-f26ceb1bd3e1;2024-08-08T15:31:00Z;1235.8;1236.6;1236.6;1235.8;190;
10620843-28ce-44e8-80c2-f26ceb1bd3e1;2024-08-08T15:32:00Z;1236.4;1238;1238;1236.4;1300;
10620843-28ce-44e8-80c2-f26ceb1bd3e1;2024-08-08T15:33:00Z;1238.2;1238.4;1238.4;1237.6;700;
10620843-28ce-44e8-80c2-f26ceb1bd3e1;2024-08-08T15:34:00Z;1238.2;1238.4;1238.4;1238.2;300;
10620843-28ce-44e8-80c2-f26ceb1bd3e1;2024-08-08T15:35:00Z;1237.6;1239.2;1239.6;1236.8;1400;
10620843-28ce-44e8-80c2-f26ceb1bd3e1;2024-08-08T15:36:00Z;1239.2;1239;1239.2;1239;270;
10620843-28ce-44e8-80c2-f26ceb1bd3e1;2024-08-08T15:37:00Z;1239;1239.2;1239.2;1239;100;
10620843-28ce-44e8-80c2-f26ceb1bd3e1;2024-08-08T15:38:00Z;1239;1238;1239;1238;190;
10620843-28ce-44e8-80c2-f26ceb1bd3e1;2024-08-08T15:39:00Z;1238.4;1239.8;1239.8;1238;780;
10620843-28ce-44e8-80c2-f26ceb1bd3e1;2024-08-08T15:45:00Z;1240.8;1240.8;1240.8;1240.8;2900;
10620843-28ce-44e8-80c2-f26ceb1bd3e1;2024-08-08T15:47:00Z;1240.8;1240.8;1240.8;1240.8;10710;
10620843-28ce-44e8-80c2-f26ceb1bd3e1;2024-08-08T16:04:00Z;1240.8;1240.8;1240.8;1240.8;230;
10620843-28ce-44e8-80c2-f26ceb1bd3e1;2024-08-08T16:05:00Z;1240.8;1238;1240.8;1238;1650;
10620843-28ce-44e8-80c2-f26ceb1bd3e1;2024-08-08T16:06:00Z;1238;1237.6;1238;1237.4;160;
10620843-28ce-44e8-80c2-f26ceb1bd3e1;2024-08-08T16:07:00Z;1237.6;1238;1238;1237.4;280;
10620843-28ce-44e8-80c2-f26ceb1bd3e1;2024-08-08T16:08:00Z;1238;1239;1240.4;1238;1450;
10620843-28ce-44e8-80c2-f26ceb1bd3e1;2024-08-08T16:09:00Z;1239.4;1239;1239.4;1238.6;180;
10620843-28ce-44e8-80c2-f26ceb1bd3e1;2024-08-08T16:10:00Z;1238.8;1238.2;1238.8;1238.2;250;
10620843-28ce-44e8-80c2-f26ceb1bd3e1;2024-08-08T16:11:00Z;1238.4;1238.8;1238.8;1238.4;30;
10620843-28ce-44e8-80c2-f26ceb1bd3e1;2024-08-08T16:12:00Z;1238.6;1238.8;1238.8;1237.2;1790;
10620843-28ce-44e8-80c2-f26ceb1bd3e1;2024-08-08T16:13:00Z;1238.8;1238.6;1238.8;1238.6;300;
10620843-28ce-44e8-80c2-f26ceb1bd3e1;2024-08-08T16:14:00Z;1238.6;1238.6;1238.6;1238.6;70;
10620843-28ce-44e8-80c2-f26ceb1bd3e1;2024-08-08T16:15:00Z;1238.6;1238.6;1238.6;1238.6;120;
10620843-28ce-44e8-80c2-f26ceb1bd3e1;2024-08-08T16:16:00Z;1239.2;1239.2;1239.2;1239.2;20;
10620843-28ce-44e8-80c2-f26ceb1bd3e1;2024-08-08T16:17:00Z;1238.6;1239;1239;1238.6;110;
10620843-28ce-44e8-80c2-f26ceb1bd3e1;2024-08-08T16:18:00Z;1238.6;1238.6;1239;1238.6;190;
10620843-28ce-44e8-80c2-f26ceb1bd3e1;2024-08-08T16:19:00Z;1238.8;1239;1239;1238.6;210;
10620843-28ce-44e8-80c2-f26ceb1bd3e1;2024-08-08T16:20:00Z;1238.6;1239.4;1239.4;1238.6;280;
10620843-28ce-44e8-80c2-f26ceb1bd3e1;2024-08-08T16:21:00Z;1239.8;1239.4;1239.8;1238.6;870;
10620843-28ce-44e8-80c2-f26ceb1bd3e1;2024-08-08T16:22:00Z;1239.4;1237.8;1239.6;1237.8;200;
10620843-28ce-44e8-80c2-f26ceb1bd3e1;2024-08-08T16:23:00Z;1237.8;1237.8;1237.8;1237.8;140;
10620843-28ce-44e8-80c2-f26ceb1bd3e1;2024-08-08T16:25:00Z;1238;1238.4;1238.6;1238;210;
10620843-28ce-44e8-80c2-f26ceb1bd3e1;2024-08-08T16:26:00Z;1239.4;1239.4;1239.4;1239.4;20;
10620843-28ce-44e8-80c2-f26ceb1bd3e1;2024-08-08T16:27:00Z;1238.6;1239.6;1239.6;1238;440;
10620843-28ce-44e8-80c2-f26ceb1bd3e1;2024-08-08T16:28:00Z;1239.4;1239.2;1239.4;1238.8;340;
10620843-28ce-44e8-80c2-f26ceb1bd3e1;2024-08-08T16:29:00Z;1238;1238.4;1238.6;1238;220;
10620843-28ce-44e8-80c2-f26ceb1bd3e1;2024-08-08T16:30:00Z;1237.6;1237.6;1237.6;1237.6;40;
10620843-28ce-44e8-80c2-f26ceb1bd3e1;2024-08-08T16:31:00Z;1237.2;1236.4;1237.2;1236.4;590;
10620843-28ce-44e8-80c2-f26ceb1bd3e1;2024-08-08T16:32:00Z;1236.4;1236.8;1236.8;1235.8;950;
10620843-28ce-44e8-80c2-f26ceb1bd3e1;2024-08-08T16:33:00Z;1236.2;1236.2;1236.2;1236.2;10;
10620843-28ce-44e8-80c2-f26ceb1bd3e1;2024-08-08T16:34:00Z;1237;1237.4;1237.4;1236.2;1470;
10620843-28ce-44e8-80c2-f26ceb1bd3e1;2024-08-08T16:35:00Z;1236.4;1238.6;1238.6;1236.4;1180;
10620843-28ce-44e8-80c2-f26ceb1bd3e1;2024-08-08T16:37:00Z;1238.2;1236.6;1238.2;1236.6;20;
10620843-28ce-44e8-80c2-f26ceb1bd3e1;2024-08-08T16:38:00Z;1236.4;1235.6;1236.4;1235.6;1000;
10620843-28ce-44e8-80c2-f26ceb1bd3e1;2024-08-08T16:39:00Z;1235.6;1237.6;1238;1235.6;1900;
10620843-28ce-44e8-80c2-f26ceb1bd3e1;2024-08-08T16:42:00Z;1237.6;1238;1238;1237.6;310;
10620843-28ce-44e8-80c2-f26ceb1bd3e1;2024-08-08T16:43:00Z;1238;1236.6;1238;1236.6;450;
10620843-28ce-44e8-80c2-f26ceb1bd3e1;2024-08-08T16:44:00Z;1236.6;1236.6;1236.6;1236.6;10;
10620843-28ce-44e8-80c2-f26ceb1bd3e1;2024-08-08T16:45:00Z;1236.8;1236.8;1236.8;1236.8;10;
10620843-28ce-44e8-80c2-f26ceb1bd3e1;2024-08-08T16:46:00Z;1236.6;1236.6;1236.6;1236.6;40;
10620843-28ce-44e8-80c2-f26ceb1bd3e1;2024-08-08T16:47:00Z;1236.4;1236.6;1236.6;1236.4;110;
10620843-28ce-44e8-80c2-f26ceb1bd3e1;2024-08-08T16:48:00Z;1236.8;1237.2;1237.2;1236.8;270;
10620843-28ce-44e8-80c2-f26ceb1bd3e1;2024-08-08T16:49:00Z;1237.4;1236.6;1237.4;1236.6;100;
10620843-28ce-44e8-80c2-f26ceb1bd3e1;2024-08-08T16:50:00Z;1237;1237;1237;1237;10;
10620843-28ce-44e8-80c2-f26ceb1bd3e1;2024-08-08T16:51:00Z;1237;1237;1237;1237;510;
10620843-28ce-44e8-80c2-f26ceb1bd3e1;2024-08-08T16:52:00Z;1237.2;1238;1238;1237.2;200;
10620843-28ce-44e8-80c2-f26ceb1bd3e1;2024-08-08T16:53:00Z;1238;1237.8;1238.2;1237.2;420;
10620843-28ce-44e8-80c2-f26ceb1bd3e1;2024-08-08T16:54:00Z;1238;1238;1238;1238;110;
10620843-28ce-44e8-80c2-f26ceb1bd3e1;2024-08-08T16:55:00Z;1238;1236;1238;1235.6;2540;
10620843-28ce-44e8-80c2-f26ceb1bd3e1;2024-08-08T16:56:00Z;1235.8;1235.8;1235.8;1235.8;10;
10620843-28ce-44e8-80c2-f26ceb1bd3e1;2024-08-08T16:57:00Z;1235.8;1235.4;1236;1235.4;440;
10620843-28ce-44e8-80c2-f26ceb1bd3e1;2024-08-08T16:58:00Z;1235.4;1235;1235.6;1235;900;
10620843-28ce-44e8-80c2-f26ceb1bd3e1;2024-08-08T16:59:00Z;1235;1234.2;1235.2;1234.2;550;
10620843-28ce-44e8-80c2-f26ceb1bd3e1;2024-08-08T17:00:00Z;1234.2;1233.2;1234.2;1233.2;1060;
10620843-28ce-44e8-80c2-f26ceb1bd3e1;2024-08-08T17:01:00Z;1233.2;1233;1233.8;1232.6;960;
10620843-28ce-44e8-80c2-f26ceb1bd3e1;2024-08-08T17:02:00Z;1233;1233.4;1233.6;1233;110;
10620843-28ce-44e8-80c2-f26ceb1bd3e1;2024-08-08T17:03:00Z;1234.2;1236.4;1236.4;1233.4;2030;
10620843-28ce-44e8-80c2-f26ceb1bd3e1;2024-08-08T17:05:00Z;1236.4;1236.4;1236.4;1236.4;40;
10620843-28ce-44e8-80c2-f26ceb1bd3e1;2024-08-08T17:06:00Z;1236.4;1236.4;1236.4;1236.4;60;
10620843-28ce-44e8-80c2-f26ceb1bd3e1;2024-08-08T17:07:00Z;1236.2;1235.4;1236.2;1235.4;160;
10620843-28ce-44e8-80c2-f26ceb1bd3e1;2024-08-08T17:09:00Z;1235.4;1236;1236;1235.4;160;
10620843-28ce-44e8-80c2-f26ceb1bd3e1;2024-08-08T17:10:00Z;1235.4;1235;1235.8;1234;1090;
10620843-28ce-44e8-80c2-f26ceb1bd3e1;2024-08-08T17:11:00Z;1235;1235.4;1235.8;1234.6;200;
10620843-28ce-44e8-80c2-f26ceb1bd3e1;2024-08-08T17:12:00Z;1235.4;1234.2;1235.4;1234.2;230;
10620843-28ce-44e8-80c2-f26ceb1bd3e1;2024-08-08T17:13:00Z;1235.2;1235.2;1235.2;1235.2;20;
10620843-28ce-44e8-80c2-f26ceb1bd3e1;2024-08-08T17:14:00Z;1234.4;1236.2;1236.2;1233.6;690;
10620843-28ce-44e8-80c2-f26ceb1bd3e1;2024-08-08T17:15:00Z;1234.8;1235.2;1235.2;1234.4;640;
10620843-28ce-44e8-80c2-f26ceb1bd3e1;2024-08-08T17:16:00Z;1235.6;1235.8;1236;1235.6;280;
10620843-28ce-44e8-80c2-f26ceb1bd3e1;2024-08-08T17:17:00Z;1235.8;1236;1236;1235.8;510;
10620843-28ce-44e8-80c2-f26ceb1bd3e1;2024-08-08T17:18:00Z;1236;1236.2;1236.2;1236;4240;
10620843-28ce-44e8-80c2-f26ceb1bd3e1;2024-08-08T17:19:00Z;1236.2;1237.2;1237.2;1236.2;710;
10620843-28ce-44e8-80c2-f26ceb1bd3e1;2024-08-08T17:20:00Z;1237;1236;1237;1236;1400;
10620843-28ce-44e8-80c2-f26ceb1bd3e1;2024-08-08T17:21:00Z;1236.8;1236.8;1236.8;1236.8;50;
10620843-28ce-44e8-80c2-f26ceb1bd3e1;2024-08-08T17:22:00Z;1236.2;1236;1236.2;1236;660;
10620843-28ce-44e8-80c2-f26ceb1bd3e1;2024-08-08T17:23:00Z;1236;1236;1236.2;1236;1050;
10620843-28ce-44e8-80c2-f26ceb1bd3e1;2024-08-08T17:24:00Z;1236.2;1236.6;1236.8;1236.2;320;
10620843-28ce-44e8-80c2-f26ceb1bd3e1;2024-08-08T17:25:00Z;1236.8;1236.8;1236.8;1236.8;10;
10620843-28ce-44e8-80c2-f26ceb1bd3e1;2024-08-08T17:26:00Z;1237;1237.4;1237.4;1237;210;
10620843-28ce-44e8-80c2-f26ceb1bd3e1;2024-08-08T17:27:00Z;1237;1236.4;1237.6;1236.4;320;
10620843-28ce-44e8-80c2-f26ceb1bd3e1;2024-08-08T17:28:00Z;1236.4;1237;1237;1236.2;110;
10620843-28ce-44e8-80c2-f26ceb1bd3e1;2024-08-08T17:29:00Z;1236.2;1236;1236.2;1236;560;
10620843-28ce-44e8-80c2-f26ceb1bd3e1;2024-08-08T17:30:00Z;1236;1236;1236;1236;630;
10620843-28ce-44e8-80c2-f26ceb1bd3e1;2024-08-08T17:31:00Z;1236.6;1236.2;1236.6;1236;220;
10620843-28ce-44e8-80c2-f26ceb1bd3e1;2024-08-08T17:32:00Z;1236;1234.2;1236;1233;4030;
10620843-28ce-44e8-80c2-f26ceb1bd3e1;2024-08-08T17:33:00Z;1233.4;1233.8;1234;1233;730;
10620843-28ce-44e8-80c2-f26ceb1bd3e1;2024-08-08T17:34:00Z;1233.6;1235.8;1235.8;1233.4;480;
10620843-28ce-44e8-80c2-f26ceb1bd3e1;2024-08-08T17:35:00Z;1235.8;1234.4;1235.8;1233.6;790;
10620843-28ce-44e8-80c2-f26ceb1bd3e1;2024-08-08T17:36:00Z;1234.6;1234;1234.6;1233.6;130;
10620843-28ce-44e8-80c2-f26ceb1bd3e1;2024-08-08T17:37:00Z;1233.8;1234.4;1234.4;1233.6;50;
10620843-28ce-44e8-80c2-f26ceb1bd3e1;2024-08-08T17:38:00Z;1234.2;1233;1234.2;1233;350;
10620843-28ce-44e8-80c2-f26ceb1bd3e1;2024-08-08T17:39:00Z;1233;1233.4;1233.4;1233;790;
10620843-28ce-44e8-80c2-f26ceb1bd3e1;2024-08-08T17:40:00Z;1233;1233;1233;1233;170;
10620843-28ce-44e8-80c2-f26ceb1bd3e1;2024-08-08T17:41:00Z;1233;1231.2;1233;1231.2;3740;
10620843-28ce-44e8-80c2-f26ceb1bd3e1;2024-08-08T17:42:00Z;1231.2;1231.6;1231.8;1231.2;780;
10620843-28ce-44e8-80c2-f26ceb1bd3e1;2024-08-08T17:43:00Z;1231.8;1232;1232.6;1231.2;920;
10620843-28ce-44e8-80c2-f26ceb1bd3e1;2024-08-08T17:44:00Z;1232;1232;1232.6;1232;790;
10620843-28ce-44e8-80c2-f26ceb1bd3e1;2024-08-08T17:45:00Z;1232.2;1232;1232.2;1232;70;
10620843-28ce-44e8-80c2-f26ceb1bd3e1;2024-08-08T17:46:00Z;1232;1232;1232;1232;70;
10620843-28ce-44e8-80c2-f26ceb1bd3e1;2024-08-08T17:47:00Z;1232.6;1234;1234;1232.6;350;
10620843-28ce-44e8-80c2-f26ceb1bd3e1;2024-08-08T17:48:00Z;1233.8;1233.8;1234.2;1233.8;170;
10620843-28ce-44e8-80c2-f26ceb1bd3e1;2024-08-08T17:49:00Z;1233.8;1233.8;1234;1233;420;
10620843-28ce-44e8-80c2-f26ceb1bd3e1;2024-08-08T17:51:00Z;1233.8;1233.2;1233.8;1233.2;20;
10620843-28ce-44e8-80c2-f26ceb1bd3e1;2024-08-08T17:52:00Z;1233.4;1232.2;1233.4;1232.2;310;
10620843-28ce-44e8-80c2-f26ceb1bd3e1;2024-08-08T17:53:00Z;1232;1233;1233;1232;100;
10620843-28ce-44e8-80c2-f26ceb1bd3e1;2024-08-08T17:55:00Z;1233;1232.8;1233.2;1232.8;170;
10620843-28ce-44e8-80c2-f26ceb1bd3e1;2024-08-08T17:56:00Z;1233.6;1234.2;1234.2;1232.8;370;
10620843-28ce-44e8-80c2-f26ceb1bd3e1;2024-08-08T17:57:00Z;1234.4;1235.4;1235.4;1234.4;950;
10620843-28ce-44e8-80c2-f26ceb1bd3e1;2024-08-08T17:58:00Z;1235;1236;1236;1235;370;
10620843-28ce-44e8-80c2-f26ceb1bd3e1;2024-08-08T18:00:00Z;1236;1235;1236;1235;90;
10620843-28ce-44e8-80c2-f26ceb1bd3e1;2024-08-08T18:05:00Z;1234.6;1234.6;1234.6;1234.6;30;
10620843-28ce-44e8-80c2-f26ceb1bd3e1;2024-08-08T18:06:00Z;1235;1235;1235;1235;30;
10620843-28ce-44e8-80c2-f26ceb1bd3e1;2024-08-08T18:07:00Z;1234.6;1235.2;1235.2;1234.6;220;
10620843-28ce-44e8-80c2-f26ceb1bd3e1;2024-08-08T18:08:00Z;1234.8;1234.8;1234.8;1234.8;20;
10620843-28ce-44e8-80c2-f26ceb1bd3e1;2024-08-08T18:09:00Z;1235.4;1235;1236;1235;270;
10620843-28ce-44e8-80c2-f26ceb1bd3e1;2024-08-08T18:10:00Z;1236;1236;1236;1236;160;
10620843-28ce-44e8-80c2-f26ceb1bd3e1;2024-08-08T18:11:00Z;1236;1236.4;1236.4;1236;400;
10620843-28ce-44e8-80c2-f26ceb1bd3e1;2024-08-08T18:12:00Z;1236.4;1236.8;1236.8;1236.4;840;
10620843-28ce-44e8-80c2-f26ceb1bd3e1;2024-08-08T18:13:00Z;1237;1237.8;1237.8;1236.8;510;
10620843-28ce-44e8-80c2-f26ceb1bd3e1;2024-08-08T18:14:00Z;1237.8;1238.4;1238.4;1237.8;1160;
10620843-28ce-44e8-80c2-f26ceb1bd3e1;2024-08-08T18:15:00Z;1238.2;1238.4;1238.4;1238.2;120;
10620843-28ce-44e8-80c2-f26ceb1bd3e1;2024-08-08T18:16:00Z;1238.2;1238.2;1238.2;1238.2;30;
10620843-28ce-44e8-80c2-f26ceb1bd3e1;2024-08-08T18:17:00Z;1238.2;1238.2;1238.2;1238;200;
10620843-28ce-44e8-80c2-f26ceb1bd3e1;2024-08-08T18:18:00Z;1238.2;1238;1238.6;1238;800;
10620843-28ce-44e8-80c2-f26ceb1bd3e1;2024-08-08T18:19:00Z;1238.2;1238.4;1238.6;1238;600;
10620843-28ce-44e8-80c2-f26ceb1bd3e1;2024-08-08T18:20:00Z;1238;1238;1238.4;1238;420;
10620843-28ce-44e8-80c2-f26ceb1bd3e1;2024-08-08T18:21:00Z;1238;1238;1238;1238;530;
10620843-28ce-44e8-80c2-f26ceb1bd3e1;2024-08-08T18:22:00Z;1238.4;1238;1238.4;1238;590;
10620843-28ce-44e8-80c2-f26ceb1bd3e1;2024-08-08T18:23:00Z;1238;1238;1238.4;1238;70;
10620843-28ce-44e8-80c2-f26ceb1bd3e1;2024-08-08T18:24:00Z;1238.4;1238.4;1238.4;1238.4;100;
10620843-28ce-44e8-80c2-f26ceb1bd3e1;2024-08-08T18:25:00Z;1238;1237.8;1238;1237;130;
10620843-28ce-44e8-80c2-f26ceb1bd3e1;2024-08-08T18:26:00Z;1237.6;1237;1238;1237;220;
10620843-28ce-44e8-80c2-f26ceb1bd3e1;2024-08-08T18:27:00Z;1237;1236.6;1237.4;1236.6;180;
10620843-28ce-44e8-80c2-f26ceb1bd3e1;2024-08-08T18:29:00Z;1236.6;1236.6;1236.6;1236.6;200;
10620843-28ce-44e8-80c2-f26ceb1bd3e1;2024-08-08T18:30:00Z;1237.6;1237.4;1238;1236.8;280;
10620843-28ce-44e8-80c2-f26ceb1bd3e1;2024-08-08T18:31:00Z;1236.6;1236.6;1236.6;1236.6;250;
10620843-28ce-44e8-80c2-f26ceb1bd3e1;2024-08-08T18:32:00Z;1237.2;1237.2;1237.2;1237.2;10;
10620843-28ce-44e8-80c2-f26ceb1bd3e1;2024-08-08T18:33:00Z;1236.6;1233.8;1236.6;1233.8;2420;
10620843-28ce-44e8-80c2-f26ceb1bd3e1;2024-08-08T18:34:00Z;1233.4;1234.2;1234.2;1233.4;50;
10620843-28ce-44e8-80c2-f26ceb1bd3e1;2024-08-08T18:35:00Z;1234.6;1234.6;1234.6;1234.6;80;
10620843-28ce-44e8-80c2-f26ceb1bd3e1;2024-08-08T18:36:00Z;1234.6;1234.4;1234.6;1234.4;30;
10620843-28ce-44e8-80c2-f26ceb1bd3e1;2024-08-08T18:38:00Z;1233.6;1233;1233.6;1231.4;2620;
10620843-28ce-44e8-80c2-f26ceb1bd3e1;2024-08-08T18:39:00Z;1232.4;1233;1233;1231.6;270;
10620843-28ce-44e8-80c2-f26ceb1bd3e1;2024-08-08T18:40:00Z;1233.4;1232.6;1233.4;1232.6;20;
10620843-28ce-44e8-80c2-f26ceb1bd3e1;2024-08-08T18:41:00Z;1233;1233.4;1233.4;1233;30;
10620843-28ce-44e8-80c2-f26ceb1bd3e1;2024-08-08T18:42:00Z;1233;1233.4;1233.4;1232.8;200;
10620843-28ce-44e8-80c2-f26ceb1bd3e1;2024-08-08T18:43:00Z;1233.6;1233.6;1233.6;1233;90;
10620843-28ce-44e8-80c2-f26ceb1bd3e1;2024-08-08T18:45:00Z;1233;1233.8;1233.8;1233;270;
10620843-28ce-44e8-80c2-f26ceb1bd3e1;2024-08-08T18:46:00Z;1234;1234.2;1234.2;1233.6;50;
10620843-28ce-44e8-80c2-f26ceb1bd3e1;2024-08-08T18:48:00Z;1233.6;1233.6;1233.6;1233.6;40;
10620843-28ce-44e8-80c2-f26ceb1bd3e1;2024-08-08T18:49:00Z;1233;1232.8;1233;1232.8;70;
10620843-28ce-44e8-80c2-f26ceb1bd3e1;2024-08-08T18:50:00Z;1233.4;1234.4;1234.4;1233.4;420;
10620843-28ce-44e8-80c2-f26ceb1bd3e1;2024-08-08T18:51:00Z;1233.6;1233.6;1233.6;1233.6;10;
10620843-28ce-44e8-80c2-f26ceb1bd3e1;2024-08-08T18:54:00Z;1233.6;1233.6;1233.6;1233.6;20;
10620843-28ce-44e8-80c2-f26ceb1bd3e1;2024-08-08T18:56:00Z;1233.6;1233.4;1233.6;1233.4;90;
10620843-28ce-44e8-80c2-f26ceb1bd3e1;2024-08-08T18:57:00Z;1233.4;1233.6;1233.6;1233.4;420;
10620843-28ce-44e8-80c2-f26ceb1bd3e1;2024-08-08T18:59:00Z;1233.4;1233.8;1233.8;1233.4;60;
10620843-28ce-44e8-80c2-f26ceb1bd3e1;2024-08-08T19:00:00Z;1234.2;1234.4;1234.6;1233.6;430;
10620843-28ce-44e8-80c2-f26ceb1bd3e1;2024-08-08T19:02:00Z;1234.4;1234.6;1234.6;1234.4;50;
10620843-28ce-44e8-80c2-f26ceb1bd3e1;2024-08-08T19:03:00Z;1234.6;1234.6;1234.6;1234.6;20;
10620843-28ce-44e8-80c2-f26ceb1bd3e1;2024-08-08T19:04:00Z;1233.6;1233.4;1233.6;1233.4;250;
10620843-28ce-44e8-80c2-f26ceb1bd3e1;2024-08-08T19:06:00Z;1233.4;1233.4;1233.4;1233.4;10;
10620843-28ce-44e8-80c2-f26ceb1bd3e1;2024-08-08T19:08:00Z;1233.6;1233.2;1233.6;1233.2;20;
10620843-28ce-44e8-80c2-f26ceb1bd3e1;2024-08-08T19:09:00Z;1233.2;1233;1233.2;1233;120;
10620843-28ce-44e8-80c2-f26ceb1bd3e1;2024-08-08T19:10:00Z;1233;1233;1233;1233;180;
10620843-28ce-44e8-80c2-f26ceb1bd3e1;2024-08-08T19:11:00Z;1232.8;1232;1232.8;1231.2;2680;
10620843-28ce-44e8-80c2-f26ceb1bd3e1;2024-08-08T19:13:00Z;1231.8;1231.6;1231.8;1231.6;80;
10620843-28ce-44e8-80c2-f26ceb1bd3e1;2024-08-08T19:14:00Z;1232.4;1232.6;1232.6;1232.4;100;
10620843-28ce-44e8-80c2-f26ceb1bd3e1;2024-08-08T19:15:00Z;1232.6;1232.6;1232.6;1232.6;30;
10620843-28ce-44e8-80c2-f26ceb1bd3e1;2024-08-08T19:16:00Z;1232.6;1231.8;1232.6;1231.8;170;
10620843-28ce-44e8-80c2-f26ceb1bd3e1;2024-08-08T19:17:00Z;1232.6;1232.6;1232.6;1232.6;10;
10620843-28ce-44e8-80c2-f26ceb1bd3e1;2024-08-08T19:18:00Z;1233;1233;1233;1233;120;
10620843-28ce-44e8-80c2-f26ceb1bd3e1;2024-08-08T19:19:00Z;1233.4;1233;1233.4;1233;140;
10620843-28ce-44e8-80c2-f26ceb1bd3e1;2024-08-08T19:21:00Z;1233.4;1234.4;1234.8;1233.4;2030;
10620843-28ce-44e8-80c2-f26ceb1bd3e1;2024-08-08T19:22:00Z;1234.4;1234.4;1234.4;1234.4;80;
10620843-28ce-44e8-80c2-f26ceb1bd3e1;2024-08-08T19:24:00Z;1234.4;1235.2;1235.2;1234.4;250;
10620843-28ce-44e8-80c2-f26ceb1bd3e1;2024-08-08T19:25:00Z;1235.2;1235.4;1235.4;1235.2;30;
10620843-28ce-44e8-80c2-f26ceb1bd3e1;2024-08-08T19:26:00Z;1235.4;1235.4;1235.6;1235.4;240;
10620843-28ce-44e8-80c2-f26ceb1bd3e1;2024-08-08T19:27:00Z;1235.4;1236;1236;1235.4;50;
10620843-28ce-44e8-80c2-f26ceb1bd3e1;2024-08-08T19:28:00Z;1235.6;1235.4;1235.6;1235.4;160;
10620843-28ce-44e8-80c2-f26ceb1bd3e1;2024-08-08T19:30:00Z;1235;1235;1235;1235;350;
10620843-28ce-44e8-80c2-f26ceb1bd3e1;2024-08-08T19:31:00Z;1235.2;1235;1235.2;1235;70;
10620843-28ce-44e8-80c2-f26ceb1bd3e1;2024-08-08T19:32:00Z;1235.2;1235;1235.6;1235;100;
10620843-28ce-44e8-80c2-f26ceb1bd3e1;2024-08-08T19:34:00Z;1235.4;1235.4;1235.4;1235.4;10;
10620843-28ce-44e8-80c2-f26ceb1bd3e1;2024-08-08T19:35:00Z;1235.4;1235;1235.4;1235;270;
10620843-28ce-44e8-80c2-f26ceb1bd3e1;2024-08-08T19:36:00Z;1235;1235.4;1235.4;1235;260;
10620843-28ce-44e8-80c2-f26ceb1bd3e1;2024-08-08T19:37:00Z;1235.2;1233.2;1235.4;1232.6;2570;
10620843-28ce-44e8-80c2-f26ceb1bd3e1;2024-08-08T19:38:00Z;1232.8;1232.8;1232.8;1232.8;40;
10620843-28ce-44e8-80c2-f26ceb1bd3e1;2024-08-08T19:39:00Z;1233.4;1233.6;1233.6;1233.4;440;
10620843-28ce-44e8-80c2-f26ceb1bd3e1;2024-08-08T19:40:00Z;1233;1231.4;1233;1231.4;1010;
10620843-28ce-44e8-80c2-f26ceb1bd3e1;2024-08-08T19:41:00Z;1233;1233;1233;1233;20;
10620843-28ce-44e8-80c2-f26ceb1bd3e1;2024-08-08T19:43:00Z;1233;1232.6;1233;1232.6;30;
10620843-28ce-44e8-80c2-f26ceb1bd3e1;2024-08-08T19:45:00Z;1233;1233;1233;1233;240;
10620843-28ce-44e8-80c2-f26ceb1bd3e1;2024-08-08T19:48:00Z;1233.4;1233.4;1233.4;1233.4;20;
10620843-28ce-44e8-80c2-f26ceb1bd3e1;2024-08-08T19:49:00Z;1233.4;1233.4;1233.4;1233.4;10;
10620843-28ce-44e8-80c2-f26ceb1bd3e1;2024-08-08T19:52:00Z;1233;1233;1233;1233;10;
10620843-28ce-44e8-80c2-f26ceb1bd3e1;2024-08-08T19:53:00Z;1233;1233.2;1233.2;1233;200;
10620843-28ce-44e8-80c2-f26ceb1bd3e1;2024-08-08T19:54:00Z;1233;1233;1233;1233;10;
10620843-28ce-44e8-80c2-f26ceb1bd3e1;2024-08-08T19:56:00Z;1233;1233;1233;1233;1600;
10620843-28ce-44e8-80c2-f26ceb1bd3e1;2024-08-08T19:57:00Z;1233;1232.4;1233;1232.4;2360;
10620843-28ce-44e8-80c2-f26ceb1bd3e1;2024-08-08T19:58:00Z;1232.4;1232;1232.4;1232;150;
10620843-28ce-44e8-80c2-f26ceb1bd3e1;2024-08-08T19:59:00Z;1231.6;1232.4;1232.4;1231.6;80;
10620843-28ce-44e8-80c2-f26ceb1bd3e1;2024-08-08T20:01:00Z;1232;1232.6;1232.6;1231.2;1130;
10620843-28ce-44e8-80c2-f26ceb1bd3e1;2024-08-08T20:02:00Z;1232.2;1232.2;1232.2;1232.2;40;
10620843-28ce-44e8-80c2-f26ceb1bd3e1;2024-08-08T20:03:00Z;1232.2;1232.2;1232.2;1232.2;120;
10620843-28ce-44e8-80c2-f26ceb1bd3e1;2024-08-08T20:05:00Z;1233;1233;1233;1233;10;
10620843-28ce-44e8-80c2-f26ceb1bd3e1;2024-08-08T20:06:00Z;1233;1232.4;1233;1232.4;40;
10620843-28ce-44e8-80c2-f26ceb1bd3e1;2024-08-08T20:08:00Z;1232.4;1232.4;1232.4;1232.4;120;
10620843-28ce-44e8-80c2-f26ceb1bd3e1;2024-08-08T20:09:00Z;1232.4;1232.4;1232.4;1232.4;50;
10620843-28ce-44e8-80c2-f26ceb1bd3e1;2024-08-08T20:10:00Z;1232.4;1232.4;1232.4;1232.4;40;
10620843-28ce-44e8-80c2-f26ceb1bd3e1;2024-08-08T20:12:00Z;1233.2;1233.4;1233.4;1233.2;40;
10620843-28ce-44e8-80c2-f26ceb1bd3e1;2024-08-08T20:13:00Z;1233.4;1234;1234;1233.4;440;
10620843-28ce-44e8-80c2-f26ceb1bd3e1;2024-08-08T20:14:00Z;1233.6;1233.8;1233.8;1233.6;100;
10620843-28ce-44e8-80c2-f26ceb1bd3e1;2024-08-08T20:15:00Z;1234;1233.4;1234;1233.4;1020;
10620843-28ce-44e8-80c2-f26ceb1bd3e1;2024-08-08T20:16:00Z;1233.4;1233.4;1233.4;1233.4;150;
10620843-28ce-44e8-80c2-f26ceb1bd3e1;2024-08-08T20:18:00Z;1233.4;1233.2;1233.4;1233.2;140;
10620843-28ce-44e8-80c2-f26ceb1bd3e1;2024-08-08T20:20:00Z;1233.2;1233.8;1233.8;1233.2;210;
10620843-28ce-44e8-80c2-f26ceb1bd3e1;2024-08-08T20:21:00Z;1233.8;1234;1234;1233.8;500;
10620843-28ce-44e8-80c2-f26ceb1bd3e1;2024-08-08T20:22:00Z;1234.2;1234.6;1235;1234.2;950;
10620843-28ce-44e8-80c2-f26ceb1bd3e1;2024-08-08T20:23:00Z;1234.6;1234.6;1234.6;1234.6;110;
10620843-28ce-44e8-80c2-f26ceb1bd3e1;2024-08-08T20:24:00Z;1234.6;1234.6;1234.6;1234.6;100;
10620843-28ce-44e8-80c2-f26ceb1bd3e1;2024-08-08T20:25:00Z;1235;1235;1235;1235;80;
10620843-28ce-44e8-80c2-f26ceb1bd3e1;2024-08-08T20:26:00Z;1235;1236.2;1236.2;1235;860;
10620843-28ce-44e8-80c2-f26ceb1bd3e1;2024-08-08T20:27:00Z;1236.2;1236.2;1236.2;1236.2;10;
10620843-28ce-44e8-80c2-f26ceb1bd3e1;2024-08-08T20:28:00Z;1235.2;1235;1235.2;1235;20;
10620843-28ce-44e8-80c2-f26ceb1bd3e1;2024-08-08T20:29:00Z;1235;1235;1235;1235;60;
10620843-28ce-44e8-80c2-f26ceb1bd3e1;2024-08-08T20:30:00Z;1236;1235.2;1236;1235.2;20;
10620843-28ce-44e8-80c2-f26ceb1bd3e1;2024-08-08T20:31:00Z;1236.2;1234.6;1236.2;1234.6;290;
10620843-28ce-44e8-80c2-f26ceb1bd3e1;2024-08-08T20:34:00Z;1234.4;1234.4;1234.4;1234.4;40;
10620843-28ce-44e8-80c2-f26ceb1bd3e1;2024-08-08T20:35:00Z;1234.2;1236.2;1236.2;1234.2;380;
10620843-28ce-44e8-80c2-f26ceb1bd3e1;2024-08-08T20:36:00Z;1234.6;1234.4;1234.6;1234.4;50;
10620843-28ce-44e8-80c2-f26ceb1bd3e1;2024-08-08T20:37:00Z;1234.4;1234.4;1234.4;1234.4;10;
10620843-28ce-44e8-80c2-f26ceb1bd3e1;2024-08-08T20:38:00Z;1234.6;1234.4;1234.6;1234.4;150;
10620843-28ce-44e8-80c2-f26ceb1bd3e1;2024-08-08T20:39:00Z;1235;1235;1235;1235;110;
10620843-28ce-44e8-80c2-f26ceb1bd3e1;2024-08-08T20:41:00Z;1235;1236;1236;1235;300;
10620843-28ce-44e8-80c2-f26ceb1bd3e1;2024-08-08T20:44:00Z;1235;1234;1235;1234;190;
10620843-28ce-44e8-80c2-f26ceb1bd3e1;2024-08-08T20:45:00Z;1233.4;1233.8;1233.8;1233.4;330;
10620843-28ce-44e8-80c2-f26ceb1bd3e1;2024-08-08T20:46:00Z;1234;1235.4;1235.4;1233.6;650;
10620843-28ce-44e8-80c2-f26ceb1bd3e1;2024-08-08T20:47:00Z;1235.4;1235.4;1235.4;1235.4;40;
10620843-28ce-44e8-80c2-f26ceb1bd3e1;2024-08-08T20:48:00Z;1234;1236.8;1236.8;1233;4120;
