fd417230-19cf-4e7b-9623-f7c9ca18ec6b;2024-06-07T06:59:00Z;567.3;567.3;567.3;567.3;4479;
fd417230-19cf-4e7b-9623-f7c9ca18ec6b;2024-06-07T07:00:00Z;567.35;567.75;568.7;567.35;7731;
fd417230-19cf-4e7b-9623-f7c9ca18ec6b;2024-06-07T07:01:00Z;568;568.15;568.45;567.75;3972;
fd417230-19cf-4e7b-9623-f7c9ca18ec6b;2024-06-07T07:02:00Z;568.15;567.65;568.15;567.4;3225;
fd417230-19cf-4e7b-9623-f7c9ca18ec6b;2024-06-07T07:03:00Z;567.5;568.7;568.7;567.5;8002;
fd417230-19cf-4e7b-9623-f7c9ca18ec6b;2024-06-07T07:04:00Z;568.7;568.5;569;568.35;6735;
fd417230-19cf-4e7b-9623-f7c9ca18ec6b;2024-06-07T07:05:00Z;568.4;567.95;568.5;567.9;2852;
fd417230-19cf-4e7b-9623-f7c9ca18ec6b;2024-06-07T07:06:00Z;567.9;568.5;568.5;567.65;12260;
fd417230-19cf-4e7b-9623-f7c9ca18ec6b;2024-06-07T07:07:00Z;568.6;568.25;568.75;568;6207;
fd417230-19cf-4e7b-9623-f7c9ca18ec6b;2024-06-07T07:08:00Z;568.25;567.4;568.25;567.4;2562;
fd417230-19cf-4e7b-9623-f7c9ca18ec6b;2024-06-07T07:09:00Z;567.6;567.65;567.65;567.35;692;
fd417230-19cf-4e7b-9623-f7c9ca18ec6b;2024-06-07T07:10:00Z;567.55;567;567.55;566.95;8375;
fd417230-19cf-4e7b-9623-f7c9ca18ec6b;2024-06-07T07:11:00Z;567;566.4;567;566.3;5319;
fd417230-19cf-4e7b-9623-f7c9ca18ec6b;2024-06-07T07:12:00Z;566.4;566.7;566.75;566.2;2842;
fd417230-19cf-4e7b-9623-f7c9ca18ec6b;2024-06-07T07:13:00Z;566.7;566.9;566.95;566.7;593;
fd417230-19cf-4e7b-9623-f7c9ca18ec6b;2024-06-07T07:14:00Z;566.85;566.4;566.85;566.35;1332;
fd417230-19cf-4e7b-9623-f7c9ca18ec6b;2024-06-07T07:15:00Z;566.5;566.5;566.55;565.75;8607;
fd417230-19cf-4e7b-9623-f7c9ca18ec6b;2024-06-07T07:16:00Z;566.5;566.75;567;566.45;1126;
fd417230-19cf-4e7b-9623-f7c9ca18ec6b;2024-06-07T07:17:00Z;566.9;567;567;566.45;3064;
fd417230-19cf-4e7b-9623-f7c9ca18ec6b;2024-06-07T07:18:00Z;567;567;567;566.85;1667;
fd417230-19cf-4e7b-9623-f7c9ca18ec6b;2024-06-07T07:19:00Z;567;567.5;567.5;566.95;944;
fd417230-19cf-4e7b-9623-f7c9ca18ec6b;2024-06-07T07:20:00Z;567.6;567.5;567.6;567.45;279;
fd417230-19cf-4e7b-9623-f7c9ca18ec6b;2024-06-07T07:21:00Z;567.5;567.35;567.5;567.1;2064;
fd417230-19cf-4e7b-9623-f7c9ca18ec6b;2024-06-07T07:22:00Z;567.3;567.55;567.6;567.3;2406;
fd417230-19cf-4e7b-9623-f7c9ca18ec6b;2024-06-07T07:23:00Z;567.55;567.5;567.55;567.5;1992;
fd417230-19cf-4e7b-9623-f7c9ca18ec6b;2024-06-07T07:24:00Z;567.5;567.6;567.6;567.5;1322;
fd417230-19cf-4e7b-9623-f7c9ca18ec6b;2024-06-07T07:25:00Z;567.5;567.65;567.7;567.5;955;
fd417230-19cf-4e7b-9623-f7c9ca18ec6b;2024-06-07T07:26:00Z;567.7;568.1;568.3;567.7;22626;
fd417230-19cf-4e7b-9623-f7c9ca18ec6b;2024-06-07T07:27:00Z;568.15;568.3;568.35;568.1;2728;
fd417230-19cf-4e7b-9623-f7c9ca18ec6b;2024-06-07T07:28:00Z;568.35;568.5;568.55;568.3;2264;
fd417230-19cf-4e7b-9623-f7c9ca18ec6b;2024-06-07T07:29:00Z;568.5;568.65;568.65;568.45;2098;
fd417230-19cf-4e7b-9623-f7c9ca18ec6b;2024-06-07T07:30:00Z;568.65;568.35;568.65;568.3;5250;
fd417230-19cf-4e7b-9623-f7c9ca18ec6b;2024-06-07T07:31:00Z;568.35;568.7;568.7;568.3;2404;
fd417230-19cf-4e7b-9623-f7c9ca18ec6b;2024-06-07T07:32:00Z;568.7;568.75;569;568.6;9714;
fd417230-19cf-4e7b-9623-f7c9ca18ec6b;2024-06-07T07:33:00Z;568.8;568.2;568.8;568.05;6258;
fd417230-19cf-4e7b-9623-f7c9ca18ec6b;2024-06-07T07:34:00Z;568.15;568.1;568.15;568.05;1018;
fd417230-19cf-4e7b-9623-f7c9ca18ec6b;2024-06-07T07:35:00Z;568.05;568.3;568.3;568.05;1725;
fd417230-19cf-4e7b-9623-f7c9ca18ec6b;2024-06-07T07:36:00Z;568.3;568.2;568.3;568.2;1091;
fd417230-19cf-4e7b-9623-f7c9ca18ec6b;2024-06-07T07:37:00Z;568.25;568.05;568.25;568.05;1423;
fd417230-19cf-4e7b-9623-f7c9ca18ec6b;2024-06-07T07:38:00Z;568.05;568.05;568.05;568;2625;
fd417230-19cf-4e7b-9623-f7c9ca18ec6b;2024-06-07T07:39:00Z;568.05;567.85;568.05;567.85;434;
fd417230-19cf-4e7b-9623-f7c9ca18ec6b;2024-06-07T07:40:00Z;567.95;566.8;567.95;566.5;10851;
fd417230-19cf-4e7b-9623-f7c9ca18ec6b;2024-06-07T07:41:00Z;567;567.35;567.35;566.95;1461;
fd417230-19cf-4e7b-9623-f7c9ca18ec6b;2024-06-07T07:42:00Z;567.35;567;567.35;566.85;3395;
fd417230-19cf-4e7b-9623-f7c9ca18ec6b;2024-06-07T07:43:00Z;567;566.9;567.25;566.85;2269;
fd417230-19cf-4e7b-9623-f7c9ca18ec6b;2024-06-07T07:44:00Z;566.9;567;567;566.9;1646;
fd417230-19cf-4e7b-9623-f7c9ca18ec6b;2024-06-07T07:45:00Z;566.95;567;567;566.95;697;
fd417230-19cf-4e7b-9623-f7c9ca18ec6b;2024-06-07T07:46:00Z;566.95;566.95;567;566.95;1210;
fd417230-19cf-4e7b-9623-f7c9ca18ec6b;2024-06-07T07:47:00Z;567;567;567;566.95;39;
fd417230-19cf-4e7b-9623-f7c9ca18ec6b;2024-06-07T07:48:00Z;566.95;566.75;567;566.75;1720;
fd417230-19cf-4e7b-9623-f7c9ca18ec6b;2024-06-07T07:49:00Z;566.55;565.95;566.7;565.7;6184;
fd417230-19cf-4e7b-9623-f7c9ca18ec6b;2024-06-07T07:50:00Z;565.95;566.75;566.75;565.9;2158;
fd417230-19cf-4e7b-9623-f7c9ca18ec6b;2024-06-07T07:51:00Z;566.6;566.6;566.6;566.1;2989;
fd417230-19cf-4e7b-9623-f7c9ca18ec6b;2024-06-07T07:52:00Z;566.75;567;567;566.6;357;
fd417230-19cf-4e7b-9623-f7c9ca18ec6b;2024-06-07T07:53:00Z;567;567;567;566.85;1427;
fd417230-19cf-4e7b-9623-f7c9ca18ec6b;2024-06-07T07:54:00Z;567;566.75;567;566.5;1275;
fd417230-19cf-4e7b-9623-f7c9ca18ec6b;2024-06-07T07:55:00Z;566.75;566.4;566.75;566.4;273;
fd417230-19cf-4e7b-9623-f7c9ca18ec6b;2024-06-07T07:56:00Z;566.4;566.75;566.75;566.4;822;
fd417230-19cf-4e7b-9623-f7c9ca18ec6b;2024-06-07T07:57:00Z;566.7;566.7;566.7;566.6;696;
fd417230-19cf-4e7b-9623-f7c9ca18ec6b;2024-06-07T07:58:00Z;566.7;566.4;566.7;566.35;636;
fd417230-19cf-4e7b-9623-f7c9ca18ec6b;2024-06-07T07:59:00Z;566.4;566.65;566.7;566.3;1135;
fd417230-19cf-4e7b-9623-f7c9ca18ec6b;2024-06-07T08:00:00Z;566.65;566.45;566.65;566.2;830;
fd417230-19cf-4e7b-9623-f7c9ca18ec6b;2024-06-07T08:01:00Z;566.45;566.5;566.5;566.2;233;
fd417230-19cf-4e7b-9623-f7c9ca18ec6b;2024-06-07T08:02:00Z;566.5;566.8;566.95;566.5;1307;
fd417230-19cf-4e7b-9623-f7c9ca18ec6b;2024-06-07T08:03:00Z;566.8;566.15;566.8;565.5;15686;
fd417230-19cf-4e7b-9623-f7c9ca18ec6b;2024-06-07T08:04:00Z;566.15;566.25;566.3;566.15;581;
fd417230-19cf-4e7b-9623-f7c9ca18ec6b;2024-06-07T08:05:00Z;566.25;565.55;566.3;565.55;928;
fd417230-19cf-4e7b-9623-f7c9ca18ec6b;2024-06-07T08:06:00Z;565.65;565.85;565.9;565.5;955;
fd417230-19cf-4e7b-9623-f7c9ca18ec6b;2024-06-07T08:07:00Z;565.85;565.75;565.85;565.55;399;
fd417230-19cf-4e7b-9623-f7c9ca18ec6b;2024-06-07T08:08:00Z;565.8;565.85;566;565.7;249;
fd417230-19cf-4e7b-9623-f7c9ca18ec6b;2024-06-07T08:09:00Z;566;566;566;565.85;624;
fd417230-19cf-4e7b-9623-f7c9ca18ec6b;2024-06-07T08:10:00Z;566;566;566;565.95;1046;
fd417230-19cf-4e7b-9623-f7c9ca18ec6b;2024-06-07T08:11:00Z;565.95;565.35;565.95;565.35;2408;
fd417230-19cf-4e7b-9623-f7c9ca18ec6b;2024-06-07T08:12:00Z;565.35;565.85;565.95;565.3;1219;
fd417230-19cf-4e7b-9623-f7c9ca18ec6b;2024-06-07T08:13:00Z;565.85;565.7;565.85;565.6;56;
fd417230-19cf-4e7b-9623-f7c9ca18ec6b;2024-06-07T08:14:00Z;565.55;565.65;565.7;565.5;69;
fd417230-19cf-4e7b-9623-f7c9ca18ec6b;2024-06-07T08:15:00Z;565.55;565.8;565.8;565.55;211;
fd417230-19cf-4e7b-9623-f7c9ca18ec6b;2024-06-07T08:16:00Z;565.8;565.8;565.95;565.8;536;
fd417230-19cf-4e7b-9623-f7c9ca18ec6b;2024-06-07T08:17:00Z;565.8;565.95;565.95;565.7;199;
fd417230-19cf-4e7b-9623-f7c9ca18ec6b;2024-06-07T08:18:00Z;565.95;565.95;566.05;565.45;6440;
fd417230-19cf-4e7b-9623-f7c9ca18ec6b;2024-06-07T08:19:00Z;565.95;566;566.05;565.9;686;
fd417230-19cf-4e7b-9623-f7c9ca18ec6b;2024-06-07T08:20:00Z;566.05;566;566.05;565.85;309;
fd417230-19cf-4e7b-9623-f7c9ca18ec6b;2024-06-07T08:21:00Z;566;565.85;566;565.8;449;
fd417230-19cf-4e7b-9623-f7c9ca18ec6b;2024-06-07T08:22:00Z;565.8;565.7;565.8;565.4;555;
fd417230-19cf-4e7b-9623-f7c9ca18ec6b;2024-06-07T08:23:00Z;565.6;565.75;565.75;565.55;673;
fd417230-19cf-4e7b-9623-f7c9ca18ec6b;2024-06-07T08:24:00Z;565.75;565.55;565.75;565.5;1080;
fd417230-19cf-4e7b-9623-f7c9ca18ec6b;2024-06-07T08:25:00Z;565.5;565.55;565.65;565.45;2593;
fd417230-19cf-4e7b-9623-f7c9ca18ec6b;2024-06-07T08:26:00Z;565.55;565.7;565.7;565.4;723;
fd417230-19cf-4e7b-9623-f7c9ca18ec6b;2024-06-07T08:27:00Z;565.65;565.7;565.7;565.45;108;
fd417230-19cf-4e7b-9623-f7c9ca18ec6b;2024-06-07T08:28:00Z;565.55;565.75;565.75;565.55;342;
fd417230-19cf-4e7b-9623-f7c9ca18ec6b;2024-06-07T08:29:00Z;565.75;565.7;565.75;565.65;268;
fd417230-19cf-4e7b-9623-f7c9ca18ec6b;2024-06-07T08:30:00Z;565.6;565.55;565.6;565.5;435;
fd417230-19cf-4e7b-9623-f7c9ca18ec6b;2024-06-07T08:31:00Z;565.55;566;566;565.55;3569;
fd417230-19cf-4e7b-9623-f7c9ca18ec6b;2024-06-07T08:32:00Z;566;565.8;566;565.8;337;
fd417230-19cf-4e7b-9623-f7c9ca18ec6b;2024-06-07T08:33:00Z;565.9;565.65;565.95;565.5;992;
fd417230-19cf-4e7b-9623-f7c9ca18ec6b;2024-06-07T08:34:00Z;565.65;565.8;565.8;565.5;180;
fd417230-19cf-4e7b-9623-f7c9ca18ec6b;2024-06-07T08:35:00Z;565.8;565.5;565.95;565.5;1724;
fd417230-19cf-4e7b-9623-f7c9ca18ec6b;2024-06-07T08:36:00Z;565.5;565.55;565.6;565.5;240;
fd417230-19cf-4e7b-9623-f7c9ca18ec6b;2024-06-07T08:37:00Z;565.55;565.55;565.55;565.5;330;
fd417230-19cf-4e7b-9623-f7c9ca18ec6b;2024-06-07T08:38:00Z;565.55;565.45;565.55;565.45;1077;
fd417230-19cf-4e7b-9623-f7c9ca18ec6b;2024-06-07T08:39:00Z;565.45;565.5;565.5;565.3;1677;
fd417230-19cf-4e7b-9623-f7c9ca18ec6b;2024-06-07T08:40:00Z;565.5;565.55;565.55;565.45;4904;
fd417230-19cf-4e7b-9623-f7c9ca18ec6b;2024-06-07T08:41:00Z;565.55;565.55;565.55;565.5;401;
fd417230-19cf-4e7b-9623-f7c9ca18ec6b;2024-06-07T08:42:00Z;565.55;565.55;565.55;565.5;191;
fd417230-19cf-4e7b-9623-f7c9ca18ec6b;2024-06-07T08:43:00Z;565.55;565.85;565.85;565.5;4149;
fd417230-19cf-4e7b-9623-f7c9ca18ec6b;2024-06-07T08:44:00Z;565.85;565.85;565.85;565.8;872;
fd417230-19cf-4e7b-9623-f7c9ca18ec6b;2024-06-07T08:45:00Z;565.85;565.8;565.85;565.75;1191;
fd417230-19cf-4e7b-9623-f7c9ca18ec6b;2024-06-07T08:46:00Z;565.8;565.75;565.85;565.7;321;
fd417230-19cf-4e7b-9623-f7c9ca18ec6b;2024-06-07T08:47:00Z;565.75;565.55;565.75;565.5;2045;
fd417230-19cf-4e7b-9623-f7c9ca18ec6b;2024-06-07T08:48:00Z;565.5;565.7;565.7;565.45;638;
fd417230-19cf-4e7b-9623-f7c9ca18ec6b;2024-06-07T08:49:00Z;565.7;565.6;565.7;565.5;506;
fd417230-19cf-4e7b-9623-f7c9ca18ec6b;2024-06-07T08:50:00Z;565.6;565.85;565.85;565.55;4366;
fd417230-19cf-4e7b-9623-f7c9ca18ec6b;2024-06-07T08:51:00Z;565.85;566.55;566.7;565.8;8328;
fd417230-19cf-4e7b-9623-f7c9ca18ec6b;2024-06-07T08:52:00Z;566.55;567;567;566.55;4786;
fd417230-19cf-4e7b-9623-f7c9ca18ec6b;2024-06-07T08:53:00Z;567;567;567;566.9;24143;
fd417230-19cf-4e7b-9623-f7c9ca18ec6b;2024-06-07T08:54:00Z;567;567.05;567.25;566.95;19777;
fd417230-19cf-4e7b-9623-f7c9ca18ec6b;2024-06-07T08:55:00Z;567.1;567.2;567.3;567.1;2473;
fd417230-19cf-4e7b-9623-f7c9ca18ec6b;2024-06-07T08:56:00Z;567.2;567.65;567.65;567.15;4645;
fd417230-19cf-4e7b-9623-f7c9ca18ec6b;2024-06-07T08:57:00Z;567.65;567.65;567.95;567.65;5185;
fd417230-19cf-4e7b-9623-f7c9ca18ec6b;2024-06-07T08:58:00Z;567.65;567.65;567.7;567.3;1327;
fd417230-19cf-4e7b-9623-f7c9ca18ec6b;2024-06-07T08:59:00Z;567.7;567.05;567.7;567;1636;
fd417230-19cf-4e7b-9623-f7c9ca18ec6b;2024-06-07T09:00:00Z;567.05;567.55;567.55;566.9;7094;
fd417230-19cf-4e7b-9623-f7c9ca18ec6b;2024-06-07T09:01:00Z;567.55;567.4;567.55;567.15;1433;
fd417230-19cf-4e7b-9623-f7c9ca18ec6b;2024-06-07T09:02:00Z;567.35;566.9;567.55;566.9;428;
fd417230-19cf-4e7b-9623-f7c9ca18ec6b;2024-06-07T09:03:00Z;566.95;566.7;566.95;566.7;6081;
fd417230-19cf-4e7b-9623-f7c9ca18ec6b;2024-06-07T09:04:00Z;566.7;566.3;566.75;565.8;13035;
fd417230-19cf-4e7b-9623-f7c9ca18ec6b;2024-06-07T09:05:00Z;566.35;566.95;566.95;566.25;1618;
fd417230-19cf-4e7b-9623-f7c9ca18ec6b;2024-06-07T09:06:00Z;566.9;566.5;566.95;566.5;1058;
fd417230-19cf-4e7b-9623-f7c9ca18ec6b;2024-06-07T09:07:00Z;566.6;566.6;566.6;566.5;678;
fd417230-19cf-4e7b-9623-f7c9ca18ec6b;2024-06-07T09:08:00Z;566.6;565.75;566.6;565.7;2584;
fd417230-19cf-4e7b-9623-f7c9ca18ec6b;2024-06-07T09:09:00Z;565.8;565.95;566.35;565.8;632;
fd417230-19cf-4e7b-9623-f7c9ca18ec6b;2024-06-07T09:10:00Z;565.95;566;566.15;565.85;738;
fd417230-19cf-4e7b-9623-f7c9ca18ec6b;2024-06-07T09:11:00Z;566.15;565.9;566.25;565.85;704;
fd417230-19cf-4e7b-9623-f7c9ca18ec6b;2024-06-07T09:12:00Z;565.85;566.05;566.05;565.6;2659;
fd417230-19cf-4e7b-9623-f7c9ca18ec6b;2024-06-07T09:13:00Z;566;566.1;566.1;565.8;500;
fd417230-19cf-4e7b-9623-f7c9ca18ec6b;2024-06-07T09:14:00Z;566.05;566.8;566.8;566.05;4256;
fd417230-19cf-4e7b-9623-f7c9ca18ec6b;2024-06-07T09:15:00Z;566.8;567.85;567.95;566.8;9202;
fd417230-19cf-4e7b-9623-f7c9ca18ec6b;2024-06-07T09:16:00Z;567.9;567.55;567.95;567.25;4375;
fd417230-19cf-4e7b-9623-f7c9ca18ec6b;2024-06-07T09:17:00Z;567.55;567.9;568;567.15;9434;
fd417230-19cf-4e7b-9623-f7c9ca18ec6b;2024-06-07T09:18:00Z;567.9;567;567.9;567;2036;
fd417230-19cf-4e7b-9623-f7c9ca18ec6b;2024-06-07T09:19:00Z;567;567.05;567.3;566.9;1005;
fd417230-19cf-4e7b-9623-f7c9ca18ec6b;2024-06-07T09:20:00Z;567.1;567.65;567.65;567.1;2738;
fd417230-19cf-4e7b-9623-f7c9ca18ec6b;2024-06-07T09:21:00Z;567.65;567.1;567.65;567.1;1682;
fd417230-19cf-4e7b-9623-f7c9ca18ec6b;2024-06-07T09:22:00Z;567;567.25;567.25;567;549;
fd417230-19cf-4e7b-9623-f7c9ca18ec6b;2024-06-07T09:23:00Z;567.3;567.9;567.9;567.2;606;
fd417230-19cf-4e7b-9623-f7c9ca18ec6b;2024-06-07T09:24:00Z;567.85;567.15;567.85;567.15;3384;
fd417230-19cf-4e7b-9623-f7c9ca18ec6b;2024-06-07T09:25:00Z;567.3;567.1;567.45;566.9;2506;
fd417230-19cf-4e7b-9623-f7c9ca18ec6b;2024-06-07T09:26:00Z;567.1;567.15;567.15;567.1;238;
fd417230-19cf-4e7b-9623-f7c9ca18ec6b;2024-06-07T09:27:00Z;567;567.75;567.75;566.9;1851;
fd417230-19cf-4e7b-9623-f7c9ca18ec6b;2024-06-07T09:28:00Z;567.7;567.5;567.7;567.2;300;
fd417230-19cf-4e7b-9623-f7c9ca18ec6b;2024-06-07T09:29:00Z;567.5;567.15;567.5;567;937;
fd417230-19cf-4e7b-9623-f7c9ca18ec6b;2024-06-07T09:30:00Z;567.15;567.85;567.85;567.15;1599;
fd417230-19cf-4e7b-9623-f7c9ca18ec6b;2024-06-07T09:31:00Z;567.85;567.65;568;567.65;5883;
fd417230-19cf-4e7b-9623-f7c9ca18ec6b;2024-06-07T09:32:00Z;567.7;567.65;567.8;567.6;223;
fd417230-19cf-4e7b-9623-f7c9ca18ec6b;2024-06-07T09:33:00Z;567.75;567.4;567.75;567.3;202;
fd417230-19cf-4e7b-9623-f7c9ca18ec6b;2024-06-07T09:34:00Z;567.4;567.45;567.55;567.1;3223;
fd417230-19cf-4e7b-9623-f7c9ca18ec6b;2024-06-07T09:35:00Z;567.4;567.6;567.6;566.85;3051;
fd417230-19cf-4e7b-9623-f7c9ca18ec6b;2024-06-07T09:36:00Z;567.75;567.45;567.75;567.3;1168;
fd417230-19cf-4e7b-9623-f7c9ca18ec6b;2024-06-07T09:37:00Z;567.4;567.45;567.5;567.15;79;
fd417230-19cf-4e7b-9623-f7c9ca18ec6b;2024-06-07T09:38:00Z;567.45;567.45;567.5;567.15;2259;
fd417230-19cf-4e7b-9623-f7c9ca18ec6b;2024-06-07T09:39:00Z;567.65;567.95;567.95;567.6;819;
fd417230-19cf-4e7b-9623-f7c9ca18ec6b;2024-06-07T09:40:00Z;567.95;567.95;568;567.75;1225;
fd417230-19cf-4e7b-9623-f7c9ca18ec6b;2024-06-07T09:41:00Z;567.95;568;568;567.95;2395;
fd417230-19cf-4e7b-9623-f7c9ca18ec6b;2024-06-07T09:42:00Z;568;568.25;568.25;567.95;3944;
fd417230-19cf-4e7b-9623-f7c9ca18ec6b;2024-06-07T09:43:00Z;568.2;567.9;568.3;567.9;1839;
fd417230-19cf-4e7b-9623-f7c9ca18ec6b;2024-06-07T09:44:00Z;568;568.05;568.05;567.9;91;
fd417230-19cf-4e7b-9623-f7c9ca18ec6b;2024-06-07T09:45:00Z;568.05;567.9;568.05;567.8;1154;
fd417230-19cf-4e7b-9623-f7c9ca18ec6b;2024-06-07T09:46:00Z;567.95;568;568;567.75;538;
fd417230-19cf-4e7b-9623-f7c9ca18ec6b;2024-06-07T09:47:00Z;568;567.8;568;567.8;651;
fd417230-19cf-4e7b-9623-f7c9ca18ec6b;2024-06-07T09:48:00Z;567.75;567.6;567.85;567.6;320;
fd417230-19cf-4e7b-9623-f7c9ca18ec6b;2024-06-07T09:49:00Z;567.6;567.7;567.7;567.6;104;
fd417230-19cf-4e7b-9623-f7c9ca18ec6b;2024-06-07T09:50:00Z;567.7;567.8;568;567.6;580;
fd417230-19cf-4e7b-9623-f7c9ca18ec6b;2024-06-07T09:51:00Z;567.8;568;568;567.75;1575;
fd417230-19cf-4e7b-9623-f7c9ca18ec6b;2024-06-07T09:52:00Z;568;568;568;567.9;1187;
fd417230-19cf-4e7b-9623-f7c9ca18ec6b;2024-06-07T09:53:00Z;568;568.05;568.05;567.95;1993;
fd417230-19cf-4e7b-9623-f7c9ca18ec6b;2024-06-07T09:54:00Z;568.05;568.45;568.45;568.05;2338;
fd417230-19cf-4e7b-9623-f7c9ca18ec6b;2024-06-07T09:55:00Z;568.45;568.55;568.55;568.45;3794;
fd417230-19cf-4e7b-9623-f7c9ca18ec6b;2024-06-07T09:56:00Z;568.55;568.7;568.8;568.5;6615;
fd417230-19cf-4e7b-9623-f7c9ca18ec6b;2024-06-07T09:57:00Z;568.6;568.65;568.7;568.6;1416;
fd417230-19cf-4e7b-9623-f7c9ca18ec6b;2024-06-07T09:58:00Z;568.65;568.45;568.65;567.95;6871;
fd417230-19cf-4e7b-9623-f7c9ca18ec6b;2024-06-07T09:59:00Z;568.5;568.6;568.7;568.45;1771;
fd417230-19cf-4e7b-9623-f7c9ca18ec6b;2024-06-07T10:00:00Z;568.6;568.85;568.95;568.6;6860;
fd417230-19cf-4e7b-9623-f7c9ca18ec6b;2024-06-07T10:01:00Z;568.7;568.9;568.95;568.7;7400;
fd417230-19cf-4e7b-9623-f7c9ca18ec6b;2024-06-07T10:02:00Z;568.9;568.85;568.95;568.75;910;
fd417230-19cf-4e7b-9623-f7c9ca18ec6b;2024-06-07T10:03:00Z;568.85;568.6;568.9;568.55;1239;
fd417230-19cf-4e7b-9623-f7c9ca18ec6b;2024-06-07T10:04:00Z;568.6;568.55;568.65;568.35;3279;
fd417230-19cf-4e7b-9623-f7c9ca18ec6b;2024-06-07T10:05:00Z;568.5;567.95;568.55;567.95;10945;
fd417230-19cf-4e7b-9623-f7c9ca18ec6b;2024-06-07T10:06:00Z;567.95;567.3;568.1;566.95;6450;
fd417230-19cf-4e7b-9623-f7c9ca18ec6b;2024-06-07T10:07:00Z;567.15;567.35;567.4;566.8;3891;
fd417230-19cf-4e7b-9623-f7c9ca18ec6b;2024-06-07T10:08:00Z;567.5;567.45;567.6;567.25;1987;
fd417230-19cf-4e7b-9623-f7c9ca18ec6b;2024-06-07T10:09:00Z;567.5;567.6;567.65;567.4;515;
fd417230-19cf-4e7b-9623-f7c9ca18ec6b;2024-06-07T10:10:00Z;567.6;567.65;567.65;567.55;82;
fd417230-19cf-4e7b-9623-f7c9ca18ec6b;2024-06-07T10:11:00Z;567.8;568;568;567.65;520;
fd417230-19cf-4e7b-9623-f7c9ca18ec6b;2024-06-07T10:12:00Z;568;567.9;568.1;567.85;584;
fd417230-19cf-4e7b-9623-f7c9ca18ec6b;2024-06-07T10:13:00Z;567.9;567.95;567.95;567.85;622;
fd417230-19cf-4e7b-9623-f7c9ca18ec6b;2024-06-07T10:14:00Z;567.95;568;568.1;567.75;3234;
fd417230-19cf-4e7b-9623-f7c9ca18ec6b;2024-06-07T10:15:00Z;568;568.1;568.1;567.85;2625;
fd417230-19cf-4e7b-9623-f7c9ca18ec6b;2024-06-07T10:16:00Z;568.1;568;568.1;567.95;880;
fd417230-19cf-4e7b-9623-f7c9ca18ec6b;2024-06-07T10:17:00Z;568;568.05;568.1;567.9;2207;
fd417230-19cf-4e7b-9623-f7c9ca18ec6b;2024-06-07T10:18:00Z;568.05;568.1;568.1;568.05;425;
fd417230-19cf-4e7b-9623-f7c9ca18ec6b;2024-06-07T10:19:00Z;568.1;568.1;568.1;568.05;6779;
fd417230-19cf-4e7b-9623-f7c9ca18ec6b;2024-06-07T10:20:00Z;568.1;568.2;568.2;568.1;19631;
fd417230-19cf-4e7b-9623-f7c9ca18ec6b;2024-06-07T10:21:00Z;568.2;568.2;568.2;568.15;458;
fd417230-19cf-4e7b-9623-f7c9ca18ec6b;2024-06-07T10:22:00Z;568.15;568.75;568.75;568.15;7753;
fd417230-19cf-4e7b-9623-f7c9ca18ec6b;2024-06-07T10:23:00Z;568.8;569;569;568.65;3095;
fd417230-19cf-4e7b-9623-f7c9ca18ec6b;2024-06-07T10:24:00Z;569;568.95;569;568.9;4012;
fd417230-19cf-4e7b-9623-f7c9ca18ec6b;2024-06-07T10:25:00Z;569;569.45;569.45;568.95;10122;
fd417230-19cf-4e7b-9623-f7c9ca18ec6b;2024-06-07T10:26:00Z;569.45;569.2;569.45;569.2;5843;
fd417230-19cf-4e7b-9623-f7c9ca18ec6b;2024-06-07T10:27:00Z;569.25;569.5;569.5;569.2;15565;
fd417230-19cf-4e7b-9623-f7c9ca18ec6b;2024-06-07T10:28:00Z;569.45;569.2;569.5;569.2;2277;
fd417230-19cf-4e7b-9623-f7c9ca18ec6b;2024-06-07T10:29:00Z;569.25;569.45;569.45;569.05;7365;
fd417230-19cf-4e7b-9623-f7c9ca18ec6b;2024-06-07T10:30:00Z;569.45;574.7;574.85;569.4;173719;
fd417230-19cf-4e7b-9623-f7c9ca18ec6b;2024-06-07T10:31:00Z;574.65;575.25;575.25;574.25;106263;
fd417230-19cf-4e7b-9623-f7c9ca18ec6b;2024-06-07T10:32:00Z;575.2;575.9;575.95;575;63904;
fd417230-19cf-4e7b-9623-f7c9ca18ec6b;2024-06-07T10:33:00Z;575.95;573.95;575.95;573.6;48192;
fd417230-19cf-4e7b-9623-f7c9ca18ec6b;2024-06-07T10:34:00Z;573.85;573.3;573.95;572.7;21427;
fd417230-19cf-4e7b-9623-f7c9ca18ec6b;2024-06-07T10:35:00Z;573.3;573.35;573.4;573.05;31700;
fd417230-19cf-4e7b-9623-f7c9ca18ec6b;2024-06-07T10:36:00Z;573.35;573.95;574;573.35;18917;
fd417230-19cf-4e7b-9623-f7c9ca18ec6b;2024-06-07T10:37:00Z;573.95;573.7;574;573.6;35454;
fd417230-19cf-4e7b-9623-f7c9ca18ec6b;2024-06-07T10:38:00Z;573.7;573.8;574;573.35;15751;
fd417230-19cf-4e7b-9623-f7c9ca18ec6b;2024-06-07T10:39:00Z;573.8;572.7;573.9;572.4;42400;
fd417230-19cf-4e7b-9623-f7c9ca18ec6b;2024-06-07T10:40:00Z;572.7;573.3;573.65;572.55;18610;
fd417230-19cf-4e7b-9623-f7c9ca18ec6b;2024-06-07T10:41:00Z;573.3;573.15;573.65;573;26108;
fd417230-19cf-4e7b-9623-f7c9ca18ec6b;2024-06-07T10:42:00Z;573.15;572.95;573.25;572.8;27334;
fd417230-19cf-4e7b-9623-f7c9ca18ec6b;2024-06-07T10:43:00Z;573;573.3;573.4;572.8;19573;
fd417230-19cf-4e7b-9623-f7c9ca18ec6b;2024-06-07T10:44:00Z;573.3;573;573.6;572.8;27444;
fd417230-19cf-4e7b-9623-f7c9ca18ec6b;2024-06-07T10:45:00Z;573;573.6;573.65;572.75;15010;
fd417230-19cf-4e7b-9623-f7c9ca18ec6b;2024-06-07T10:46:00Z;573.65;573.7;573.7;573.55;10786;
fd417230-19cf-4e7b-9623-f7c9ca18ec6b;2024-06-07T10:47:00Z;573.7;573.7;573.9;573.6;12559;
fd417230-19cf-4e7b-9623-f7c9ca18ec6b;2024-06-07T10:48:00Z;573.65;573.75;573.75;573.6;11930;
fd417230-19cf-4e7b-9623-f7c9ca18ec6b;2024-06-07T10:49:00Z;573.75;573.7;573.75;573.65;11936;
fd417230-19cf-4e7b-9623-f7c9ca18ec6b;2024-06-07T10:50:00Z;573.65;573.75;573.75;573.6;15520;
fd417230-19cf-4e7b-9623-f7c9ca18ec6b;2024-06-07T10:51:00Z;573.7;573.9;573.95;573.6;12103;
fd417230-19cf-4e7b-9623-f7c9ca18ec6b;2024-06-07T10:52:00Z;573.85;574.65;574.75;573.8;22085;
fd417230-19cf-4e7b-9623-f7c9ca18ec6b;2024-06-07T10:53:00Z;574.7;574.55;574.85;574.55;8192;
fd417230-19cf-4e7b-9623-f7c9ca18ec6b;2024-06-07T10:54:00Z;574.65;574.65;574.95;574.35;12873;
fd417230-19cf-4e7b-9623-f7c9ca18ec6b;2024-06-07T10:55:00Z;574.65;574.75;574.85;574.5;8406;
fd417230-19cf-4e7b-9623-f7c9ca18ec6b;2024-06-07T10:56:00Z;574.75;574.6;575;574.5;15028;
fd417230-19cf-4e7b-9623-f7c9ca18ec6b;2024-06-07T10:57:00Z;574.6;573.55;574.8;573.5;27606;
fd417230-19cf-4e7b-9623-f7c9ca18ec6b;2024-06-07T10:58:00Z;573.5;573.35;573.75;572.8;26633;
fd417230-19cf-4e7b-9623-f7c9ca18ec6b;2024-06-07T10:59:00Z;573.55;573.7;573.8;573.25;5573;
fd417230-19cf-4e7b-9623-f7c9ca18ec6b;2024-06-07T11:00:00Z;573.7;573.7;574;573.65;12985;
fd417230-19cf-4e7b-9623-f7c9ca18ec6b;2024-06-07T11:01:00Z;573.7;573.9;573.9;573.3;7338;
fd417230-19cf-4e7b-9623-f7c9ca18ec6b;2024-06-07T11:02:00Z;574;573.8;574.15;573.7;4605;
fd417230-19cf-4e7b-9623-f7c9ca18ec6b;2024-06-07T11:03:00Z;573.9;573.5;573.9;573.5;18209;
fd417230-19cf-4e7b-9623-f7c9ca18ec6b;2024-06-07T11:04:00Z;573.5;573.2;573.5;573.15;3227;
fd417230-19cf-4e7b-9623-f7c9ca18ec6b;2024-06-07T11:05:00Z;573.15;573.1;573.4;573;8122;
fd417230-19cf-4e7b-9623-f7c9ca18ec6b;2024-06-07T11:06:00Z;573.05;573.05;573.25;573;15758;
fd417230-19cf-4e7b-9623-f7c9ca18ec6b;2024-06-07T11:07:00Z;573.2;573.1;573.2;573;6311;
fd417230-19cf-4e7b-9623-f7c9ca18ec6b;2024-06-07T11:08:00Z;573.05;572.85;573.1;572.8;4235;
fd417230-19cf-4e7b-9623-f7c9ca18ec6b;2024-06-07T11:09:00Z;572.85;572.75;572.85;572.7;10094;
fd417230-19cf-4e7b-9623-f7c9ca18ec6b;2024-06-07T11:10:00Z;572.8;573.15;573.15;572.7;7151;
fd417230-19cf-4e7b-9623-f7c9ca18ec6b;2024-06-07T11:11:00Z;573.25;573;573.4;572.85;11831;
fd417230-19cf-4e7b-9623-f7c9ca18ec6b;2024-06-07T11:12:00Z;572.95;572.75;573;572.7;15027;
fd417230-19cf-4e7b-9623-f7c9ca18ec6b;2024-06-07T11:13:00Z;572.7;572.7;572.8;572.7;11883;
fd417230-19cf-4e7b-9623-f7c9ca18ec6b;2024-06-07T11:14:00Z;572.75;572.9;572.95;572.7;8466;
fd417230-19cf-4e7b-9623-f7c9ca18ec6b;2024-06-07T11:15:00Z;572.75;572.7;572.9;572.7;4705;
fd417230-19cf-4e7b-9623-f7c9ca18ec6b;2024-06-07T11:16:00Z;572.75;572.15;572.75;572.15;15320;
fd417230-19cf-4e7b-9623-f7c9ca18ec6b;2024-06-07T11:17:00Z;572.2;572.25;572.25;572.15;7396;
fd417230-19cf-4e7b-9623-f7c9ca18ec6b;2024-06-07T11:18:00Z;572.25;572.3;572.35;572.25;2361;
fd417230-19cf-4e7b-9623-f7c9ca18ec6b;2024-06-07T11:19:00Z;572.25;572.35;572.5;572.25;1871;
fd417230-19cf-4e7b-9623-f7c9ca18ec6b;2024-06-07T11:20:00Z;572.35;572.15;572.4;572.15;3282;
fd417230-19cf-4e7b-9623-f7c9ca18ec6b;2024-06-07T11:21:00Z;572.15;572.2;572.2;572.15;7032;
fd417230-19cf-4e7b-9623-f7c9ca18ec6b;2024-06-07T11:22:00Z;572.2;572.15;572.2;572.15;3241;
fd417230-19cf-4e7b-9623-f7c9ca18ec6b;2024-06-07T11:23:00Z;572.15;572.2;572.2;572.15;9396;
fd417230-19cf-4e7b-9623-f7c9ca18ec6b;2024-06-07T11:24:00Z;572.2;572.15;572.2;572.15;726;
fd417230-19cf-4e7b-9623-f7c9ca18ec6b;2024-06-07T11:25:00Z;572.2;572.2;572.2;572.15;12674;
fd417230-19cf-4e7b-9623-f7c9ca18ec6b;2024-06-07T11:26:00Z;572.2;572.15;572.2;572.1;3567;
fd417230-19cf-4e7b-9623-f7c9ca18ec6b;2024-06-07T11:27:00Z;572.15;572.15;572.15;572.1;1414;
fd417230-19cf-4e7b-9623-f7c9ca18ec6b;2024-06-07T11:28:00Z;572.1;572.15;572.15;572.1;5974;
fd417230-19cf-4e7b-9623-f7c9ca18ec6b;2024-06-07T11:29:00Z;572.15;572.15;572.2;572.1;6073;
fd417230-19cf-4e7b-9623-f7c9ca18ec6b;2024-06-07T11:30:00Z;572.2;572.15;572.35;572.1;5692;
fd417230-19cf-4e7b-9623-f7c9ca18ec6b;2024-06-07T11:31:00Z;572.1;572.15;572.15;572.1;4360;
fd417230-19cf-4e7b-9623-f7c9ca18ec6b;2024-06-07T11:32:00Z;572.15;572.1;572.25;572.1;5919;
fd417230-19cf-4e7b-9623-f7c9ca18ec6b;2024-06-07T11:33:00Z;572.1;572.25;572.25;572.1;12689;
fd417230-19cf-4e7b-9623-f7c9ca18ec6b;2024-06-07T11:34:00Z;572.2;572.2;572.2;572.1;3971;
fd417230-19cf-4e7b-9623-f7c9ca18ec6b;2024-06-07T11:35:00Z;572.2;572.15;572.2;572.1;3331;
fd417230-19cf-4e7b-9623-f7c9ca18ec6b;2024-06-07T11:36:00Z;572.1;572.15;572.15;572.1;2624;
fd417230-19cf-4e7b-9623-f7c9ca18ec6b;2024-06-07T11:37:00Z;572.15;572.15;572.15;572.1;4453;
fd417230-19cf-4e7b-9623-f7c9ca18ec6b;2024-06-07T11:38:00Z;572.15;572.1;572.15;572.1;3651;
fd417230-19cf-4e7b-9623-f7c9ca18ec6b;2024-06-07T11:39:00Z;572.15;572.15;572.2;572.1;768;
fd417230-19cf-4e7b-9623-f7c9ca18ec6b;2024-06-07T11:40:00Z;572.15;572.25;572.3;572.1;18915;
fd417230-19cf-4e7b-9623-f7c9ca18ec6b;2024-06-07T11:41:00Z;572.25;572.15;572.25;572.15;515;
fd417230-19cf-4e7b-9623-f7c9ca18ec6b;2024-06-07T11:42:00Z;572.2;572.2;572.2;572.15;1074;
fd417230-19cf-4e7b-9623-f7c9ca18ec6b;2024-06-07T11:43:00Z;572.15;572.3;572.3;572.15;7001;
fd417230-19cf-4e7b-9623-f7c9ca18ec6b;2024-06-07T11:44:00Z;572.3;572.2;572.3;572.1;3147;
fd417230-19cf-4e7b-9623-f7c9ca18ec6b;2024-06-07T11:45:00Z;572.1;572.2;572.2;572.1;417;
fd417230-19cf-4e7b-9623-f7c9ca18ec6b;2024-06-07T11:46:00Z;572.1;572.25;572.3;572.1;1935;
fd417230-19cf-4e7b-9623-f7c9ca18ec6b;2024-06-07T11:47:00Z;572.3;572.15;572.45;572.1;6189;
fd417230-19cf-4e7b-9623-f7c9ca18ec6b;2024-06-07T11:48:00Z;572.15;572.15;572.15;572.1;8724;
fd417230-19cf-4e7b-9623-f7c9ca18ec6b;2024-06-07T11:49:00Z;572.15;572.1;572.15;572.1;9953;
fd417230-19cf-4e7b-9623-f7c9ca18ec6b;2024-06-07T11:50:00Z;572.1;572.15;572.15;572.1;3350;
fd417230-19cf-4e7b-9623-f7c9ca18ec6b;2024-06-07T11:51:00Z;572.15;572.1;572.15;572.1;5078;
fd417230-19cf-4e7b-9623-f7c9ca18ec6b;2024-06-07T11:52:00Z;572.1;572.1;572.15;572.1;5698;
fd417230-19cf-4e7b-9623-f7c9ca18ec6b;2024-06-07T11:53:00Z;572.15;572.15;572.15;572.1;2768;
fd417230-19cf-4e7b-9623-f7c9ca18ec6b;2024-06-07T11:54:00Z;572.15;572.1;572.15;572.1;4167;
fd417230-19cf-4e7b-9623-f7c9ca18ec6b;2024-06-07T11:55:00Z;572.15;572.2;572.2;572.1;6697;
fd417230-19cf-4e7b-9623-f7c9ca18ec6b;2024-06-07T11:56:00Z;572.25;572.15;572.25;572.1;3672;
fd417230-19cf-4e7b-9623-f7c9ca18ec6b;2024-06-07T11:57:00Z;572.1;572.25;572.25;572.1;992;
fd417230-19cf-4e7b-9623-f7c9ca18ec6b;2024-06-07T11:58:00Z;572.15;572.1;572.25;572.1;13723;
fd417230-19cf-4e7b-9623-f7c9ca18ec6b;2024-06-07T11:59:00Z;572.1;572.15;572.15;572.1;898;
fd417230-19cf-4e7b-9623-f7c9ca18ec6b;2024-06-07T12:00:00Z;572.1;572.15;572.15;572.1;3854;
fd417230-19cf-4e7b-9623-f7c9ca18ec6b;2024-06-07T12:01:00Z;572.1;572.15;572.15;572.1;1431;
fd417230-19cf-4e7b-9623-f7c9ca18ec6b;2024-06-07T12:02:00Z;572.15;572.3;572.4;572.1;8584;
fd417230-19cf-4e7b-9623-f7c9ca18ec6b;2024-06-07T12:03:00Z;572.4;572.15;572.4;572.1;22770;
fd417230-19cf-4e7b-9623-f7c9ca18ec6b;2024-06-07T12:04:00Z;572.15;572.15;572.25;572.15;966;
fd417230-19cf-4e7b-9623-f7c9ca18ec6b;2024-06-07T12:05:00Z;572.15;572.15;572.15;572.1;3243;
fd417230-19cf-4e7b-9623-f7c9ca18ec6b;2024-06-07T12:06:00Z;572.15;572.2;572.25;572.1;2059;
fd417230-19cf-4e7b-9623-f7c9ca18ec6b;2024-06-07T12:07:00Z;572.2;572.05;572.2;572.05;19729;
fd417230-19cf-4e7b-9623-f7c9ca18ec6b;2024-06-07T12:08:00Z;572.05;572.1;572.15;572.05;7513;
fd417230-19cf-4e7b-9623-f7c9ca18ec6b;2024-06-07T12:09:00Z;572.05;572.1;572.1;572.05;1157;
fd417230-19cf-4e7b-9623-f7c9ca18ec6b;2024-06-07T12:10:00Z;572.1;572.1;572.1;572.05;1865;
fd417230-19cf-4e7b-9623-f7c9ca18ec6b;2024-06-07T12:11:00Z;572.05;572.1;572.1;572.05;6742;
fd417230-19cf-4e7b-9623-f7c9ca18ec6b;2024-06-07T12:12:00Z;572.05;572.1;572.1;572.05;2368;
fd417230-19cf-4e7b-9623-f7c9ca18ec6b;2024-06-07T12:13:00Z;572.05;572.1;572.1;572.05;2967;
fd417230-19cf-4e7b-9623-f7c9ca18ec6b;2024-06-07T12:14:00Z;572.1;572.1;572.1;572.05;3229;
fd417230-19cf-4e7b-9623-f7c9ca18ec6b;2024-06-07T12:15:00Z;572.1;571.95;572.1;571.95;62143;
fd417230-19cf-4e7b-9623-f7c9ca18ec6b;2024-06-07T12:16:00Z;571.95;571.25;572;571.2;9622;
fd417230-19cf-4e7b-9623-f7c9ca18ec6b;2024-06-07T12:17:00Z;571.25;571.15;571.25;571.1;1983;
fd417230-19cf-4e7b-9623-f7c9ca18ec6b;2024-06-07T12:18:00Z;571.1;571.05;571.15;571;2679;
fd417230-19cf-4e7b-9623-f7c9ca18ec6b;2024-06-07T12:19:00Z;571.05;570.9;571.05;570.9;2691;
fd417230-19cf-4e7b-9623-f7c9ca18ec6b;2024-06-07T12:20:00Z;570.85;570.75;570.9;570.7;7302;
fd417230-19cf-4e7b-9623-f7c9ca18ec6b;2024-06-07T12:21:00Z;570.75;570.75;570.75;570.65;7052;
fd417230-19cf-4e7b-9623-f7c9ca18ec6b;2024-06-07T12:22:00Z;570.75;570.5;570.75;570.45;3758;
fd417230-19cf-4e7b-9623-f7c9ca18ec6b;2024-06-07T12:23:00Z;570.55;570.25;570.55;570.25;1980;
fd417230-19cf-4e7b-9623-f7c9ca18ec6b;2024-06-07T12:24:00Z;570.3;570.15;570.3;570.15;3642;
fd417230-19cf-4e7b-9623-f7c9ca18ec6b;2024-06-07T12:25:00Z;570.15;570.2;570.2;570.15;3815;
fd417230-19cf-4e7b-9623-f7c9ca18ec6b;2024-06-07T12:26:00Z;570.2;570.2;570.2;570.15;1145;
fd417230-19cf-4e7b-9623-f7c9ca18ec6b;2024-06-07T12:27:00Z;570.2;570.15;570.2;570.15;2506;
fd417230-19cf-4e7b-9623-f7c9ca18ec6b;2024-06-07T12:28:00Z;570.2;570.05;570.2;570;10843;
fd417230-19cf-4e7b-9623-f7c9ca18ec6b;2024-06-07T12:29:00Z;570.05;570;570.05;570;4173;
fd417230-19cf-4e7b-9623-f7c9ca18ec6b;2024-06-07T12:30:00Z;570.05;570;570.05;570;3614;
fd417230-19cf-4e7b-9623-f7c9ca18ec6b;2024-06-07T12:31:00Z;570.05;570.1;570.2;570;14852;
fd417230-19cf-4e7b-9623-f7c9ca18ec6b;2024-06-07T12:32:00Z;570.15;570.45;570.45;570.1;8595;
fd417230-19cf-4e7b-9623-f7c9ca18ec6b;2024-06-07T12:33:00Z;570.3;570.1;570.3;570.1;4204;
fd417230-19cf-4e7b-9623-f7c9ca18ec6b;2024-06-07T12:34:00Z;570.15;570.1;570.15;570.1;3559;
fd417230-19cf-4e7b-9623-f7c9ca18ec6b;2024-06-07T12:35:00Z;570.1;570.1;570.15;570.1;3268;
fd417230-19cf-4e7b-9623-f7c9ca18ec6b;2024-06-07T12:36:00Z;570.1;570.1;570.15;570.1;2401;
fd417230-19cf-4e7b-9623-f7c9ca18ec6b;2024-06-07T12:37:00Z;570.1;570.15;570.15;570.1;1775;
fd417230-19cf-4e7b-9623-f7c9ca18ec6b;2024-06-07T12:38:00Z;570.1;570.1;570.15;570.1;4452;
fd417230-19cf-4e7b-9623-f7c9ca18ec6b;2024-06-07T12:39:00Z;570.1;570.1;570.15;570.1;3880;
fd417230-19cf-4e7b-9623-f7c9ca18ec6b;2024-06-07T12:40:00Z;570.1;570.1;570.15;570.1;1528;
fd417230-19cf-4e7b-9623-f7c9ca18ec6b;2024-06-07T12:41:00Z;570.15;570.1;570.15;570.1;716;
fd417230-19cf-4e7b-9623-f7c9ca18ec6b;2024-06-07T12:42:00Z;570.15;570.1;570.15;570.05;4080;
fd417230-19cf-4e7b-9623-f7c9ca18ec6b;2024-06-07T12:43:00Z;570.1;570.05;570.1;570;5192;
fd417230-19cf-4e7b-9623-f7c9ca18ec6b;2024-06-07T12:44:00Z;570.05;569.1;570.05;569.05;12123;
fd417230-19cf-4e7b-9623-f7c9ca18ec6b;2024-06-07T12:45:00Z;569.15;569;569.15;568.8;5821;
fd417230-19cf-4e7b-9623-f7c9ca18ec6b;2024-06-07T12:46:00Z;569.05;568.8;569.05;568.75;2577;
fd417230-19cf-4e7b-9623-f7c9ca18ec6b;2024-06-07T12:47:00Z;568.8;568.8;569.1;568.75;1865;
fd417230-19cf-4e7b-9623-f7c9ca18ec6b;2024-06-07T12:48:00Z;568.8;569.25;569.25;568.75;2847;
fd417230-19cf-4e7b-9623-f7c9ca18ec6b;2024-06-07T12:49:00Z;569.25;569.4;569.7;569.2;7439;
fd417230-19cf-4e7b-9623-f7c9ca18ec6b;2024-06-07T12:50:00Z;569.4;569.35;569.4;569.35;1433;
fd417230-19cf-4e7b-9623-f7c9ca18ec6b;2024-06-07T12:51:00Z;569.4;569.4;569.4;569.35;2974;
fd417230-19cf-4e7b-9623-f7c9ca18ec6b;2024-06-07T12:52:00Z;569.4;569.65;569.7;569.35;2704;
fd417230-19cf-4e7b-9623-f7c9ca18ec6b;2024-06-07T12:53:00Z;569.65;570.3;570.3;569.65;5552;
fd417230-19cf-4e7b-9623-f7c9ca18ec6b;2024-06-07T12:54:00Z;570.3;570.8;570.8;570.15;6088;
fd417230-19cf-4e7b-9623-f7c9ca18ec6b;2024-06-07T12:55:00Z;570.8;570.7;570.9;570.3;1264;
fd417230-19cf-4e7b-9623-f7c9ca18ec6b;2024-06-07T12:56:00Z;570.7;570.6;570.85;570.35;3377;
fd417230-19cf-4e7b-9623-f7c9ca18ec6b;2024-06-07T12:57:00Z;570.55;570.95;570.95;570.55;390;
fd417230-19cf-4e7b-9623-f7c9ca18ec6b;2024-06-07T12:58:00Z;570.8;570.8;570.95;570.65;137;
fd417230-19cf-4e7b-9623-f7c9ca18ec6b;2024-06-07T12:59:00Z;570.8;571.05;571.05;570.8;1684;
fd417230-19cf-4e7b-9623-f7c9ca18ec6b;2024-06-07T13:00:00Z;571;570.9;571.15;570.85;2347;
fd417230-19cf-4e7b-9623-f7c9ca18ec6b;2024-06-07T13:01:00Z;570.9;570.55;570.95;570.5;427;
fd417230-19cf-4e7b-9623-f7c9ca18ec6b;2024-06-07T13:02:00Z;570.5;570.25;570.5;570.2;1002;
fd417230-19cf-4e7b-9623-f7c9ca18ec6b;2024-06-07T13:03:00Z;570.3;570.1;570.55;570;1423;
fd417230-19cf-4e7b-9623-f7c9ca18ec6b;2024-06-07T13:04:00Z;570.25;570.1;570.25;570;957;
fd417230-19cf-4e7b-9623-f7c9ca18ec6b;2024-06-07T13:05:00Z;570;570.1;570.1;570;3028;
fd417230-19cf-4e7b-9623-f7c9ca18ec6b;2024-06-07T13:06:00Z;570.15;570.15;570.2;570;3885;
fd417230-19cf-4e7b-9623-f7c9ca18ec6b;2024-06-07T13:07:00Z;570.15;570.2;570.2;570;1648;
fd417230-19cf-4e7b-9623-f7c9ca18ec6b;2024-06-07T13:08:00Z;570.2;570.45;570.45;570.15;399;
fd417230-19cf-4e7b-9623-f7c9ca18ec6b;2024-06-07T13:09:00Z;570.45;570.5;570.5;570.25;260;
fd417230-19cf-4e7b-9623-f7c9ca18ec6b;2024-06-07T13:10:00Z;570.5;570.15;570.5;570.15;874;
fd417230-19cf-4e7b-9623-f7c9ca18ec6b;2024-06-07T13:11:00Z;570.3;570.3;570.3;570.15;125;
fd417230-19cf-4e7b-9623-f7c9ca18ec6b;2024-06-07T13:12:00Z;570.3;570.5;570.5;570.25;521;
fd417230-19cf-4e7b-9623-f7c9ca18ec6b;2024-06-07T13:13:00Z;570.5;570.7;570.75;570.5;588;
fd417230-19cf-4e7b-9623-f7c9ca18ec6b;2024-06-07T13:14:00Z;570.7;570.55;570.7;570.5;251;
fd417230-19cf-4e7b-9623-f7c9ca18ec6b;2024-06-07T13:15:00Z;570.55;570.2;570.55;570.05;1231;
fd417230-19cf-4e7b-9623-f7c9ca18ec6b;2024-06-07T13:16:00Z;570.2;570;570.2;570;2108;
fd417230-19cf-4e7b-9623-f7c9ca18ec6b;2024-06-07T13:17:00Z;570.05;570.05;570.05;570;295;
fd417230-19cf-4e7b-9623-f7c9ca18ec6b;2024-06-07T13:18:00Z;570.05;570.05;570.05;570;309;
fd417230-19cf-4e7b-9623-f7c9ca18ec6b;2024-06-07T13:19:00Z;570.05;569.85;570.05;569.8;3564;
fd417230-19cf-4e7b-9623-f7c9ca18ec6b;2024-06-07T13:20:00Z;569.85;569.7;569.85;569.65;612;
fd417230-19cf-4e7b-9623-f7c9ca18ec6b;2024-06-07T13:21:00Z;569.7;569.65;569.75;569.65;726;
fd417230-19cf-4e7b-9623-f7c9ca18ec6b;2024-06-07T13:22:00Z;569.7;569.85;569.85;569.6;892;
fd417230-19cf-4e7b-9623-f7c9ca18ec6b;2024-06-07T13:23:00Z;569.85;569.9;569.95;569.7;518;
fd417230-19cf-4e7b-9623-f7c9ca18ec6b;2024-06-07T13:24:00Z;569.9;569.95;570;569.9;659;
fd417230-19cf-4e7b-9623-f7c9ca18ec6b;2024-06-07T13:25:00Z;569.95;570.1;570.2;569.95;898;
fd417230-19cf-4e7b-9623-f7c9ca18ec6b;2024-06-07T13:26:00Z;570.1;570.05;570.1;569.85;2236;
fd417230-19cf-4e7b-9623-f7c9ca18ec6b;2024-06-07T13:27:00Z;570;570.2;570.5;570;5495;
fd417230-19cf-4e7b-9623-f7c9ca18ec6b;2024-06-07T13:28:00Z;570.35;570.2;570.5;570.1;400;
fd417230-19cf-4e7b-9623-f7c9ca18ec6b;2024-06-07T13:29:00Z;570.25;570.5;570.5;570.15;179;
fd417230-19cf-4e7b-9623-f7c9ca18ec6b;2024-06-07T13:30:00Z;570.5;570.25;570.55;570.05;1280;
fd417230-19cf-4e7b-9623-f7c9ca18ec6b;2024-06-07T13:31:00Z;570.2;570.35;570.45;570.1;378;
fd417230-19cf-4e7b-9623-f7c9ca18ec6b;2024-06-07T13:32:00Z;570.2;570.55;570.6;570.2;634;
fd417230-19cf-4e7b-9623-f7c9ca18ec6b;2024-06-07T13:33:00Z;570.55;570.4;570.55;570.25;496;
fd417230-19cf-4e7b-9623-f7c9ca18ec6b;2024-06-07T13:34:00Z;570.4;570.4;570.4;570.3;449;
fd417230-19cf-4e7b-9623-f7c9ca18ec6b;2024-06-07T13:35:00Z;570.3;570.65;570.65;570.3;1271;
fd417230-19cf-4e7b-9623-f7c9ca18ec6b;2024-06-07T13:36:00Z;570.6;570.65;570.65;570.6;430;
fd417230-19cf-4e7b-9623-f7c9ca18ec6b;2024-06-07T13:37:00Z;570.65;570.2;570.65;570.2;1573;
fd417230-19cf-4e7b-9623-f7c9ca18ec6b;2024-06-07T13:38:00Z;570.25;570.35;570.45;570.2;1372;
fd417230-19cf-4e7b-9623-f7c9ca18ec6b;2024-06-07T13:39:00Z;570.35;570.55;570.6;570.35;513;
fd417230-19cf-4e7b-9623-f7c9ca18ec6b;2024-06-07T13:40:00Z;570.6;570.6;570.6;570.5;228;
fd417230-19cf-4e7b-9623-f7c9ca18ec6b;2024-06-07T13:41:00Z;570.6;570.65;570.65;570.5;4143;
fd417230-19cf-4e7b-9623-f7c9ca18ec6b;2024-06-07T13:42:00Z;570.65;570.55;570.7;570.55;4343;
fd417230-19cf-4e7b-9623-f7c9ca18ec6b;2024-06-07T13:43:00Z;570.55;570.35;570.55;570.3;1017;
fd417230-19cf-4e7b-9623-f7c9ca18ec6b;2024-06-07T13:44:00Z;570.35;570.5;570.55;570.3;3022;
fd417230-19cf-4e7b-9623-f7c9ca18ec6b;2024-06-07T13:45:00Z;570.5;570.45;570.5;570.35;139;
fd417230-19cf-4e7b-9623-f7c9ca18ec6b;2024-06-07T13:46:00Z;570.4;570.3;570.5;569.55;10072;
fd417230-19cf-4e7b-9623-f7c9ca18ec6b;2024-06-07T13:47:00Z;570.3;570.3;570.5;570.15;2144;
fd417230-19cf-4e7b-9623-f7c9ca18ec6b;2024-06-07T13:48:00Z;570.35;570.45;570.45;570.3;892;
fd417230-19cf-4e7b-9623-f7c9ca18ec6b;2024-06-07T13:49:00Z;570.3;570.4;570.4;570.3;51;
fd417230-19cf-4e7b-9623-f7c9ca18ec6b;2024-06-07T13:50:00Z;570.4;570.75;570.75;570.4;6298;
fd417230-19cf-4e7b-9623-f7c9ca18ec6b;2024-06-07T13:51:00Z;570.75;571;571;570.75;1312;
fd417230-19cf-4e7b-9623-f7c9ca18ec6b;2024-06-07T13:52:00Z;571;571.15;571.2;571;5542;
fd417230-19cf-4e7b-9623-f7c9ca18ec6b;2024-06-07T13:53:00Z;571.15;571.25;571.25;571;1552;
fd417230-19cf-4e7b-9623-f7c9ca18ec6b;2024-06-07T13:54:00Z;571.1;571.1;571.2;571.1;473;
fd417230-19cf-4e7b-9623-f7c9ca18ec6b;2024-06-07T13:55:00Z;571.1;571.2;571.2;571.1;585;
fd417230-19cf-4e7b-9623-f7c9ca18ec6b;2024-06-07T13:56:00Z;571.2;571.3;571.3;571.15;1018;
fd417230-19cf-4e7b-9623-f7c9ca18ec6b;2024-06-07T13:57:00Z;571.15;571.35;571.35;571.15;461;
fd417230-19cf-4e7b-9623-f7c9ca18ec6b;2024-06-07T13:58:00Z;571.35;571.45;571.45;571.25;3240;
fd417230-19cf-4e7b-9623-f7c9ca18ec6b;2024-06-07T13:59:00Z;571.45;571.35;571.45;571.25;2824;
fd417230-19cf-4e7b-9623-f7c9ca18ec6b;2024-06-07T14:00:00Z;571.3;571.55;571.6;571.2;5023;
fd417230-19cf-4e7b-9623-f7c9ca18ec6b;2024-06-07T14:01:00Z;571.6;571.45;571.6;571.4;1090;
fd417230-19cf-4e7b-9623-f7c9ca18ec6b;2024-06-07T14:02:00Z;571.45;571.45;571.5;571.4;909;
fd417230-19cf-4e7b-9623-f7c9ca18ec6b;2024-06-07T14:03:00Z;571.4;571.3;571.45;571.3;914;
fd417230-19cf-4e7b-9623-f7c9ca18ec6b;2024-06-07T14:04:00Z;571.35;571;571.35;571;3752;
fd417230-19cf-4e7b-9623-f7c9ca18ec6b;2024-06-07T14:05:00Z;571;571.05;571.1;571;5529;
fd417230-19cf-4e7b-9623-f7c9ca18ec6b;2024-06-07T14:06:00Z;571.05;571.05;571.1;571;4992;
fd417230-19cf-4e7b-9623-f7c9ca18ec6b;2024-06-07T14:07:00Z;571.05;571.05;571.05;571;4252;
fd417230-19cf-4e7b-9623-f7c9ca18ec6b;2024-06-07T14:08:00Z;571.05;571.05;571.05;571;1547;
fd417230-19cf-4e7b-9623-f7c9ca18ec6b;2024-06-07T14:09:00Z;571.05;571.05;571.05;571;5105;
fd417230-19cf-4e7b-9623-f7c9ca18ec6b;2024-06-07T14:10:00Z;571;571.05;571.05;571;1548;
fd417230-19cf-4e7b-9623-f7c9ca18ec6b;2024-06-07T14:11:00Z;571.05;571.05;571.05;571;1352;
fd417230-19cf-4e7b-9623-f7c9ca18ec6b;2024-06-07T14:12:00Z;571;571.05;571.05;571;624;
fd417230-19cf-4e7b-9623-f7c9ca18ec6b;2024-06-07T14:13:00Z;571.05;571;571.05;571;6365;
fd417230-19cf-4e7b-9623-f7c9ca18ec6b;2024-06-07T14:14:00Z;571.05;571.05;571.05;571;6525;
fd417230-19cf-4e7b-9623-f7c9ca18ec6b;2024-06-07T14:15:00Z;571.05;571.05;571.1;571;5116;
fd417230-19cf-4e7b-9623-f7c9ca18ec6b;2024-06-07T14:16:00Z;571.05;571.05;571.05;571;554;
fd417230-19cf-4e7b-9623-f7c9ca18ec6b;2024-06-07T14:17:00Z;571.05;571;571.05;571;4685;
fd417230-19cf-4e7b-9623-f7c9ca18ec6b;2024-06-07T14:18:00Z;571;571.05;571.05;571;5479;
fd417230-19cf-4e7b-9623-f7c9ca18ec6b;2024-06-07T14:19:00Z;571;571.05;571.05;571;13794;
fd417230-19cf-4e7b-9623-f7c9ca18ec6b;2024-06-07T14:20:00Z;571;571;571.05;571;42862;
fd417230-19cf-4e7b-9623-f7c9ca18ec6b;2024-06-07T14:21:00Z;571.05;571.05;571.05;571;5893;
fd417230-19cf-4e7b-9623-f7c9ca18ec6b;2024-06-07T14:22:00Z;571.05;571;571.05;571;182;
fd417230-19cf-4e7b-9623-f7c9ca18ec6b;2024-06-07T14:23:00Z;571.05;571;571.05;571;1582;
fd417230-19cf-4e7b-9623-f7c9ca18ec6b;2024-06-07T14:24:00Z;571;571;571.05;571;14159;
fd417230-19cf-4e7b-9623-f7c9ca18ec6b;2024-06-07T14:25:00Z;571.05;570.95;571.05;570.95;35032;
fd417230-19cf-4e7b-9623-f7c9ca18ec6b;2024-06-07T14:26:00Z;571;570.75;571;570.45;4004;
fd417230-19cf-4e7b-9623-f7c9ca18ec6b;2024-06-07T14:27:00Z;570.6;570.75;570.75;570.6;60;
fd417230-19cf-4e7b-9623-f7c9ca18ec6b;2024-06-07T14:28:00Z;570.6;570.6;570.65;570.6;219;
fd417230-19cf-4e7b-9623-f7c9ca18ec6b;2024-06-07T14:29:00Z;570.65;570.6;570.65;570.6;380;
fd417230-19cf-4e7b-9623-f7c9ca18ec6b;2024-06-07T14:30:00Z;570.65;570.6;570.65;570.5;374;
fd417230-19cf-4e7b-9623-f7c9ca18ec6b;2024-06-07T14:31:00Z;570.6;570.65;570.75;570.5;1903;
fd417230-19cf-4e7b-9623-f7c9ca18ec6b;2024-06-07T14:32:00Z;570.65;570.55;570.65;570.5;641;
fd417230-19cf-4e7b-9623-f7c9ca18ec6b;2024-06-07T14:33:00Z;570.55;570.2;570.55;570.15;2070;
fd417230-19cf-4e7b-9623-f7c9ca18ec6b;2024-06-07T14:34:00Z;570.2;569.9;570.2;569.85;2801;
fd417230-19cf-4e7b-9623-f7c9ca18ec6b;2024-06-07T14:35:00Z;569.9;569.7;569.9;569.65;1253;
fd417230-19cf-4e7b-9623-f7c9ca18ec6b;2024-06-07T14:36:00Z;569.7;569.65;569.7;569.65;1284;
fd417230-19cf-4e7b-9623-f7c9ca18ec6b;2024-06-07T14:37:00Z;569.6;569.4;569.65;569.35;3971;
fd417230-19cf-4e7b-9623-f7c9ca18ec6b;2024-06-07T14:38:00Z;569.4;569.4;569.4;569.3;4900;
fd417230-19cf-4e7b-9623-f7c9ca18ec6b;2024-06-07T14:39:00Z;569.4;569.4;569.4;569.35;3324;
fd417230-19cf-4e7b-9623-f7c9ca18ec6b;2024-06-07T14:40:00Z;569.4;569.7;569.7;569.4;11440;
fd417230-19cf-4e7b-9623-f7c9ca18ec6b;2024-06-07T14:41:00Z;569.7;569.65;569.7;569.6;313;
fd417230-19cf-4e7b-9623-f7c9ca18ec6b;2024-06-07T14:42:00Z;569.65;569.5;569.7;569.45;2498;
fd417230-19cf-4e7b-9623-f7c9ca18ec6b;2024-06-07T14:43:00Z;569.45;569.4;569.5;569.4;657;
fd417230-19cf-4e7b-9623-f7c9ca18ec6b;2024-06-07T14:44:00Z;569.5;569.5;569.5;569.45;1636;
fd417230-19cf-4e7b-9623-f7c9ca18ec6b;2024-06-07T14:45:00Z;569.45;569.45;569.5;569.45;533;
fd417230-19cf-4e7b-9623-f7c9ca18ec6b;2024-06-07T14:46:00Z;569.45;569.35;569.5;569.35;1906;
fd417230-19cf-4e7b-9623-f7c9ca18ec6b;2024-06-07T14:47:00Z;569.4;569.5;569.5;569.3;230;
fd417230-19cf-4e7b-9623-f7c9ca18ec6b;2024-06-07T14:48:00Z;569.5;569.5;569.5;569.3;6748;
fd417230-19cf-4e7b-9623-f7c9ca18ec6b;2024-06-07T14:49:00Z;569.6;569.7;569.7;569.6;864;
fd417230-19cf-4e7b-9623-f7c9ca18ec6b;2024-06-07T14:50:00Z;569.7;569.7;569.7;569.65;621;
fd417230-19cf-4e7b-9623-f7c9ca18ec6b;2024-06-07T14:51:00Z;569.7;569.7;569.7;569.65;662;
fd417230-19cf-4e7b-9623-f7c9ca18ec6b;2024-06-07T14:52:00Z;569.7;569.7;569.7;569.65;217;
fd417230-19cf-4e7b-9623-f7c9ca18ec6b;2024-06-07T14:53:00Z;569.7;569.4;570;569.3;15556;
fd417230-19cf-4e7b-9623-f7c9ca18ec6b;2024-06-07T14:54:00Z;569.4;569.35;569.4;569.3;1252;
fd417230-19cf-4e7b-9623-f7c9ca18ec6b;2024-06-07T14:55:00Z;569.45;569.5;569.6;569.35;1801;
fd417230-19cf-4e7b-9623-f7c9ca18ec6b;2024-06-07T14:56:00Z;569.5;569.35;569.7;569.3;3282;
fd417230-19cf-4e7b-9623-f7c9ca18ec6b;2024-06-07T14:57:00Z;569.35;569.5;569.5;569.3;2456;
fd417230-19cf-4e7b-9623-f7c9ca18ec6b;2024-06-07T14:58:00Z;569.5;569.75;569.9;569.45;2735;
fd417230-19cf-4e7b-9623-f7c9ca18ec6b;2024-06-07T14:59:00Z;569.75;569.95;569.95;569.75;399;
fd417230-19cf-4e7b-9623-f7c9ca18ec6b;2024-06-07T15:00:00Z;569.8;569.9;570;569.7;133;
fd417230-19cf-4e7b-9623-f7c9ca18ec6b;2024-06-07T15:01:00Z;569.9;569.8;569.9;569.7;256;
fd417230-19cf-4e7b-9623-f7c9ca18ec6b;2024-06-07T15:02:00Z;569.8;570.65;570.65;569.8;2319;
fd417230-19cf-4e7b-9623-f7c9ca18ec6b;2024-06-07T15:03:00Z;570.6;570.7;570.7;570.45;3564;
fd417230-19cf-4e7b-9623-f7c9ca18ec6b;2024-06-07T15:04:00Z;570.7;570.65;570.7;570.6;1164;
fd417230-19cf-4e7b-9623-f7c9ca18ec6b;2024-06-07T15:05:00Z;570.7;571.35;571.95;570.65;37055;
fd417230-19cf-4e7b-9623-f7c9ca18ec6b;2024-06-07T15:06:00Z;571.35;571.55;571.55;571.05;7145;
fd417230-19cf-4e7b-9623-f7c9ca18ec6b;2024-06-07T15:07:00Z;571.55;571.65;571.9;571.5;33633;
fd417230-19cf-4e7b-9623-f7c9ca18ec6b;2024-06-07T15:08:00Z;571.5;571.95;572;571.5;13702;
fd417230-19cf-4e7b-9623-f7c9ca18ec6b;2024-06-07T15:09:00Z;572;571.85;572;571.8;18350;
fd417230-19cf-4e7b-9623-f7c9ca18ec6b;2024-06-07T15:10:00Z;571.85;572;572.1;571.8;19310;
fd417230-19cf-4e7b-9623-f7c9ca18ec6b;2024-06-07T15:11:00Z;571.95;572.05;572.1;571.95;588;
fd417230-19cf-4e7b-9623-f7c9ca18ec6b;2024-06-07T15:12:00Z;572.05;572;572.05;571.9;476;
fd417230-19cf-4e7b-9623-f7c9ca18ec6b;2024-06-07T15:13:00Z;572;572;572;571.9;3370;
fd417230-19cf-4e7b-9623-f7c9ca18ec6b;2024-06-07T15:14:00Z;572;572;572.05;571.95;9275;
fd417230-19cf-4e7b-9623-f7c9ca18ec6b;2024-06-07T15:15:00Z;572;572;572.05;572;16948;
fd417230-19cf-4e7b-9623-f7c9ca18ec6b;2024-06-07T15:16:00Z;572;572;572.05;572;2447;
fd417230-19cf-4e7b-9623-f7c9ca18ec6b;2024-06-07T15:17:00Z;572;572.1;572.15;572;1710;
fd417230-19cf-4e7b-9623-f7c9ca18ec6b;2024-06-07T15:18:00Z;572.15;572.3;572.3;572.15;556;
fd417230-19cf-4e7b-9623-f7c9ca18ec6b;2024-06-07T15:19:00Z;572.3;572.3;572.3;572.2;618;
fd417230-19cf-4e7b-9623-f7c9ca18ec6b;2024-06-07T15:20:00Z;572.3;572.2;572.3;572.15;3489;
fd417230-19cf-4e7b-9623-f7c9ca18ec6b;2024-06-07T15:21:00Z;572.15;572.2;572.2;572.15;1738;
fd417230-19cf-4e7b-9623-f7c9ca18ec6b;2024-06-07T15:22:00Z;572.2;572.2;572.2;572.15;729;
fd417230-19cf-4e7b-9623-f7c9ca18ec6b;2024-06-07T15:23:00Z;572.2;572.2;572.2;572.15;439;
fd417230-19cf-4e7b-9623-f7c9ca18ec6b;2024-06-07T15:24:00Z;572.2;572.15;572.2;572.15;445;
fd417230-19cf-4e7b-9623-f7c9ca18ec6b;2024-06-07T15:25:00Z;572.2;572.2;572.2;572.15;1149;
fd417230-19cf-4e7b-9623-f7c9ca18ec6b;2024-06-07T15:26:00Z;572.2;572.2;572.2;572.15;2967;
fd417230-19cf-4e7b-9623-f7c9ca18ec6b;2024-06-07T15:27:00Z;572.2;572.35;572.35;572.2;1378;
fd417230-19cf-4e7b-9623-f7c9ca18ec6b;2024-06-07T15:28:00Z;572.35;572.5;572.5;572.3;1962;
fd417230-19cf-4e7b-9623-f7c9ca18ec6b;2024-06-07T15:29:00Z;572.45;572.5;572.5;572.45;1446;
fd417230-19cf-4e7b-9623-f7c9ca18ec6b;2024-06-07T15:30:00Z;572.45;572.65;572.7;572.45;2917;
fd417230-19cf-4e7b-9623-f7c9ca18ec6b;2024-06-07T15:31:00Z;572.7;572.75;572.85;572.7;2921;
fd417230-19cf-4e7b-9623-f7c9ca18ec6b;2024-06-07T15:32:00Z;572.85;572.35;572.95;572.35;13488;
fd417230-19cf-4e7b-9623-f7c9ca18ec6b;2024-06-07T15:33:00Z;572.4;572.35;572.55;572.2;3252;
fd417230-19cf-4e7b-9623-f7c9ca18ec6b;2024-06-07T15:34:00Z;572.3;572.05;572.45;572.05;7871;
fd417230-19cf-4e7b-9623-f7c9ca18ec6b;2024-06-07T15:35:00Z;572.05;572.05;572.15;572;4992;
fd417230-19cf-4e7b-9623-f7c9ca18ec6b;2024-06-07T15:36:00Z;572.05;572;572.1;572;15087;
fd417230-19cf-4e7b-9623-f7c9ca18ec6b;2024-06-07T15:37:00Z;572;572;572.15;572;14879;
fd417230-19cf-4e7b-9623-f7c9ca18ec6b;2024-06-07T15:38:00Z;572.05;572;572.05;571.95;7777;
fd417230-19cf-4e7b-9623-f7c9ca18ec6b;2024-06-07T15:39:00Z;571.95;572;572;571.95;14338;
fd417230-19cf-4e7b-9623-f7c9ca18ec6b;2024-06-07T15:45:00Z;572;572;572;572;9377;
fd417230-19cf-4e7b-9623-f7c9ca18ec6b;2024-06-07T15:46:00Z;572;572;572;572;21;
fd417230-19cf-4e7b-9623-f7c9ca18ec6b;2024-06-07T15:47:00Z;572;572;572;572;73;
fd417230-19cf-4e7b-9623-f7c9ca18ec6b;2024-06-07T15:48:00Z;572;572;572;572;57;
fd417230-19cf-4e7b-9623-f7c9ca18ec6b;2024-06-07T15:49:00Z;572;572;572;572;1;
fd417230-19cf-4e7b-9623-f7c9ca18ec6b;2024-06-07T16:04:00Z;572;572;572;572;441;
fd417230-19cf-4e7b-9623-f7c9ca18ec6b;2024-06-07T16:05:00Z;572.15;572;572.25;571.5;2782;
fd417230-19cf-4e7b-9623-f7c9ca18ec6b;2024-06-07T16:06:00Z;571.75;571.9;572.15;571.05;10888;
fd417230-19cf-4e7b-9623-f7c9ca18ec6b;2024-06-07T16:07:00Z;571.9;571.3;572.3;571.3;10161;
fd417230-19cf-4e7b-9623-f7c9ca18ec6b;2024-06-07T16:08:00Z;571.35;571.8;574.5;571.35;27153;
fd417230-19cf-4e7b-9623-f7c9ca18ec6b;2024-06-07T16:09:00Z;572;571.8;572;571.55;3285;
fd417230-19cf-4e7b-9623-f7c9ca18ec6b;2024-06-07T16:10:00Z;572;571.65;572;571.65;2624;
fd417230-19cf-4e7b-9623-f7c9ca18ec6b;2024-06-07T16:11:00Z;571.95;571.65;572;571.65;2699;
fd417230-19cf-4e7b-9623-f7c9ca18ec6b;2024-06-07T16:12:00Z;571.95;572.35;572.35;571.65;15363;
fd417230-19cf-4e7b-9623-f7c9ca18ec6b;2024-06-07T16:13:00Z;572.2;572.45;572.55;572;14510;
fd417230-19cf-4e7b-9623-f7c9ca18ec6b;2024-06-07T16:14:00Z;572.45;572.2;572.45;572;13098;
fd417230-19cf-4e7b-9623-f7c9ca18ec6b;2024-06-07T16:15:00Z;572;572;572.3;572;3014;
fd417230-19cf-4e7b-9623-f7c9ca18ec6b;2024-06-07T16:16:00Z;572;572.2;572.3;572;3306;
fd417230-19cf-4e7b-9623-f7c9ca18ec6b;2024-06-07T16:17:00Z;572.2;572;572.2;572;5012;
fd417230-19cf-4e7b-9623-f7c9ca18ec6b;2024-06-07T16:18:00Z;572;572;572.05;572;3281;
fd417230-19cf-4e7b-9623-f7c9ca18ec6b;2024-06-07T16:19:00Z;572;572;572.2;572;6632;
fd417230-19cf-4e7b-9623-f7c9ca18ec6b;2024-06-07T16:20:00Z;572;572;572.2;572;18612;
fd417230-19cf-4e7b-9623-f7c9ca18ec6b;2024-06-07T16:21:00Z;572.1;572.15;572.2;572;22657;
fd417230-19cf-4e7b-9623-f7c9ca18ec6b;2024-06-07T16:22:00Z;572;572.05;572.1;572;15720;
fd417230-19cf-4e7b-9623-f7c9ca18ec6b;2024-06-07T16:23:00Z;572;572;572.05;572;2640;
fd417230-19cf-4e7b-9623-f7c9ca18ec6b;2024-06-07T16:24:00Z;572;572;572.05;572;5891;
fd417230-19cf-4e7b-9623-f7c9ca18ec6b;2024-06-07T16:25:00Z;572;572.05;572.1;572;4317;
fd417230-19cf-4e7b-9623-f7c9ca18ec6b;2024-06-07T16:26:00Z;572.05;572;572.1;572;4504;
fd417230-19cf-4e7b-9623-f7c9ca18ec6b;2024-06-07T16:27:00Z;572;572;572.1;572;2611;
fd417230-19cf-4e7b-9623-f7c9ca18ec6b;2024-06-07T16:28:00Z;572;572.05;572.05;572;7105;
fd417230-19cf-4e7b-9623-f7c9ca18ec6b;2024-06-07T16:29:00Z;572;572;572.05;572;3651;
fd417230-19cf-4e7b-9623-f7c9ca18ec6b;2024-06-07T16:30:00Z;572.05;572.05;572.05;572;2747;
fd417230-19cf-4e7b-9623-f7c9ca18ec6b;2024-06-07T16:31:00Z;572;572;572.1;572;3968;
fd417230-19cf-4e7b-9623-f7c9ca18ec6b;2024-06-07T16:32:00Z;572;571.85;572.05;571.65;5111;
fd417230-19cf-4e7b-9623-f7c9ca18ec6b;2024-06-07T16:33:00Z;571.8;571.55;571.85;571.5;2537;
fd417230-19cf-4e7b-9623-f7c9ca18ec6b;2024-06-07T16:34:00Z;571.75;571.15;571.75;571.15;3023;
fd417230-19cf-4e7b-9623-f7c9ca18ec6b;2024-06-07T16:35:00Z;571.35;571.2;571.55;571.1;2752;
fd417230-19cf-4e7b-9623-f7c9ca18ec6b;2024-06-07T16:36:00Z;571.55;571.3;571.8;571.05;3173;
fd417230-19cf-4e7b-9623-f7c9ca18ec6b;2024-06-07T16:37:00Z;571.3;571.25;571.3;571.15;3456;
fd417230-19cf-4e7b-9623-f7c9ca18ec6b;2024-06-07T16:38:00Z;571.25;571.15;571.25;571;2523;
fd417230-19cf-4e7b-9623-f7c9ca18ec6b;2024-06-07T16:39:00Z;571.15;571;571.15;570.85;2653;
fd417230-19cf-4e7b-9623-f7c9ca18ec6b;2024-06-07T16:40:00Z;570.9;570.75;571.3;570.7;5616;
fd417230-19cf-4e7b-9623-f7c9ca18ec6b;2024-06-07T16:41:00Z;570.85;571.3;571.3;570.65;6336;
fd417230-19cf-4e7b-9623-f7c9ca18ec6b;2024-06-07T16:42:00Z;571.25;571.5;571.7;571.15;2898;
fd417230-19cf-4e7b-9623-f7c9ca18ec6b;2024-06-07T16:43:00Z;571.45;571.05;571.6;571.05;2283;
fd417230-19cf-4e7b-9623-f7c9ca18ec6b;2024-06-07T16:44:00Z;571.3;571.4;571.4;571.1;86;
fd417230-19cf-4e7b-9623-f7c9ca18ec6b;2024-06-07T16:45:00Z;571.55;571.55;571.6;571.55;389;
fd417230-19cf-4e7b-9623-f7c9ca18ec6b;2024-06-07T16:46:00Z;571.6;571.55;571.6;571.5;157;
fd417230-19cf-4e7b-9623-f7c9ca18ec6b;2024-06-07T16:47:00Z;571.55;571.35;571.9;571.35;597;
fd417230-19cf-4e7b-9623-f7c9ca18ec6b;2024-06-07T16:48:00Z;571.3;571.05;571.3;571.05;363;
fd417230-19cf-4e7b-9623-f7c9ca18ec6b;2024-06-07T16:49:00Z;571;570.8;571;570.7;2398;
fd417230-19cf-4e7b-9623-f7c9ca18ec6b;2024-06-07T16:50:00Z;570.8;570.25;570.8;570.25;5900;
fd417230-19cf-4e7b-9623-f7c9ca18ec6b;2024-06-07T16:51:00Z;570.3;570.3;570.45;570.3;130;
fd417230-19cf-4e7b-9623-f7c9ca18ec6b;2024-06-07T16:52:00Z;570.45;570.5;570.5;570.35;46;
fd417230-19cf-4e7b-9623-f7c9ca18ec6b;2024-06-07T16:53:00Z;570.45;570.55;570.55;570.45;397;
fd417230-19cf-4e7b-9623-f7c9ca18ec6b;2024-06-07T16:54:00Z;570.5;570.4;570.5;570.35;208;
fd417230-19cf-4e7b-9623-f7c9ca18ec6b;2024-06-07T16:55:00Z;570.35;570.5;570.5;570.35;37;
fd417230-19cf-4e7b-9623-f7c9ca18ec6b;2024-06-07T16:56:00Z;570.45;570.4;570.5;570.4;654;
fd417230-19cf-4e7b-9623-f7c9ca18ec6b;2024-06-07T16:57:00Z;570.45;570.55;570.55;570.4;902;
fd417230-19cf-4e7b-9623-f7c9ca18ec6b;2024-06-07T16:58:00Z;570.5;570.5;570.55;570.45;43;
fd417230-19cf-4e7b-9623-f7c9ca18ec6b;2024-06-07T16:59:00Z;570.45;570.45;570.55;570.45;284;
fd417230-19cf-4e7b-9623-f7c9ca18ec6b;2024-06-07T17:00:00Z;570.5;571;571.3;570.5;1342;
fd417230-19cf-4e7b-9623-f7c9ca18ec6b;2024-06-07T17:01:00Z;571;571;571.3;570.9;263;
fd417230-19cf-4e7b-9623-f7c9ca18ec6b;2024-06-07T17:02:00Z;571;571;571;570.9;173;
fd417230-19cf-4e7b-9623-f7c9ca18ec6b;2024-06-07T17:03:00Z;571;571;571;570.95;104;
fd417230-19cf-4e7b-9623-f7c9ca18ec6b;2024-06-07T17:04:00Z;571;571.1;571.1;571;55;
fd417230-19cf-4e7b-9623-f7c9ca18ec6b;2024-06-07T17:05:00Z;571.1;571.2;571.45;571.1;62;
fd417230-19cf-4e7b-9623-f7c9ca18ec6b;2024-06-07T17:06:00Z;571.1;571.4;571.4;571.1;198;
fd417230-19cf-4e7b-9623-f7c9ca18ec6b;2024-06-07T17:07:00Z;571.15;571.55;571.55;571.15;326;
fd417230-19cf-4e7b-9623-f7c9ca18ec6b;2024-06-07T17:08:00Z;571.55;571.4;571.6;571.4;214;
fd417230-19cf-4e7b-9623-f7c9ca18ec6b;2024-06-07T17:09:00Z;571.3;571.35;571.35;571.3;203;
fd417230-19cf-4e7b-9623-f7c9ca18ec6b;2024-06-07T17:10:00Z;571.4;571.2;571.4;571.2;22;
fd417230-19cf-4e7b-9623-f7c9ca18ec6b;2024-06-07T17:11:00Z;571.25;571.3;571.35;571.2;33;
fd417230-19cf-4e7b-9623-f7c9ca18ec6b;2024-06-07T17:12:00Z;571.25;571.35;571.4;571.2;224;
fd417230-19cf-4e7b-9623-f7c9ca18ec6b;2024-06-07T17:13:00Z;571.2;570.8;571.35;570.8;489;
fd417230-19cf-4e7b-9623-f7c9ca18ec6b;2024-06-07T17:14:00Z;571;570.95;571;570.8;21;
fd417230-19cf-4e7b-9623-f7c9ca18ec6b;2024-06-07T17:15:00Z;570.95;570.95;570.95;570.8;178;
fd417230-19cf-4e7b-9623-f7c9ca18ec6b;2024-06-07T17:16:00Z;571;570.85;571;570.85;9;
fd417230-19cf-4e7b-9623-f7c9ca18ec6b;2024-06-07T17:17:00Z;570.95;570.95;570.95;570.95;8;
fd417230-19cf-4e7b-9623-f7c9ca18ec6b;2024-06-07T17:18:00Z;570.95;571;571;570.8;42;
fd417230-19cf-4e7b-9623-f7c9ca18ec6b;2024-06-07T17:19:00Z;571;571.45;571.45;571;713;
fd417230-19cf-4e7b-9623-f7c9ca18ec6b;2024-06-07T17:20:00Z;571.4;571.25;571.4;570.95;259;
fd417230-19cf-4e7b-9623-f7c9ca18ec6b;2024-06-07T17:21:00Z;571.2;570.95;571.2;570.95;25;
fd417230-19cf-4e7b-9623-f7c9ca18ec6b;2024-06-07T17:22:00Z;570.95;570.95;570.95;570.85;25;
fd417230-19cf-4e7b-9623-f7c9ca18ec6b;2024-06-07T17:23:00Z;570.95;571.4;571.4;570.6;3539;
fd417230-19cf-4e7b-9623-f7c9ca18ec6b;2024-06-07T17:24:00Z;571.4;571.35;571.4;571.2;95;
fd417230-19cf-4e7b-9623-f7c9ca18ec6b;2024-06-07T17:25:00Z;571.35;571.2;571.35;571.15;70;
fd417230-19cf-4e7b-9623-f7c9ca18ec6b;2024-06-07T17:26:00Z;571.05;571.05;571.05;570.9;16;
fd417230-19cf-4e7b-9623-f7c9ca18ec6b;2024-06-07T17:27:00Z;571.05;571.05;571.05;571.05;1;
fd417230-19cf-4e7b-9623-f7c9ca18ec6b;2024-06-07T17:28:00Z;571.05;570.8;571.1;570.8;16;
fd417230-19cf-4e7b-9623-f7c9ca18ec6b;2024-06-07T17:29:00Z;571.05;571.05;571.05;571.05;9;
fd417230-19cf-4e7b-9623-f7c9ca18ec6b;2024-06-07T17:30:00Z;571.05;571.05;571.05;570.8;75;
fd417230-19cf-4e7b-9623-f7c9ca18ec6b;2024-06-07T17:31:00Z;571.05;570.8;571.1;570.7;255;
fd417230-19cf-4e7b-9623-f7c9ca18ec6b;2024-06-07T17:32:00Z;571.05;570.95;571.1;570.85;43;
fd417230-19cf-4e7b-9623-f7c9ca18ec6b;2024-06-07T17:33:00Z;571.1;571.1;571.1;571.1;9;
fd417230-19cf-4e7b-9623-f7c9ca18ec6b;2024-06-07T17:34:00Z;570.85;570.75;571.1;570.45;2738;
fd417230-19cf-4e7b-9623-f7c9ca18ec6b;2024-06-07T17:35:00Z;570.75;570.7;570.75;570.55;123;
fd417230-19cf-4e7b-9623-f7c9ca18ec6b;2024-06-07T17:36:00Z;570.7;571.1;571.1;570.7;175;
fd417230-19cf-4e7b-9623-f7c9ca18ec6b;2024-06-07T17:37:00Z;571.05;571.1;571.1;570.95;137;
fd417230-19cf-4e7b-9623-f7c9ca18ec6b;2024-06-07T17:38:00Z;571.1;571.05;571.15;570.95;414;
fd417230-19cf-4e7b-9623-f7c9ca18ec6b;2024-06-07T17:39:00Z;571.1;571.1;571.2;571.1;294;
fd417230-19cf-4e7b-9623-f7c9ca18ec6b;2024-06-07T17:40:00Z;571.15;571.2;571.2;571.05;593;
fd417230-19cf-4e7b-9623-f7c9ca18ec6b;2024-06-07T17:41:00Z;571.2;571.35;571.35;571.05;65;
fd417230-19cf-4e7b-9623-f7c9ca18ec6b;2024-06-07T17:42:00Z;571.4;571.35;571.4;571.2;100;
fd417230-19cf-4e7b-9623-f7c9ca18ec6b;2024-06-07T17:43:00Z;571.25;571.95;571.95;571.15;13182;
fd417230-19cf-4e7b-9623-f7c9ca18ec6b;2024-06-07T17:44:00Z;571.85;571.85;571.9;571.8;1304;
fd417230-19cf-4e7b-9623-f7c9ca18ec6b;2024-06-07T17:45:00Z;571.85;571.8;571.85;571.8;1080;
fd417230-19cf-4e7b-9623-f7c9ca18ec6b;2024-06-07T17:46:00Z;571.85;571.85;571.85;571.8;1930;
fd417230-19cf-4e7b-9623-f7c9ca18ec6b;2024-06-07T17:47:00Z;571.85;571.9;571.9;571.8;550;
fd417230-19cf-4e7b-9623-f7c9ca18ec6b;2024-06-07T17:48:00Z;571.9;571.8;571.9;571.8;80;
fd417230-19cf-4e7b-9623-f7c9ca18ec6b;2024-06-07T17:49:00Z;571.9;571.9;571.9;571.9;73;
fd417230-19cf-4e7b-9623-f7c9ca18ec6b;2024-06-07T17:50:00Z;571.9;571.9;571.9;571.8;103;
fd417230-19cf-4e7b-9623-f7c9ca18ec6b;2024-06-07T17:51:00Z;571.85;571.9;571.9;571.85;104;
fd417230-19cf-4e7b-9623-f7c9ca18ec6b;2024-06-07T17:52:00Z;571.85;571.9;571.9;571.85;90;
fd417230-19cf-4e7b-9623-f7c9ca18ec6b;2024-06-07T17:53:00Z;571.9;571.85;571.9;571.8;569;
fd417230-19cf-4e7b-9623-f7c9ca18ec6b;2024-06-07T17:54:00Z;571.8;571.85;571.9;571.8;55;
fd417230-19cf-4e7b-9623-f7c9ca18ec6b;2024-06-07T17:55:00Z;571.8;571.8;571.85;571.8;573;
fd417230-19cf-4e7b-9623-f7c9ca18ec6b;2024-06-07T17:56:00Z;571.85;572;572;571.8;2128;
fd417230-19cf-4e7b-9623-f7c9ca18ec6b;2024-06-07T17:57:00Z;572;572;572;571.85;20;
fd417230-19cf-4e7b-9623-f7c9ca18ec6b;2024-06-07T17:58:00Z;572;572;572;572;61;
fd417230-19cf-4e7b-9623-f7c9ca18ec6b;2024-06-07T17:59:00Z;571.9;571.8;572;571.8;611;
fd417230-19cf-4e7b-9623-f7c9ca18ec6b;2024-06-07T18:00:00Z;571.8;572;572;571.8;112;
fd417230-19cf-4e7b-9623-f7c9ca18ec6b;2024-06-07T18:01:00Z;572;572.05;572.1;571.9;134;
fd417230-19cf-4e7b-9623-f7c9ca18ec6b;2024-06-07T18:02:00Z;572.1;572.1;572.1;572.05;66;
fd417230-19cf-4e7b-9623-f7c9ca18ec6b;2024-06-07T18:03:00Z;572.05;572.05;572.1;572.05;16;
fd417230-19cf-4e7b-9623-f7c9ca18ec6b;2024-06-07T18:04:00Z;572.1;572.15;572.15;572.05;414;
fd417230-19cf-4e7b-9623-f7c9ca18ec6b;2024-06-07T18:05:00Z;572.15;572.15;572.15;572.05;1520;
fd417230-19cf-4e7b-9623-f7c9ca18ec6b;2024-06-07T18:06:00Z;572.1;572.05;572.15;572;64;
fd417230-19cf-4e7b-9623-f7c9ca18ec6b;2024-06-07T18:07:00Z;572.05;572;572.05;572;1020;
fd417230-19cf-4e7b-9623-f7c9ca18ec6b;2024-06-07T18:08:00Z;572.05;572.05;572.05;572;3164;
fd417230-19cf-4e7b-9623-f7c9ca18ec6b;2024-06-07T18:09:00Z;572;571.95;572.05;571.95;156;
fd417230-19cf-4e7b-9623-f7c9ca18ec6b;2024-06-07T18:10:00Z;571.9;571.9;571.95;571.85;192;
fd417230-19cf-4e7b-9623-f7c9ca18ec6b;2024-06-07T18:11:00Z;571.9;571.95;571.95;571.85;188;
fd417230-19cf-4e7b-9623-f7c9ca18ec6b;2024-06-07T18:12:00Z;571.85;571.85;571.85;571.8;418;
fd417230-19cf-4e7b-9623-f7c9ca18ec6b;2024-06-07T18:13:00Z;571.85;571.85;571.85;571.8;48;
fd417230-19cf-4e7b-9623-f7c9ca18ec6b;2024-06-07T18:14:00Z;571.8;571.85;571.85;571.8;269;
fd417230-19cf-4e7b-9623-f7c9ca18ec6b;2024-06-07T18:15:00Z;571.85;572;572;571.85;834;
fd417230-19cf-4e7b-9623-f7c9ca18ec6b;2024-06-07T18:16:00Z;572.1;572.1;572.1;572;879;
fd417230-19cf-4e7b-9623-f7c9ca18ec6b;2024-06-07T18:17:00Z;572.1;572.05;572.1;572.05;32;
fd417230-19cf-4e7b-9623-f7c9ca18ec6b;2024-06-07T18:18:00Z;572.05;572;572.05;572;120;
fd417230-19cf-4e7b-9623-f7c9ca18ec6b;2024-06-07T18:19:00Z;572.05;572;572.05;572;1090;
fd417230-19cf-4e7b-9623-f7c9ca18ec6b;2024-06-07T18:20:00Z;572;572;572;571.95;1130;
fd417230-19cf-4e7b-9623-f7c9ca18ec6b;2024-06-07T18:21:00Z;572;572;572;571.95;386;
fd417230-19cf-4e7b-9623-f7c9ca18ec6b;2024-06-07T18:22:00Z;571.95;572;572;571.95;47;
fd417230-19cf-4e7b-9623-f7c9ca18ec6b;2024-06-07T18:23:00Z;572;572.1;572.1;571.95;528;
fd417230-19cf-4e7b-9623-f7c9ca18ec6b;2024-06-07T18:24:00Z;572.1;572.1;572.1;572;125;
fd417230-19cf-4e7b-9623-f7c9ca18ec6b;2024-06-07T18:25:00Z;572.1;572.1;572.1;572.1;8;
fd417230-19cf-4e7b-9623-f7c9ca18ec6b;2024-06-07T18:26:00Z;572.1;572.15;572.15;572.05;2048;
fd417230-19cf-4e7b-9623-f7c9ca18ec6b;2024-06-07T18:27:00Z;572.1;572.1;572.15;572.1;38;
fd417230-19cf-4e7b-9623-f7c9ca18ec6b;2024-06-07T18:28:00Z;572.15;572.1;572.15;572.1;71;
fd417230-19cf-4e7b-9623-f7c9ca18ec6b;2024-06-07T18:29:00Z;572.15;572.15;572.15;572.1;52;
fd417230-19cf-4e7b-9623-f7c9ca18ec6b;2024-06-07T18:30:00Z;572.15;572.15;572.15;572.1;38;
fd417230-19cf-4e7b-9623-f7c9ca18ec6b;2024-06-07T18:31:00Z;572.15;572.15;572.15;572.15;2314;
fd417230-19cf-4e7b-9623-f7c9ca18ec6b;2024-06-07T18:32:00Z;572.15;572.15;572.15;572.1;328;
fd417230-19cf-4e7b-9623-f7c9ca18ec6b;2024-06-07T18:33:00Z;572.15;572.1;572.15;572.1;26;
fd417230-19cf-4e7b-9623-f7c9ca18ec6b;2024-06-07T18:34:00Z;572.1;572.15;572.25;572.1;2923;
fd417230-19cf-4e7b-9623-f7c9ca18ec6b;2024-06-07T18:35:00Z;572.25;572.3;572.3;572.25;101;
fd417230-19cf-4e7b-9623-f7c9ca18ec6b;2024-06-07T18:36:00Z;572.15;572.35;572.35;572.15;328;
fd417230-19cf-4e7b-9623-f7c9ca18ec6b;2024-06-07T18:37:00Z;572.35;572.3;572.35;572.3;24;
fd417230-19cf-4e7b-9623-f7c9ca18ec6b;2024-06-07T18:38:00Z;572.35;572.3;572.4;572.3;171;
fd417230-19cf-4e7b-9623-f7c9ca18ec6b;2024-06-07T18:39:00Z;572.35;572.35;572.35;572.3;81;
fd417230-19cf-4e7b-9623-f7c9ca18ec6b;2024-06-07T18:40:00Z;572.35;572.55;572.65;572.3;2235;
fd417230-19cf-4e7b-9623-f7c9ca18ec6b;2024-06-07T18:41:00Z;572.55;572.7;572.75;572.5;1153;
fd417230-19cf-4e7b-9623-f7c9ca18ec6b;2024-06-07T18:42:00Z;572.7;572.65;572.7;572.6;99;
fd417230-19cf-4e7b-9623-f7c9ca18ec6b;2024-06-07T18:43:00Z;572.65;572.6;572.7;572.6;405;
fd417230-19cf-4e7b-9623-f7c9ca18ec6b;2024-06-07T18:44:00Z;572.65;572.85;572.85;572.65;1320;
fd417230-19cf-4e7b-9623-f7c9ca18ec6b;2024-06-07T18:45:00Z;572.85;572.9;572.9;572.75;299;
fd417230-19cf-4e7b-9623-f7c9ca18ec6b;2024-06-07T18:46:00Z;572.9;572.9;572.95;572.85;1239;
fd417230-19cf-4e7b-9623-f7c9ca18ec6b;2024-06-07T18:47:00Z;572.9;572.9;572.9;572.85;122;
fd417230-19cf-4e7b-9623-f7c9ca18ec6b;2024-06-07T18:48:00Z;572.85;572.9;572.9;572.85;69;
fd417230-19cf-4e7b-9623-f7c9ca18ec6b;2024-06-07T18:49:00Z;572.9;572.9;572.9;572.85;60;
fd417230-19cf-4e7b-9623-f7c9ca18ec6b;2024-06-07T18:50:00Z;572.9;572.9;572.9;572.85;389;
fd417230-19cf-4e7b-9623-f7c9ca18ec6b;2024-06-07T18:51:00Z;572.85;572.85;572.95;572.85;1358;
fd417230-19cf-4e7b-9623-f7c9ca18ec6b;2024-06-07T18:52:00Z;572.9;572.9;572.9;572.85;29;
fd417230-19cf-4e7b-9623-f7c9ca18ec6b;2024-06-07T18:53:00Z;572.9;572.9;572.9;572.85;76;
fd417230-19cf-4e7b-9623-f7c9ca18ec6b;2024-06-07T18:54:00Z;572.9;572.85;572.9;572.8;671;
fd417230-19cf-4e7b-9623-f7c9ca18ec6b;2024-06-07T18:55:00Z;572.85;572.85;572.85;572.8;32;
fd417230-19cf-4e7b-9623-f7c9ca18ec6b;2024-06-07T18:56:00Z;572.85;572.6;572.85;572.6;557;
fd417230-19cf-4e7b-9623-f7c9ca18ec6b;2024-06-07T18:57:00Z;572.6;572.65;572.75;572.6;632;
fd417230-19cf-4e7b-9623-f7c9ca18ec6b;2024-06-07T18:58:00Z;572.65;572.6;572.65;572.55;1089;
fd417230-19cf-4e7b-9623-f7c9ca18ec6b;2024-06-07T18:59:00Z;572.6;572.5;572.6;572.5;1408;
fd417230-19cf-4e7b-9623-f7c9ca18ec6b;2024-06-07T19:00:00Z;572.55;572.5;572.55;572.35;1364;
fd417230-19cf-4e7b-9623-f7c9ca18ec6b;2024-06-07T19:01:00Z;572.5;572.45;572.5;572.4;792;
fd417230-19cf-4e7b-9623-f7c9ca18ec6b;2024-06-07T19:02:00Z;572.5;572.3;572.5;572.3;430;
fd417230-19cf-4e7b-9623-f7c9ca18ec6b;2024-06-07T19:03:00Z;572.3;572.5;572.55;572.3;592;
fd417230-19cf-4e7b-9623-f7c9ca18ec6b;2024-06-07T19:04:00Z;572.45;572.35;572.5;572.35;559;
fd417230-19cf-4e7b-9623-f7c9ca18ec6b;2024-06-07T19:05:00Z;572.5;572.55;572.55;572.35;1813;
fd417230-19cf-4e7b-9623-f7c9ca18ec6b;2024-06-07T19:06:00Z;572.55;572.65;572.65;572.45;1769;
fd417230-19cf-4e7b-9623-f7c9ca18ec6b;2024-06-07T19:07:00Z;572.65;572.6;572.65;572.5;75;
fd417230-19cf-4e7b-9623-f7c9ca18ec6b;2024-06-07T19:08:00Z;572.65;572.65;572.65;572.5;12;
fd417230-19cf-4e7b-9623-f7c9ca18ec6b;2024-06-07T19:09:00Z;572.65;572.45;572.65;572.45;530;
fd417230-19cf-4e7b-9623-f7c9ca18ec6b;2024-06-07T19:10:00Z;572.6;572.6;572.6;572.45;10;
fd417230-19cf-4e7b-9623-f7c9ca18ec6b;2024-06-07T19:11:00Z;572.45;572.45;572.6;572.45;45;
fd417230-19cf-4e7b-9623-f7c9ca18ec6b;2024-06-07T19:12:00Z;572.65;572.6;572.65;572.45;25;
fd417230-19cf-4e7b-9623-f7c9ca18ec6b;2024-06-07T19:13:00Z;572.6;572.65;572.65;572.45;127;
fd417230-19cf-4e7b-9623-f7c9ca18ec6b;2024-06-07T19:14:00Z;572.6;572.5;572.65;572.5;22;
fd417230-19cf-4e7b-9623-f7c9ca18ec6b;2024-06-07T19:15:00Z;572.6;572.65;572.65;572.5;262;
fd417230-19cf-4e7b-9623-f7c9ca18ec6b;2024-06-07T19:16:00Z;572.5;572.5;572.5;572.45;303;
fd417230-19cf-4e7b-9623-f7c9ca18ec6b;2024-06-07T19:17:00Z;572.45;572.5;572.5;572.45;144;
fd417230-19cf-4e7b-9623-f7c9ca18ec6b;2024-06-07T19:18:00Z;572.5;572.5;572.5;572.45;346;
fd417230-19cf-4e7b-9623-f7c9ca18ec6b;2024-06-07T19:19:00Z;572.5;572.5;572.5;572.45;1060;
fd417230-19cf-4e7b-9623-f7c9ca18ec6b;2024-06-07T19:20:00Z;572.45;572.5;572.5;572.4;364;
fd417230-19cf-4e7b-9623-f7c9ca18ec6b;2024-06-07T19:21:00Z;572.5;572.35;572.5;572.35;14;
fd417230-19cf-4e7b-9623-f7c9ca18ec6b;2024-06-07T19:22:00Z;572.5;572.5;572.5;572.35;22;
fd417230-19cf-4e7b-9623-f7c9ca18ec6b;2024-06-07T19:23:00Z;572.5;572.5;572.5;572.3;643;
fd417230-19cf-4e7b-9623-f7c9ca18ec6b;2024-06-07T19:24:00Z;572.4;572.4;572.5;572.35;416;
fd417230-19cf-4e7b-9623-f7c9ca18ec6b;2024-06-07T19:25:00Z;572.4;572.35;572.4;572.35;384;
fd417230-19cf-4e7b-9623-f7c9ca18ec6b;2024-06-07T19:26:00Z;572.35;572.4;572.4;572.35;574;
fd417230-19cf-4e7b-9623-f7c9ca18ec6b;2024-06-07T19:27:00Z;572.4;572.4;572.4;572.4;19;
fd417230-19cf-4e7b-9623-f7c9ca18ec6b;2024-06-07T19:28:00Z;572.35;572.4;572.4;572.35;69;
fd417230-19cf-4e7b-9623-f7c9ca18ec6b;2024-06-07T19:29:00Z;572.35;572.4;572.4;572.35;60;
fd417230-19cf-4e7b-9623-f7c9ca18ec6b;2024-06-07T19:30:00Z;572.35;572.4;572.4;572.35;332;
fd417230-19cf-4e7b-9623-f7c9ca18ec6b;2024-06-07T19:31:00Z;572.35;572.35;572.35;572.3;417;
fd417230-19cf-4e7b-9623-f7c9ca18ec6b;2024-06-07T19:32:00Z;572.35;572.35;572.35;572.3;408;
fd417230-19cf-4e7b-9623-f7c9ca18ec6b;2024-06-07T19:33:00Z;572.3;572.25;572.3;572.2;2612;
fd417230-19cf-4e7b-9623-f7c9ca18ec6b;2024-06-07T19:34:00Z;572.25;572.25;572.3;572.2;276;
fd417230-19cf-4e7b-9623-f7c9ca18ec6b;2024-06-07T19:35:00Z;572.25;572.25;572.25;572.1;94;
fd417230-19cf-4e7b-9623-f7c9ca18ec6b;2024-06-07T19:36:00Z;572.25;572.1;572.25;572.1;73;
fd417230-19cf-4e7b-9623-f7c9ca18ec6b;2024-06-07T19:37:00Z;572.3;572.3;572.3;572.3;67;
fd417230-19cf-4e7b-9623-f7c9ca18ec6b;2024-06-07T19:38:00Z;572.3;572.3;572.3;572.1;15;
fd417230-19cf-4e7b-9623-f7c9ca18ec6b;2024-06-07T19:39:00Z;572.3;572.3;572.3;572.25;864;
fd417230-19cf-4e7b-9623-f7c9ca18ec6b;2024-06-07T19:40:00Z;572.25;572.3;572.3;572.25;247;
fd417230-19cf-4e7b-9623-f7c9ca18ec6b;2024-06-07T19:41:00Z;572.3;572.1;572.3;572.1;40;
fd417230-19cf-4e7b-9623-f7c9ca18ec6b;2024-06-07T19:42:00Z;572.25;572.3;572.3;572.1;333;
fd417230-19cf-4e7b-9623-f7c9ca18ec6b;2024-06-07T19:43:00Z;572.15;572.1;572.15;572.1;534;
fd417230-19cf-4e7b-9623-f7c9ca18ec6b;2024-06-07T19:44:00Z;572.1;572.15;572.15;572.1;429;
fd417230-19cf-4e7b-9623-f7c9ca18ec6b;2024-06-07T19:45:00Z;572.15;572.1;572.15;572.1;902;
fd417230-19cf-4e7b-9623-f7c9ca18ec6b;2024-06-07T19:46:00Z;572.15;572.1;572.15;572.05;696;
fd417230-19cf-4e7b-9623-f7c9ca18ec6b;2024-06-07T19:47:00Z;572.1;572.05;572.1;572;1404;
fd417230-19cf-4e7b-9623-f7c9ca18ec6b;2024-06-07T19:48:00Z;572;572.05;572.1;572;10;
fd417230-19cf-4e7b-9623-f7c9ca18ec6b;2024-06-07T19:49:00Z;572.1;572.05;572.1;572.05;98;
fd417230-19cf-4e7b-9623-f7c9ca18ec6b;2024-06-07T19:50:00Z;572.1;572.05;572.1;572;4739;
fd417230-19cf-4e7b-9623-f7c9ca18ec6b;2024-06-07T19:51:00Z;572.05;572.1;572.1;572;43;
fd417230-19cf-4e7b-9623-f7c9ca18ec6b;2024-06-07T19:52:00Z;572.1;572.05;572.1;572.05;332;
fd417230-19cf-4e7b-9623-f7c9ca18ec6b;2024-06-07T19:53:00Z;572.1;572.1;572.1;572;823;
fd417230-19cf-4e7b-9623-f7c9ca18ec6b;2024-06-07T19:54:00Z;572.05;572.1;572.1;572.05;357;
fd417230-19cf-4e7b-9623-f7c9ca18ec6b;2024-06-07T19:55:00Z;572.15;572.05;572.15;572;96;
fd417230-19cf-4e7b-9623-f7c9ca18ec6b;2024-06-07T19:56:00Z;572;572;572.05;571.95;542;
fd417230-19cf-4e7b-9623-f7c9ca18ec6b;2024-06-07T19:57:00Z;571.95;572.1;572.1;571.95;167;
fd417230-19cf-4e7b-9623-f7c9ca18ec6b;2024-06-07T19:58:00Z;572.1;572.1;572.1;572.05;83;
fd417230-19cf-4e7b-9623-f7c9ca18ec6b;2024-06-07T19:59:00Z;572.15;572.15;572.3;572.15;33;
fd417230-19cf-4e7b-9623-f7c9ca18ec6b;2024-06-07T20:00:00Z;572.3;572.4;572.4;572.25;229;
fd417230-19cf-4e7b-9623-f7c9ca18ec6b;2024-06-07T20:01:00Z;572.4;572.35;572.4;572.35;106;
fd417230-19cf-4e7b-9623-f7c9ca18ec6b;2024-06-07T20:02:00Z;572.4;572.35;572.4;572.35;151;
fd417230-19cf-4e7b-9623-f7c9ca18ec6b;2024-06-07T20:03:00Z;572.4;572.45;572.45;572.4;131;
fd417230-19cf-4e7b-9623-f7c9ca18ec6b;2024-06-07T20:04:00Z;572.5;572.45;572.5;572.45;35;
fd417230-19cf-4e7b-9623-f7c9ca18ec6b;2024-06-07T20:05:00Z;572.45;572.4;572.45;572.4;228;
fd417230-19cf-4e7b-9623-f7c9ca18ec6b;2024-06-07T20:06:00Z;572.35;572.2;572.35;572.2;153;
fd417230-19cf-4e7b-9623-f7c9ca18ec6b;2024-06-07T20:07:00Z;572.2;572.1;572.2;572.05;6683;
fd417230-19cf-4e7b-9623-f7c9ca18ec6b;2024-06-07T20:08:00Z;572.1;572;572.1;571.85;842;
fd417230-19cf-4e7b-9623-f7c9ca18ec6b;2024-06-07T20:09:00Z;572;571.85;572;571.8;1358;
fd417230-19cf-4e7b-9623-f7c9ca18ec6b;2024-06-07T20:10:00Z;571.8;571.85;572;571.8;1107;
fd417230-19cf-4e7b-9623-f7c9ca18ec6b;2024-06-07T20:11:00Z;571.9;571.9;571.95;571.85;52;
fd417230-19cf-4e7b-9623-f7c9ca18ec6b;2024-06-07T20:12:00Z;571.9;571.8;571.9;571.8;1298;
fd417230-19cf-4e7b-9623-f7c9ca18ec6b;2024-06-07T20:13:00Z;571.95;571.95;571.95;571.9;19;
fd417230-19cf-4e7b-9623-f7c9ca18ec6b;2024-06-07T20:14:00Z;571.9;571.8;571.9;571.8;53;
fd417230-19cf-4e7b-9623-f7c9ca18ec6b;2024-06-07T20:15:00Z;571.85;571.8;571.9;571.8;626;
fd417230-19cf-4e7b-9623-f7c9ca18ec6b;2024-06-07T20:16:00Z;571.85;571.85;571.85;571.8;86;
fd417230-19cf-4e7b-9623-f7c9ca18ec6b;2024-06-07T20:17:00Z;571.85;571.85;571.85;571.8;364;
fd417230-19cf-4e7b-9623-f7c9ca18ec6b;2024-06-07T20:18:00Z;571.8;571.95;571.95;571.8;1572;
fd417230-19cf-4e7b-9623-f7c9ca18ec6b;2024-06-07T20:19:00Z;571.95;572;572;571.8;392;
fd417230-19cf-4e7b-9623-f7c9ca18ec6b;2024-06-07T20:20:00Z;572;571.85;572;571.85;446;
fd417230-19cf-4e7b-9623-f7c9ca18ec6b;2024-06-07T20:21:00Z;572;571.9;572.2;571.85;893;
fd417230-19cf-4e7b-9623-f7c9ca18ec6b;2024-06-07T20:22:00Z;571.9;571.9;571.95;571.85;29;
fd417230-19cf-4e7b-9623-f7c9ca18ec6b;2024-06-07T20:23:00Z;571.9;571.8;571.9;571.8;259;
fd417230-19cf-4e7b-9623-f7c9ca18ec6b;2024-06-07T20:24:00Z;571.9;571.85;571.9;571.8;108;
fd417230-19cf-4e7b-9623-f7c9ca18ec6b;2024-06-07T20:25:00Z;571.8;571.85;571.85;571.8;603;
fd417230-19cf-4e7b-9623-f7c9ca18ec6b;2024-06-07T20:26:00Z;571.8;571.8;571.85;571.8;3401;
fd417230-19cf-4e7b-9623-f7c9ca18ec6b;2024-06-07T20:27:00Z;571.8;571.9;571.9;571.8;1126;
fd417230-19cf-4e7b-9623-f7c9ca18ec6b;2024-06-07T20:28:00Z;571.8;572.15;572.2;571.8;496;
fd417230-19cf-4e7b-9623-f7c9ca18ec6b;2024-06-07T20:29:00Z;572.15;571.9;572.15;571.9;154;
fd417230-19cf-4e7b-9623-f7c9ca18ec6b;2024-06-07T20:30:00Z;571.85;572.15;572.15;571.8;317;
fd417230-19cf-4e7b-9623-f7c9ca18ec6b;2024-06-07T20:31:00Z;572.1;572.15;572.25;572.1;377;
fd417230-19cf-4e7b-9623-f7c9ca18ec6b;2024-06-07T20:32:00Z;572;572;572.15;571.85;475;
fd417230-19cf-4e7b-9623-f7c9ca18ec6b;2024-06-07T20:33:00Z;571.85;571.85;572.1;571.8;1013;
fd417230-19cf-4e7b-9623-f7c9ca18ec6b;2024-06-07T20:34:00Z;572;572;572;571.85;21;
fd417230-19cf-4e7b-9623-f7c9ca18ec6b;2024-06-07T20:35:00Z;571.85;572.1;572.1;571.85;2246;
fd417230-19cf-4e7b-9623-f7c9ca18ec6b;2024-06-07T20:36:00Z;571.95;571.95;571.95;571.9;319;
fd417230-19cf-4e7b-9623-f7c9ca18ec6b;2024-06-07T20:37:00Z;571.95;571.85;571.95;571.8;1921;
fd417230-19cf-4e7b-9623-f7c9ca18ec6b;2024-06-07T20:38:00Z;571.8;571.9;571.9;571.8;1075;
fd417230-19cf-4e7b-9623-f7c9ca18ec6b;2024-06-07T20:39:00Z;571.9;571.95;572;571.9;1172;
fd417230-19cf-4e7b-9623-f7c9ca18ec6b;2024-06-07T20:40:00Z;572;571.9;572;571.9;519;
fd417230-19cf-4e7b-9623-f7c9ca18ec6b;2024-06-07T20:41:00Z;571.95;571.85;571.95;571.8;1372;
fd417230-19cf-4e7b-9623-f7c9ca18ec6b;2024-06-07T20:42:00Z;571.85;571.9;571.9;571.85;98;
fd417230-19cf-4e7b-9623-f7c9ca18ec6b;2024-06-07T20:43:00Z;571.9;571.9;571.95;571.85;674;
fd417230-19cf-4e7b-9623-f7c9ca18ec6b;2024-06-07T20:44:00Z;571.9;571.9;571.9;571.8;204;
fd417230-19cf-4e7b-9623-f7c9ca18ec6b;2024-06-07T20:45:00Z;571.9;571.95;571.95;571.85;1226;
fd417230-19cf-4e7b-9623-f7c9ca18ec6b;2024-06-07T20:46:00Z;571.9;571.9;571.9;571.8;2660;
fd417230-19cf-4e7b-9623-f7c9ca18ec6b;2024-06-07T20:47:00Z;571.9;571.5;571.9;571.15;36181;
fd417230-19cf-4e7b-9623-f7c9ca18ec6b;2024-06-07T20:48:00Z;571.65;571.95;571.95;571.5;4822;
fd417230-19cf-4e7b-9623-f7c9ca18ec6b;2024-06-07T20:49:00Z;571.55;571.65;571.9;571.55;2588;
