de08affe-4fbd-454e-9fd1-46a81b23f870;2024-09-23T04:06:00Z;2761.8;2762;2762;2761.8;6;
de08affe-4fbd-454e-9fd1-46a81b23f870;2024-09-23T04:09:00Z;2762;2762;2762;2762;1;
de08affe-4fbd-454e-9fd1-46a81b23f870;2024-09-23T04:15:00Z;2762;2762;2762;2762;3;
de08affe-4fbd-454e-9fd1-46a81b23f870;2024-09-23T04:17:00Z;2755;2750;2755;2750;92;
de08affe-4fbd-454e-9fd1-46a81b23f870;2024-09-23T04:20:00Z;2751;2751;2751;2751;2;
de08affe-4fbd-454e-9fd1-46a81b23f870;2024-09-23T04:21:00Z;2761.8;2762;2762;2761.8;102;
de08affe-4fbd-454e-9fd1-46a81b23f870;2024-09-23T04:31:00Z;2751.8;2751.8;2751.8;2751.8;1;
de08affe-4fbd-454e-9fd1-46a81b23f870;2024-09-23T04:32:00Z;2761.8;2762;2762;2761.8;5;
de08affe-4fbd-454e-9fd1-46a81b23f870;2024-09-23T04:40:00Z;2752.2;2752.2;2752.2;2752.2;2;
de08affe-4fbd-454e-9fd1-46a81b23f870;2024-09-23T04:41:00Z;2752.2;2762;2762;2752.2;4;
de08affe-4fbd-454e-9fd1-46a81b23f870;2024-09-23T04:43:00Z;2761.6;2761.6;2761.6;2761.6;1;
de08affe-4fbd-454e-9fd1-46a81b23f870;2024-09-23T04:45:00Z;2761.6;2762;2762;2761.6;29;
de08affe-4fbd-454e-9fd1-46a81b23f870;2024-09-23T04:46:00Z;2762;2762;2762;2762;1;
de08affe-4fbd-454e-9fd1-46a81b23f870;2024-09-23T04:49:00Z;2762;2762;2762;2762;2;
de08affe-4fbd-454e-9fd1-46a81b23f870;2024-09-23T04:50:00Z;2761.8;2762;2762;2761.8;9;
de08affe-4fbd-454e-9fd1-46a81b23f870;2024-09-23T04:51:00Z;2762;2762;2762;2762;3;
de08affe-4fbd-454e-9fd1-46a81b23f870;2024-09-23T04:59:00Z;2755.2;2755.2;2755.2;2755.2;5;
de08affe-4fbd-454e-9fd1-46a81b23f870;2024-09-23T05:03:00Z;2761.8;2761.8;2761.8;2761.8;1;
de08affe-4fbd-454e-9fd1-46a81b23f870;2024-09-23T05:09:00Z;2761.8;2761.8;2761.8;2761.8;5;
de08affe-4fbd-454e-9fd1-46a81b23f870;2024-09-23T05:21:00Z;2761.6;2761.6;2761.6;2761.6;1;
de08affe-4fbd-454e-9fd1-46a81b23f870;2024-09-23T05:25:00Z;2760;2760;2760;2760;1;
de08affe-4fbd-454e-9fd1-46a81b23f870;2024-09-23T05:27:00Z;2760;2760;2760;2760;1;
de08affe-4fbd-454e-9fd1-46a81b23f870;2024-09-23T05:28:00Z;2755.6;2755.6;2755.6;2755.6;1;
de08affe-4fbd-454e-9fd1-46a81b23f870;2024-09-23T05:37:00Z;2760;2760;2760;2760;18;
de08affe-4fbd-454e-9fd1-46a81b23f870;2024-09-23T05:38:00Z;2762;2762;2762;2762;10;
de08affe-4fbd-454e-9fd1-46a81b23f870;2024-09-23T05:39:00Z;2762;2769.6;2769.6;2762;25;
de08affe-4fbd-454e-9fd1-46a81b23f870;2024-09-23T05:43:00Z;2769.4;2769.6;2769.6;2769.4;17;
de08affe-4fbd-454e-9fd1-46a81b23f870;2024-09-23T05:44:00Z;2769.6;2769.6;2769.6;2769.6;1;
de08affe-4fbd-454e-9fd1-46a81b23f870;2024-09-23T05:46:00Z;2761.4;2761.4;2761.4;2761.4;6;
de08affe-4fbd-454e-9fd1-46a81b23f870;2024-09-23T05:48:00Z;2769;2769;2769;2769;1;
de08affe-4fbd-454e-9fd1-46a81b23f870;2024-09-23T05:49:00Z;2761.6;2761.6;2761.6;2761.6;4;
de08affe-4fbd-454e-9fd1-46a81b23f870;2024-09-23T05:55:00Z;2769.2;2769.2;2769.2;2769.2;1;
de08affe-4fbd-454e-9fd1-46a81b23f870;2024-09-23T05:57:00Z;2769.2;2769.4;2769.4;2769.2;10;
de08affe-4fbd-454e-9fd1-46a81b23f870;2024-09-23T05:58:00Z;2762.2;2762.2;2762.2;2762.2;4;
de08affe-4fbd-454e-9fd1-46a81b23f870;2024-09-23T06:08:00Z;2769;2770;2770;2769;120;
de08affe-4fbd-454e-9fd1-46a81b23f870;2024-09-23T06:10:00Z;2770;2770;2770;2770;10;
de08affe-4fbd-454e-9fd1-46a81b23f870;2024-09-23T06:12:00Z;2770;2770;2770;2770;1;
de08affe-4fbd-454e-9fd1-46a81b23f870;2024-09-23T06:13:00Z;2770;2770;2770;2770;8;
de08affe-4fbd-454e-9fd1-46a81b23f870;2024-09-23T06:15:00Z;2768;2768;2768;2768;2;
de08affe-4fbd-454e-9fd1-46a81b23f870;2024-09-23T06:18:00Z;2770;2770;2770;2770;2;
de08affe-4fbd-454e-9fd1-46a81b23f870;2024-09-23T06:21:00Z;2770;2770;2770;2770;8;
de08affe-4fbd-454e-9fd1-46a81b23f870;2024-09-23T06:22:00Z;2770;2770;2770;2770;2;
de08affe-4fbd-454e-9fd1-46a81b23f870;2024-09-23T06:23:00Z;2768;2768;2768;2768;1;
de08affe-4fbd-454e-9fd1-46a81b23f870;2024-09-23T06:24:00Z;2770;2770;2770;2770;7;
de08affe-4fbd-454e-9fd1-46a81b23f870;2024-09-23T06:25:00Z;2768;2768;2768;2768;4;
de08affe-4fbd-454e-9fd1-46a81b23f870;2024-09-23T06:26:00Z;2768;2768;2768;2768;8;
de08affe-4fbd-454e-9fd1-46a81b23f870;2024-09-23T06:27:00Z;2768;2768;2768;2768;10;
de08affe-4fbd-454e-9fd1-46a81b23f870;2024-09-23T06:30:00Z;2770;2770;2770;2770;2;
de08affe-4fbd-454e-9fd1-46a81b23f870;2024-09-23T06:31:00Z;2768;2768;2768;2768;3;
de08affe-4fbd-454e-9fd1-46a81b23f870;2024-09-23T06:33:00Z;2768;2768;2768;2768;1;
de08affe-4fbd-454e-9fd1-46a81b23f870;2024-09-23T06:34:00Z;2770;2768;2770;2768;3;
de08affe-4fbd-454e-9fd1-46a81b23f870;2024-09-23T06:35:00Z;2768;2768;2768;2768;10;
de08affe-4fbd-454e-9fd1-46a81b23f870;2024-09-23T06:59:00Z;2750;2750;2750;2750;740;
de08affe-4fbd-454e-9fd1-46a81b23f870;2024-09-23T07:00:00Z;2751.2;2761.2;2761.2;2750;669;
de08affe-4fbd-454e-9fd1-46a81b23f870;2024-09-23T07:01:00Z;2761.4;2761.2;2764.6;2761.2;202;
de08affe-4fbd-454e-9fd1-46a81b23f870;2024-09-23T07:02:00Z;2764.8;2771.2;2777.2;2762;1625;
de08affe-4fbd-454e-9fd1-46a81b23f870;2024-09-23T07:03:00Z;2768.2;2766.4;2772.6;2765.4;930;
de08affe-4fbd-454e-9fd1-46a81b23f870;2024-09-23T07:04:00Z;2768.6;2774.2;2780;2768.6;1908;
de08affe-4fbd-454e-9fd1-46a81b23f870;2024-09-23T07:05:00Z;2776.2;2780.8;2792.4;2776.2;3009;
de08affe-4fbd-454e-9fd1-46a81b23f870;2024-09-23T07:06:00Z;2779;2780.6;2780.6;2767.6;2065;
de08affe-4fbd-454e-9fd1-46a81b23f870;2024-09-23T07:07:00Z;2780.4;2779.2;2781.2;2774.2;724;
de08affe-4fbd-454e-9fd1-46a81b23f870;2024-09-23T07:08:00Z;2779.2;2778.8;2780;2775.8;265;
de08affe-4fbd-454e-9fd1-46a81b23f870;2024-09-23T07:09:00Z;2778.8;2778.8;2778.8;2776.4;249;
de08affe-4fbd-454e-9fd1-46a81b23f870;2024-09-23T07:10:00Z;2778.8;2777;2778.8;2776.2;168;
de08affe-4fbd-454e-9fd1-46a81b23f870;2024-09-23T07:11:00Z;2776.6;2775.2;2776.6;2775.2;165;
de08affe-4fbd-454e-9fd1-46a81b23f870;2024-09-23T07:12:00Z;2775.4;2775.2;2776.4;2775;245;
de08affe-4fbd-454e-9fd1-46a81b23f870;2024-09-23T07:13:00Z;2775.2;2777.2;2777.2;2775;195;
de08affe-4fbd-454e-9fd1-46a81b23f870;2024-09-23T07:14:00Z;2776.4;2770;2776.4;2770;424;
de08affe-4fbd-454e-9fd1-46a81b23f870;2024-09-23T07:15:00Z;2773.4;2771.2;2774.8;2768.8;333;
de08affe-4fbd-454e-9fd1-46a81b23f870;2024-09-23T07:16:00Z;2771.4;2771.2;2772.6;2770.6;104;
de08affe-4fbd-454e-9fd1-46a81b23f870;2024-09-23T07:17:00Z;2771.2;2772.6;2773;2771.2;60;
de08affe-4fbd-454e-9fd1-46a81b23f870;2024-09-23T07:18:00Z;2772;2772;2772.6;2772;138;
de08affe-4fbd-454e-9fd1-46a81b23f870;2024-09-23T07:19:00Z;2772;2772.8;2772.8;2772;324;
de08affe-4fbd-454e-9fd1-46a81b23f870;2024-09-23T07:20:00Z;2773;2772.8;2773;2772;117;
de08affe-4fbd-454e-9fd1-46a81b23f870;2024-09-23T07:21:00Z;2772.8;2769.8;2773;2767.8;4122;
de08affe-4fbd-454e-9fd1-46a81b23f870;2024-09-23T07:22:00Z;2769.8;2763.6;2769.8;2762.6;1330;
de08affe-4fbd-454e-9fd1-46a81b23f870;2024-09-23T07:23:00Z;2763.6;2763.8;2763.8;2762.8;28;
de08affe-4fbd-454e-9fd1-46a81b23f870;2024-09-23T07:24:00Z;2763.6;2763.6;2763.6;2763.4;407;
de08affe-4fbd-454e-9fd1-46a81b23f870;2024-09-23T07:25:00Z;2763.6;2762.8;2763.6;2762.8;423;
de08affe-4fbd-454e-9fd1-46a81b23f870;2024-09-23T07:26:00Z;2762.8;2763.6;2764.2;2761.8;1012;
de08affe-4fbd-454e-9fd1-46a81b23f870;2024-09-23T07:27:00Z;2761.8;2759.8;2761.8;2758;282;
de08affe-4fbd-454e-9fd1-46a81b23f870;2024-09-23T07:28:00Z;2759.8;2754.6;2759.8;2754.6;1585;
de08affe-4fbd-454e-9fd1-46a81b23f870;2024-09-23T07:29:00Z;2754.8;2754.4;2757.8;2753.6;571;
de08affe-4fbd-454e-9fd1-46a81b23f870;2024-09-23T07:30:00Z;2757.2;2755;2757.2;2753.6;307;
de08affe-4fbd-454e-9fd1-46a81b23f870;2024-09-23T07:31:00Z;2755;2757.2;2759.8;2754.6;396;
de08affe-4fbd-454e-9fd1-46a81b23f870;2024-09-23T07:32:00Z;2757.2;2762.4;2762.4;2756;288;
de08affe-4fbd-454e-9fd1-46a81b23f870;2024-09-23T07:33:00Z;2762.4;2768;2768;2762.4;1149;
de08affe-4fbd-454e-9fd1-46a81b23f870;2024-09-23T07:34:00Z;2767.8;2765.8;2768;2765.4;117;
de08affe-4fbd-454e-9fd1-46a81b23f870;2024-09-23T07:35:00Z;2765.8;2765;2767.4;2764.4;130;
de08affe-4fbd-454e-9fd1-46a81b23f870;2024-09-23T07:36:00Z;2765.2;2762;2765.2;2762;169;
de08affe-4fbd-454e-9fd1-46a81b23f870;2024-09-23T07:37:00Z;2762;2764;2764;2762;68;
de08affe-4fbd-454e-9fd1-46a81b23f870;2024-09-23T07:38:00Z;2764;2764;2764.2;2763.8;76;
de08affe-4fbd-454e-9fd1-46a81b23f870;2024-09-23T07:39:00Z;2763.8;2764;2764;2763.8;164;
de08affe-4fbd-454e-9fd1-46a81b23f870;2024-09-23T07:40:00Z;2764.4;2765;2765;2764.4;411;
de08affe-4fbd-454e-9fd1-46a81b23f870;2024-09-23T07:41:00Z;2765;2764.2;2765;2763;202;
de08affe-4fbd-454e-9fd1-46a81b23f870;2024-09-23T07:42:00Z;2764.6;2764.6;2765;2763;104;
de08affe-4fbd-454e-9fd1-46a81b23f870;2024-09-23T07:43:00Z;2764.8;2762.4;2765;2762.4;76;
de08affe-4fbd-454e-9fd1-46a81b23f870;2024-09-23T07:44:00Z;2762.2;2759;2762.2;2759;154;
de08affe-4fbd-454e-9fd1-46a81b23f870;2024-09-23T07:45:00Z;2759;2763.6;2763.6;2758.2;1227;
de08affe-4fbd-454e-9fd1-46a81b23f870;2024-09-23T07:46:00Z;2763.8;2761;2763.8;2761;12;
de08affe-4fbd-454e-9fd1-46a81b23f870;2024-09-23T07:47:00Z;2762.4;2762.4;2763.8;2762.4;31;
de08affe-4fbd-454e-9fd1-46a81b23f870;2024-09-23T07:48:00Z;2763.6;2763.6;2763.6;2763.6;3;
de08affe-4fbd-454e-9fd1-46a81b23f870;2024-09-23T07:49:00Z;2762.4;2764.4;2764.4;2762.2;81;
de08affe-4fbd-454e-9fd1-46a81b23f870;2024-09-23T07:50:00Z;2763.8;2762.4;2763.8;2762.4;89;
de08affe-4fbd-454e-9fd1-46a81b23f870;2024-09-23T07:51:00Z;2762.4;2762;2762.4;2762;8;
de08affe-4fbd-454e-9fd1-46a81b23f870;2024-09-23T07:52:00Z;2762.2;2762;2762.2;2762;79;
de08affe-4fbd-454e-9fd1-46a81b23f870;2024-09-23T07:53:00Z;2762;2762.2;2762.4;2762;422;
de08affe-4fbd-454e-9fd1-46a81b23f870;2024-09-23T07:54:00Z;2762;2762.2;2765;2762;1205;
de08affe-4fbd-454e-9fd1-46a81b23f870;2024-09-23T07:55:00Z;2762.2;2762;2762.2;2762;42;
de08affe-4fbd-454e-9fd1-46a81b23f870;2024-09-23T07:56:00Z;2762;2762.6;2762.8;2762;150;
de08affe-4fbd-454e-9fd1-46a81b23f870;2024-09-23T07:57:00Z;2762.6;2762.6;2762.8;2762.6;19;
de08affe-4fbd-454e-9fd1-46a81b23f870;2024-09-23T07:58:00Z;2762.6;2763.4;2764.8;2762.6;68;
de08affe-4fbd-454e-9fd1-46a81b23f870;2024-09-23T07:59:00Z;2763;2762.6;2764.6;2762.6;38;
de08affe-4fbd-454e-9fd1-46a81b23f870;2024-09-23T08:00:00Z;2763.2;2763.4;2765;2763;98;
de08affe-4fbd-454e-9fd1-46a81b23f870;2024-09-23T08:01:00Z;2763.4;2766.4;2770;2763;3396;
de08affe-4fbd-454e-9fd1-46a81b23f870;2024-09-23T08:02:00Z;2767.2;2766;2767.2;2766;30;
de08affe-4fbd-454e-9fd1-46a81b23f870;2024-09-23T08:03:00Z;2766;2767.4;2770;2766;284;
de08affe-4fbd-454e-9fd1-46a81b23f870;2024-09-23T08:04:00Z;2769.2;2770;2770;2768.2;168;
de08affe-4fbd-454e-9fd1-46a81b23f870;2024-09-23T08:05:00Z;2769.6;2770;2770;2769.4;77;
de08affe-4fbd-454e-9fd1-46a81b23f870;2024-09-23T08:06:00Z;2770;2769;2770;2769;208;
de08affe-4fbd-454e-9fd1-46a81b23f870;2024-09-23T08:07:00Z;2770;2769.6;2770;2769;42;
de08affe-4fbd-454e-9fd1-46a81b23f870;2024-09-23T08:08:00Z;2769;2768.8;2769.8;2768.8;30;
de08affe-4fbd-454e-9fd1-46a81b23f870;2024-09-23T08:09:00Z;2768.8;2767;2769;2764;169;
de08affe-4fbd-454e-9fd1-46a81b23f870;2024-09-23T08:10:00Z;2768.4;2767.8;2768.4;2767;20;
de08affe-4fbd-454e-9fd1-46a81b23f870;2024-09-23T08:11:00Z;2768.4;2766.2;2768.4;2766;65;
de08affe-4fbd-454e-9fd1-46a81b23f870;2024-09-23T08:13:00Z;2767.8;2769.8;2769.8;2767.8;112;
de08affe-4fbd-454e-9fd1-46a81b23f870;2024-09-23T08:14:00Z;2769.8;2770;2770;2769.4;514;
de08affe-4fbd-454e-9fd1-46a81b23f870;2024-09-23T08:15:00Z;2770;2771.8;2772;2769;1988;
de08affe-4fbd-454e-9fd1-46a81b23f870;2024-09-23T08:16:00Z;2771.8;2770.4;2772;2770;39;
de08affe-4fbd-454e-9fd1-46a81b23f870;2024-09-23T08:17:00Z;2770.2;2772;2772;2770.2;1098;
de08affe-4fbd-454e-9fd1-46a81b23f870;2024-09-23T08:18:00Z;2772;2775;2775;2772;1185;
de08affe-4fbd-454e-9fd1-46a81b23f870;2024-09-23T08:19:00Z;2774.2;2773.2;2775;2773.2;41;
de08affe-4fbd-454e-9fd1-46a81b23f870;2024-09-23T08:20:00Z;2772.8;2772.6;2772.8;2772.6;31;
de08affe-4fbd-454e-9fd1-46a81b23f870;2024-09-23T08:21:00Z;2772.6;2774.6;2774.6;2772.6;61;
de08affe-4fbd-454e-9fd1-46a81b23f870;2024-09-23T08:22:00Z;2774;2774;2774.8;2774;28;
de08affe-4fbd-454e-9fd1-46a81b23f870;2024-09-23T08:23:00Z;2774.8;2776.8;2776.8;2774;2352;
de08affe-4fbd-454e-9fd1-46a81b23f870;2024-09-23T08:24:00Z;2776.8;2777.8;2778.4;2776.8;571;
de08affe-4fbd-454e-9fd1-46a81b23f870;2024-09-23T08:25:00Z;2778.4;2777.6;2779.4;2777.6;140;
de08affe-4fbd-454e-9fd1-46a81b23f870;2024-09-23T08:26:00Z;2778.6;2778.8;2780.2;2778.2;343;
de08affe-4fbd-454e-9fd1-46a81b23f870;2024-09-23T08:27:00Z;2778.8;2772.4;2778.8;2772.4;2175;
de08affe-4fbd-454e-9fd1-46a81b23f870;2024-09-23T08:28:00Z;2772.4;2774.6;2774.6;2772.4;60;
de08affe-4fbd-454e-9fd1-46a81b23f870;2024-09-23T08:29:00Z;2773.6;2775.8;2776.8;2773.6;174;
de08affe-4fbd-454e-9fd1-46a81b23f870;2024-09-23T08:30:00Z;2775.8;2775.6;2775.8;2775.6;151;
de08affe-4fbd-454e-9fd1-46a81b23f870;2024-09-23T08:31:00Z;2775.6;2775.2;2775.6;2775;393;
de08affe-4fbd-454e-9fd1-46a81b23f870;2024-09-23T08:32:00Z;2775.2;2775.2;2775.2;2775;10;
de08affe-4fbd-454e-9fd1-46a81b23f870;2024-09-23T08:33:00Z;2775;2775;2775.2;2775;21;
de08affe-4fbd-454e-9fd1-46a81b23f870;2024-09-23T08:34:00Z;2775.4;2775;2776.6;2775;43;
de08affe-4fbd-454e-9fd1-46a81b23f870;2024-09-23T08:35:00Z;2775.6;2776.8;2777;2775.6;125;
de08affe-4fbd-454e-9fd1-46a81b23f870;2024-09-23T08:36:00Z;2776.6;2777;2777;2776.6;15;
de08affe-4fbd-454e-9fd1-46a81b23f870;2024-09-23T08:37:00Z;2776.8;2775;2777;2775;255;
de08affe-4fbd-454e-9fd1-46a81b23f870;2024-09-23T08:38:00Z;2775;2775.2;2775.2;2775;323;
de08affe-4fbd-454e-9fd1-46a81b23f870;2024-09-23T08:39:00Z;2775;2775.2;2775.2;2775;71;
de08affe-4fbd-454e-9fd1-46a81b23f870;2024-09-23T08:40:00Z;2775.2;2772.8;2775.2;2772.8;129;
de08affe-4fbd-454e-9fd1-46a81b23f870;2024-09-23T08:41:00Z;2774;2774;2774;2774;21;
de08affe-4fbd-454e-9fd1-46a81b23f870;2024-09-23T08:42:00Z;2774;2774;2774;2773;50;
de08affe-4fbd-454e-9fd1-46a81b23f870;2024-09-23T08:43:00Z;2774;2773;2774;2773;195;
de08affe-4fbd-454e-9fd1-46a81b23f870;2024-09-23T08:44:00Z;2773;2773;2773;2773;112;
de08affe-4fbd-454e-9fd1-46a81b23f870;2024-09-23T08:45:00Z;2773;2771.2;2773;2771;165;
de08affe-4fbd-454e-9fd1-46a81b23f870;2024-09-23T08:46:00Z;2771;2772.8;2773;2771;179;
de08affe-4fbd-454e-9fd1-46a81b23f870;2024-09-23T08:47:00Z;2773;2770;2773;2769.8;683;
de08affe-4fbd-454e-9fd1-46a81b23f870;2024-09-23T08:48:00Z;2772;2772.6;2772.6;2770.4;26;
de08affe-4fbd-454e-9fd1-46a81b23f870;2024-09-23T08:49:00Z;2772.8;2773;2773;2772.8;75;
de08affe-4fbd-454e-9fd1-46a81b23f870;2024-09-23T08:50:00Z;2773;2773;2773;2772.8;28;
de08affe-4fbd-454e-9fd1-46a81b23f870;2024-09-23T08:51:00Z;2773;2772.8;2773;2772.8;11;
de08affe-4fbd-454e-9fd1-46a81b23f870;2024-09-23T08:52:00Z;2772.8;2772.2;2773;2772;80;
de08affe-4fbd-454e-9fd1-46a81b23f870;2024-09-23T08:53:00Z;2772.2;2773;2773;2771.2;14;
de08affe-4fbd-454e-9fd1-46a81b23f870;2024-09-23T08:54:00Z;2773;2773;2773;2773;12;
de08affe-4fbd-454e-9fd1-46a81b23f870;2024-09-23T08:55:00Z;2773;2773;2773;2773;1;
de08affe-4fbd-454e-9fd1-46a81b23f870;2024-09-23T08:56:00Z;2771.8;2769.8;2771.8;2769.8;1007;
de08affe-4fbd-454e-9fd1-46a81b23f870;2024-09-23T08:57:00Z;2769.8;2770.4;2770.6;2769.8;13;
de08affe-4fbd-454e-9fd1-46a81b23f870;2024-09-23T08:58:00Z;2770.4;2770.6;2770.6;2770.4;7;
de08affe-4fbd-454e-9fd1-46a81b23f870;2024-09-23T08:59:00Z;2770.6;2769.2;2770.6;2769.2;61;
de08affe-4fbd-454e-9fd1-46a81b23f870;2024-09-23T09:00:00Z;2770;2768.6;2770;2768.6;38;
de08affe-4fbd-454e-9fd1-46a81b23f870;2024-09-23T09:01:00Z;2769;2768;2769;2767.8;150;
de08affe-4fbd-454e-9fd1-46a81b23f870;2024-09-23T09:02:00Z;2768;2770;2770;2768;21;
de08affe-4fbd-454e-9fd1-46a81b23f870;2024-09-23T09:04:00Z;2769.8;2768.6;2770;2768.6;16;
de08affe-4fbd-454e-9fd1-46a81b23f870;2024-09-23T09:05:00Z;2769.8;2768.6;2769.8;2768.6;3;
de08affe-4fbd-454e-9fd1-46a81b23f870;2024-09-23T09:06:00Z;2768.6;2768;2768.6;2768;111;
de08affe-4fbd-454e-9fd1-46a81b23f870;2024-09-23T09:07:00Z;2768;2768.2;2768.2;2768;65;
de08affe-4fbd-454e-9fd1-46a81b23f870;2024-09-23T09:08:00Z;2768.2;2770;2770;2768;89;
de08affe-4fbd-454e-9fd1-46a81b23f870;2024-09-23T09:09:00Z;2770;2770;2770;2770;209;
de08affe-4fbd-454e-9fd1-46a81b23f870;2024-09-23T09:10:00Z;2768.8;2768.4;2769.4;2767.8;516;
de08affe-4fbd-454e-9fd1-46a81b23f870;2024-09-23T09:11:00Z;2770;2770;2770;2768.4;48;
de08affe-4fbd-454e-9fd1-46a81b23f870;2024-09-23T09:13:00Z;2769.8;2768.4;2769.8;2768.4;3;
de08affe-4fbd-454e-9fd1-46a81b23f870;2024-09-23T09:14:00Z;2768.4;2768;2768.4;2768;7;
de08affe-4fbd-454e-9fd1-46a81b23f870;2024-09-23T09:15:00Z;2768.2;2769.8;2769.8;2768;24;
de08affe-4fbd-454e-9fd1-46a81b23f870;2024-09-23T09:16:00Z;2768.2;2769;2769;2767.8;323;
de08affe-4fbd-454e-9fd1-46a81b23f870;2024-09-23T09:17:00Z;2769.4;2767.4;2769.6;2767.4;151;
de08affe-4fbd-454e-9fd1-46a81b23f870;2024-09-23T09:18:00Z;2767.6;2767.8;2767.8;2767;82;
de08affe-4fbd-454e-9fd1-46a81b23f870;2024-09-23T09:19:00Z;2767.4;2767.4;2767.4;2766.2;18;
de08affe-4fbd-454e-9fd1-46a81b23f870;2024-09-23T09:20:00Z;2767.2;2767.4;2767.4;2767;17;
de08affe-4fbd-454e-9fd1-46a81b23f870;2024-09-23T09:21:00Z;2767.2;2767.2;2767.4;2767.2;7;
de08affe-4fbd-454e-9fd1-46a81b23f870;2024-09-23T09:22:00Z;2767.2;2767.4;2767.4;2766;55;
de08affe-4fbd-454e-9fd1-46a81b23f870;2024-09-23T09:23:00Z;2766.8;2764.4;2766.8;2764;578;
de08affe-4fbd-454e-9fd1-46a81b23f870;2024-09-23T09:24:00Z;2764.4;2764;2765;2763;190;
de08affe-4fbd-454e-9fd1-46a81b23f870;2024-09-23T09:25:00Z;2763;2761.2;2763;2760.8;166;
de08affe-4fbd-454e-9fd1-46a81b23f870;2024-09-23T09:26:00Z;2761;2760.4;2761.2;2760.4;40;
de08affe-4fbd-454e-9fd1-46a81b23f870;2024-09-23T09:27:00Z;2760.4;2760;2761;2760;1105;
de08affe-4fbd-454e-9fd1-46a81b23f870;2024-09-23T09:28:00Z;2760.2;2760.8;2760.8;2760;327;
de08affe-4fbd-454e-9fd1-46a81b23f870;2024-09-23T09:29:00Z;2761.2;2760;2761.2;2760;54;
de08affe-4fbd-454e-9fd1-46a81b23f870;2024-09-23T09:30:00Z;2760;2759.2;2761.2;2759.2;211;
de08affe-4fbd-454e-9fd1-46a81b23f870;2024-09-23T09:31:00Z;2760;2760;2760;2760;8;
de08affe-4fbd-454e-9fd1-46a81b23f870;2024-09-23T09:32:00Z;2759.2;2758;2759.2;2758;31;
de08affe-4fbd-454e-9fd1-46a81b23f870;2024-09-23T09:33:00Z;2758;2758.6;2758.8;2756.8;242;
de08affe-4fbd-454e-9fd1-46a81b23f870;2024-09-23T09:34:00Z;2758.6;2758.2;2758.8;2755.8;196;
de08affe-4fbd-454e-9fd1-46a81b23f870;2024-09-23T09:36:00Z;2757.8;2757.6;2758;2757.4;10;
de08affe-4fbd-454e-9fd1-46a81b23f870;2024-09-23T09:37:00Z;2756.4;2756.6;2757.4;2755;1001;
de08affe-4fbd-454e-9fd1-46a81b23f870;2024-09-23T09:38:00Z;2756.8;2755.4;2757;2755;150;
de08affe-4fbd-454e-9fd1-46a81b23f870;2024-09-23T09:39:00Z;2755.6;2755.2;2755.6;2755.2;7;
de08affe-4fbd-454e-9fd1-46a81b23f870;2024-09-23T09:40:00Z;2756;2756;2758.6;2755.2;932;
de08affe-4fbd-454e-9fd1-46a81b23f870;2024-09-23T09:41:00Z;2755.2;2760;2760;2755.2;372;
de08affe-4fbd-454e-9fd1-46a81b23f870;2024-09-23T09:42:00Z;2760;2760;2760;2760;137;
de08affe-4fbd-454e-9fd1-46a81b23f870;2024-09-23T09:43:00Z;2758.4;2756.4;2758.4;2756.4;15;
de08affe-4fbd-454e-9fd1-46a81b23f870;2024-09-23T09:44:00Z;2756.4;2755.6;2756.4;2755.6;7;
de08affe-4fbd-454e-9fd1-46a81b23f870;2024-09-23T09:45:00Z;2756.4;2755.6;2756.4;2755.6;6;
de08affe-4fbd-454e-9fd1-46a81b23f870;2024-09-23T09:46:00Z;2755.6;2757;2758.8;2755.6;109;
de08affe-4fbd-454e-9fd1-46a81b23f870;2024-09-23T09:47:00Z;2759;2760;2760;2758.8;154;
de08affe-4fbd-454e-9fd1-46a81b23f870;2024-09-23T09:48:00Z;2759.4;2759.4;2759.4;2759.4;10;
de08affe-4fbd-454e-9fd1-46a81b23f870;2024-09-23T09:49:00Z;2759;2759.4;2759.4;2759;47;
de08affe-4fbd-454e-9fd1-46a81b23f870;2024-09-23T09:50:00Z;2759;2759;2759;2759;7;
de08affe-4fbd-454e-9fd1-46a81b23f870;2024-09-23T09:51:00Z;2759;2759;2759;2759;2;
de08affe-4fbd-454e-9fd1-46a81b23f870;2024-09-23T09:52:00Z;2757.8;2759.6;2759.6;2757.8;2;
de08affe-4fbd-454e-9fd1-46a81b23f870;2024-09-23T09:53:00Z;2759;2760;2760;2758;69;
de08affe-4fbd-454e-9fd1-46a81b23f870;2024-09-23T09:54:00Z;2759.4;2758.2;2759.4;2758.2;31;
de08affe-4fbd-454e-9fd1-46a81b23f870;2024-09-23T09:55:00Z;2758;2758.6;2758.8;2758;8;
de08affe-4fbd-454e-9fd1-46a81b23f870;2024-09-23T09:56:00Z;2759.4;2759.4;2759.4;2759.4;6;
de08affe-4fbd-454e-9fd1-46a81b23f870;2024-09-23T09:57:00Z;2758.6;2759.4;2759.6;2758.6;20;
de08affe-4fbd-454e-9fd1-46a81b23f870;2024-09-23T09:58:00Z;2759.6;2759.6;2759.6;2759.6;16;
de08affe-4fbd-454e-9fd1-46a81b23f870;2024-09-23T09:59:00Z;2759.6;2759.8;2760;2759.6;55;
de08affe-4fbd-454e-9fd1-46a81b23f870;2024-09-23T10:00:00Z;2759.8;2759.6;2760;2759.6;558;
de08affe-4fbd-454e-9fd1-46a81b23f870;2024-09-23T10:01:00Z;2759.8;2760;2760;2759.4;141;
de08affe-4fbd-454e-9fd1-46a81b23f870;2024-09-23T10:02:00Z;2760;2760;2760;2759.4;10;
de08affe-4fbd-454e-9fd1-46a81b23f870;2024-09-23T10:03:00Z;2760;2760;2760;2760;3;
de08affe-4fbd-454e-9fd1-46a81b23f870;2024-09-23T10:04:00Z;2760;2759.4;2760;2759;86;
de08affe-4fbd-454e-9fd1-46a81b23f870;2024-09-23T10:05:00Z;2758.6;2757.8;2759.4;2757.8;242;
de08affe-4fbd-454e-9fd1-46a81b23f870;2024-09-23T10:06:00Z;2757.8;2756;2757.8;2755;2227;
de08affe-4fbd-454e-9fd1-46a81b23f870;2024-09-23T10:07:00Z;2755;2755.2;2755.2;2755;6;
de08affe-4fbd-454e-9fd1-46a81b23f870;2024-09-23T10:08:00Z;2755.2;2752.4;2755.2;2752.2;442;
de08affe-4fbd-454e-9fd1-46a81b23f870;2024-09-23T10:09:00Z;2752.8;2758.4;2758.4;2752.6;313;
de08affe-4fbd-454e-9fd1-46a81b23f870;2024-09-23T10:10:00Z;2759.4;2756.2;2759.4;2756.2;28;
de08affe-4fbd-454e-9fd1-46a81b23f870;2024-09-23T10:11:00Z;2756.2;2756;2757.2;2756;16;
de08affe-4fbd-454e-9fd1-46a81b23f870;2024-09-23T10:12:00Z;2756;2758.8;2758.8;2756;16;
de08affe-4fbd-454e-9fd1-46a81b23f870;2024-09-23T10:13:00Z;2757.2;2759;2759;2757.2;16;
de08affe-4fbd-454e-9fd1-46a81b23f870;2024-09-23T10:14:00Z;2757.2;2759;2759;2757.2;35;
de08affe-4fbd-454e-9fd1-46a81b23f870;2024-09-23T10:15:00Z;2759.6;2759.2;2759.6;2759.2;11;
de08affe-4fbd-454e-9fd1-46a81b23f870;2024-09-23T10:16:00Z;2759.2;2757.2;2759.2;2757.2;29;
de08affe-4fbd-454e-9fd1-46a81b23f870;2024-09-23T10:17:00Z;2757.4;2756.6;2757.4;2756.2;15;
de08affe-4fbd-454e-9fd1-46a81b23f870;2024-09-23T10:18:00Z;2756.6;2756.4;2758;2753.4;250;
de08affe-4fbd-454e-9fd1-46a81b23f870;2024-09-23T10:19:00Z;2755.6;2757.4;2757.4;2755.6;20;
de08affe-4fbd-454e-9fd1-46a81b23f870;2024-09-23T10:20:00Z;2759.2;2759.2;2759.2;2759.2;3;
de08affe-4fbd-454e-9fd1-46a81b23f870;2024-09-23T10:21:00Z;2759.6;2759.6;2759.6;2759.2;22;
de08affe-4fbd-454e-9fd1-46a81b23f870;2024-09-23T10:22:00Z;2759.6;2759.8;2760;2759.6;27;
de08affe-4fbd-454e-9fd1-46a81b23f870;2024-09-23T10:23:00Z;2759.8;2764;2766.2;2759.4;683;
de08affe-4fbd-454e-9fd1-46a81b23f870;2024-09-23T10:24:00Z;2766.8;2769.2;2769.2;2766.8;81;
de08affe-4fbd-454e-9fd1-46a81b23f870;2024-09-23T10:25:00Z;2767.6;2767.6;2767.6;2767.6;3;
de08affe-4fbd-454e-9fd1-46a81b23f870;2024-09-23T10:26:00Z;2767.4;2764;2767.4;2763;19;
de08affe-4fbd-454e-9fd1-46a81b23f870;2024-09-23T10:27:00Z;2764;2764.6;2764.6;2763;61;
de08affe-4fbd-454e-9fd1-46a81b23f870;2024-09-23T10:28:00Z;2764.6;2763.4;2764.6;2763.4;6;
de08affe-4fbd-454e-9fd1-46a81b23f870;2024-09-23T10:29:00Z;2763.4;2763.4;2763.4;2763.4;7;
de08affe-4fbd-454e-9fd1-46a81b23f870;2024-09-23T10:30:00Z;2764.4;2765.4;2765.4;2763.4;39;
de08affe-4fbd-454e-9fd1-46a81b23f870;2024-09-23T10:31:00Z;2765.8;2765.8;2765.8;2765.8;2;
de08affe-4fbd-454e-9fd1-46a81b23f870;2024-09-23T10:32:00Z;2765.8;2767;2768;2765.8;522;
de08affe-4fbd-454e-9fd1-46a81b23f870;2024-09-23T10:33:00Z;2767;2765.8;2767;2765.8;8;
de08affe-4fbd-454e-9fd1-46a81b23f870;2024-09-23T10:34:00Z;2767;2767;2767;2767;11;
de08affe-4fbd-454e-9fd1-46a81b23f870;2024-09-23T10:35:00Z;2767;2766.8;2767;2766.8;15;
de08affe-4fbd-454e-9fd1-46a81b23f870;2024-09-23T10:36:00Z;2766;2765;2766;2763;216;
de08affe-4fbd-454e-9fd1-46a81b23f870;2024-09-23T10:37:00Z;2765;2765.6;2766.4;2765;3;
de08affe-4fbd-454e-9fd1-46a81b23f870;2024-09-23T10:38:00Z;2765.6;2765.6;2765.6;2765.6;8;
de08affe-4fbd-454e-9fd1-46a81b23f870;2024-09-23T10:39:00Z;2765.2;2765.2;2765.6;2764;21;
de08affe-4fbd-454e-9fd1-46a81b23f870;2024-09-23T10:40:00Z;2765.4;2765.2;2765.4;2763.4;11;
de08affe-4fbd-454e-9fd1-46a81b23f870;2024-09-23T10:41:00Z;2765.2;2765.4;2765.4;2763.4;39;
de08affe-4fbd-454e-9fd1-46a81b23f870;2024-09-23T10:42:00Z;2765.6;2766.2;2768;2765.2;1308;
de08affe-4fbd-454e-9fd1-46a81b23f870;2024-09-23T10:43:00Z;2765.4;2765.4;2765.4;2765.4;3;
de08affe-4fbd-454e-9fd1-46a81b23f870;2024-09-23T10:44:00Z;2765.4;2775.4;2775.6;2765.2;2048;
de08affe-4fbd-454e-9fd1-46a81b23f870;2024-09-23T10:45:00Z;2775.2;2794;2799;2775;15890;
de08affe-4fbd-454e-9fd1-46a81b23f870;2024-09-23T10:46:00Z;2794;2788;2794.8;2787.2;755;
de08affe-4fbd-454e-9fd1-46a81b23f870;2024-09-23T10:47:00Z;2789;2785;2789.2;2784.6;1189;
de08affe-4fbd-454e-9fd1-46a81b23f870;2024-09-23T10:48:00Z;2785;2782;2785;2781.6;756;
de08affe-4fbd-454e-9fd1-46a81b23f870;2024-09-23T10:49:00Z;2782.8;2782.6;2782.8;2780.2;217;
de08affe-4fbd-454e-9fd1-46a81b23f870;2024-09-23T10:50:00Z;2782.6;2782;2782.8;2781.6;347;
de08affe-4fbd-454e-9fd1-46a81b23f870;2024-09-23T10:51:00Z;2781.8;2782;2782.8;2781.8;53;
de08affe-4fbd-454e-9fd1-46a81b23f870;2024-09-23T10:52:00Z;2782;2781.8;2782;2780.2;237;
de08affe-4fbd-454e-9fd1-46a81b23f870;2024-09-23T10:53:00Z;2780.4;2779.4;2780.4;2778;160;
de08affe-4fbd-454e-9fd1-46a81b23f870;2024-09-23T10:54:00Z;2777.8;2782.2;2782.4;2777.8;510;
de08affe-4fbd-454e-9fd1-46a81b23f870;2024-09-23T10:55:00Z;2780;2777.6;2780;2777.6;96;
de08affe-4fbd-454e-9fd1-46a81b23f870;2024-09-23T10:56:00Z;2779.8;2780;2780;2778.6;10;
de08affe-4fbd-454e-9fd1-46a81b23f870;2024-09-23T10:57:00Z;2780;2777.8;2780;2777.4;41;
de08affe-4fbd-454e-9fd1-46a81b23f870;2024-09-23T10:58:00Z;2777.8;2778;2778;2777.8;12;
de08affe-4fbd-454e-9fd1-46a81b23f870;2024-09-23T10:59:00Z;2777.4;2777.2;2778;2777.2;29;
de08affe-4fbd-454e-9fd1-46a81b23f870;2024-09-23T11:00:00Z;2777.2;2779.8;2779.8;2774;873;
de08affe-4fbd-454e-9fd1-46a81b23f870;2024-09-23T11:01:00Z;2779.8;2775.2;2779.8;2775.2;62;
de08affe-4fbd-454e-9fd1-46a81b23f870;2024-09-23T11:02:00Z;2776.2;2774.4;2776.2;2774.4;33;
de08affe-4fbd-454e-9fd1-46a81b23f870;2024-09-23T11:03:00Z;2775.6;2777.6;2777.6;2775.6;8;
de08affe-4fbd-454e-9fd1-46a81b23f870;2024-09-23T11:05:00Z;2777.2;2776.2;2777.2;2776.2;125;
de08affe-4fbd-454e-9fd1-46a81b23f870;2024-09-23T11:06:00Z;2776.2;2777;2777;2776.2;105;
de08affe-4fbd-454e-9fd1-46a81b23f870;2024-09-23T11:07:00Z;2776.2;2774.2;2776.2;2774.2;21;
de08affe-4fbd-454e-9fd1-46a81b23f870;2024-09-23T11:08:00Z;2773.4;2774.4;2774.4;2773.4;7;
de08affe-4fbd-454e-9fd1-46a81b23f870;2024-09-23T11:09:00Z;2774.4;2774;2774.4;2774;68;
de08affe-4fbd-454e-9fd1-46a81b23f870;2024-09-23T11:10:00Z;2774;2775.8;2775.8;2774;36;
de08affe-4fbd-454e-9fd1-46a81b23f870;2024-09-23T11:12:00Z;2775.4;2776;2776;2775.4;7;
de08affe-4fbd-454e-9fd1-46a81b23f870;2024-09-23T11:13:00Z;2776.8;2776.8;2777;2776.2;7;
de08affe-4fbd-454e-9fd1-46a81b23f870;2024-09-23T11:14:00Z;2775.6;2776.8;2776.8;2775.4;54;
de08affe-4fbd-454e-9fd1-46a81b23f870;2024-09-23T11:15:00Z;2776.8;2775.6;2777;2775.6;130;
de08affe-4fbd-454e-9fd1-46a81b23f870;2024-09-23T11:16:00Z;2775.6;2775.4;2775.6;2775.4;9;
de08affe-4fbd-454e-9fd1-46a81b23f870;2024-09-23T11:17:00Z;2775.4;2774;2776.4;2774;415;
de08affe-4fbd-454e-9fd1-46a81b23f870;2024-09-23T11:18:00Z;2774;2772;2774;2772;85;
de08affe-4fbd-454e-9fd1-46a81b23f870;2024-09-23T11:19:00Z;2772;2770.6;2772;2770.2;50;
de08affe-4fbd-454e-9fd1-46a81b23f870;2024-09-23T11:20:00Z;2770.6;2770.4;2772;2770.2;11;
de08affe-4fbd-454e-9fd1-46a81b23f870;2024-09-23T11:21:00Z;2770.4;2772.4;2772.4;2770.4;18;
de08affe-4fbd-454e-9fd1-46a81b23f870;2024-09-23T11:22:00Z;2771.6;2771.4;2772.4;2771.4;10;
de08affe-4fbd-454e-9fd1-46a81b23f870;2024-09-23T11:23:00Z;2771.4;2770.4;2771.8;2770.4;33;
de08affe-4fbd-454e-9fd1-46a81b23f870;2024-09-23T11:24:00Z;2771.2;2770;2771.6;2770;93;
de08affe-4fbd-454e-9fd1-46a81b23f870;2024-09-23T11:25:00Z;2770.4;2770;2770.4;2770;110;
de08affe-4fbd-454e-9fd1-46a81b23f870;2024-09-23T11:26:00Z;2770;2770;2771.8;2770;10;
de08affe-4fbd-454e-9fd1-46a81b23f870;2024-09-23T11:27:00Z;2770;2769.2;2770;2769.2;66;
de08affe-4fbd-454e-9fd1-46a81b23f870;2024-09-23T11:28:00Z;2769.2;2769.2;2769.2;2769.2;11;
de08affe-4fbd-454e-9fd1-46a81b23f870;2024-09-23T11:29:00Z;2769.2;2768.2;2769.6;2767.2;117;
de08affe-4fbd-454e-9fd1-46a81b23f870;2024-09-23T11:30:00Z;2768;2768.6;2769.8;2768;56;
de08affe-4fbd-454e-9fd1-46a81b23f870;2024-09-23T11:31:00Z;2768.8;2769.2;2770;2768.8;46;
de08affe-4fbd-454e-9fd1-46a81b23f870;2024-09-23T11:32:00Z;2769;2769.2;2770;2768.8;21;
de08affe-4fbd-454e-9fd1-46a81b23f870;2024-09-23T11:33:00Z;2769.2;2769.4;2769.8;2769.2;10;
de08affe-4fbd-454e-9fd1-46a81b23f870;2024-09-23T11:34:00Z;2769.8;2769.2;2770;2769.2;27;
de08affe-4fbd-454e-9fd1-46a81b23f870;2024-09-23T11:35:00Z;2769.2;2769;2769.2;2769;17;
de08affe-4fbd-454e-9fd1-46a81b23f870;2024-09-23T11:36:00Z;2769;2768;2769.2;2768;71;
de08affe-4fbd-454e-9fd1-46a81b23f870;2024-09-23T11:37:00Z;2768.4;2770.4;2772.8;2768.4;1619;
de08affe-4fbd-454e-9fd1-46a81b23f870;2024-09-23T11:38:00Z;2769.4;2770.6;2771.8;2768.6;10;
de08affe-4fbd-454e-9fd1-46a81b23f870;2024-09-23T11:39:00Z;2770.6;2770;2771.2;2770;11;
de08affe-4fbd-454e-9fd1-46a81b23f870;2024-09-23T11:40:00Z;2772;2768.6;2772.2;2768.6;17;
de08affe-4fbd-454e-9fd1-46a81b23f870;2024-09-23T11:41:00Z;2768.8;2769;2771.6;2768.8;74;
de08affe-4fbd-454e-9fd1-46a81b23f870;2024-09-23T11:42:00Z;2769;2769.2;2770;2769;35;
de08affe-4fbd-454e-9fd1-46a81b23f870;2024-09-23T11:43:00Z;2769.2;2769.2;2770;2769;46;
de08affe-4fbd-454e-9fd1-46a81b23f870;2024-09-23T11:44:00Z;2769.2;2770;2770;2768.6;187;
de08affe-4fbd-454e-9fd1-46a81b23f870;2024-09-23T11:45:00Z;2769;2768.2;2769;2768.2;81;
de08affe-4fbd-454e-9fd1-46a81b23f870;2024-09-23T11:46:00Z;2768.2;2768.8;2768.8;2768.2;42;
de08affe-4fbd-454e-9fd1-46a81b23f870;2024-09-23T11:47:00Z;2769;2769.2;2769.2;2768.6;86;
de08affe-4fbd-454e-9fd1-46a81b23f870;2024-09-23T11:48:00Z;2769.2;2769.4;2770;2769.2;30;
de08affe-4fbd-454e-9fd1-46a81b23f870;2024-09-23T11:49:00Z;2769.2;2769.8;2769.8;2769.2;41;
de08affe-4fbd-454e-9fd1-46a81b23f870;2024-09-23T11:50:00Z;2769.4;2769.6;2770;2769.2;84;
de08affe-4fbd-454e-9fd1-46a81b23f870;2024-09-23T11:51:00Z;2769.2;2769.8;2770;2769.2;36;
de08affe-4fbd-454e-9fd1-46a81b23f870;2024-09-23T11:52:00Z;2769.8;2769.8;2770;2769.6;87;
de08affe-4fbd-454e-9fd1-46a81b23f870;2024-09-23T11:53:00Z;2769.8;2770;2770;2769.6;33;
de08affe-4fbd-454e-9fd1-46a81b23f870;2024-09-23T11:54:00Z;2769.8;2769.8;2770;2769.8;12;
de08affe-4fbd-454e-9fd1-46a81b23f870;2024-09-23T11:55:00Z;2769.8;2769.8;2770;2769.6;88;
de08affe-4fbd-454e-9fd1-46a81b23f870;2024-09-23T11:56:00Z;2770;2770;2770;2769.8;546;
de08affe-4fbd-454e-9fd1-46a81b23f870;2024-09-23T11:57:00Z;2770;2771;2771;2770;244;
de08affe-4fbd-454e-9fd1-46a81b23f870;2024-09-23T11:58:00Z;2771;2770.8;2771;2770.8;57;
de08affe-4fbd-454e-9fd1-46a81b23f870;2024-09-23T11:59:00Z;2771;2770.8;2771;2770.8;197;
de08affe-4fbd-454e-9fd1-46a81b23f870;2024-09-23T12:00:00Z;2770.8;2770.4;2771;2770.4;103;
de08affe-4fbd-454e-9fd1-46a81b23f870;2024-09-23T12:01:00Z;2770.4;2770.8;2771;2770.4;65;
de08affe-4fbd-454e-9fd1-46a81b23f870;2024-09-23T12:02:00Z;2771;2770.8;2771;2770.8;194;
de08affe-4fbd-454e-9fd1-46a81b23f870;2024-09-23T12:03:00Z;2770.6;2771;2771;2770.2;1145;
de08affe-4fbd-454e-9fd1-46a81b23f870;2024-09-23T12:04:00Z;2770.6;2770.4;2771;2770.4;41;
de08affe-4fbd-454e-9fd1-46a81b23f870;2024-09-23T12:05:00Z;2770.4;2770.4;2770.6;2770.4;17;
de08affe-4fbd-454e-9fd1-46a81b23f870;2024-09-23T12:06:00Z;2770.4;2771;2771;2770.4;111;
de08affe-4fbd-454e-9fd1-46a81b23f870;2024-09-23T12:07:00Z;2770.8;2770.8;2771.2;2770.8;127;
de08affe-4fbd-454e-9fd1-46a81b23f870;2024-09-23T12:08:00Z;2770.8;2771;2771.4;2770.8;9;
de08affe-4fbd-454e-9fd1-46a81b23f870;2024-09-23T12:09:00Z;2771;2772.2;2773.6;2771;40;
de08affe-4fbd-454e-9fd1-46a81b23f870;2024-09-23T12:10:00Z;2772;2771;2772.4;2770.8;453;
de08affe-4fbd-454e-9fd1-46a81b23f870;2024-09-23T12:11:00Z;2770.8;2770.8;2771;2770.8;62;
de08affe-4fbd-454e-9fd1-46a81b23f870;2024-09-23T12:12:00Z;2770.8;2770.6;2771;2770.6;35;
de08affe-4fbd-454e-9fd1-46a81b23f870;2024-09-23T12:13:00Z;2770.6;2770.6;2771;2770.6;24;
de08affe-4fbd-454e-9fd1-46a81b23f870;2024-09-23T12:14:00Z;2771;2770.8;2771;2770.6;17;
de08affe-4fbd-454e-9fd1-46a81b23f870;2024-09-23T12:15:00Z;2770.8;2770.6;2771;2770.6;25;
de08affe-4fbd-454e-9fd1-46a81b23f870;2024-09-23T12:16:00Z;2770.6;2770.6;2770.6;2770.4;17;
de08affe-4fbd-454e-9fd1-46a81b23f870;2024-09-23T12:17:00Z;2770.4;2770.8;2771;2770.4;65;
de08affe-4fbd-454e-9fd1-46a81b23f870;2024-09-23T12:18:00Z;2770.8;2770.8;2771;2770.8;14;
de08affe-4fbd-454e-9fd1-46a81b23f870;2024-09-23T12:19:00Z;2770.8;2770.8;2771;2770.8;31;
de08affe-4fbd-454e-9fd1-46a81b23f870;2024-09-23T12:20:00Z;2770.8;2770.8;2771;2770.8;55;
de08affe-4fbd-454e-9fd1-46a81b23f870;2024-09-23T12:21:00Z;2770.8;2770.4;2771;2770.2;162;
de08affe-4fbd-454e-9fd1-46a81b23f870;2024-09-23T12:22:00Z;2770.4;2770.6;2771;2770.2;109;
de08affe-4fbd-454e-9fd1-46a81b23f870;2024-09-23T12:23:00Z;2770.6;2771;2771;2770;309;
de08affe-4fbd-454e-9fd1-46a81b23f870;2024-09-23T12:24:00Z;2771;2771.2;2772;2770.6;62;
de08affe-4fbd-454e-9fd1-46a81b23f870;2024-09-23T12:25:00Z;2771.6;2771.2;2772;2771.2;10;
de08affe-4fbd-454e-9fd1-46a81b23f870;2024-09-23T12:26:00Z;2771.2;2771.4;2771.8;2771;42;
de08affe-4fbd-454e-9fd1-46a81b23f870;2024-09-23T12:27:00Z;2771.2;2771;2771.8;2771;164;
de08affe-4fbd-454e-9fd1-46a81b23f870;2024-09-23T12:28:00Z;2771;2770.4;2771.2;2770.4;123;
de08affe-4fbd-454e-9fd1-46a81b23f870;2024-09-23T12:29:00Z;2770.4;2768.2;2770.4;2768.2;412;
de08affe-4fbd-454e-9fd1-46a81b23f870;2024-09-23T12:30:00Z;2768.2;2767.4;2768.8;2767.4;10;
de08affe-4fbd-454e-9fd1-46a81b23f870;2024-09-23T12:31:00Z;2767.4;2768;2768;2767.4;9;
de08affe-4fbd-454e-9fd1-46a81b23f870;2024-09-23T12:32:00Z;2768;2768.6;2769;2768;23;
de08affe-4fbd-454e-9fd1-46a81b23f870;2024-09-23T12:33:00Z;2768;2767.2;2768;2767.2;46;
de08affe-4fbd-454e-9fd1-46a81b23f870;2024-09-23T12:34:00Z;2767.2;2768.4;2768.4;2767.2;27;
de08affe-4fbd-454e-9fd1-46a81b23f870;2024-09-23T12:35:00Z;2768.4;2768.4;2768.6;2768.2;10;
de08affe-4fbd-454e-9fd1-46a81b23f870;2024-09-23T12:36:00Z;2768.4;2768.4;2769;2768.4;26;
de08affe-4fbd-454e-9fd1-46a81b23f870;2024-09-23T12:37:00Z;2768.6;2767.4;2772.2;2767.4;190;
de08affe-4fbd-454e-9fd1-46a81b23f870;2024-09-23T12:38:00Z;2767.4;2767.6;2769;2767.4;21;
de08affe-4fbd-454e-9fd1-46a81b23f870;2024-09-23T12:39:00Z;2768.6;2769;2769;2768;15;
de08affe-4fbd-454e-9fd1-46a81b23f870;2024-09-23T12:40:00Z;2769;2770;2770.2;2769;37;
de08affe-4fbd-454e-9fd1-46a81b23f870;2024-09-23T12:41:00Z;2769.6;2770;2770.2;2769.6;40;
de08affe-4fbd-454e-9fd1-46a81b23f870;2024-09-23T12:42:00Z;2770;2770;2770.2;2770;22;
de08affe-4fbd-454e-9fd1-46a81b23f870;2024-09-23T12:43:00Z;2770;2770.8;2770.8;2770;98;
de08affe-4fbd-454e-9fd1-46a81b23f870;2024-09-23T12:44:00Z;2771.8;2771;2771.8;2771;14;
de08affe-4fbd-454e-9fd1-46a81b23f870;2024-09-23T12:45:00Z;2771;2771;2771.2;2771;31;
de08affe-4fbd-454e-9fd1-46a81b23f870;2024-09-23T12:46:00Z;2771;2774;2774.8;2771;140;
de08affe-4fbd-454e-9fd1-46a81b23f870;2024-09-23T12:47:00Z;2774.8;2773.2;2774.8;2771.8;168;
de08affe-4fbd-454e-9fd1-46a81b23f870;2024-09-23T12:48:00Z;2771.6;2773.8;2773.8;2771.2;35;
de08affe-4fbd-454e-9fd1-46a81b23f870;2024-09-23T12:49:00Z;2773.8;2773.8;2774.6;2773.8;62;
de08affe-4fbd-454e-9fd1-46a81b23f870;2024-09-23T12:50:00Z;2773.8;2773.8;2774.6;2773.8;78;
de08affe-4fbd-454e-9fd1-46a81b23f870;2024-09-23T12:51:00Z;2773.2;2773;2774.2;2772.8;32;
de08affe-4fbd-454e-9fd1-46a81b23f870;2024-09-23T12:52:00Z;2773;2775;2775;2773;285;
de08affe-4fbd-454e-9fd1-46a81b23f870;2024-09-23T12:53:00Z;2774.2;2773.6;2774.6;2773.6;8;
de08affe-4fbd-454e-9fd1-46a81b23f870;2024-09-23T12:54:00Z;2773.8;2773.8;2775;2773.8;48;
de08affe-4fbd-454e-9fd1-46a81b23f870;2024-09-23T12:55:00Z;2773.6;2774.4;2775;2773.6;518;
de08affe-4fbd-454e-9fd1-46a81b23f870;2024-09-23T12:56:00Z;2774.4;2774;2774.8;2774;34;
de08affe-4fbd-454e-9fd1-46a81b23f870;2024-09-23T12:57:00Z;2773.8;2774.2;2774.2;2773.2;19;
de08affe-4fbd-454e-9fd1-46a81b23f870;2024-09-23T12:58:00Z;2773.2;2773;2773.2;2772.8;9;
de08affe-4fbd-454e-9fd1-46a81b23f870;2024-09-23T12:59:00Z;2772.8;2773;2773.8;2772.8;15;
de08affe-4fbd-454e-9fd1-46a81b23f870;2024-09-23T13:00:00Z;2772.8;2772.4;2773.6;2771.8;46;
de08affe-4fbd-454e-9fd1-46a81b23f870;2024-09-23T13:01:00Z;2772.4;2772;2772.4;2772;16;
de08affe-4fbd-454e-9fd1-46a81b23f870;2024-09-23T13:02:00Z;2772.6;2772;2773;2772;36;
de08affe-4fbd-454e-9fd1-46a81b23f870;2024-09-23T13:03:00Z;2772;2772.6;2773.4;2772;17;
de08affe-4fbd-454e-9fd1-46a81b23f870;2024-09-23T13:04:00Z;2772.6;2772.2;2773.6;2772;42;
de08affe-4fbd-454e-9fd1-46a81b23f870;2024-09-23T13:05:00Z;2772.4;2773.2;2774.8;2772.2;84;
de08affe-4fbd-454e-9fd1-46a81b23f870;2024-09-23T13:06:00Z;2773.2;2772;2773.6;2772;100;
de08affe-4fbd-454e-9fd1-46a81b23f870;2024-09-23T13:07:00Z;2771.6;2770.6;2771.6;2770.4;134;
de08affe-4fbd-454e-9fd1-46a81b23f870;2024-09-23T13:08:00Z;2770.6;2773.6;2773.8;2770.6;53;
de08affe-4fbd-454e-9fd1-46a81b23f870;2024-09-23T13:09:00Z;2772.2;2770.4;2772.2;2770.4;9;
de08affe-4fbd-454e-9fd1-46a81b23f870;2024-09-23T13:10:00Z;2770.6;2771.8;2774.4;2770.4;114;
de08affe-4fbd-454e-9fd1-46a81b23f870;2024-09-23T13:11:00Z;2771.8;2770.8;2771.8;2770;73;
de08affe-4fbd-454e-9fd1-46a81b23f870;2024-09-23T13:12:00Z;2770.6;2771;2771.8;2770.6;39;
de08affe-4fbd-454e-9fd1-46a81b23f870;2024-09-23T13:13:00Z;2770.8;2770.8;2773.4;2770.6;52;
de08affe-4fbd-454e-9fd1-46a81b23f870;2024-09-23T13:14:00Z;2770.8;2772.8;2772.8;2770.8;12;
de08affe-4fbd-454e-9fd1-46a81b23f870;2024-09-23T13:15:00Z;2772.8;2774.8;2775;2772.8;365;
de08affe-4fbd-454e-9fd1-46a81b23f870;2024-09-23T13:16:00Z;2774.4;2774.6;2775;2774.4;48;
de08affe-4fbd-454e-9fd1-46a81b23f870;2024-09-23T13:17:00Z;2774.6;2774.6;2774.8;2774.6;85;
de08affe-4fbd-454e-9fd1-46a81b23f870;2024-09-23T13:18:00Z;2774.6;2774.4;2774.8;2774.4;84;
de08affe-4fbd-454e-9fd1-46a81b23f870;2024-09-23T13:19:00Z;2774.6;2774.4;2774.6;2774.4;18;
de08affe-4fbd-454e-9fd1-46a81b23f870;2024-09-23T13:20:00Z;2774.4;2774.6;2775;2774.4;352;
de08affe-4fbd-454e-9fd1-46a81b23f870;2024-09-23T13:21:00Z;2774.6;2775;2775;2774.6;192;
de08affe-4fbd-454e-9fd1-46a81b23f870;2024-09-23T13:22:00Z;2774.6;2774.6;2775;2774.6;19;
de08affe-4fbd-454e-9fd1-46a81b23f870;2024-09-23T13:23:00Z;2774.6;2774.6;2774.8;2774.6;23;
de08affe-4fbd-454e-9fd1-46a81b23f870;2024-09-23T13:24:00Z;2774.8;2774;2774.8;2774;133;
de08affe-4fbd-454e-9fd1-46a81b23f870;2024-09-23T13:25:00Z;2774;2773.2;2774;2773.2;124;
de08affe-4fbd-454e-9fd1-46a81b23f870;2024-09-23T13:26:00Z;2773.2;2774.8;2775;2773.2;148;
de08affe-4fbd-454e-9fd1-46a81b23f870;2024-09-23T13:27:00Z;2774.8;2771.6;2775;2770.8;201;
de08affe-4fbd-454e-9fd1-46a81b23f870;2024-09-23T13:28:00Z;2770.8;2771.4;2771.4;2770.8;11;
de08affe-4fbd-454e-9fd1-46a81b23f870;2024-09-23T13:29:00Z;2771.4;2774.6;2774.6;2770.4;1772;
de08affe-4fbd-454e-9fd1-46a81b23f870;2024-09-23T13:30:00Z;2774.6;2773.2;2775;2773;822;
de08affe-4fbd-454e-9fd1-46a81b23f870;2024-09-23T13:31:00Z;2773.4;2773.2;2773.4;2773.2;200;
de08affe-4fbd-454e-9fd1-46a81b23f870;2024-09-23T13:32:00Z;2773.4;2773.2;2773.4;2773.2;69;
de08affe-4fbd-454e-9fd1-46a81b23f870;2024-09-23T13:33:00Z;2773.2;2773;2773.4;2773;41;
de08affe-4fbd-454e-9fd1-46a81b23f870;2024-09-23T13:34:00Z;2773;2773.8;2775;2773;126;
de08affe-4fbd-454e-9fd1-46a81b23f870;2024-09-23T13:35:00Z;2774;2773.8;2774;2773.8;22;
de08affe-4fbd-454e-9fd1-46a81b23f870;2024-09-23T13:36:00Z;2773.8;2773.8;2774.4;2773.8;17;
de08affe-4fbd-454e-9fd1-46a81b23f870;2024-09-23T13:37:00Z;2773.8;2774.2;2774.4;2773.8;10;
de08affe-4fbd-454e-9fd1-46a81b23f870;2024-09-23T13:38:00Z;2774.2;2774.4;2774.4;2774;36;
de08affe-4fbd-454e-9fd1-46a81b23f870;2024-09-23T13:39:00Z;2774;2774.8;2774.8;2774;83;
de08affe-4fbd-454e-9fd1-46a81b23f870;2024-09-23T13:40:00Z;2774.6;2774.8;2775;2773.8;676;
de08affe-4fbd-454e-9fd1-46a81b23f870;2024-09-23T13:41:00Z;2774;2775;2775;2773.8;7605;
de08affe-4fbd-454e-9fd1-46a81b23f870;2024-09-23T13:42:00Z;2775;2785.6;2790;2775;2066;
de08affe-4fbd-454e-9fd1-46a81b23f870;2024-09-23T13:43:00Z;2785.2;2789;2789.6;2785;122;
de08affe-4fbd-454e-9fd1-46a81b23f870;2024-09-23T13:44:00Z;2789.2;2789.4;2790;2789;417;
de08affe-4fbd-454e-9fd1-46a81b23f870;2024-09-23T13:45:00Z;2789.2;2789;2790;2789;446;
de08affe-4fbd-454e-9fd1-46a81b23f870;2024-09-23T13:46:00Z;2789;2787.6;2789.4;2787.4;164;
de08affe-4fbd-454e-9fd1-46a81b23f870;2024-09-23T13:47:00Z;2787.6;2787.6;2789;2787.4;262;
de08affe-4fbd-454e-9fd1-46a81b23f870;2024-09-23T13:48:00Z;2787.6;2789;2789;2787.6;365;
de08affe-4fbd-454e-9fd1-46a81b23f870;2024-09-23T13:49:00Z;2787.8;2784.6;2788.8;2784.6;338;
de08affe-4fbd-454e-9fd1-46a81b23f870;2024-09-23T13:50:00Z;2784.8;2785.2;2786.6;2784.6;13;
de08affe-4fbd-454e-9fd1-46a81b23f870;2024-09-23T13:51:00Z;2785.2;2786;2787;2785.2;12;
de08affe-4fbd-454e-9fd1-46a81b23f870;2024-09-23T13:52:00Z;2785.8;2785.6;2787.2;2785;31;
de08affe-4fbd-454e-9fd1-46a81b23f870;2024-09-23T13:53:00Z;2785.6;2787.2;2789.6;2785.6;393;
de08affe-4fbd-454e-9fd1-46a81b23f870;2024-09-23T13:54:00Z;2787.2;2788;2788.6;2786.8;14;
de08affe-4fbd-454e-9fd1-46a81b23f870;2024-09-23T13:55:00Z;2788;2789.4;2789.4;2787.4;128;
de08affe-4fbd-454e-9fd1-46a81b23f870;2024-09-23T13:56:00Z;2789.4;2789.4;2789.6;2787.4;122;
de08affe-4fbd-454e-9fd1-46a81b23f870;2024-09-23T13:57:00Z;2788;2789.4;2789.4;2788;17;
de08affe-4fbd-454e-9fd1-46a81b23f870;2024-09-23T13:58:00Z;2788.6;2788.4;2788.8;2788.2;53;
de08affe-4fbd-454e-9fd1-46a81b23f870;2024-09-23T13:59:00Z;2788.4;2789.2;2789.2;2787;273;
de08affe-4fbd-454e-9fd1-46a81b23f870;2024-09-23T14:00:00Z;2787.6;2787;2787.6;2787;28;
de08affe-4fbd-454e-9fd1-46a81b23f870;2024-09-23T14:01:00Z;2787;2787.4;2787.4;2787;140;
de08affe-4fbd-454e-9fd1-46a81b23f870;2024-09-23T14:02:00Z;2787.6;2787.2;2787.8;2787.2;21;
de08affe-4fbd-454e-9fd1-46a81b23f870;2024-09-23T14:03:00Z;2787.2;2784.8;2787.2;2784.8;353;
de08affe-4fbd-454e-9fd1-46a81b23f870;2024-09-23T14:04:00Z;2784.8;2784.6;2784.8;2784.6;42;
de08affe-4fbd-454e-9fd1-46a81b23f870;2024-09-23T14:05:00Z;2784.6;2781.2;2785;2781;212;
de08affe-4fbd-454e-9fd1-46a81b23f870;2024-09-23T14:06:00Z;2781;2785;2785;2781;177;
de08affe-4fbd-454e-9fd1-46a81b23f870;2024-09-23T14:07:00Z;2785;2784.8;2785;2784.2;87;
de08affe-4fbd-454e-9fd1-46a81b23f870;2024-09-23T14:08:00Z;2785;2784.8;2785;2784.6;76;
de08affe-4fbd-454e-9fd1-46a81b23f870;2024-09-23T14:09:00Z;2784.8;2784.4;2785;2784.4;37;
de08affe-4fbd-454e-9fd1-46a81b23f870;2024-09-23T14:10:00Z;2784.4;2784.2;2785;2784.2;221;
de08affe-4fbd-454e-9fd1-46a81b23f870;2024-09-23T14:11:00Z;2784.2;2784.2;2785;2782.2;119;
de08affe-4fbd-454e-9fd1-46a81b23f870;2024-09-23T14:12:00Z;2783.2;2783.8;2784;2783.2;21;
de08affe-4fbd-454e-9fd1-46a81b23f870;2024-09-23T14:13:00Z;2783.6;2783.2;2784.2;2783.2;52;
de08affe-4fbd-454e-9fd1-46a81b23f870;2024-09-23T14:14:00Z;2783.2;2783.2;2783.8;2783.2;74;
de08affe-4fbd-454e-9fd1-46a81b23f870;2024-09-23T14:15:00Z;2783.2;2783.2;2783.4;2783.2;18;
de08affe-4fbd-454e-9fd1-46a81b23f870;2024-09-23T14:16:00Z;2783.4;2783.2;2783.4;2783.2;626;
de08affe-4fbd-454e-9fd1-46a81b23f870;2024-09-23T14:17:00Z;2783.2;2784.2;2784.2;2783.2;1350;
de08affe-4fbd-454e-9fd1-46a81b23f870;2024-09-23T14:18:00Z;2784.2;2784.8;2785;2784.2;453;
de08affe-4fbd-454e-9fd1-46a81b23f870;2024-09-23T14:19:00Z;2784.8;2786.4;2787;2784.8;355;
de08affe-4fbd-454e-9fd1-46a81b23f870;2024-09-23T14:20:00Z;2786.4;2787.4;2788.8;2786.4;333;
de08affe-4fbd-454e-9fd1-46a81b23f870;2024-09-23T14:21:00Z;2787.4;2787.8;2789;2787.2;57;
de08affe-4fbd-454e-9fd1-46a81b23f870;2024-09-23T14:22:00Z;2787.2;2787.4;2789;2787.2;168;
de08affe-4fbd-454e-9fd1-46a81b23f870;2024-09-23T14:23:00Z;2787.2;2783.6;2787.2;2783.4;572;
de08affe-4fbd-454e-9fd1-46a81b23f870;2024-09-23T14:24:00Z;2783.4;2783.4;2783.6;2783.2;26;
de08affe-4fbd-454e-9fd1-46a81b23f870;2024-09-23T14:25:00Z;2783.4;2783.4;2783.6;2783.4;14;
de08affe-4fbd-454e-9fd1-46a81b23f870;2024-09-23T14:26:00Z;2783.4;2783.2;2783.6;2783.2;56;
de08affe-4fbd-454e-9fd1-46a81b23f870;2024-09-23T14:27:00Z;2783.4;2783.2;2783.4;2783.2;50;
de08affe-4fbd-454e-9fd1-46a81b23f870;2024-09-23T14:28:00Z;2783.2;2783.2;2783.6;2783.2;39;
de08affe-4fbd-454e-9fd1-46a81b23f870;2024-09-23T14:29:00Z;2783.6;2784.8;2785.8;2783.2;26;
de08affe-4fbd-454e-9fd1-46a81b23f870;2024-09-23T14:30:00Z;2784.8;2787;2787;2783.4;227;
de08affe-4fbd-454e-9fd1-46a81b23f870;2024-09-23T14:31:00Z;2784.2;2782.6;2785.4;2782.4;786;
de08affe-4fbd-454e-9fd1-46a81b23f870;2024-09-23T14:32:00Z;2782.6;2782.8;2783;2782.6;37;
de08affe-4fbd-454e-9fd1-46a81b23f870;2024-09-23T14:33:00Z;2782.8;2782.8;2783;2782.8;39;
de08affe-4fbd-454e-9fd1-46a81b23f870;2024-09-23T14:34:00Z;2783;2782.8;2783;2782.4;42;
de08affe-4fbd-454e-9fd1-46a81b23f870;2024-09-23T14:35:00Z;2782.6;2783;2783;2782;46;
de08affe-4fbd-454e-9fd1-46a81b23f870;2024-09-23T14:36:00Z;2782.4;2781.8;2782.8;2780.4;219;
de08affe-4fbd-454e-9fd1-46a81b23f870;2024-09-23T14:37:00Z;2783;2782;2783;2781.8;20;
de08affe-4fbd-454e-9fd1-46a81b23f870;2024-09-23T14:38:00Z;2782;2782;2782.8;2781.8;176;
de08affe-4fbd-454e-9fd1-46a81b23f870;2024-09-23T14:39:00Z;2782.8;2782.2;2783;2782;62;
de08affe-4fbd-454e-9fd1-46a81b23f870;2024-09-23T14:40:00Z;2782;2781.8;2783;2780.8;263;
de08affe-4fbd-454e-9fd1-46a81b23f870;2024-09-23T14:41:00Z;2782.8;2782.8;2783;2782.4;1082;
de08affe-4fbd-454e-9fd1-46a81b23f870;2024-09-23T14:42:00Z;2782.8;2783.6;2783.6;2782.8;143;
de08affe-4fbd-454e-9fd1-46a81b23f870;2024-09-23T14:43:00Z;2783.6;2783.2;2785;2783;30;
de08affe-4fbd-454e-9fd1-46a81b23f870;2024-09-23T14:44:00Z;2783.4;2783.6;2785;2782.8;50;
de08affe-4fbd-454e-9fd1-46a81b23f870;2024-09-23T14:45:00Z;2783.2;2781.2;2784;2781;286;
de08affe-4fbd-454e-9fd1-46a81b23f870;2024-09-23T14:46:00Z;2781;2781.6;2782.2;2781;13;
de08affe-4fbd-454e-9fd1-46a81b23f870;2024-09-23T14:47:00Z;2781.6;2781.6;2782;2781;34;
de08affe-4fbd-454e-9fd1-46a81b23f870;2024-09-23T14:48:00Z;2781.6;2782.2;2782.8;2781.6;11;
de08affe-4fbd-454e-9fd1-46a81b23f870;2024-09-23T14:49:00Z;2782.8;2782.4;2783;2781.4;60;
de08affe-4fbd-454e-9fd1-46a81b23f870;2024-09-23T14:50:00Z;2782.4;2784.8;2785;2782.2;29;
de08affe-4fbd-454e-9fd1-46a81b23f870;2024-09-23T14:51:00Z;2784.8;2783;2784.8;2782.2;59;
de08affe-4fbd-454e-9fd1-46a81b23f870;2024-09-23T14:52:00Z;2783;2781.2;2783.2;2781.2;620;
de08affe-4fbd-454e-9fd1-46a81b23f870;2024-09-23T14:53:00Z;2781.2;2781.2;2782.2;2780.8;203;
de08affe-4fbd-454e-9fd1-46a81b23f870;2024-09-23T14:54:00Z;2781.2;2781.2;2782.2;2781.2;17;
de08affe-4fbd-454e-9fd1-46a81b23f870;2024-09-23T14:55:00Z;2781;2781.4;2782.2;2781;11;
de08affe-4fbd-454e-9fd1-46a81b23f870;2024-09-23T14:56:00Z;2781.4;2781.2;2782.8;2781.2;10;
de08affe-4fbd-454e-9fd1-46a81b23f870;2024-09-23T14:57:00Z;2781.2;2781;2783;2781;195;
de08affe-4fbd-454e-9fd1-46a81b23f870;2024-09-23T14:58:00Z;2782;2781.4;2783;2781.2;54;
de08affe-4fbd-454e-9fd1-46a81b23f870;2024-09-23T14:59:00Z;2781.4;2783;2783.6;2781.4;148;
de08affe-4fbd-454e-9fd1-46a81b23f870;2024-09-23T15:00:00Z;2784.6;2783;2784.6;2783;259;
de08affe-4fbd-454e-9fd1-46a81b23f870;2024-09-23T15:01:00Z;2782.8;2782;2784.4;2782;373;
de08affe-4fbd-454e-9fd1-46a81b23f870;2024-09-23T15:02:00Z;2783.6;2783.6;2783.6;2783.6;15;
de08affe-4fbd-454e-9fd1-46a81b23f870;2024-09-23T15:03:00Z;2783.6;2783.8;2784.4;2783.6;47;
de08affe-4fbd-454e-9fd1-46a81b23f870;2024-09-23T15:04:00Z;2784.6;2784.6;2784.6;2783;63;
de08affe-4fbd-454e-9fd1-46a81b23f870;2024-09-23T15:05:00Z;2783.2;2784.2;2784.4;2782.8;14;
de08affe-4fbd-454e-9fd1-46a81b23f870;2024-09-23T15:06:00Z;2784.4;2784.4;2784.4;2784.4;21;
de08affe-4fbd-454e-9fd1-46a81b23f870;2024-09-23T15:07:00Z;2782.8;2783.6;2783.6;2782.8;39;
de08affe-4fbd-454e-9fd1-46a81b23f870;2024-09-23T15:08:00Z;2782.8;2782.8;2782.8;2782.8;30;
de08affe-4fbd-454e-9fd1-46a81b23f870;2024-09-23T15:09:00Z;2784;2783.4;2784.2;2783;106;
de08affe-4fbd-454e-9fd1-46a81b23f870;2024-09-23T15:10:00Z;2783.2;2783;2783.2;2783;9;
de08affe-4fbd-454e-9fd1-46a81b23f870;2024-09-23T15:11:00Z;2783;2782;2783;2782;452;
de08affe-4fbd-454e-9fd1-46a81b23f870;2024-09-23T15:12:00Z;2782;2782;2782;2782;60;
de08affe-4fbd-454e-9fd1-46a81b23f870;2024-09-23T15:13:00Z;2782;2782;2782.4;2782;16;
de08affe-4fbd-454e-9fd1-46a81b23f870;2024-09-23T15:14:00Z;2782.4;2782.4;2782.4;2782.4;5;
de08affe-4fbd-454e-9fd1-46a81b23f870;2024-09-23T15:15:00Z;2782.2;2782.4;2782.4;2782;1314;
de08affe-4fbd-454e-9fd1-46a81b23f870;2024-09-23T15:16:00Z;2782;2781.2;2782;2781.2;278;
de08affe-4fbd-454e-9fd1-46a81b23f870;2024-09-23T15:17:00Z;2781.2;2781.2;2781.2;2781;36;
de08affe-4fbd-454e-9fd1-46a81b23f870;2024-09-23T15:18:00Z;2781.2;2781;2781.2;2781;31;
de08affe-4fbd-454e-9fd1-46a81b23f870;2024-09-23T15:19:00Z;2781;2780.4;2781.2;2780.4;32;
de08affe-4fbd-454e-9fd1-46a81b23f870;2024-09-23T15:20:00Z;2780.4;2780.4;2780.4;2780.4;100;
de08affe-4fbd-454e-9fd1-46a81b23f870;2024-09-23T15:21:00Z;2780.4;2775.6;2780.4;2775.6;1104;
de08affe-4fbd-454e-9fd1-46a81b23f870;2024-09-23T15:22:00Z;2775.8;2775;2777;2773.4;280;
de08affe-4fbd-454e-9fd1-46a81b23f870;2024-09-23T15:23:00Z;2777.6;2777.4;2777.6;2776;4;
de08affe-4fbd-454e-9fd1-46a81b23f870;2024-09-23T15:24:00Z;2778;2778;2778;2778;9;
de08affe-4fbd-454e-9fd1-46a81b23f870;2024-09-23T15:25:00Z;2778.2;2778.2;2779;2776.6;136;
de08affe-4fbd-454e-9fd1-46a81b23f870;2024-09-23T15:26:00Z;2779;2780.6;2783;2779;638;
de08affe-4fbd-454e-9fd1-46a81b23f870;2024-09-23T15:27:00Z;2779.2;2777;2779.2;2777;257;
de08affe-4fbd-454e-9fd1-46a81b23f870;2024-09-23T15:28:00Z;2777;2776.6;2777;2776.6;14;
de08affe-4fbd-454e-9fd1-46a81b23f870;2024-09-23T15:30:00Z;2777;2777;2777;2777;30;
de08affe-4fbd-454e-9fd1-46a81b23f870;2024-09-23T15:31:00Z;2777;2779.6;2779.6;2777;28;
de08affe-4fbd-454e-9fd1-46a81b23f870;2024-09-23T15:32:00Z;2779.6;2779.6;2779.6;2779.6;1;
de08affe-4fbd-454e-9fd1-46a81b23f870;2024-09-23T15:33:00Z;2779;2777.8;2779;2777.8;17;
de08affe-4fbd-454e-9fd1-46a81b23f870;2024-09-23T15:34:00Z;2777.8;2780.2;2780.2;2777.8;130;
de08affe-4fbd-454e-9fd1-46a81b23f870;2024-09-23T15:35:00Z;2780;2777.2;2780;2775.4;466;
de08affe-4fbd-454e-9fd1-46a81b23f870;2024-09-23T15:36:00Z;2778.4;2778.4;2778.4;2778.4;1;
de08affe-4fbd-454e-9fd1-46a81b23f870;2024-09-23T15:37:00Z;2776.6;2775.8;2777;2775.8;35;
de08affe-4fbd-454e-9fd1-46a81b23f870;2024-09-23T15:38:00Z;2776.8;2776;2776.8;2775.4;180;
de08affe-4fbd-454e-9fd1-46a81b23f870;2024-09-23T15:39:00Z;2776.4;2777.2;2779;2776.4;33;
de08affe-4fbd-454e-9fd1-46a81b23f870;2024-09-23T15:45:00Z;2776.8;2776.8;2776.8;2776.8;56;
de08affe-4fbd-454e-9fd1-46a81b23f870;2024-09-23T15:46:00Z;2776.8;2776.8;2776.8;2776.8;1;
de08affe-4fbd-454e-9fd1-46a81b23f870;2024-09-23T15:48:00Z;2776.8;2776.8;2776.8;2776.8;1;
de08affe-4fbd-454e-9fd1-46a81b23f870;2024-09-23T15:49:00Z;2776.8;2776.8;2776.8;2776.8;4;
de08affe-4fbd-454e-9fd1-46a81b23f870;2024-09-23T16:04:00Z;2778;2778;2778;2778;57;
de08affe-4fbd-454e-9fd1-46a81b23f870;2024-09-23T16:05:00Z;2778;2779.8;2780;2778;87;
de08affe-4fbd-454e-9fd1-46a81b23f870;2024-09-23T16:06:00Z;2779.8;2780.4;2780.6;2779.8;63;
de08affe-4fbd-454e-9fd1-46a81b23f870;2024-09-23T16:08:00Z;2780.2;2783.8;2784.4;2780.2;172;
de08affe-4fbd-454e-9fd1-46a81b23f870;2024-09-23T16:09:00Z;2783.8;2783.8;2783.8;2783.8;3;
de08affe-4fbd-454e-9fd1-46a81b23f870;2024-09-23T16:10:00Z;2781.8;2782.8;2782.8;2781.8;3;
de08affe-4fbd-454e-9fd1-46a81b23f870;2024-09-23T16:11:00Z;2783.2;2779.6;2783.2;2778.2;339;
de08affe-4fbd-454e-9fd1-46a81b23f870;2024-09-23T16:12:00Z;2783;2783.2;2783.6;2783;44;
de08affe-4fbd-454e-9fd1-46a81b23f870;2024-09-23T16:13:00Z;2781.8;2781.8;2781.8;2781.8;40;
de08affe-4fbd-454e-9fd1-46a81b23f870;2024-09-23T16:14:00Z;2781.8;2781.8;2781.8;2781.2;57;
de08affe-4fbd-454e-9fd1-46a81b23f870;2024-09-23T16:15:00Z;2780.6;2779.6;2780.6;2779.6;25;
de08affe-4fbd-454e-9fd1-46a81b23f870;2024-09-23T16:16:00Z;2779.8;2779.6;2779.8;2779.6;30;
de08affe-4fbd-454e-9fd1-46a81b23f870;2024-09-23T16:17:00Z;2780.4;2778.4;2780.6;2778.2;55;
de08affe-4fbd-454e-9fd1-46a81b23f870;2024-09-23T16:18:00Z;2778.2;2776.2;2778.2;2775.6;311;
de08affe-4fbd-454e-9fd1-46a81b23f870;2024-09-23T16:19:00Z;2776.2;2776.2;2776.2;2776.2;3;
de08affe-4fbd-454e-9fd1-46a81b23f870;2024-09-23T16:20:00Z;2776.2;2775.6;2777.2;2775.6;140;
de08affe-4fbd-454e-9fd1-46a81b23f870;2024-09-23T16:21:00Z;2777.6;2778;2778;2777.6;6;
de08affe-4fbd-454e-9fd1-46a81b23f870;2024-09-23T16:23:00Z;2776.6;2777.8;2777.8;2776.4;5;
de08affe-4fbd-454e-9fd1-46a81b23f870;2024-09-23T16:24:00Z;2777.8;2777.8;2777.8;2777.8;6;
de08affe-4fbd-454e-9fd1-46a81b23f870;2024-09-23T16:25:00Z;2777.8;2777.8;2777.8;2777.8;18;
de08affe-4fbd-454e-9fd1-46a81b23f870;2024-09-23T16:26:00Z;2776.6;2776.2;2776.6;2776.2;16;
de08affe-4fbd-454e-9fd1-46a81b23f870;2024-09-23T16:27:00Z;2776.2;2775.6;2776.2;2775.6;32;
de08affe-4fbd-454e-9fd1-46a81b23f870;2024-09-23T16:28:00Z;2776;2776;2776;2776;5;
de08affe-4fbd-454e-9fd1-46a81b23f870;2024-09-23T16:29:00Z;2775.8;2775.4;2775.8;2775.4;296;
de08affe-4fbd-454e-9fd1-46a81b23f870;2024-09-23T16:30:00Z;2775.8;2776;2776;2775.6;40;
de08affe-4fbd-454e-9fd1-46a81b23f870;2024-09-23T16:31:00Z;2775.6;2776;2776;2775.6;5;
de08affe-4fbd-454e-9fd1-46a81b23f870;2024-09-23T16:32:00Z;2776;2776;2776;2776;45;
de08affe-4fbd-454e-9fd1-46a81b23f870;2024-09-23T16:33:00Z;2775.6;2776;2776;2775.6;35;
de08affe-4fbd-454e-9fd1-46a81b23f870;2024-09-23T16:34:00Z;2775.8;2776;2776;2775.8;10;
de08affe-4fbd-454e-9fd1-46a81b23f870;2024-09-23T16:35:00Z;2776;2775.8;2776;2775.8;17;
de08affe-4fbd-454e-9fd1-46a81b23f870;2024-09-23T16:37:00Z;2776;2775.6;2776;2775.6;78;
de08affe-4fbd-454e-9fd1-46a81b23f870;2024-09-23T16:38:00Z;2775.6;2775.6;2776;2775.4;44;
de08affe-4fbd-454e-9fd1-46a81b23f870;2024-09-23T16:39:00Z;2775.4;2776;2776;2775.4;153;
de08affe-4fbd-454e-9fd1-46a81b23f870;2024-09-23T16:40:00Z;2776;2776.2;2777;2776;32;
de08affe-4fbd-454e-9fd1-46a81b23f870;2024-09-23T16:41:00Z;2776.8;2776.8;2776.8;2776.2;9;
de08affe-4fbd-454e-9fd1-46a81b23f870;2024-09-23T16:42:00Z;2776;2776.4;2776.4;2775.6;14;
de08affe-4fbd-454e-9fd1-46a81b23f870;2024-09-23T16:43:00Z;2775.6;2776;2776;2775.6;100;
de08affe-4fbd-454e-9fd1-46a81b23f870;2024-09-23T16:44:00Z;2776.2;2776;2776.4;2776;41;
de08affe-4fbd-454e-9fd1-46a81b23f870;2024-09-23T16:45:00Z;2775.8;2776.2;2776.2;2775.8;3;
de08affe-4fbd-454e-9fd1-46a81b23f870;2024-09-23T16:46:00Z;2776.2;2776.4;2776.4;2776;8;
de08affe-4fbd-454e-9fd1-46a81b23f870;2024-09-23T16:47:00Z;2776.4;2776.4;2776.4;2776;25;
de08affe-4fbd-454e-9fd1-46a81b23f870;2024-09-23T16:48:00Z;2776.6;2776.4;2776.6;2776.4;82;
de08affe-4fbd-454e-9fd1-46a81b23f870;2024-09-23T16:49:00Z;2776;2776;2776;2776;57;
de08affe-4fbd-454e-9fd1-46a81b23f870;2024-09-23T16:50:00Z;2776;2776.4;2776.4;2775.6;12;
de08affe-4fbd-454e-9fd1-46a81b23f870;2024-09-23T16:51:00Z;2776;2776;2776;2776;100;
de08affe-4fbd-454e-9fd1-46a81b23f870;2024-09-23T16:52:00Z;2775.6;2776.4;2776.4;2775.6;19;
de08affe-4fbd-454e-9fd1-46a81b23f870;2024-09-23T16:53:00Z;2776.2;2776.2;2776.2;2776.2;2;
de08affe-4fbd-454e-9fd1-46a81b23f870;2024-09-23T16:55:00Z;2776;2776;2776;2776;1;
de08affe-4fbd-454e-9fd1-46a81b23f870;2024-09-23T16:56:00Z;2776.4;2775.8;2776.4;2775.8;6;
de08affe-4fbd-454e-9fd1-46a81b23f870;2024-09-23T16:57:00Z;2775.6;2775.6;2775.6;2775.6;1;
de08affe-4fbd-454e-9fd1-46a81b23f870;2024-09-23T16:58:00Z;2777;2777;2777;2777;1;
de08affe-4fbd-454e-9fd1-46a81b23f870;2024-09-23T16:59:00Z;2777;2777;2777;2777;1;
de08affe-4fbd-454e-9fd1-46a81b23f870;2024-09-23T17:00:00Z;2777;2777;2777;2777;1;
de08affe-4fbd-454e-9fd1-46a81b23f870;2024-09-23T17:01:00Z;2777;2777;2777;2775.6;15;
de08affe-4fbd-454e-9fd1-46a81b23f870;2024-09-23T17:02:00Z;2777;2777;2777;2777;6;
de08affe-4fbd-454e-9fd1-46a81b23f870;2024-09-23T17:03:00Z;2775.8;2775.8;2775.8;2775.6;27;
de08affe-4fbd-454e-9fd1-46a81b23f870;2024-09-23T17:04:00Z;2776.6;2776.6;2776.6;2776.6;1;
de08affe-4fbd-454e-9fd1-46a81b23f870;2024-09-23T17:05:00Z;2775.8;2775.8;2775.8;2775.8;30;
de08affe-4fbd-454e-9fd1-46a81b23f870;2024-09-23T17:06:00Z;2775.8;2776.2;2776.2;2775.6;70;
de08affe-4fbd-454e-9fd1-46a81b23f870;2024-09-23T17:07:00Z;2775.8;2775.6;2775.8;2775.6;63;
de08affe-4fbd-454e-9fd1-46a81b23f870;2024-09-23T17:08:00Z;2775.6;2776;2776;2775.6;126;
de08affe-4fbd-454e-9fd1-46a81b23f870;2024-09-23T17:09:00Z;2776;2776;2776;2776;3;
de08affe-4fbd-454e-9fd1-46a81b23f870;2024-09-23T17:10:00Z;2775.6;2776.2;2776.2;2775.6;5;
de08affe-4fbd-454e-9fd1-46a81b23f870;2024-09-23T17:11:00Z;2776;2775.6;2776;2775.6;38;
de08affe-4fbd-454e-9fd1-46a81b23f870;2024-09-23T17:12:00Z;2775.8;2775.8;2775.8;2775.8;12;
de08affe-4fbd-454e-9fd1-46a81b23f870;2024-09-23T17:13:00Z;2775.8;2775.8;2775.8;2775.8;41;
de08affe-4fbd-454e-9fd1-46a81b23f870;2024-09-23T17:14:00Z;2775.8;2775.8;2775.8;2775.8;24;
de08affe-4fbd-454e-9fd1-46a81b23f870;2024-09-23T17:16:00Z;2775.8;2775.8;2775.8;2775.8;6;
de08affe-4fbd-454e-9fd1-46a81b23f870;2024-09-23T17:18:00Z;2775.8;2775.8;2775.8;2775.8;30;
de08affe-4fbd-454e-9fd1-46a81b23f870;2024-09-23T17:19:00Z;2776.6;2776.8;2776.8;2776.6;24;
de08affe-4fbd-454e-9fd1-46a81b23f870;2024-09-23T17:20:00Z;2776.4;2775.8;2776.4;2775.8;32;
de08affe-4fbd-454e-9fd1-46a81b23f870;2024-09-23T17:21:00Z;2775.8;2776.8;2776.8;2775.8;51;
de08affe-4fbd-454e-9fd1-46a81b23f870;2024-09-23T17:22:00Z;2776.6;2776.6;2776.6;2776.6;3;
de08affe-4fbd-454e-9fd1-46a81b23f870;2024-09-23T17:23:00Z;2775.8;2775.6;2775.8;2775.6;99;
de08affe-4fbd-454e-9fd1-46a81b23f870;2024-09-23T17:24:00Z;2775.6;2776.4;2776.4;2775.6;7;
de08affe-4fbd-454e-9fd1-46a81b23f870;2024-09-23T17:26:00Z;2775.6;2775.4;2775.6;2775.4;30;
de08affe-4fbd-454e-9fd1-46a81b23f870;2024-09-23T17:27:00Z;2775.4;2775.4;2775.6;2775.4;9;
de08affe-4fbd-454e-9fd1-46a81b23f870;2024-09-23T17:29:00Z;2775.6;2775.6;2775.6;2775.6;22;
de08affe-4fbd-454e-9fd1-46a81b23f870;2024-09-23T17:31:00Z;2775.4;2775.4;2775.4;2775.4;11;
de08affe-4fbd-454e-9fd1-46a81b23f870;2024-09-23T17:32:00Z;2775.4;2776;2776;2775.4;31;
de08affe-4fbd-454e-9fd1-46a81b23f870;2024-09-23T17:33:00Z;2775.4;2775.4;2775.4;2775.4;15;
de08affe-4fbd-454e-9fd1-46a81b23f870;2024-09-23T17:34:00Z;2776.2;2777;2777;2776.2;101;
de08affe-4fbd-454e-9fd1-46a81b23f870;2024-09-23T17:35:00Z;2777;2777;2777;2777;3;
de08affe-4fbd-454e-9fd1-46a81b23f870;2024-09-23T17:36:00Z;2777;2775.6;2777;2775.6;5;
de08affe-4fbd-454e-9fd1-46a81b23f870;2024-09-23T17:37:00Z;2776.6;2776.6;2776.6;2776.6;1;
de08affe-4fbd-454e-9fd1-46a81b23f870;2024-09-23T17:38:00Z;2776.6;2776.6;2776.6;2776.6;12;
de08affe-4fbd-454e-9fd1-46a81b23f870;2024-09-23T17:39:00Z;2777;2776.8;2777;2775.8;8;
de08affe-4fbd-454e-9fd1-46a81b23f870;2024-09-23T17:40:00Z;2775.8;2775.6;2775.8;2775.6;5;
de08affe-4fbd-454e-9fd1-46a81b23f870;2024-09-23T17:41:00Z;2776.4;2776.4;2776.4;2776.4;2;
de08affe-4fbd-454e-9fd1-46a81b23f870;2024-09-23T17:43:00Z;2776.4;2776.4;2776.4;2776.4;1;
de08affe-4fbd-454e-9fd1-46a81b23f870;2024-09-23T17:44:00Z;2776;2776.6;2776.6;2775.6;104;
de08affe-4fbd-454e-9fd1-46a81b23f870;2024-09-23T17:46:00Z;2776;2776;2776;2776;9;
de08affe-4fbd-454e-9fd1-46a81b23f870;2024-09-23T17:47:00Z;2777;2777;2777;2777;1;
de08affe-4fbd-454e-9fd1-46a81b23f870;2024-09-23T17:48:00Z;2777;2777;2777;2777;2;
de08affe-4fbd-454e-9fd1-46a81b23f870;2024-09-23T17:49:00Z;2777;2777;2777;2777;6;
de08affe-4fbd-454e-9fd1-46a81b23f870;2024-09-23T17:50:00Z;2777;2777;2777;2777;3;
de08affe-4fbd-454e-9fd1-46a81b23f870;2024-09-23T17:51:00Z;2777;2777;2777;2776.8;23;
de08affe-4fbd-454e-9fd1-46a81b23f870;2024-09-23T17:52:00Z;2777;2777;2777;2777;5;
de08affe-4fbd-454e-9fd1-46a81b23f870;2024-09-23T17:53:00Z;2776.8;2776.8;2776.8;2776.8;1;
de08affe-4fbd-454e-9fd1-46a81b23f870;2024-09-23T17:55:00Z;2776.8;2776.2;2776.8;2776.2;16;
de08affe-4fbd-454e-9fd1-46a81b23f870;2024-09-23T17:56:00Z;2776.2;2776.2;2776.8;2776.2;3;
de08affe-4fbd-454e-9fd1-46a81b23f870;2024-09-23T17:57:00Z;2776;2776;2776;2776;5;
de08affe-4fbd-454e-9fd1-46a81b23f870;2024-09-23T17:58:00Z;2776;2775.6;2776;2775.6;136;
de08affe-4fbd-454e-9fd1-46a81b23f870;2024-09-23T17:59:00Z;2775.8;2775.8;2775.8;2775.8;1;
de08affe-4fbd-454e-9fd1-46a81b23f870;2024-09-23T18:00:00Z;2775.6;2775.2;2775.6;2775;832;
de08affe-4fbd-454e-9fd1-46a81b23f870;2024-09-23T18:01:00Z;2775.8;2775.8;2775.8;2775.8;1;
de08affe-4fbd-454e-9fd1-46a81b23f870;2024-09-23T18:02:00Z;2775;2775;2775;2775;20;
de08affe-4fbd-454e-9fd1-46a81b23f870;2024-09-23T18:04:00Z;2775.2;2775.4;2775.4;2775;31;
de08affe-4fbd-454e-9fd1-46a81b23f870;2024-09-23T18:05:00Z;2775;2775;2775;2775;8;
de08affe-4fbd-454e-9fd1-46a81b23f870;2024-09-23T18:06:00Z;2775.4;2775;2775.4;2775;5;
de08affe-4fbd-454e-9fd1-46a81b23f870;2024-09-23T18:07:00Z;2775.4;2775.4;2775.4;2775.4;20;
de08affe-4fbd-454e-9fd1-46a81b23f870;2024-09-23T18:09:00Z;2775.4;2775.4;2775.4;2775.4;31;
de08affe-4fbd-454e-9fd1-46a81b23f870;2024-09-23T18:11:00Z;2775.4;2775.4;2775.4;2775.4;84;
de08affe-4fbd-454e-9fd1-46a81b23f870;2024-09-23T18:12:00Z;2775.4;2775.4;2775.4;2775.4;1;
de08affe-4fbd-454e-9fd1-46a81b23f870;2024-09-23T18:13:00Z;2775.4;2775;2775.4;2775;13;
de08affe-4fbd-454e-9fd1-46a81b23f870;2024-09-23T18:14:00Z;2775;2775.4;2775.4;2775;7;
de08affe-4fbd-454e-9fd1-46a81b23f870;2024-09-23T18:15:00Z;2775.4;2775.4;2775.4;2775.4;4;
de08affe-4fbd-454e-9fd1-46a81b23f870;2024-09-23T18:16:00Z;2775;2775;2775;2775;1;
de08affe-4fbd-454e-9fd1-46a81b23f870;2024-09-23T18:17:00Z;2775.4;2775.4;2775.4;2775.4;1;
de08affe-4fbd-454e-9fd1-46a81b23f870;2024-09-23T18:20:00Z;2775;2775;2775;2775;200;
de08affe-4fbd-454e-9fd1-46a81b23f870;2024-09-23T18:21:00Z;2775;2775;2775;2775;2;
de08affe-4fbd-454e-9fd1-46a81b23f870;2024-09-23T18:22:00Z;2775;2774.6;2775;2774.6;20;
de08affe-4fbd-454e-9fd1-46a81b23f870;2024-09-23T18:23:00Z;2774.6;2774.6;2774.6;2774;48;
de08affe-4fbd-454e-9fd1-46a81b23f870;2024-09-23T18:24:00Z;2774.4;2774;2774.4;2774;44;
de08affe-4fbd-454e-9fd1-46a81b23f870;2024-09-23T18:25:00Z;2775;2775;2775;2775;1;
de08affe-4fbd-454e-9fd1-46a81b23f870;2024-09-23T18:26:00Z;2775;2774.4;2775;2774.4;10;
de08affe-4fbd-454e-9fd1-46a81b23f870;2024-09-23T18:27:00Z;2775.4;2775.4;2775.4;2775.4;22;
de08affe-4fbd-454e-9fd1-46a81b23f870;2024-09-23T18:29:00Z;2776.8;2778;2778;2776.8;207;
de08affe-4fbd-454e-9fd1-46a81b23f870;2024-09-23T18:30:00Z;2779.8;2780;2780;2779.8;12;
de08affe-4fbd-454e-9fd1-46a81b23f870;2024-09-23T18:31:00Z;2779.6;2778;2779.6;2778;18;
de08affe-4fbd-454e-9fd1-46a81b23f870;2024-09-23T18:32:00Z;2778;2778;2778;2778;1;
de08affe-4fbd-454e-9fd1-46a81b23f870;2024-09-23T18:33:00Z;2777.4;2777.4;2777.4;2777.4;2;
de08affe-4fbd-454e-9fd1-46a81b23f870;2024-09-23T18:35:00Z;2777.8;2778;2778;2777.8;5;
de08affe-4fbd-454e-9fd1-46a81b23f870;2024-09-23T18:36:00Z;2777.4;2777.2;2777.4;2777.2;3;
de08affe-4fbd-454e-9fd1-46a81b23f870;2024-09-23T18:37:00Z;2777.8;2777.8;2777.8;2777.8;4;
de08affe-4fbd-454e-9fd1-46a81b23f870;2024-09-23T18:40:00Z;2778;2777.2;2778.2;2777.2;27;
de08affe-4fbd-454e-9fd1-46a81b23f870;2024-09-23T18:42:00Z;2778.2;2778.2;2778.2;2778.2;10;
de08affe-4fbd-454e-9fd1-46a81b23f870;2024-09-23T18:43:00Z;2778.2;2777.4;2779;2777.4;23;
de08affe-4fbd-454e-9fd1-46a81b23f870;2024-09-23T18:44:00Z;2777.4;2779;2779;2777.2;39;
de08affe-4fbd-454e-9fd1-46a81b23f870;2024-09-23T18:45:00Z;2779;2779;2779;2779;1;
de08affe-4fbd-454e-9fd1-46a81b23f870;2024-09-23T18:47:00Z;2777.6;2779;2779;2777.6;46;
de08affe-4fbd-454e-9fd1-46a81b23f870;2024-09-23T18:48:00Z;2779.8;2779.8;2779.8;2779.8;5;
de08affe-4fbd-454e-9fd1-46a81b23f870;2024-09-23T18:49:00Z;2778.8;2779.8;2779.8;2778.8;28;
de08affe-4fbd-454e-9fd1-46a81b23f870;2024-09-23T18:50:00Z;2779.6;2779.6;2779.6;2779.6;5;
de08affe-4fbd-454e-9fd1-46a81b23f870;2024-09-23T18:52:00Z;2779.6;2779.6;2779.6;2779.6;2;
de08affe-4fbd-454e-9fd1-46a81b23f870;2024-09-23T18:53:00Z;2777.6;2779.4;2779.4;2777.6;9;
de08affe-4fbd-454e-9fd1-46a81b23f870;2024-09-23T18:55:00Z;2777.8;2777.6;2777.8;2777.6;3;
de08affe-4fbd-454e-9fd1-46a81b23f870;2024-09-23T18:56:00Z;2779;2779;2779;2779;1;
de08affe-4fbd-454e-9fd1-46a81b23f870;2024-09-23T18:59:00Z;2779;2779.4;2779.4;2779;11;
de08affe-4fbd-454e-9fd1-46a81b23f870;2024-09-23T19:00:00Z;2779.8;2779.8;2779.8;2779.8;9;
de08affe-4fbd-454e-9fd1-46a81b23f870;2024-09-23T19:01:00Z;2779.8;2779.8;2779.8;2779.8;2;
de08affe-4fbd-454e-9fd1-46a81b23f870;2024-09-23T19:02:00Z;2779.8;2779.6;2779.8;2777.8;17;
de08affe-4fbd-454e-9fd1-46a81b23f870;2024-09-23T19:05:00Z;2779.6;2780;2780;2779.6;186;
de08affe-4fbd-454e-9fd1-46a81b23f870;2024-09-23T19:06:00Z;2780;2780;2780;2780;5;
de08affe-4fbd-454e-9fd1-46a81b23f870;2024-09-23T19:07:00Z;2780;2779.8;2780;2779.8;120;
de08affe-4fbd-454e-9fd1-46a81b23f870;2024-09-23T19:08:00Z;2779.6;2779.6;2779.6;2779.6;2;
de08affe-4fbd-454e-9fd1-46a81b23f870;2024-09-23T19:09:00Z;2779.6;2777.6;2779.6;2777.4;67;
de08affe-4fbd-454e-9fd1-46a81b23f870;2024-09-23T19:10:00Z;2777.6;2777.6;2777.6;2777.6;11;
de08affe-4fbd-454e-9fd1-46a81b23f870;2024-09-23T19:11:00Z;2777.4;2777.2;2777.4;2777.2;42;
de08affe-4fbd-454e-9fd1-46a81b23f870;2024-09-23T19:12:00Z;2777.2;2777.4;2777.6;2777.2;84;
de08affe-4fbd-454e-9fd1-46a81b23f870;2024-09-23T19:13:00Z;2777.4;2777.6;2777.6;2777.4;5;
de08affe-4fbd-454e-9fd1-46a81b23f870;2024-09-23T19:15:00Z;2777.6;2777.6;2777.6;2777.6;3;
de08affe-4fbd-454e-9fd1-46a81b23f870;2024-09-23T19:16:00Z;2777.6;2777.6;2777.6;2777.6;35;
de08affe-4fbd-454e-9fd1-46a81b23f870;2024-09-23T19:17:00Z;2777.6;2778.6;2778.6;2777.6;15;
de08affe-4fbd-454e-9fd1-46a81b23f870;2024-09-23T19:18:00Z;2779;2779;2779;2779;1;
de08affe-4fbd-454e-9fd1-46a81b23f870;2024-09-23T19:25:00Z;2778.8;2779;2779;2778.8;6;
de08affe-4fbd-454e-9fd1-46a81b23f870;2024-09-23T19:26:00Z;2779.4;2779.4;2779.4;2779.4;5;
de08affe-4fbd-454e-9fd1-46a81b23f870;2024-09-23T19:27:00Z;2779.4;2779.4;2779.4;2779.4;2;
de08affe-4fbd-454e-9fd1-46a81b23f870;2024-09-23T19:28:00Z;2779.4;2779;2779.4;2779;36;
de08affe-4fbd-454e-9fd1-46a81b23f870;2024-09-23T19:29:00Z;2778.4;2779;2779;2778.4;2;
de08affe-4fbd-454e-9fd1-46a81b23f870;2024-09-23T19:30:00Z;2778.4;2778.2;2779;2778.2;23;
de08affe-4fbd-454e-9fd1-46a81b23f870;2024-09-23T19:31:00Z;2778.2;2778.2;2778.2;2778.2;2;
de08affe-4fbd-454e-9fd1-46a81b23f870;2024-09-23T19:32:00Z;2778.2;2778.2;2778.2;2778.2;1;
de08affe-4fbd-454e-9fd1-46a81b23f870;2024-09-23T19:33:00Z;2778;2778.2;2778.2;2777.6;43;
de08affe-4fbd-454e-9fd1-46a81b23f870;2024-09-23T19:34:00Z;2778.2;2778.2;2778.2;2777.8;5;
de08affe-4fbd-454e-9fd1-46a81b23f870;2024-09-23T19:35:00Z;2777.4;2777.4;2777.4;2777.4;100;
de08affe-4fbd-454e-9fd1-46a81b23f870;2024-09-23T19:36:00Z;2777.8;2777.4;2777.8;2777.4;2;
de08affe-4fbd-454e-9fd1-46a81b23f870;2024-09-23T19:37:00Z;2777.8;2778;2778;2777.8;3;
de08affe-4fbd-454e-9fd1-46a81b23f870;2024-09-23T19:38:00Z;2778.2;2777.6;2778.2;2777.6;4;
de08affe-4fbd-454e-9fd1-46a81b23f870;2024-09-23T19:39:00Z;2777.4;2777.2;2777.4;2777.2;49;
de08affe-4fbd-454e-9fd1-46a81b23f870;2024-09-23T19:40:00Z;2777.2;2777.6;2777.6;2777.2;161;
de08affe-4fbd-454e-9fd1-46a81b23f870;2024-09-23T19:41:00Z;2777.6;2777.6;2777.6;2777.6;16;
de08affe-4fbd-454e-9fd1-46a81b23f870;2024-09-23T19:42:00Z;2777.6;2777.6;2777.6;2777.6;104;
de08affe-4fbd-454e-9fd1-46a81b23f870;2024-09-23T19:43:00Z;2777.2;2777.8;2777.8;2777.2;41;
de08affe-4fbd-454e-9fd1-46a81b23f870;2024-09-23T19:44:00Z;2777.8;2777.8;2777.8;2777.8;14;
de08affe-4fbd-454e-9fd1-46a81b23f870;2024-09-23T19:45:00Z;2778;2778.2;2778.2;2778;3;
de08affe-4fbd-454e-9fd1-46a81b23f870;2024-09-23T19:46:00Z;2777.8;2777.8;2777.8;2777.8;6;
de08affe-4fbd-454e-9fd1-46a81b23f870;2024-09-23T19:47:00Z;2777.6;2777.2;2777.6;2777.2;75;
de08affe-4fbd-454e-9fd1-46a81b23f870;2024-09-23T19:50:00Z;2778;2778;2778;2778;5;
de08affe-4fbd-454e-9fd1-46a81b23f870;2024-09-23T19:51:00Z;2778.2;2778.4;2778.4;2778.2;14;
de08affe-4fbd-454e-9fd1-46a81b23f870;2024-09-23T19:54:00Z;2778.8;2777.2;2778.8;2777.2;79;
de08affe-4fbd-454e-9fd1-46a81b23f870;2024-09-23T19:55:00Z;2778.6;2778.6;2778.6;2778.6;5;
de08affe-4fbd-454e-9fd1-46a81b23f870;2024-09-23T19:56:00Z;2778.8;2778.8;2778.8;2778.8;1;
de08affe-4fbd-454e-9fd1-46a81b23f870;2024-09-23T19:58:00Z;2778;2778;2778;2778;9;
de08affe-4fbd-454e-9fd1-46a81b23f870;2024-09-23T20:01:00Z;2778;2778;2778;2778;16;
de08affe-4fbd-454e-9fd1-46a81b23f870;2024-09-23T20:02:00Z;2778.4;2778.4;2778.4;2778.4;8;
de08affe-4fbd-454e-9fd1-46a81b23f870;2024-09-23T20:03:00Z;2778.4;2778.4;2778.4;2778.4;66;
de08affe-4fbd-454e-9fd1-46a81b23f870;2024-09-23T20:04:00Z;2778.4;2778.8;2778.8;2778.4;6;
de08affe-4fbd-454e-9fd1-46a81b23f870;2024-09-23T20:05:00Z;2778.8;2778.4;2778.8;2778.4;11;
de08affe-4fbd-454e-9fd1-46a81b23f870;2024-09-23T20:06:00Z;2778.4;2778.4;2778.4;2778.4;2;
de08affe-4fbd-454e-9fd1-46a81b23f870;2024-09-23T20:08:00Z;2778.6;2779;2779;2778.6;210;
de08affe-4fbd-454e-9fd1-46a81b23f870;2024-09-23T20:09:00Z;2779;2778.6;2779;2778.6;2;
de08affe-4fbd-454e-9fd1-46a81b23f870;2024-09-23T20:11:00Z;2779;2779;2779;2779;1;
de08affe-4fbd-454e-9fd1-46a81b23f870;2024-09-23T20:13:00Z;2779;2779;2779;2778.6;7;
de08affe-4fbd-454e-9fd1-46a81b23f870;2024-09-23T20:14:00Z;2779;2779;2779;2779;1;
de08affe-4fbd-454e-9fd1-46a81b23f870;2024-09-23T20:16:00Z;2779;2778.4;2779;2778.4;25;
de08affe-4fbd-454e-9fd1-46a81b23f870;2024-09-23T20:17:00Z;2778.6;2778.4;2779;2778.4;45;
de08affe-4fbd-454e-9fd1-46a81b23f870;2024-09-23T20:18:00Z;2778.4;2778.4;2778.4;2778.4;5;
de08affe-4fbd-454e-9fd1-46a81b23f870;2024-09-23T20:19:00Z;2778.4;2778.4;2778.4;2778.4;10;
de08affe-4fbd-454e-9fd1-46a81b23f870;2024-09-23T20:20:00Z;2778.2;2778.2;2778.2;2778.2;35;
de08affe-4fbd-454e-9fd1-46a81b23f870;2024-09-23T20:21:00Z;2778.6;2777.2;2779;2777.2;206;
de08affe-4fbd-454e-9fd1-46a81b23f870;2024-09-23T20:22:00Z;2777.2;2777.2;2777.2;2777.2;20;
de08affe-4fbd-454e-9fd1-46a81b23f870;2024-09-23T20:24:00Z;2778.6;2778.6;2778.6;2778.6;3;
de08affe-4fbd-454e-9fd1-46a81b23f870;2024-09-23T20:27:00Z;2777.6;2777.4;2778.8;2777.4;331;
de08affe-4fbd-454e-9fd1-46a81b23f870;2024-09-23T20:29:00Z;2777.6;2777;2777.6;2777;501;
de08affe-4fbd-454e-9fd1-46a81b23f870;2024-09-23T20:30:00Z;2776.8;2775.8;2776.8;2775.6;121;
de08affe-4fbd-454e-9fd1-46a81b23f870;2024-09-23T20:31:00Z;2775.6;2775.2;2775.6;2775.2;13;
de08affe-4fbd-454e-9fd1-46a81b23f870;2024-09-23T20:32:00Z;2775;2776.6;2776.6;2774.6;123;
de08affe-4fbd-454e-9fd1-46a81b23f870;2024-09-23T20:34:00Z;2776.6;2776.8;2776.8;2776.6;36;
de08affe-4fbd-454e-9fd1-46a81b23f870;2024-09-23T20:35:00Z;2776.8;2778.2;2778.2;2776.8;408;
de08affe-4fbd-454e-9fd1-46a81b23f870;2024-09-23T20:36:00Z;2778.2;2778.2;2778.2;2778.2;10;
de08affe-4fbd-454e-9fd1-46a81b23f870;2024-09-23T20:38:00Z;2778.8;2778.2;2778.8;2778.2;11;
de08affe-4fbd-454e-9fd1-46a81b23f870;2024-09-23T20:41:00Z;2778.8;2778.8;2778.8;2778.8;25;
de08affe-4fbd-454e-9fd1-46a81b23f870;2024-09-23T20:42:00Z;2778.8;2778.8;2778.8;2778.8;42;
de08affe-4fbd-454e-9fd1-46a81b23f870;2024-09-23T20:44:00Z;2778.8;2778.8;2778.8;2778.8;8;
de08affe-4fbd-454e-9fd1-46a81b23f870;2024-09-23T20:45:00Z;2778.8;2778.8;2779;2778.8;25;
de08affe-4fbd-454e-9fd1-46a81b23f870;2024-09-23T20:46:00Z;2778.2;2778.8;2778.8;2774;267;
de08affe-4fbd-454e-9fd1-46a81b23f870;2024-09-23T20:47:00Z;2778.4;2778.6;2778.6;2778.4;5;
de08affe-4fbd-454e-9fd1-46a81b23f870;2024-09-23T20:48:00Z;2774.8;2774.8;2774.8;2774.8;2;
de08affe-4fbd-454e-9fd1-46a81b23f870;2024-09-23T20:49:00Z;2777.4;2774.8;2777.4;2774.8;4;
