cf1c6158-a303-43ac-89eb-9b1db8f96043;2024-01-08T07:00:00Z;172.7;173.3;173.3;172.4;332;
cf1c6158-a303-43ac-89eb-9b1db8f96043;2024-01-08T07:01:00Z;172.9;173.1;173.2;172.5;1070;
cf1c6158-a303-43ac-89eb-9b1db8f96043;2024-01-08T07:02:00Z;173.1;172.6;173.1;172.6;564;
cf1c6158-a303-43ac-89eb-9b1db8f96043;2024-01-08T07:03:00Z;172.6;172.5;172.6;172.5;48;
cf1c6158-a303-43ac-89eb-9b1db8f96043;2024-01-08T07:04:00Z;172.5;172.4;172.5;172.4;118;
cf1c6158-a303-43ac-89eb-9b1db8f96043;2024-01-08T07:05:00Z;172.4;172;172.5;172;713;
cf1c6158-a303-43ac-89eb-9b1db8f96043;2024-01-08T07:06:00Z;171.6;171.8;172.1;171.6;200;
cf1c6158-a303-43ac-89eb-9b1db8f96043;2024-01-08T07:07:00Z;171.8;171.8;172.2;171.7;1297;
cf1c6158-a303-43ac-89eb-9b1db8f96043;2024-01-08T07:08:00Z;171.8;171.9;171.9;171.8;247;
cf1c6158-a303-43ac-89eb-9b1db8f96043;2024-01-08T07:09:00Z;171.9;171.9;172;171.9;441;
cf1c6158-a303-43ac-89eb-9b1db8f96043;2024-01-08T07:10:00Z;172;172;172.1;171.9;1141;
cf1c6158-a303-43ac-89eb-9b1db8f96043;2024-01-08T07:11:00Z;172;171.9;172;171.4;7882;
cf1c6158-a303-43ac-89eb-9b1db8f96043;2024-01-08T07:12:00Z;172;171.9;172;171.9;2048;
cf1c6158-a303-43ac-89eb-9b1db8f96043;2024-01-08T07:13:00Z;171.8;171.7;172;171.7;213;
cf1c6158-a303-43ac-89eb-9b1db8f96043;2024-01-08T07:14:00Z;172;172;172.1;172;1343;
cf1c6158-a303-43ac-89eb-9b1db8f96043;2024-01-08T07:15:00Z;172.1;172.1;172.1;172;67;
cf1c6158-a303-43ac-89eb-9b1db8f96043;2024-01-08T07:16:00Z;172;172;172.1;172;48;
cf1c6158-a303-43ac-89eb-9b1db8f96043;2024-01-08T07:17:00Z;172;172;172.1;172;43;
cf1c6158-a303-43ac-89eb-9b1db8f96043;2024-01-08T07:18:00Z;172;172.2;172.2;172;115;
cf1c6158-a303-43ac-89eb-9b1db8f96043;2024-01-08T07:19:00Z;172.2;172;172.2;172;214;
cf1c6158-a303-43ac-89eb-9b1db8f96043;2024-01-08T07:20:00Z;172.2;172.3;172.3;172.2;60;
cf1c6158-a303-43ac-89eb-9b1db8f96043;2024-01-08T07:21:00Z;172.3;172.3;172.3;172.2;156;
cf1c6158-a303-43ac-89eb-9b1db8f96043;2024-01-08T07:22:00Z;172.2;172.3;172.3;172.1;54;
cf1c6158-a303-43ac-89eb-9b1db8f96043;2024-01-08T07:23:00Z;172.3;172.3;172.3;172.3;1;
cf1c6158-a303-43ac-89eb-9b1db8f96043;2024-01-08T07:24:00Z;172.3;172.3;172.3;172.3;1;
cf1c6158-a303-43ac-89eb-9b1db8f96043;2024-01-08T07:25:00Z;172.1;172.1;172.2;172.1;100;
cf1c6158-a303-43ac-89eb-9b1db8f96043;2024-01-08T07:26:00Z;172.1;172.2;172.2;172;93;
cf1c6158-a303-43ac-89eb-9b1db8f96043;2024-01-08T07:27:00Z;172.2;172.2;172.2;172.2;217;
cf1c6158-a303-43ac-89eb-9b1db8f96043;2024-01-08T07:28:00Z;172.2;172.3;172.3;172.1;65;
cf1c6158-a303-43ac-89eb-9b1db8f96043;2024-01-08T07:29:00Z;172.2;172.3;172.3;172.2;225;
cf1c6158-a303-43ac-89eb-9b1db8f96043;2024-01-08T07:30:00Z;172.3;172.3;172.3;172.3;30;
cf1c6158-a303-43ac-89eb-9b1db8f96043;2024-01-08T07:31:00Z;172.2;172;172.3;172;145;
cf1c6158-a303-43ac-89eb-9b1db8f96043;2024-01-08T07:32:00Z;172.2;172.2;172.2;172.2;11;
cf1c6158-a303-43ac-89eb-9b1db8f96043;2024-01-08T07:33:00Z;172;172;172.2;172;261;
cf1c6158-a303-43ac-89eb-9b1db8f96043;2024-01-08T07:34:00Z;172.2;172.2;172.2;172.2;10;
cf1c6158-a303-43ac-89eb-9b1db8f96043;2024-01-08T07:35:00Z;172.2;172;172.2;172;68;
cf1c6158-a303-43ac-89eb-9b1db8f96043;2024-01-08T07:36:00Z;172.2;172;172.2;172;71;
cf1c6158-a303-43ac-89eb-9b1db8f96043;2024-01-08T07:37:00Z;172.2;172.2;172.3;172.1;347;
cf1c6158-a303-43ac-89eb-9b1db8f96043;2024-01-08T07:38:00Z;172.1;172;172.2;172;126;
cf1c6158-a303-43ac-89eb-9b1db8f96043;2024-01-08T07:39:00Z;172.3;172.3;172.3;172.3;12;
cf1c6158-a303-43ac-89eb-9b1db8f96043;2024-01-08T07:40:00Z;172.3;172.3;172.3;172.3;30;
cf1c6158-a303-43ac-89eb-9b1db8f96043;2024-01-08T07:41:00Z;172.3;172.3;172.3;172.3;65;
cf1c6158-a303-43ac-89eb-9b1db8f96043;2024-01-08T07:42:00Z;172.3;172;172.3;172;28;
cf1c6158-a303-43ac-89eb-9b1db8f96043;2024-01-08T07:43:00Z;172;171.9;172;171.4;8702;
cf1c6158-a303-43ac-89eb-9b1db8f96043;2024-01-08T07:44:00Z;171.7;171.8;171.8;171.7;14;
cf1c6158-a303-43ac-89eb-9b1db8f96043;2024-01-08T07:45:00Z;171.9;171.9;171.9;171.9;15;
cf1c6158-a303-43ac-89eb-9b1db8f96043;2024-01-08T07:46:00Z;171.8;171.8;171.9;171.8;387;
cf1c6158-a303-43ac-89eb-9b1db8f96043;2024-01-08T07:47:00Z;171.9;171.9;171.9;171.8;85;
cf1c6158-a303-43ac-89eb-9b1db8f96043;2024-01-08T07:48:00Z;171.9;171.9;171.9;171.9;82;
cf1c6158-a303-43ac-89eb-9b1db8f96043;2024-01-08T07:49:00Z;171.9;171.9;171.9;171.8;38;
cf1c6158-a303-43ac-89eb-9b1db8f96043;2024-01-08T07:50:00Z;171.8;172;172;171.8;814;
cf1c6158-a303-43ac-89eb-9b1db8f96043;2024-01-08T07:51:00Z;172;172;172;172;8;
cf1c6158-a303-43ac-89eb-9b1db8f96043;2024-01-08T07:52:00Z;171.9;172;172;171.9;147;
cf1c6158-a303-43ac-89eb-9b1db8f96043;2024-01-08T07:53:00Z;172;172;172;172;88;
cf1c6158-a303-43ac-89eb-9b1db8f96043;2024-01-08T07:54:00Z;172;172;172;171.9;31;
cf1c6158-a303-43ac-89eb-9b1db8f96043;2024-01-08T07:55:00Z;171.9;171.8;171.9;171.8;62;
cf1c6158-a303-43ac-89eb-9b1db8f96043;2024-01-08T07:56:00Z;171.8;171.8;171.8;171.8;4;
cf1c6158-a303-43ac-89eb-9b1db8f96043;2024-01-08T07:57:00Z;171.9;172;172;171.8;31;
cf1c6158-a303-43ac-89eb-9b1db8f96043;2024-01-08T07:58:00Z;171.9;171.9;171.9;171.9;30;
cf1c6158-a303-43ac-89eb-9b1db8f96043;2024-01-08T07:59:00Z;171.8;171.8;171.8;171.8;119;
cf1c6158-a303-43ac-89eb-9b1db8f96043;2024-01-08T08:00:00Z;171.8;171.9;171.9;171.8;2;
cf1c6158-a303-43ac-89eb-9b1db8f96043;2024-01-08T08:01:00Z;171.9;171.9;171.9;171.9;119;
cf1c6158-a303-43ac-89eb-9b1db8f96043;2024-01-08T08:02:00Z;171.9;171.9;171.9;171.9;11;
cf1c6158-a303-43ac-89eb-9b1db8f96043;2024-01-08T08:03:00Z;171.9;171.9;171.9;171.8;24;
cf1c6158-a303-43ac-89eb-9b1db8f96043;2024-01-08T08:04:00Z;171.8;171.8;171.9;171.8;255;
cf1c6158-a303-43ac-89eb-9b1db8f96043;2024-01-08T08:05:00Z;171.9;171.9;171.9;171.9;482;
cf1c6158-a303-43ac-89eb-9b1db8f96043;2024-01-08T08:06:00Z;171.9;171.9;171.9;171.8;27;
cf1c6158-a303-43ac-89eb-9b1db8f96043;2024-01-08T08:07:00Z;171.9;171.8;171.9;171.7;965;
cf1c6158-a303-43ac-89eb-9b1db8f96043;2024-01-08T08:08:00Z;171.8;171.3;171.8;171.2;3969;
cf1c6158-a303-43ac-89eb-9b1db8f96043;2024-01-08T08:09:00Z;171.5;171.5;171.5;171.5;44;
cf1c6158-a303-43ac-89eb-9b1db8f96043;2024-01-08T08:10:00Z;171.5;171.5;171.5;171.3;14;
cf1c6158-a303-43ac-89eb-9b1db8f96043;2024-01-08T08:11:00Z;171.5;171.5;171.5;171.5;1;
cf1c6158-a303-43ac-89eb-9b1db8f96043;2024-01-08T08:12:00Z;171.3;171.4;171.4;171.3;469;
cf1c6158-a303-43ac-89eb-9b1db8f96043;2024-01-08T08:13:00Z;171.4;171.4;171.4;171.3;239;
cf1c6158-a303-43ac-89eb-9b1db8f96043;2024-01-08T08:14:00Z;171.4;171.3;171.4;171.3;24;
cf1c6158-a303-43ac-89eb-9b1db8f96043;2024-01-08T08:15:00Z;171.4;171.4;171.4;171.3;84;
cf1c6158-a303-43ac-89eb-9b1db8f96043;2024-01-08T08:16:00Z;171.4;171.4;171.5;171.3;434;
cf1c6158-a303-43ac-89eb-9b1db8f96043;2024-01-08T08:17:00Z;171.5;171.5;171.5;171.4;17;
cf1c6158-a303-43ac-89eb-9b1db8f96043;2024-01-08T08:18:00Z;171.4;171;171.4;171;9919;
cf1c6158-a303-43ac-89eb-9b1db8f96043;2024-01-08T08:19:00Z;170.9;171.3;171.3;170.9;1297;
cf1c6158-a303-43ac-89eb-9b1db8f96043;2024-01-08T08:20:00Z;171.3;171.2;171.3;171.2;154;
cf1c6158-a303-43ac-89eb-9b1db8f96043;2024-01-08T08:21:00Z;171.2;170.8;171.3;170.8;2896;
cf1c6158-a303-43ac-89eb-9b1db8f96043;2024-01-08T08:22:00Z;171;170.8;171;170.8;2097;
cf1c6158-a303-43ac-89eb-9b1db8f96043;2024-01-08T08:23:00Z;170.9;171.2;171.2;170.8;90;
cf1c6158-a303-43ac-89eb-9b1db8f96043;2024-01-08T08:24:00Z;170.9;171.1;171.1;170.9;447;
cf1c6158-a303-43ac-89eb-9b1db8f96043;2024-01-08T08:25:00Z;171.1;171;171.1;171;454;
cf1c6158-a303-43ac-89eb-9b1db8f96043;2024-01-08T08:26:00Z;171.1;171;171.1;170.9;495;
cf1c6158-a303-43ac-89eb-9b1db8f96043;2024-01-08T08:27:00Z;171;171.1;171.1;171;1290;
cf1c6158-a303-43ac-89eb-9b1db8f96043;2024-01-08T08:28:00Z;171.2;171.1;171.2;171.1;377;
cf1c6158-a303-43ac-89eb-9b1db8f96043;2024-01-08T08:29:00Z;171.1;171.1;171.2;171.1;522;
cf1c6158-a303-43ac-89eb-9b1db8f96043;2024-01-08T08:30:00Z;171.2;171.2;171.2;171.1;318;
cf1c6158-a303-43ac-89eb-9b1db8f96043;2024-01-08T08:31:00Z;171.2;171.3;171.3;171.2;730;
cf1c6158-a303-43ac-89eb-9b1db8f96043;2024-01-08T08:32:00Z;171.3;171.1;171.3;171.1;67;
cf1c6158-a303-43ac-89eb-9b1db8f96043;2024-01-08T08:33:00Z;171.1;171.1;171.2;171.1;48;
cf1c6158-a303-43ac-89eb-9b1db8f96043;2024-01-08T08:34:00Z;171.1;171.2;171.2;171.1;53;
cf1c6158-a303-43ac-89eb-9b1db8f96043;2024-01-08T08:35:00Z;171.2;171.2;171.2;171.1;21;
cf1c6158-a303-43ac-89eb-9b1db8f96043;2024-01-08T08:36:00Z;171.2;171.2;171.2;171.1;116;
cf1c6158-a303-43ac-89eb-9b1db8f96043;2024-01-08T08:37:00Z;171.2;171.2;171.2;171.1;828;
cf1c6158-a303-43ac-89eb-9b1db8f96043;2024-01-08T08:38:00Z;171.2;171.2;171.3;171.2;922;
cf1c6158-a303-43ac-89eb-9b1db8f96043;2024-01-08T08:39:00Z;171.2;171.2;171.3;171.2;308;
cf1c6158-a303-43ac-89eb-9b1db8f96043;2024-01-08T08:40:00Z;171.3;171.2;171.3;171.2;10;
cf1c6158-a303-43ac-89eb-9b1db8f96043;2024-01-08T08:41:00Z;171.3;171.3;171.3;171.2;209;
cf1c6158-a303-43ac-89eb-9b1db8f96043;2024-01-08T08:42:00Z;171.3;171.3;171.3;171.3;20;
cf1c6158-a303-43ac-89eb-9b1db8f96043;2024-01-08T08:43:00Z;171.3;171.3;171.3;171.2;417;
cf1c6158-a303-43ac-89eb-9b1db8f96043;2024-01-08T08:44:00Z;171.2;171.4;171.4;171.2;177;
cf1c6158-a303-43ac-89eb-9b1db8f96043;2024-01-08T08:45:00Z;171.5;171.4;171.5;171.4;13;
cf1c6158-a303-43ac-89eb-9b1db8f96043;2024-01-08T08:46:00Z;171.4;171.4;171.4;171.4;57;
cf1c6158-a303-43ac-89eb-9b1db8f96043;2024-01-08T08:47:00Z;171.4;171.4;171.4;171.4;18;
cf1c6158-a303-43ac-89eb-9b1db8f96043;2024-01-08T08:48:00Z;171.4;171.4;171.4;171.4;7;
cf1c6158-a303-43ac-89eb-9b1db8f96043;2024-01-08T08:49:00Z;171.3;171.3;171.4;171.3;63;
cf1c6158-a303-43ac-89eb-9b1db8f96043;2024-01-08T08:50:00Z;171.4;171.4;171.4;171.3;118;
cf1c6158-a303-43ac-89eb-9b1db8f96043;2024-01-08T08:51:00Z;171.4;171.4;171.4;171.4;14;
cf1c6158-a303-43ac-89eb-9b1db8f96043;2024-01-08T08:52:00Z;171.4;171.4;171.4;171.3;157;
cf1c6158-a303-43ac-89eb-9b1db8f96043;2024-01-08T08:53:00Z;171.4;171.4;171.4;171.3;17;
cf1c6158-a303-43ac-89eb-9b1db8f96043;2024-01-08T08:54:00Z;171.3;171.4;171.4;171.3;23;
cf1c6158-a303-43ac-89eb-9b1db8f96043;2024-01-08T08:55:00Z;171.3;171.4;171.4;171.3;12;
cf1c6158-a303-43ac-89eb-9b1db8f96043;2024-01-08T08:56:00Z;171.4;171.3;171.4;171.3;579;
cf1c6158-a303-43ac-89eb-9b1db8f96043;2024-01-08T08:57:00Z;171.3;171.4;171.4;171.3;6;
cf1c6158-a303-43ac-89eb-9b1db8f96043;2024-01-08T08:58:00Z;171.4;171.4;171.4;171.4;2;
cf1c6158-a303-43ac-89eb-9b1db8f96043;2024-01-08T08:59:00Z;171.4;171.4;171.4;171.3;1718;
cf1c6158-a303-43ac-89eb-9b1db8f96043;2024-01-08T09:00:00Z;171.4;171.4;171.4;171.4;60;
cf1c6158-a303-43ac-89eb-9b1db8f96043;2024-01-08T09:01:00Z;171.3;171.3;171.3;171.3;3;
cf1c6158-a303-43ac-89eb-9b1db8f96043;2024-01-08T09:02:00Z;171.4;171.3;171.4;171.3;35;
cf1c6158-a303-43ac-89eb-9b1db8f96043;2024-01-08T09:03:00Z;171.3;171.6;172;171.3;8055;
cf1c6158-a303-43ac-89eb-9b1db8f96043;2024-01-08T09:04:00Z;171.6;171.5;171.6;171.5;2;
cf1c6158-a303-43ac-89eb-9b1db8f96043;2024-01-08T09:05:00Z;171.6;171.9;172;171.6;2004;
cf1c6158-a303-43ac-89eb-9b1db8f96043;2024-01-08T09:06:00Z;171.6;171.2;172;171.2;4321;
cf1c6158-a303-43ac-89eb-9b1db8f96043;2024-01-08T09:07:00Z;171.4;171.5;172;171.2;3461;
cf1c6158-a303-43ac-89eb-9b1db8f96043;2024-01-08T09:08:00Z;171.6;171.6;171.6;171.6;103;
cf1c6158-a303-43ac-89eb-9b1db8f96043;2024-01-08T09:09:00Z;171.4;171.4;171.7;171.4;12;
cf1c6158-a303-43ac-89eb-9b1db8f96043;2024-01-08T09:10:00Z;171.7;171.4;171.7;171.4;58;
cf1c6158-a303-43ac-89eb-9b1db8f96043;2024-01-08T09:11:00Z;171.5;171.6;171.6;171.5;18;
cf1c6158-a303-43ac-89eb-9b1db8f96043;2024-01-08T09:12:00Z;171.6;171.5;171.6;171.5;60;
cf1c6158-a303-43ac-89eb-9b1db8f96043;2024-01-08T09:13:00Z;171.4;171.5;171.5;171.4;984;
cf1c6158-a303-43ac-89eb-9b1db8f96043;2024-01-08T09:14:00Z;171.5;171.5;171.5;171.5;2;
cf1c6158-a303-43ac-89eb-9b1db8f96043;2024-01-08T09:15:00Z;171.5;171.5;171.5;171.4;4;
cf1c6158-a303-43ac-89eb-9b1db8f96043;2024-01-08T09:16:00Z;171.4;171.5;171.5;171.4;325;
cf1c6158-a303-43ac-89eb-9b1db8f96043;2024-01-08T09:17:00Z;171.4;171.3;171.5;171.3;204;
cf1c6158-a303-43ac-89eb-9b1db8f96043;2024-01-08T09:18:00Z;171.5;171.5;171.5;171.5;18;
cf1c6158-a303-43ac-89eb-9b1db8f96043;2024-01-08T09:19:00Z;171.4;171.5;171.5;171.4;19;
cf1c6158-a303-43ac-89eb-9b1db8f96043;2024-01-08T09:20:00Z;171.4;171.5;171.5;171.4;9;
cf1c6158-a303-43ac-89eb-9b1db8f96043;2024-01-08T09:21:00Z;171.5;171.4;171.5;171.4;178;
cf1c6158-a303-43ac-89eb-9b1db8f96043;2024-01-08T09:22:00Z;171.4;171.4;171.4;171.3;284;
cf1c6158-a303-43ac-89eb-9b1db8f96043;2024-01-08T09:23:00Z;171.4;171.3;171.4;171.3;13;
cf1c6158-a303-43ac-89eb-9b1db8f96043;2024-01-08T09:24:00Z;171.3;171.3;171.3;171.3;96;
cf1c6158-a303-43ac-89eb-9b1db8f96043;2024-01-08T09:25:00Z;171.3;171.3;171.3;171.2;73;
cf1c6158-a303-43ac-89eb-9b1db8f96043;2024-01-08T09:26:00Z;171.2;171.4;171.4;171.2;548;
cf1c6158-a303-43ac-89eb-9b1db8f96043;2024-01-08T09:27:00Z;171.4;171.4;171.4;171.4;22;
cf1c6158-a303-43ac-89eb-9b1db8f96043;2024-01-08T09:28:00Z;171.4;171.3;171.4;171.3;12;
cf1c6158-a303-43ac-89eb-9b1db8f96043;2024-01-08T09:29:00Z;171.4;171.4;171.4;171.4;6;
cf1c6158-a303-43ac-89eb-9b1db8f96043;2024-01-08T09:30:00Z;171.4;171.4;171.4;171.4;61;
cf1c6158-a303-43ac-89eb-9b1db8f96043;2024-01-08T09:31:00Z;171.4;171.3;171.4;171.3;235;
cf1c6158-a303-43ac-89eb-9b1db8f96043;2024-01-08T09:32:00Z;171.4;171.3;171.4;171.3;5;
cf1c6158-a303-43ac-89eb-9b1db8f96043;2024-01-08T09:33:00Z;171.3;171.2;171.3;171.2;311;
cf1c6158-a303-43ac-89eb-9b1db8f96043;2024-01-08T09:34:00Z;171.2;171.2;171.4;171.2;13;
cf1c6158-a303-43ac-89eb-9b1db8f96043;2024-01-08T09:37:00Z;171.3;171.2;171.3;171.2;3;
cf1c6158-a303-43ac-89eb-9b1db8f96043;2024-01-08T09:38:00Z;171.4;171.4;171.4;171.4;2;
cf1c6158-a303-43ac-89eb-9b1db8f96043;2024-01-08T09:39:00Z;171.2;171.2;171.2;171.2;2;
cf1c6158-a303-43ac-89eb-9b1db8f96043;2024-01-08T09:40:00Z;171.4;171.4;171.4;171.2;26;
cf1c6158-a303-43ac-89eb-9b1db8f96043;2024-01-08T09:41:00Z;171.4;171.4;171.4;171.4;32;
cf1c6158-a303-43ac-89eb-9b1db8f96043;2024-01-08T09:42:00Z;171.3;171.3;171.4;171.3;13;
cf1c6158-a303-43ac-89eb-9b1db8f96043;2024-01-08T09:43:00Z;171.3;171.4;171.4;171.2;289;
cf1c6158-a303-43ac-89eb-9b1db8f96043;2024-01-08T09:44:00Z;171.4;171.4;171.4;171.3;85;
cf1c6158-a303-43ac-89eb-9b1db8f96043;2024-01-08T09:45:00Z;171.3;171.4;171.4;171.3;26;
cf1c6158-a303-43ac-89eb-9b1db8f96043;2024-01-08T09:46:00Z;171.4;171.4;171.4;171.4;30;
cf1c6158-a303-43ac-89eb-9b1db8f96043;2024-01-08T09:47:00Z;171.5;171.5;171.5;171.5;29;
cf1c6158-a303-43ac-89eb-9b1db8f96043;2024-01-08T09:48:00Z;171.5;171.5;171.5;171.4;10;
cf1c6158-a303-43ac-89eb-9b1db8f96043;2024-01-08T09:49:00Z;171.5;171.6;171.6;171.5;295;
cf1c6158-a303-43ac-89eb-9b1db8f96043;2024-01-08T09:50:00Z;171.6;171.5;171.6;171.5;2;
cf1c6158-a303-43ac-89eb-9b1db8f96043;2024-01-08T09:51:00Z;171.6;171.5;171.6;171.5;324;
cf1c6158-a303-43ac-89eb-9b1db8f96043;2024-01-08T09:52:00Z;171.5;171.5;171.5;171.4;44;
cf1c6158-a303-43ac-89eb-9b1db8f96043;2024-01-08T09:53:00Z;171.4;171.3;171.5;171.3;114;
cf1c6158-a303-43ac-89eb-9b1db8f96043;2024-01-08T09:54:00Z;171.3;171.5;171.5;171.3;27;
cf1c6158-a303-43ac-89eb-9b1db8f96043;2024-01-08T09:55:00Z;171.3;171.5;171.5;171.3;667;
cf1c6158-a303-43ac-89eb-9b1db8f96043;2024-01-08T09:56:00Z;171.5;171.3;171.5;171.3;102;
cf1c6158-a303-43ac-89eb-9b1db8f96043;2024-01-08T09:57:00Z;171.5;171.5;171.5;171.5;388;
cf1c6158-a303-43ac-89eb-9b1db8f96043;2024-01-08T09:58:00Z;171.6;171.6;171.6;171.6;4;
cf1c6158-a303-43ac-89eb-9b1db8f96043;2024-01-08T09:59:00Z;171.6;171.6;171.6;171.5;14;
cf1c6158-a303-43ac-89eb-9b1db8f96043;2024-01-08T10:00:00Z;171.5;171.5;171.6;171.5;376;
cf1c6158-a303-43ac-89eb-9b1db8f96043;2024-01-08T10:01:00Z;171.6;171.3;171.6;171.3;780;
cf1c6158-a303-43ac-89eb-9b1db8f96043;2024-01-08T10:02:00Z;171.5;171.3;171.5;171.3;50;
cf1c6158-a303-43ac-89eb-9b1db8f96043;2024-01-08T10:03:00Z;171.4;171.3;171.4;171.3;5;
cf1c6158-a303-43ac-89eb-9b1db8f96043;2024-01-08T10:04:00Z;171.4;171.3;171.4;171.3;39;
cf1c6158-a303-43ac-89eb-9b1db8f96043;2024-01-08T10:05:00Z;171.3;171.3;171.4;171.3;12;
cf1c6158-a303-43ac-89eb-9b1db8f96043;2024-01-08T10:06:00Z;171.4;171.4;171.4;171.3;21;
cf1c6158-a303-43ac-89eb-9b1db8f96043;2024-01-08T10:07:00Z;171.4;171.3;171.4;171.3;1005;
cf1c6158-a303-43ac-89eb-9b1db8f96043;2024-01-08T10:08:00Z;171.4;171.3;171.4;171.3;41;
cf1c6158-a303-43ac-89eb-9b1db8f96043;2024-01-08T10:09:00Z;171.2;171.3;171.3;171.2;10;
cf1c6158-a303-43ac-89eb-9b1db8f96043;2024-01-08T10:10:00Z;171.3;171.3;171.3;171.2;12;
cf1c6158-a303-43ac-89eb-9b1db8f96043;2024-01-08T10:11:00Z;171.3;171.3;171.3;171.2;50;
cf1c6158-a303-43ac-89eb-9b1db8f96043;2024-01-08T10:12:00Z;171.3;171.2;171.3;171.2;257;
cf1c6158-a303-43ac-89eb-9b1db8f96043;2024-01-08T10:13:00Z;171.3;171.3;171.3;171.3;3;
cf1c6158-a303-43ac-89eb-9b1db8f96043;2024-01-08T10:14:00Z;171.2;171.3;171.3;171.2;11;
cf1c6158-a303-43ac-89eb-9b1db8f96043;2024-01-08T10:15:00Z;171.3;171.3;171.3;171.2;60;
cf1c6158-a303-43ac-89eb-9b1db8f96043;2024-01-08T10:16:00Z;171.3;171.2;171.3;171.2;26;
cf1c6158-a303-43ac-89eb-9b1db8f96043;2024-01-08T10:17:00Z;171.2;171.3;171.3;171.2;11;
cf1c6158-a303-43ac-89eb-9b1db8f96043;2024-01-08T10:18:00Z;171.2;171.3;171.3;171.2;24;
cf1c6158-a303-43ac-89eb-9b1db8f96043;2024-01-08T10:19:00Z;171.4;171.4;171.4;171.4;60;
cf1c6158-a303-43ac-89eb-9b1db8f96043;2024-01-08T10:20:00Z;171.4;171.3;171.4;171.3;12;
cf1c6158-a303-43ac-89eb-9b1db8f96043;2024-01-08T10:21:00Z;171.4;171.4;171.4;171.4;827;
cf1c6158-a303-43ac-89eb-9b1db8f96043;2024-01-08T10:22:00Z;171.4;171.4;171.4;171.4;10;
cf1c6158-a303-43ac-89eb-9b1db8f96043;2024-01-08T10:23:00Z;171.4;171.5;171.5;171.3;33;
cf1c6158-a303-43ac-89eb-9b1db8f96043;2024-01-08T10:24:00Z;171.6;171.6;171.6;171.6;1;
cf1c6158-a303-43ac-89eb-9b1db8f96043;2024-01-08T10:25:00Z;171.6;171.6;171.6;171.5;208;
cf1c6158-a303-43ac-89eb-9b1db8f96043;2024-01-08T10:26:00Z;171.5;171.6;171.6;171.5;21;
cf1c6158-a303-43ac-89eb-9b1db8f96043;2024-01-08T10:27:00Z;171.6;171.6;171.6;171.5;36;
cf1c6158-a303-43ac-89eb-9b1db8f96043;2024-01-08T10:28:00Z;171.5;171.3;171.5;171.3;73;
cf1c6158-a303-43ac-89eb-9b1db8f96043;2024-01-08T10:31:00Z;171.3;171.7;171.7;171.3;573;
cf1c6158-a303-43ac-89eb-9b1db8f96043;2024-01-08T10:32:00Z;171.7;171.7;171.7;171.7;12;
cf1c6158-a303-43ac-89eb-9b1db8f96043;2024-01-08T10:33:00Z;171.5;171.6;171.6;171.5;20;
cf1c6158-a303-43ac-89eb-9b1db8f96043;2024-01-08T10:34:00Z;171.5;171.5;171.5;171.5;1;
cf1c6158-a303-43ac-89eb-9b1db8f96043;2024-01-08T10:35:00Z;171.5;171.5;171.5;171.4;29;
cf1c6158-a303-43ac-89eb-9b1db8f96043;2024-01-08T10:36:00Z;171.5;171.5;171.5;171.5;11;
cf1c6158-a303-43ac-89eb-9b1db8f96043;2024-01-08T10:37:00Z;171.5;171.4;171.5;171.4;28;
cf1c6158-a303-43ac-89eb-9b1db8f96043;2024-01-08T10:38:00Z;171.4;171.5;171.5;171.4;29;
cf1c6158-a303-43ac-89eb-9b1db8f96043;2024-01-08T10:39:00Z;171.5;171.5;171.5;171.5;52;
cf1c6158-a303-43ac-89eb-9b1db8f96043;2024-01-08T10:41:00Z;171.5;171.4;171.5;171.4;8;
cf1c6158-a303-43ac-89eb-9b1db8f96043;2024-01-08T10:42:00Z;171.5;171.4;171.5;171.4;14;
cf1c6158-a303-43ac-89eb-9b1db8f96043;2024-01-08T10:43:00Z;171.5;171.5;171.5;171.5;1;
cf1c6158-a303-43ac-89eb-9b1db8f96043;2024-01-08T10:44:00Z;171.4;171.5;171.5;171.4;8;
cf1c6158-a303-43ac-89eb-9b1db8f96043;2024-01-08T10:45:00Z;171.4;171.4;171.4;171.4;30;
cf1c6158-a303-43ac-89eb-9b1db8f96043;2024-01-08T10:46:00Z;171.5;171.5;171.5;171.4;37;
cf1c6158-a303-43ac-89eb-9b1db8f96043;2024-01-08T10:47:00Z;171.5;171.5;171.5;171.5;1;
cf1c6158-a303-43ac-89eb-9b1db8f96043;2024-01-08T10:48:00Z;171.5;171.5;171.5;171.4;121;
cf1c6158-a303-43ac-89eb-9b1db8f96043;2024-01-08T10:49:00Z;171.5;171.5;171.5;171.5;2;
cf1c6158-a303-43ac-89eb-9b1db8f96043;2024-01-08T10:50:00Z;171.4;171.4;171.4;171.4;2;
cf1c6158-a303-43ac-89eb-9b1db8f96043;2024-01-08T10:51:00Z;171.4;171.5;171.5;171.4;67;
cf1c6158-a303-43ac-89eb-9b1db8f96043;2024-01-08T10:52:00Z;171.5;171.4;171.5;171.4;120;
cf1c6158-a303-43ac-89eb-9b1db8f96043;2024-01-08T10:53:00Z;171.4;171.3;171.4;171.3;161;
cf1c6158-a303-43ac-89eb-9b1db8f96043;2024-01-08T10:54:00Z;171.3;171.3;171.3;171.3;1;
cf1c6158-a303-43ac-89eb-9b1db8f96043;2024-01-08T10:55:00Z;171.3;171.3;171.3;171.2;109;
cf1c6158-a303-43ac-89eb-9b1db8f96043;2024-01-08T10:56:00Z;171.2;171.3;171.3;171.2;45;
cf1c6158-a303-43ac-89eb-9b1db8f96043;2024-01-08T10:57:00Z;171.2;171.2;171.3;171.2;11;
cf1c6158-a303-43ac-89eb-9b1db8f96043;2024-01-08T10:58:00Z;171.3;171.3;171.3;171.2;1179;
cf1c6158-a303-43ac-89eb-9b1db8f96043;2024-01-08T10:59:00Z;171.2;171.3;171.3;171.1;1036;
cf1c6158-a303-43ac-89eb-9b1db8f96043;2024-01-08T11:00:00Z;171.3;171.3;171.3;171.3;346;
cf1c6158-a303-43ac-89eb-9b1db8f96043;2024-01-08T11:01:00Z;171.3;171.2;171.3;171.2;172;
cf1c6158-a303-43ac-89eb-9b1db8f96043;2024-01-08T11:02:00Z;171.2;171.1;171.2;171.1;76;
cf1c6158-a303-43ac-89eb-9b1db8f96043;2024-01-08T11:03:00Z;171.2;171.2;171.2;171.2;9;
cf1c6158-a303-43ac-89eb-9b1db8f96043;2024-01-08T11:04:00Z;171.1;171.2;171.2;171.1;47;
cf1c6158-a303-43ac-89eb-9b1db8f96043;2024-01-08T11:05:00Z;171.1;171.2;171.2;171.1;553;
cf1c6158-a303-43ac-89eb-9b1db8f96043;2024-01-08T11:06:00Z;171.1;171.2;171.2;171.1;317;
cf1c6158-a303-43ac-89eb-9b1db8f96043;2024-01-08T11:07:00Z;171.2;171.2;171.2;171.1;19;
cf1c6158-a303-43ac-89eb-9b1db8f96043;2024-01-08T11:08:00Z;171.1;171.2;171.2;171.1;6;
cf1c6158-a303-43ac-89eb-9b1db8f96043;2024-01-08T11:09:00Z;171.2;171.1;171.2;171.1;90;
cf1c6158-a303-43ac-89eb-9b1db8f96043;2024-01-08T11:10:00Z;171.2;171.4;171.4;171.2;61;
cf1c6158-a303-43ac-89eb-9b1db8f96043;2024-01-08T11:11:00Z;171.4;171.4;171.4;171.4;21;
cf1c6158-a303-43ac-89eb-9b1db8f96043;2024-01-08T11:12:00Z;171.4;171.4;171.4;171.4;12;
cf1c6158-a303-43ac-89eb-9b1db8f96043;2024-01-08T11:13:00Z;171.3;171.2;171.3;171.2;1269;
cf1c6158-a303-43ac-89eb-9b1db8f96043;2024-01-08T11:14:00Z;171.2;171.1;171.2;171.1;256;
cf1c6158-a303-43ac-89eb-9b1db8f96043;2024-01-08T11:15:00Z;171.1;171.1;171.2;171.1;151;
cf1c6158-a303-43ac-89eb-9b1db8f96043;2024-01-08T11:16:00Z;171.2;171.1;171.2;171.1;64;
cf1c6158-a303-43ac-89eb-9b1db8f96043;2024-01-08T11:17:00Z;171.2;171.2;171.2;171.2;9;
cf1c6158-a303-43ac-89eb-9b1db8f96043;2024-01-08T11:18:00Z;171.2;171.2;171.2;171.2;3;
cf1c6158-a303-43ac-89eb-9b1db8f96043;2024-01-08T11:19:00Z;171.4;171.4;171.4;171.4;3;
cf1c6158-a303-43ac-89eb-9b1db8f96043;2024-01-08T11:20:00Z;171.3;171.1;171.3;171.1;25;
cf1c6158-a303-43ac-89eb-9b1db8f96043;2024-01-08T11:21:00Z;171.1;171.4;171.4;171.1;2;
cf1c6158-a303-43ac-89eb-9b1db8f96043;2024-01-08T11:22:00Z;171.4;171.4;171.4;171.1;17;
cf1c6158-a303-43ac-89eb-9b1db8f96043;2024-01-08T11:23:00Z;171.5;171.5;171.5;171.5;1;
cf1c6158-a303-43ac-89eb-9b1db8f96043;2024-01-08T11:24:00Z;171.5;171.5;171.5;171.5;31;
cf1c6158-a303-43ac-89eb-9b1db8f96043;2024-01-08T11:25:00Z;171.5;171.4;171.5;171.4;21;
cf1c6158-a303-43ac-89eb-9b1db8f96043;2024-01-08T11:26:00Z;171.5;171.5;171.5;171.5;5;
cf1c6158-a303-43ac-89eb-9b1db8f96043;2024-01-08T11:27:00Z;171.4;171.5;171.5;171.4;24;
cf1c6158-a303-43ac-89eb-9b1db8f96043;2024-01-08T11:28:00Z;171.4;171.5;171.5;171.4;7;
cf1c6158-a303-43ac-89eb-9b1db8f96043;2024-01-08T11:29:00Z;171.3;171.3;171.3;171.3;12;
cf1c6158-a303-43ac-89eb-9b1db8f96043;2024-01-08T11:30:00Z;171.5;171.5;171.5;171.3;43;
cf1c6158-a303-43ac-89eb-9b1db8f96043;2024-01-08T11:31:00Z;171.3;171.5;171.5;171.3;72;
cf1c6158-a303-43ac-89eb-9b1db8f96043;2024-01-08T11:33:00Z;171.5;171.5;171.5;171.5;20;
cf1c6158-a303-43ac-89eb-9b1db8f96043;2024-01-08T11:34:00Z;171.5;171.6;171.6;171.5;202;
cf1c6158-a303-43ac-89eb-9b1db8f96043;2024-01-08T11:35:00Z;171.3;171.3;171.3;171.3;4;
cf1c6158-a303-43ac-89eb-9b1db8f96043;2024-01-08T11:36:00Z;171.3;171.3;171.3;171.3;180;
cf1c6158-a303-43ac-89eb-9b1db8f96043;2024-01-08T11:37:00Z;171.5;171.5;171.5;171.5;5;
cf1c6158-a303-43ac-89eb-9b1db8f96043;2024-01-08T11:38:00Z;171.3;171.3;171.3;171.3;250;
cf1c6158-a303-43ac-89eb-9b1db8f96043;2024-01-08T11:39:00Z;171.5;171.5;171.5;171.5;1;
cf1c6158-a303-43ac-89eb-9b1db8f96043;2024-01-08T11:40:00Z;171.5;171.3;171.5;171.3;9;
cf1c6158-a303-43ac-89eb-9b1db8f96043;2024-01-08T11:41:00Z;171.3;171.3;171.5;171.3;403;
cf1c6158-a303-43ac-89eb-9b1db8f96043;2024-01-08T11:43:00Z;171.5;171.5;171.5;171.5;105;
cf1c6158-a303-43ac-89eb-9b1db8f96043;2024-01-08T11:45:00Z;171.5;171.5;171.5;171.5;5;
cf1c6158-a303-43ac-89eb-9b1db8f96043;2024-01-08T11:46:00Z;171.3;171.3;171.5;171.3;6;
cf1c6158-a303-43ac-89eb-9b1db8f96043;2024-01-08T11:47:00Z;171.5;171.5;171.5;171.5;5;
cf1c6158-a303-43ac-89eb-9b1db8f96043;2024-01-08T11:48:00Z;171.5;171.4;171.5;171.3;225;
cf1c6158-a303-43ac-89eb-9b1db8f96043;2024-01-08T11:49:00Z;171.5;171.3;171.6;171.3;771;
cf1c6158-a303-43ac-89eb-9b1db8f96043;2024-01-08T11:51:00Z;171.6;171.6;171.6;171.6;8;
cf1c6158-a303-43ac-89eb-9b1db8f96043;2024-01-08T11:52:00Z;171.6;171.6;171.6;171.6;10;
cf1c6158-a303-43ac-89eb-9b1db8f96043;2024-01-08T11:53:00Z;171.6;171.6;171.6;171.6;11;
cf1c6158-a303-43ac-89eb-9b1db8f96043;2024-01-08T11:54:00Z;171.4;171.4;171.4;171.4;2;
cf1c6158-a303-43ac-89eb-9b1db8f96043;2024-01-08T11:55:00Z;171.6;171.6;171.6;171.6;283;
cf1c6158-a303-43ac-89eb-9b1db8f96043;2024-01-08T11:56:00Z;171.4;171.7;171.7;171.4;123;
cf1c6158-a303-43ac-89eb-9b1db8f96043;2024-01-08T11:57:00Z;171.7;171.7;171.7;171.7;402;
cf1c6158-a303-43ac-89eb-9b1db8f96043;2024-01-08T11:58:00Z;171.7;171.7;171.7;171.7;518;
cf1c6158-a303-43ac-89eb-9b1db8f96043;2024-01-08T11:59:00Z;171.4;171.4;171.4;171.4;56;
cf1c6158-a303-43ac-89eb-9b1db8f96043;2024-01-08T12:00:00Z;171.7;171.7;171.7;171.7;2;
cf1c6158-a303-43ac-89eb-9b1db8f96043;2024-01-08T12:02:00Z;171.4;171.4;171.6;171.4;82;
cf1c6158-a303-43ac-89eb-9b1db8f96043;2024-01-08T12:04:00Z;171.6;171.6;171.6;171.6;4;
cf1c6158-a303-43ac-89eb-9b1db8f96043;2024-01-08T12:05:00Z;171.7;171.4;171.7;171.4;7;
cf1c6158-a303-43ac-89eb-9b1db8f96043;2024-01-08T12:06:00Z;171.7;171.7;171.7;171.7;954;
cf1c6158-a303-43ac-89eb-9b1db8f96043;2024-01-08T12:07:00Z;171.6;171.7;171.7;171.6;254;
cf1c6158-a303-43ac-89eb-9b1db8f96043;2024-01-08T12:08:00Z;171.7;171.8;171.8;171.6;172;
cf1c6158-a303-43ac-89eb-9b1db8f96043;2024-01-08T12:09:00Z;171.8;171.8;171.8;171.8;15;
cf1c6158-a303-43ac-89eb-9b1db8f96043;2024-01-08T12:10:00Z;171.8;171.8;171.8;171.7;88;
cf1c6158-a303-43ac-89eb-9b1db8f96043;2024-01-08T12:11:00Z;171.8;171.7;171.8;171.7;156;
cf1c6158-a303-43ac-89eb-9b1db8f96043;2024-01-08T12:12:00Z;171.7;171.7;171.8;171.7;53;
cf1c6158-a303-43ac-89eb-9b1db8f96043;2024-01-08T12:13:00Z;171.8;171.7;171.8;171.7;183;
cf1c6158-a303-43ac-89eb-9b1db8f96043;2024-01-08T12:14:00Z;171.7;171.7;171.7;171.7;34;
cf1c6158-a303-43ac-89eb-9b1db8f96043;2024-01-08T12:15:00Z;171.8;171.7;171.8;171.7;31;
cf1c6158-a303-43ac-89eb-9b1db8f96043;2024-01-08T12:16:00Z;171.7;171.6;171.7;171.6;23;
cf1c6158-a303-43ac-89eb-9b1db8f96043;2024-01-08T12:17:00Z;171.7;171.7;171.7;171.7;2;
cf1c6158-a303-43ac-89eb-9b1db8f96043;2024-01-08T12:18:00Z;171.7;171.7;171.7;171.7;120;
cf1c6158-a303-43ac-89eb-9b1db8f96043;2024-01-08T12:19:00Z;171.6;171.7;171.7;171.6;8;
cf1c6158-a303-43ac-89eb-9b1db8f96043;2024-01-08T12:20:00Z;171.6;171.7;171.7;171.6;33;
cf1c6158-a303-43ac-89eb-9b1db8f96043;2024-01-08T12:21:00Z;171.6;171.6;171.7;171.6;147;
cf1c6158-a303-43ac-89eb-9b1db8f96043;2024-01-08T12:22:00Z;171.6;171.7;171.7;171.6;15;
cf1c6158-a303-43ac-89eb-9b1db8f96043;2024-01-08T12:23:00Z;171.6;171.6;171.6;171.6;111;
cf1c6158-a303-43ac-89eb-9b1db8f96043;2024-01-08T12:24:00Z;171.7;171.7;171.7;171.6;6;
cf1c6158-a303-43ac-89eb-9b1db8f96043;2024-01-08T12:25:00Z;171.7;171.8;171.8;171.6;17;
cf1c6158-a303-43ac-89eb-9b1db8f96043;2024-01-08T12:26:00Z;171.8;171.8;171.8;171.8;2;
cf1c6158-a303-43ac-89eb-9b1db8f96043;2024-01-08T12:27:00Z;171.6;171.8;171.8;171.6;121;
cf1c6158-a303-43ac-89eb-9b1db8f96043;2024-01-08T12:28:00Z;171.8;171.7;171.8;171.7;24;
cf1c6158-a303-43ac-89eb-9b1db8f96043;2024-01-08T12:29:00Z;171.7;171.8;171.8;171.7;6;
cf1c6158-a303-43ac-89eb-9b1db8f96043;2024-01-08T12:30:00Z;171.8;171.8;171.8;171.8;101;
cf1c6158-a303-43ac-89eb-9b1db8f96043;2024-01-08T12:31:00Z;171.7;171.6;171.7;171.6;500;
cf1c6158-a303-43ac-89eb-9b1db8f96043;2024-01-08T12:32:00Z;171.6;171.6;171.6;171.5;105;
cf1c6158-a303-43ac-89eb-9b1db8f96043;2024-01-08T12:33:00Z;171.5;171.5;171.5;171.5;5;
cf1c6158-a303-43ac-89eb-9b1db8f96043;2024-01-08T12:35:00Z;171.6;171.8;171.8;171.6;6;
cf1c6158-a303-43ac-89eb-9b1db8f96043;2024-01-08T12:36:00Z;171.8;171.8;171.8;171.5;88;
cf1c6158-a303-43ac-89eb-9b1db8f96043;2024-01-08T12:37:00Z;171.8;171.8;171.8;171.8;2;
cf1c6158-a303-43ac-89eb-9b1db8f96043;2024-01-08T12:38:00Z;171.8;171.8;171.8;171.8;3;
cf1c6158-a303-43ac-89eb-9b1db8f96043;2024-01-08T12:40:00Z;171.8;171.6;171.8;171.6;384;
cf1c6158-a303-43ac-89eb-9b1db8f96043;2024-01-08T12:41:00Z;171.8;171.8;171.8;171.8;2;
cf1c6158-a303-43ac-89eb-9b1db8f96043;2024-01-08T12:42:00Z;171.6;171.6;171.6;171.6;8;
cf1c6158-a303-43ac-89eb-9b1db8f96043;2024-01-08T12:43:00Z;171.8;171.8;171.8;171.8;1;
cf1c6158-a303-43ac-89eb-9b1db8f96043;2024-01-08T12:44:00Z;171.8;171.8;171.8;171.8;200;
cf1c6158-a303-43ac-89eb-9b1db8f96043;2024-01-08T12:45:00Z;171.6;171.6;171.6;171.6;180;
cf1c6158-a303-43ac-89eb-9b1db8f96043;2024-01-08T12:47:00Z;171.8;171.6;171.8;171.6;111;
cf1c6158-a303-43ac-89eb-9b1db8f96043;2024-01-08T12:49:00Z;171.8;171.6;171.8;171.6;101;
cf1c6158-a303-43ac-89eb-9b1db8f96043;2024-01-08T12:50:00Z;171.6;171.6;171.6;171.6;30;
cf1c6158-a303-43ac-89eb-9b1db8f96043;2024-01-08T12:51:00Z;171.8;171.8;171.8;171.8;2;
cf1c6158-a303-43ac-89eb-9b1db8f96043;2024-01-08T12:52:00Z;171.8;171.6;171.8;171.6;35;
cf1c6158-a303-43ac-89eb-9b1db8f96043;2024-01-08T12:55:00Z;171.7;171.7;171.7;171.7;6;
cf1c6158-a303-43ac-89eb-9b1db8f96043;2024-01-08T12:56:00Z;171.7;171.7;171.8;171.7;29;
cf1c6158-a303-43ac-89eb-9b1db8f96043;2024-01-08T12:57:00Z;171.7;171.6;171.7;171.6;7;
cf1c6158-a303-43ac-89eb-9b1db8f96043;2024-01-08T12:58:00Z;171.6;171.6;171.6;171.5;248;
cf1c6158-a303-43ac-89eb-9b1db8f96043;2024-01-08T13:00:00Z;171.6;171.5;171.6;171.5;143;
cf1c6158-a303-43ac-89eb-9b1db8f96043;2024-01-08T13:01:00Z;171.6;171.5;171.6;171.5;24;
cf1c6158-a303-43ac-89eb-9b1db8f96043;2024-01-08T13:02:00Z;171.5;171.6;171.6;171.5;7;
cf1c6158-a303-43ac-89eb-9b1db8f96043;2024-01-08T13:03:00Z;171.5;171.5;171.5;171.5;22;
cf1c6158-a303-43ac-89eb-9b1db8f96043;2024-01-08T13:04:00Z;171.6;171.5;171.6;171.5;46;
cf1c6158-a303-43ac-89eb-9b1db8f96043;2024-01-08T13:06:00Z;171.6;171.6;171.6;171.6;1501;
cf1c6158-a303-43ac-89eb-9b1db8f96043;2024-01-08T13:07:00Z;171.6;171.6;171.6;171.6;1;
cf1c6158-a303-43ac-89eb-9b1db8f96043;2024-01-08T13:08:00Z;171.5;171.6;171.6;171.5;23;
cf1c6158-a303-43ac-89eb-9b1db8f96043;2024-01-08T13:09:00Z;171.6;171.6;171.6;171.6;1;
cf1c6158-a303-43ac-89eb-9b1db8f96043;2024-01-08T13:10:00Z;171.6;171.6;171.6;171.5;227;
cf1c6158-a303-43ac-89eb-9b1db8f96043;2024-01-08T13:11:00Z;171.5;171.6;171.6;171.5;11;
cf1c6158-a303-43ac-89eb-9b1db8f96043;2024-01-08T13:12:00Z;171.6;171.5;171.6;171.5;4;
cf1c6158-a303-43ac-89eb-9b1db8f96043;2024-01-08T13:13:00Z;171.6;171.6;171.6;171.6;23;
cf1c6158-a303-43ac-89eb-9b1db8f96043;2024-01-08T13:14:00Z;171.6;171.6;171.6;171.6;26;
cf1c6158-a303-43ac-89eb-9b1db8f96043;2024-01-08T13:15:00Z;171.5;171.6;171.6;171.5;87;
cf1c6158-a303-43ac-89eb-9b1db8f96043;2024-01-08T13:16:00Z;171.6;171.6;171.6;171.6;4;
cf1c6158-a303-43ac-89eb-9b1db8f96043;2024-01-08T13:17:00Z;171.5;171.6;171.6;171.5;25;
cf1c6158-a303-43ac-89eb-9b1db8f96043;2024-01-08T13:18:00Z;171.7;171.7;171.7;171.7;1;
cf1c6158-a303-43ac-89eb-9b1db8f96043;2024-01-08T13:19:00Z;171.6;171.7;171.7;171.6;4;
cf1c6158-a303-43ac-89eb-9b1db8f96043;2024-01-08T13:21:00Z;171.7;171.7;171.7;171.7;60;
cf1c6158-a303-43ac-89eb-9b1db8f96043;2024-01-08T13:23:00Z;171.5;171.5;171.5;171.5;29;
cf1c6158-a303-43ac-89eb-9b1db8f96043;2024-01-08T13:24:00Z;171.5;171.7;171.7;171.5;32;
cf1c6158-a303-43ac-89eb-9b1db8f96043;2024-01-08T13:26:00Z;171.6;171.5;171.6;171.5;21;
cf1c6158-a303-43ac-89eb-9b1db8f96043;2024-01-08T13:27:00Z;171.7;171.7;171.7;171.7;2;
cf1c6158-a303-43ac-89eb-9b1db8f96043;2024-01-08T13:29:00Z;171.5;171.7;171.7;171.5;27;
cf1c6158-a303-43ac-89eb-9b1db8f96043;2024-01-08T13:31:00Z;171.5;171.4;171.5;171.4;440;
cf1c6158-a303-43ac-89eb-9b1db8f96043;2024-01-08T13:32:00Z;171.7;171.5;171.7;171.5;10;
cf1c6158-a303-43ac-89eb-9b1db8f96043;2024-01-08T13:34:00Z;171.5;171.5;171.5;171.5;3;
cf1c6158-a303-43ac-89eb-9b1db8f96043;2024-01-08T13:35:00Z;171.7;171.7;171.7;171.7;5;
cf1c6158-a303-43ac-89eb-9b1db8f96043;2024-01-08T13:36:00Z;171.7;171.7;171.7;171.7;10;
cf1c6158-a303-43ac-89eb-9b1db8f96043;2024-01-08T13:37:00Z;171.5;171.5;171.5;171.5;3;
cf1c6158-a303-43ac-89eb-9b1db8f96043;2024-01-08T13:38:00Z;171.7;171.7;171.7;171.7;56;
cf1c6158-a303-43ac-89eb-9b1db8f96043;2024-01-08T13:39:00Z;171.7;171.7;171.7;171.4;633;
cf1c6158-a303-43ac-89eb-9b1db8f96043;2024-01-08T13:40:00Z;171.7;171.7;171.7;171.7;200;
cf1c6158-a303-43ac-89eb-9b1db8f96043;2024-01-08T13:41:00Z;171.7;171.5;171.7;171.5;18;
cf1c6158-a303-43ac-89eb-9b1db8f96043;2024-01-08T13:42:00Z;171.7;171.7;171.7;171.7;25;
cf1c6158-a303-43ac-89eb-9b1db8f96043;2024-01-08T13:43:00Z;171.5;171.5;171.5;171.5;2;
cf1c6158-a303-43ac-89eb-9b1db8f96043;2024-01-08T13:46:00Z;171.7;171.7;171.7;171.7;6;
cf1c6158-a303-43ac-89eb-9b1db8f96043;2024-01-08T13:47:00Z;171.5;171.5;171.5;171.5;15;
cf1c6158-a303-43ac-89eb-9b1db8f96043;2024-01-08T13:48:00Z;171.7;171.7;171.7;171.7;70;
cf1c6158-a303-43ac-89eb-9b1db8f96043;2024-01-08T13:49:00Z;171.7;171.7;171.7;171.7;5;
cf1c6158-a303-43ac-89eb-9b1db8f96043;2024-01-08T13:51:00Z;171.5;171.5;171.5;171.5;1;
cf1c6158-a303-43ac-89eb-9b1db8f96043;2024-01-08T13:52:00Z;171.6;171.6;171.6;171.5;38;
cf1c6158-a303-43ac-89eb-9b1db8f96043;2024-01-08T13:53:00Z;171.6;171.5;171.6;171.5;3;
cf1c6158-a303-43ac-89eb-9b1db8f96043;2024-01-08T13:54:00Z;171.6;171.6;171.6;171.6;1;
cf1c6158-a303-43ac-89eb-9b1db8f96043;2024-01-08T13:55:00Z;171.6;171.6;171.6;171.5;15;
cf1c6158-a303-43ac-89eb-9b1db8f96043;2024-01-08T13:56:00Z;171.5;171.4;171.6;171.4;133;
cf1c6158-a303-43ac-89eb-9b1db8f96043;2024-01-08T13:58:00Z;171.6;171.6;171.6;171.6;12;
cf1c6158-a303-43ac-89eb-9b1db8f96043;2024-01-08T14:01:00Z;171.6;171.4;171.6;171.4;16;
cf1c6158-a303-43ac-89eb-9b1db8f96043;2024-01-08T14:02:00Z;171.4;171.4;171.4;171.4;25;
cf1c6158-a303-43ac-89eb-9b1db8f96043;2024-01-08T14:03:00Z;171.4;171.6;171.6;171.4;190;
cf1c6158-a303-43ac-89eb-9b1db8f96043;2024-01-08T14:04:00Z;171.4;171.7;171.7;171.4;509;
cf1c6158-a303-43ac-89eb-9b1db8f96043;2024-01-08T14:06:00Z;171.4;171.6;171.6;171.4;517;
cf1c6158-a303-43ac-89eb-9b1db8f96043;2024-01-08T14:07:00Z;171.6;171.6;171.6;171.6;1;
cf1c6158-a303-43ac-89eb-9b1db8f96043;2024-01-08T14:08:00Z;171.6;171.6;171.6;171.6;122;
cf1c6158-a303-43ac-89eb-9b1db8f96043;2024-01-08T14:09:00Z;171.4;171.5;171.5;171.3;14;
cf1c6158-a303-43ac-89eb-9b1db8f96043;2024-01-08T14:10:00Z;171.5;171.7;171.7;171.5;1000;
cf1c6158-a303-43ac-89eb-9b1db8f96043;2024-01-08T14:11:00Z;171.6;171.6;171.6;171.6;8;
cf1c6158-a303-43ac-89eb-9b1db8f96043;2024-01-08T14:14:00Z;171.6;171.6;171.6;171.6;100;
cf1c6158-a303-43ac-89eb-9b1db8f96043;2024-01-08T14:15:00Z;171.6;171.6;171.6;171.6;15;
cf1c6158-a303-43ac-89eb-9b1db8f96043;2024-01-08T14:16:00Z;171.4;171.4;171.4;171.4;2;
cf1c6158-a303-43ac-89eb-9b1db8f96043;2024-01-08T14:17:00Z;171.6;171.4;171.6;171.4;9;
cf1c6158-a303-43ac-89eb-9b1db8f96043;2024-01-08T14:19:00Z;171.6;171.4;171.6;171.4;2;
cf1c6158-a303-43ac-89eb-9b1db8f96043;2024-01-08T14:20:00Z;171.6;171.4;171.6;171.4;6;
cf1c6158-a303-43ac-89eb-9b1db8f96043;2024-01-08T14:21:00Z;171.6;171.6;171.6;171.6;6;
cf1c6158-a303-43ac-89eb-9b1db8f96043;2024-01-08T14:22:00Z;171.5;171.6;171.6;171.5;112;
cf1c6158-a303-43ac-89eb-9b1db8f96043;2024-01-08T14:23:00Z;171.4;171.6;171.6;171.4;3;
cf1c6158-a303-43ac-89eb-9b1db8f96043;2024-01-08T14:25:00Z;171.4;171.4;171.4;171.4;11;
cf1c6158-a303-43ac-89eb-9b1db8f96043;2024-01-08T14:29:00Z;171.4;171.4;171.4;171.4;1;
cf1c6158-a303-43ac-89eb-9b1db8f96043;2024-01-08T14:31:00Z;171.4;171.4;171.4;171.4;5;
cf1c6158-a303-43ac-89eb-9b1db8f96043;2024-01-08T14:32:00Z;171.6;171.6;171.6;171.6;14;
cf1c6158-a303-43ac-89eb-9b1db8f96043;2024-01-08T14:33:00Z;171.6;171.6;171.6;171.6;1;
cf1c6158-a303-43ac-89eb-9b1db8f96043;2024-01-08T14:34:00Z;171.4;171.5;171.5;171.4;45;
cf1c6158-a303-43ac-89eb-9b1db8f96043;2024-01-08T14:35:00Z;171.5;171.5;171.5;171.5;71;
cf1c6158-a303-43ac-89eb-9b1db8f96043;2024-01-08T14:36:00Z;171.5;171.5;171.5;171.5;6;
cf1c6158-a303-43ac-89eb-9b1db8f96043;2024-01-08T14:37:00Z;171.4;171.4;171.4;171.4;12;
cf1c6158-a303-43ac-89eb-9b1db8f96043;2024-01-08T14:38:00Z;171.4;171.5;171.5;171.4;6;
cf1c6158-a303-43ac-89eb-9b1db8f96043;2024-01-08T14:39:00Z;171.4;171.5;171.5;171.4;282;
cf1c6158-a303-43ac-89eb-9b1db8f96043;2024-01-08T14:40:00Z;171.4;171.4;171.4;171.4;30;
cf1c6158-a303-43ac-89eb-9b1db8f96043;2024-01-08T14:41:00Z;171.4;171.4;171.4;171.4;7;
cf1c6158-a303-43ac-89eb-9b1db8f96043;2024-01-08T14:42:00Z;171.5;171.5;171.5;171.5;2;
cf1c6158-a303-43ac-89eb-9b1db8f96043;2024-01-08T14:43:00Z;171.4;171.5;171.5;171.3;50;
cf1c6158-a303-43ac-89eb-9b1db8f96043;2024-01-08T14:44:00Z;171.5;171.5;171.5;171.5;5;
cf1c6158-a303-43ac-89eb-9b1db8f96043;2024-01-08T14:45:00Z;171.5;171.5;171.5;171.5;9;
cf1c6158-a303-43ac-89eb-9b1db8f96043;2024-01-08T14:46:00Z;171.4;171.4;171.4;171.4;5;
cf1c6158-a303-43ac-89eb-9b1db8f96043;2024-01-08T14:47:00Z;171.5;171.5;171.5;171.5;3;
cf1c6158-a303-43ac-89eb-9b1db8f96043;2024-01-08T14:48:00Z;171.4;171.4;171.4;171.4;13;
cf1c6158-a303-43ac-89eb-9b1db8f96043;2024-01-08T14:49:00Z;171.5;171.5;171.5;171.4;7;
cf1c6158-a303-43ac-89eb-9b1db8f96043;2024-01-08T14:50:00Z;171.5;171.5;171.5;171.5;51;
cf1c6158-a303-43ac-89eb-9b1db8f96043;2024-01-08T14:51:00Z;171.4;171.5;171.5;171.4;14;
cf1c6158-a303-43ac-89eb-9b1db8f96043;2024-01-08T14:52:00Z;171.4;171.5;171.5;171.4;53;
cf1c6158-a303-43ac-89eb-9b1db8f96043;2024-01-08T14:53:00Z;171.5;171.4;171.5;171.3;57;
cf1c6158-a303-43ac-89eb-9b1db8f96043;2024-01-08T14:54:00Z;171.3;171.4;171.4;171.3;50;
cf1c6158-a303-43ac-89eb-9b1db8f96043;2024-01-08T14:55:00Z;171.3;171.3;171.3;171.3;1402;
cf1c6158-a303-43ac-89eb-9b1db8f96043;2024-01-08T14:56:00Z;171.2;171.2;171.2;171.2;716;
cf1c6158-a303-43ac-89eb-9b1db8f96043;2024-01-08T14:57:00Z;171.3;171.4;171.4;171.3;20;
cf1c6158-a303-43ac-89eb-9b1db8f96043;2024-01-08T14:58:00Z;171.4;171.3;171.4;171.3;3;
cf1c6158-a303-43ac-89eb-9b1db8f96043;2024-01-08T14:59:00Z;171.4;171.4;171.4;171.3;6;
cf1c6158-a303-43ac-89eb-9b1db8f96043;2024-01-08T15:00:00Z;171.4;171.4;171.4;171.4;16;
cf1c6158-a303-43ac-89eb-9b1db8f96043;2024-01-08T15:01:00Z;171.3;171.2;171.3;171.2;119;
cf1c6158-a303-43ac-89eb-9b1db8f96043;2024-01-08T15:02:00Z;171.4;171.4;171.4;171.4;10;
cf1c6158-a303-43ac-89eb-9b1db8f96043;2024-01-08T15:03:00Z;171.3;171.4;171.4;171.3;33;
cf1c6158-a303-43ac-89eb-9b1db8f96043;2024-01-08T15:04:00Z;171.4;171.3;171.4;171.3;38;
cf1c6158-a303-43ac-89eb-9b1db8f96043;2024-01-08T15:05:00Z;171.3;171.4;171.4;171.3;7;
cf1c6158-a303-43ac-89eb-9b1db8f96043;2024-01-08T15:06:00Z;171.4;171.3;171.4;171.3;9;
cf1c6158-a303-43ac-89eb-9b1db8f96043;2024-01-08T15:07:00Z;171.4;171.4;171.4;171.3;81;
cf1c6158-a303-43ac-89eb-9b1db8f96043;2024-01-08T15:08:00Z;171.4;171.4;171.4;171.3;31;
cf1c6158-a303-43ac-89eb-9b1db8f96043;2024-01-08T15:09:00Z;171.4;171.4;171.4;171.2;177;
cf1c6158-a303-43ac-89eb-9b1db8f96043;2024-01-08T15:10:00Z;171.4;171.4;171.4;171.3;33;
cf1c6158-a303-43ac-89eb-9b1db8f96043;2024-01-08T15:11:00Z;171.4;171.4;171.4;171.4;33;
cf1c6158-a303-43ac-89eb-9b1db8f96043;2024-01-08T15:12:00Z;171.3;171.3;171.4;171.3;20;
cf1c6158-a303-43ac-89eb-9b1db8f96043;2024-01-08T15:13:00Z;171.4;171.4;171.4;171.4;17;
cf1c6158-a303-43ac-89eb-9b1db8f96043;2024-01-08T15:14:00Z;171.4;171.4;171.4;171.4;3;
cf1c6158-a303-43ac-89eb-9b1db8f96043;2024-01-08T15:15:00Z;171.3;171.2;171.3;171.2;71;
cf1c6158-a303-43ac-89eb-9b1db8f96043;2024-01-08T15:16:00Z;171.4;171.4;171.4;171.4;7;
cf1c6158-a303-43ac-89eb-9b1db8f96043;2024-01-08T15:17:00Z;171.4;171.4;171.4;171.4;16;
cf1c6158-a303-43ac-89eb-9b1db8f96043;2024-01-08T15:18:00Z;171.4;171.4;171.4;171.4;88;
cf1c6158-a303-43ac-89eb-9b1db8f96043;2024-01-08T15:19:00Z;171.4;171.4;171.4;171.4;4;
cf1c6158-a303-43ac-89eb-9b1db8f96043;2024-01-08T15:20:00Z;171.4;171.4;171.4;171.4;106;
cf1c6158-a303-43ac-89eb-9b1db8f96043;2024-01-08T15:21:00Z;171.4;171.4;171.4;171.4;20;
cf1c6158-a303-43ac-89eb-9b1db8f96043;2024-01-08T15:24:00Z;171.3;171.3;171.3;171.3;1;
cf1c6158-a303-43ac-89eb-9b1db8f96043;2024-01-08T15:25:00Z;171.4;171.3;171.4;171.3;133;
cf1c6158-a303-43ac-89eb-9b1db8f96043;2024-01-08T15:26:00Z;171.3;171.3;171.3;171.3;41;
cf1c6158-a303-43ac-89eb-9b1db8f96043;2024-01-08T15:28:00Z;171.3;171.4;171.4;171.2;1000;
cf1c6158-a303-43ac-89eb-9b1db8f96043;2024-01-08T15:29:00Z;171.3;171.4;171.4;171.3;38;
cf1c6158-a303-43ac-89eb-9b1db8f96043;2024-01-08T15:30:00Z;171.4;171.3;171.4;171.3;20;
cf1c6158-a303-43ac-89eb-9b1db8f96043;2024-01-08T15:32:00Z;171.4;171.3;171.4;171.3;55;
cf1c6158-a303-43ac-89eb-9b1db8f96043;2024-01-08T15:33:00Z;171.4;171.4;171.4;171.4;9;
cf1c6158-a303-43ac-89eb-9b1db8f96043;2024-01-08T15:34:00Z;171.4;171.4;171.4;171.4;81;
cf1c6158-a303-43ac-89eb-9b1db8f96043;2024-01-08T15:35:00Z;171.3;171.3;171.8;171.1;7471;
cf1c6158-a303-43ac-89eb-9b1db8f96043;2024-01-08T15:36:00Z;171.4;171.3;171.4;171.3;301;
cf1c6158-a303-43ac-89eb-9b1db8f96043;2024-01-08T15:37:00Z;171.3;171.3;171.3;171.3;10;
cf1c6158-a303-43ac-89eb-9b1db8f96043;2024-01-08T15:38:00Z;171.3;171.3;171.3;171.2;77;
cf1c6158-a303-43ac-89eb-9b1db8f96043;2024-01-08T15:39:00Z;171.3;171.3;171.3;171.3;1;
cf1c6158-a303-43ac-89eb-9b1db8f96043;2024-01-08T15:45:00Z;171.3;171.3;171.3;171.3;591;
cf1c6158-a303-43ac-89eb-9b1db8f96043;2024-01-08T15:47:00Z;171.3;171.3;171.3;171.3;1;
cf1c6158-a303-43ac-89eb-9b1db8f96043;2024-01-08T15:49:00Z;171.3;171.3;171.3;171.3;2;
cf1c6158-a303-43ac-89eb-9b1db8f96043;2024-01-08T16:04:00Z;171;171;171;171;741;
cf1c6158-a303-43ac-89eb-9b1db8f96043;2024-01-08T16:06:00Z;171.5;171.5;171.5;171.5;3;
cf1c6158-a303-43ac-89eb-9b1db8f96043;2024-01-08T16:07:00Z;171.5;171.5;171.5;171.5;18;
cf1c6158-a303-43ac-89eb-9b1db8f96043;2024-01-08T16:08:00Z;171.4;171.5;171.5;171.4;9;
cf1c6158-a303-43ac-89eb-9b1db8f96043;2024-01-08T16:09:00Z;171.5;171.4;171.5;171.4;323;
cf1c6158-a303-43ac-89eb-9b1db8f96043;2024-01-08T16:14:00Z;171.4;171.5;171.5;171.4;18;
cf1c6158-a303-43ac-89eb-9b1db8f96043;2024-01-08T16:15:00Z;171.4;171.4;171.4;171.4;127;
cf1c6158-a303-43ac-89eb-9b1db8f96043;2024-01-08T16:16:00Z;171.5;171.5;171.5;171.5;15;
cf1c6158-a303-43ac-89eb-9b1db8f96043;2024-01-08T16:17:00Z;171.4;171.5;171.5;171.4;14;
cf1c6158-a303-43ac-89eb-9b1db8f96043;2024-01-08T16:18:00Z;171.5;171.5;171.5;171.4;304;
cf1c6158-a303-43ac-89eb-9b1db8f96043;2024-01-08T16:19:00Z;171.4;171.5;171.5;171.4;21;
cf1c6158-a303-43ac-89eb-9b1db8f96043;2024-01-08T16:20:00Z;171.5;171.8;171.8;171.5;393;
cf1c6158-a303-43ac-89eb-9b1db8f96043;2024-01-08T16:21:00Z;171.8;171.8;171.8;171.8;1;
cf1c6158-a303-43ac-89eb-9b1db8f96043;2024-01-08T16:22:00Z;171.7;171.7;171.7;171.7;212;
cf1c6158-a303-43ac-89eb-9b1db8f96043;2024-01-08T16:23:00Z;171.8;171.7;171.8;171.7;10;
cf1c6158-a303-43ac-89eb-9b1db8f96043;2024-01-08T16:24:00Z;171.8;171.8;171.8;171.7;439;
cf1c6158-a303-43ac-89eb-9b1db8f96043;2024-01-08T16:25:00Z;171.8;171.8;171.8;171.8;5;
cf1c6158-a303-43ac-89eb-9b1db8f96043;2024-01-08T16:26:00Z;171.8;171.8;171.8;171.8;52;
cf1c6158-a303-43ac-89eb-9b1db8f96043;2024-01-08T16:27:00Z;171.5;171.5;171.5;171.5;375;
cf1c6158-a303-43ac-89eb-9b1db8f96043;2024-01-08T16:28:00Z;171.5;171.5;171.5;171.5;5;
cf1c6158-a303-43ac-89eb-9b1db8f96043;2024-01-08T16:30:00Z;171.7;171.7;171.7;171.4;28;
cf1c6158-a303-43ac-89eb-9b1db8f96043;2024-01-08T16:31:00Z;171.7;171.7;171.7;171.7;1;
cf1c6158-a303-43ac-89eb-9b1db8f96043;2024-01-08T16:32:00Z;171.7;171.7;171.7;171.7;50;
cf1c6158-a303-43ac-89eb-9b1db8f96043;2024-01-08T16:34:00Z;171.4;171.4;171.4;171.4;1;
cf1c6158-a303-43ac-89eb-9b1db8f96043;2024-01-08T16:35:00Z;171.7;171.7;171.7;171.7;208;
cf1c6158-a303-43ac-89eb-9b1db8f96043;2024-01-08T16:36:00Z;171.7;171.5;171.7;171.5;25;
cf1c6158-a303-43ac-89eb-9b1db8f96043;2024-01-08T16:38:00Z;171.5;171.5;171.5;171.5;7;
cf1c6158-a303-43ac-89eb-9b1db8f96043;2024-01-08T16:39:00Z;171.5;171.8;171.8;171.5;99;
cf1c6158-a303-43ac-89eb-9b1db8f96043;2024-01-08T16:42:00Z;171.7;171.7;171.7;171.7;20;
cf1c6158-a303-43ac-89eb-9b1db8f96043;2024-01-08T16:43:00Z;171.8;171.8;171.8;171.8;11;
cf1c6158-a303-43ac-89eb-9b1db8f96043;2024-01-08T16:44:00Z;171.8;171.8;171.8;171.8;106;
cf1c6158-a303-43ac-89eb-9b1db8f96043;2024-01-08T16:45:00Z;171.8;171.8;171.8;171.8;3;
cf1c6158-a303-43ac-89eb-9b1db8f96043;2024-01-08T16:46:00Z;171.7;171.7;171.8;171.7;107;
cf1c6158-a303-43ac-89eb-9b1db8f96043;2024-01-08T16:47:00Z;171.8;171.8;171.8;171.8;12;
cf1c6158-a303-43ac-89eb-9b1db8f96043;2024-01-08T16:48:00Z;171.8;171.7;171.8;171.7;15;
cf1c6158-a303-43ac-89eb-9b1db8f96043;2024-01-08T16:49:00Z;171.7;171.7;171.7;171.7;35;
cf1c6158-a303-43ac-89eb-9b1db8f96043;2024-01-08T16:50:00Z;171.8;171.8;171.8;171.8;82;
cf1c6158-a303-43ac-89eb-9b1db8f96043;2024-01-08T16:51:00Z;171.8;171.8;171.8;171.7;94;
cf1c6158-a303-43ac-89eb-9b1db8f96043;2024-01-08T16:52:00Z;171.8;171.8;171.8;171.8;13;
cf1c6158-a303-43ac-89eb-9b1db8f96043;2024-01-08T16:54:00Z;171.7;171.6;171.7;171.6;600;
cf1c6158-a303-43ac-89eb-9b1db8f96043;2024-01-08T16:55:00Z;171.8;171.8;171.8;171.8;65;
cf1c6158-a303-43ac-89eb-9b1db8f96043;2024-01-08T16:56:00Z;171.6;171.8;171.8;171.6;2;
cf1c6158-a303-43ac-89eb-9b1db8f96043;2024-01-08T16:57:00Z;171.6;171.6;171.6;171.6;5;
cf1c6158-a303-43ac-89eb-9b1db8f96043;2024-01-08T16:58:00Z;171.8;171.8;171.8;171.8;2;
cf1c6158-a303-43ac-89eb-9b1db8f96043;2024-01-08T16:59:00Z;171.7;171.6;171.7;171.6;140;
cf1c6158-a303-43ac-89eb-9b1db8f96043;2024-01-08T17:00:00Z;171.8;171.8;171.8;171.8;1;
cf1c6158-a303-43ac-89eb-9b1db8f96043;2024-01-08T17:04:00Z;171.8;171.8;171.8;171.8;510;
cf1c6158-a303-43ac-89eb-9b1db8f96043;2024-01-08T17:05:00Z;171.8;171.8;171.8;171.8;500;
cf1c6158-a303-43ac-89eb-9b1db8f96043;2024-01-08T17:06:00Z;171.8;171.8;171.8;171.8;1;
cf1c6158-a303-43ac-89eb-9b1db8f96043;2024-01-08T17:08:00Z;171.8;171.8;171.8;171.6;501;
cf1c6158-a303-43ac-89eb-9b1db8f96043;2024-01-08T17:11:00Z;171.7;171.7;171.7;171.7;1;
cf1c6158-a303-43ac-89eb-9b1db8f96043;2024-01-08T17:12:00Z;171.8;171.8;171.8;171.8;2;
cf1c6158-a303-43ac-89eb-9b1db8f96043;2024-01-08T17:13:00Z;171.7;171.9;171.9;171.7;598;
cf1c6158-a303-43ac-89eb-9b1db8f96043;2024-01-08T17:14:00Z;171.7;171.7;171.7;171.7;2;
cf1c6158-a303-43ac-89eb-9b1db8f96043;2024-01-08T17:17:00Z;171.8;171.8;171.8;171.8;1;
cf1c6158-a303-43ac-89eb-9b1db8f96043;2024-01-08T17:19:00Z;171.8;171.8;171.8;171.8;2;
cf1c6158-a303-43ac-89eb-9b1db8f96043;2024-01-08T17:20:00Z;171.7;171.7;171.7;171.7;4;
cf1c6158-a303-43ac-89eb-9b1db8f96043;2024-01-08T17:23:00Z;171.7;171.6;171.7;171.6;11;
cf1c6158-a303-43ac-89eb-9b1db8f96043;2024-01-08T17:24:00Z;171.7;171.7;171.8;171.7;681;
cf1c6158-a303-43ac-89eb-9b1db8f96043;2024-01-08T17:27:00Z;171.7;171.7;171.7;171.6;326;
cf1c6158-a303-43ac-89eb-9b1db8f96043;2024-01-08T17:28:00Z;171.7;171.7;171.7;171.7;10;
cf1c6158-a303-43ac-89eb-9b1db8f96043;2024-01-08T17:29:00Z;171.6;171.6;171.6;171.6;1;
cf1c6158-a303-43ac-89eb-9b1db8f96043;2024-01-08T17:30:00Z;171.6;171.7;171.7;171.6;42;
cf1c6158-a303-43ac-89eb-9b1db8f96043;2024-01-08T17:31:00Z;171.6;171.7;171.7;171.6;2;
cf1c6158-a303-43ac-89eb-9b1db8f96043;2024-01-08T17:32:00Z;171.7;171.7;171.7;171.7;1;
cf1c6158-a303-43ac-89eb-9b1db8f96043;2024-01-08T17:33:00Z;171.6;171.6;171.6;171.6;4;
cf1c6158-a303-43ac-89eb-9b1db8f96043;2024-01-08T17:34:00Z;171.7;171.7;171.7;171.7;13;
cf1c6158-a303-43ac-89eb-9b1db8f96043;2024-01-08T17:36:00Z;171.7;171.7;171.7;171.7;1;
cf1c6158-a303-43ac-89eb-9b1db8f96043;2024-01-08T17:38:00Z;171.6;171.6;171.6;171.6;10;
cf1c6158-a303-43ac-89eb-9b1db8f96043;2024-01-08T17:39:00Z;171.7;171.7;171.7;171.7;50;
cf1c6158-a303-43ac-89eb-9b1db8f96043;2024-01-08T17:40:00Z;171.7;171.7;171.7;171.6;7;
cf1c6158-a303-43ac-89eb-9b1db8f96043;2024-01-08T17:41:00Z;171.6;171.6;171.6;171.6;1;
cf1c6158-a303-43ac-89eb-9b1db8f96043;2024-01-08T17:42:00Z;171.7;171.7;171.7;171.6;26;
cf1c6158-a303-43ac-89eb-9b1db8f96043;2024-01-08T17:43:00Z;171.7;171.7;171.7;171.7;5;
cf1c6158-a303-43ac-89eb-9b1db8f96043;2024-01-08T17:44:00Z;171.7;171.7;171.7;171.7;221;
cf1c6158-a303-43ac-89eb-9b1db8f96043;2024-01-08T17:45:00Z;171.6;171.6;171.6;171.5;213;
cf1c6158-a303-43ac-89eb-9b1db8f96043;2024-01-08T17:47:00Z;171.6;171.6;171.6;171.6;1;
cf1c6158-a303-43ac-89eb-9b1db8f96043;2024-01-08T17:48:00Z;171.5;171.6;171.6;171.4;205;
cf1c6158-a303-43ac-89eb-9b1db8f96043;2024-01-08T17:49:00Z;171.4;171.4;171.4;171.4;807;
cf1c6158-a303-43ac-89eb-9b1db8f96043;2024-01-08T17:52:00Z;171.4;171.5;171.5;171.4;100;
cf1c6158-a303-43ac-89eb-9b1db8f96043;2024-01-08T17:53:00Z;171.3;171.3;171.3;171.3;44;
cf1c6158-a303-43ac-89eb-9b1db8f96043;2024-01-08T17:54:00Z;171.5;171.5;171.5;171.5;10;
cf1c6158-a303-43ac-89eb-9b1db8f96043;2024-01-08T17:56:00Z;171.5;171.4;171.5;171.3;61;
cf1c6158-a303-43ac-89eb-9b1db8f96043;2024-01-08T17:57:00Z;171.4;171.4;171.4;171.4;5;
cf1c6158-a303-43ac-89eb-9b1db8f96043;2024-01-08T17:58:00Z;171.5;171.5;171.5;171.5;1;
cf1c6158-a303-43ac-89eb-9b1db8f96043;2024-01-08T17:59:00Z;171.5;171.5;171.5;171.5;1;
cf1c6158-a303-43ac-89eb-9b1db8f96043;2024-01-08T18:01:00Z;171.5;171.5;171.5;171.5;8;
cf1c6158-a303-43ac-89eb-9b1db8f96043;2024-01-08T18:02:00Z;171.4;171.5;171.5;171.4;3;
cf1c6158-a303-43ac-89eb-9b1db8f96043;2024-01-08T18:03:00Z;171.5;171.5;171.5;171.4;19;
cf1c6158-a303-43ac-89eb-9b1db8f96043;2024-01-08T18:05:00Z;171.5;171.5;171.5;171.5;1;
cf1c6158-a303-43ac-89eb-9b1db8f96043;2024-01-08T18:06:00Z;171.4;171.2;171.5;171;6008;
cf1c6158-a303-43ac-89eb-9b1db8f96043;2024-01-08T18:07:00Z;171.2;171.3;171.3;171.2;12;
cf1c6158-a303-43ac-89eb-9b1db8f96043;2024-01-08T18:08:00Z;171.3;171.3;171.3;171.3;28;
cf1c6158-a303-43ac-89eb-9b1db8f96043;2024-01-08T18:09:00Z;171.3;171.3;171.3;171.3;3;
cf1c6158-a303-43ac-89eb-9b1db8f96043;2024-01-08T18:10:00Z;171.3;171.4;171.4;171.3;30;
cf1c6158-a303-43ac-89eb-9b1db8f96043;2024-01-08T18:11:00Z;171.4;171.4;171.4;171.4;6;
cf1c6158-a303-43ac-89eb-9b1db8f96043;2024-01-08T18:14:00Z;171.4;171.1;171.4;171.1;838;
cf1c6158-a303-43ac-89eb-9b1db8f96043;2024-01-08T18:16:00Z;171.4;171.4;171.4;171.4;29;
cf1c6158-a303-43ac-89eb-9b1db8f96043;2024-01-08T18:17:00Z;171.4;171.4;171.4;171.4;4;
cf1c6158-a303-43ac-89eb-9b1db8f96043;2024-01-08T18:18:00Z;171.4;171.3;171.4;171.3;29;
cf1c6158-a303-43ac-89eb-9b1db8f96043;2024-01-08T18:19:00Z;171.4;171.3;171.4;171.3;26;
cf1c6158-a303-43ac-89eb-9b1db8f96043;2024-01-08T18:20:00Z;171.3;171.3;171.3;171.2;315;
cf1c6158-a303-43ac-89eb-9b1db8f96043;2024-01-08T18:21:00Z;171.3;171.3;171.3;171.3;3;
cf1c6158-a303-43ac-89eb-9b1db8f96043;2024-01-08T18:23:00Z;171.3;171.3;171.3;171.3;30;
cf1c6158-a303-43ac-89eb-9b1db8f96043;2024-01-08T18:25:00Z;171.2;171.2;171.2;171.2;60;
cf1c6158-a303-43ac-89eb-9b1db8f96043;2024-01-08T18:27:00Z;171.2;171.1;171.2;171.1;39;
cf1c6158-a303-43ac-89eb-9b1db8f96043;2024-01-08T18:32:00Z;171.1;171.3;171.3;171.1;1001;
cf1c6158-a303-43ac-89eb-9b1db8f96043;2024-01-08T18:34:00Z;171.3;171.3;171.3;171.3;6;
cf1c6158-a303-43ac-89eb-9b1db8f96043;2024-01-08T18:36:00Z;171.3;171.3;171.3;171.3;2;
cf1c6158-a303-43ac-89eb-9b1db8f96043;2024-01-08T18:39:00Z;171.3;171.3;171.3;171.3;6;
cf1c6158-a303-43ac-89eb-9b1db8f96043;2024-01-08T18:40:00Z;171.3;171.3;171.3;171.3;10;
cf1c6158-a303-43ac-89eb-9b1db8f96043;2024-01-08T18:41:00Z;171.3;171.3;171.3;171.3;1;
cf1c6158-a303-43ac-89eb-9b1db8f96043;2024-01-08T18:42:00Z;171.3;171.3;171.3;171.3;2;
cf1c6158-a303-43ac-89eb-9b1db8f96043;2024-01-08T18:43:00Z;171.3;171.3;171.3;171.3;116;
cf1c6158-a303-43ac-89eb-9b1db8f96043;2024-01-08T18:44:00Z;171.3;171.2;171.3;171.2;12;
cf1c6158-a303-43ac-89eb-9b1db8f96043;2024-01-08T18:46:00Z;171.3;171.3;171.3;171.3;26;
cf1c6158-a303-43ac-89eb-9b1db8f96043;2024-01-08T18:48:00Z;171.3;171.3;171.3;171.3;56;
cf1c6158-a303-43ac-89eb-9b1db8f96043;2024-01-08T18:50:00Z;171.4;171.4;171.4;171.4;2;
cf1c6158-a303-43ac-89eb-9b1db8f96043;2024-01-08T18:51:00Z;171.3;171.4;171.4;171.3;2;
cf1c6158-a303-43ac-89eb-9b1db8f96043;2024-01-08T18:52:00Z;171.4;171.4;171.4;171.4;1;
cf1c6158-a303-43ac-89eb-9b1db8f96043;2024-01-08T18:53:00Z;171.4;171.4;171.4;171.4;119;
cf1c6158-a303-43ac-89eb-9b1db8f96043;2024-01-08T18:54:00Z;171.4;171.1;171.4;171.1;431;
cf1c6158-a303-43ac-89eb-9b1db8f96043;2024-01-08T18:55:00Z;171.4;171.4;171.4;171.4;2;
cf1c6158-a303-43ac-89eb-9b1db8f96043;2024-01-08T18:56:00Z;171.4;171.4;171.4;171.4;1;
cf1c6158-a303-43ac-89eb-9b1db8f96043;2024-01-08T18:59:00Z;171.1;171.1;171.1;171.1;10;
cf1c6158-a303-43ac-89eb-9b1db8f96043;2024-01-08T19:01:00Z;171.4;171.4;171.4;171.4;2;
cf1c6158-a303-43ac-89eb-9b1db8f96043;2024-01-08T19:06:00Z;171.2;171.3;171.3;171.2;3;
cf1c6158-a303-43ac-89eb-9b1db8f96043;2024-01-08T19:07:00Z;171.4;171.1;171.4;171.1;7;
cf1c6158-a303-43ac-89eb-9b1db8f96043;2024-01-08T19:09:00Z;171.4;171.4;171.4;171.4;1;
cf1c6158-a303-43ac-89eb-9b1db8f96043;2024-01-08T19:11:00Z;171.4;171.4;171.4;171.4;3;
cf1c6158-a303-43ac-89eb-9b1db8f96043;2024-01-08T19:13:00Z;171.3;171.2;171.3;171.2;6;
cf1c6158-a303-43ac-89eb-9b1db8f96043;2024-01-08T19:14:00Z;171.4;171.4;171.4;171.4;106;
cf1c6158-a303-43ac-89eb-9b1db8f96043;2024-01-08T19:15:00Z;171.4;171.4;171.4;171.4;2;
cf1c6158-a303-43ac-89eb-9b1db8f96043;2024-01-08T19:16:00Z;171.3;171.2;171.3;171.2;508;
cf1c6158-a303-43ac-89eb-9b1db8f96043;2024-01-08T19:17:00Z;171.3;171.2;171.3;171.2;2;
cf1c6158-a303-43ac-89eb-9b1db8f96043;2024-01-08T19:18:00Z;171.3;171.3;171.3;171.3;71;
cf1c6158-a303-43ac-89eb-9b1db8f96043;2024-01-08T19:20:00Z;171.3;171.2;171.3;171.2;6;
cf1c6158-a303-43ac-89eb-9b1db8f96043;2024-01-08T19:21:00Z;171.3;171.3;171.3;171.3;14;
cf1c6158-a303-43ac-89eb-9b1db8f96043;2024-01-08T19:22:00Z;171.3;171.3;171.3;171.3;23;
cf1c6158-a303-43ac-89eb-9b1db8f96043;2024-01-08T19:23:00Z;171.3;171.3;171.3;171.3;2;
cf1c6158-a303-43ac-89eb-9b1db8f96043;2024-01-08T19:25:00Z;171.3;171.2;171.3;171.2;27;
cf1c6158-a303-43ac-89eb-9b1db8f96043;2024-01-08T19:27:00Z;171.2;171.2;171.2;171.1;171;
cf1c6158-a303-43ac-89eb-9b1db8f96043;2024-01-08T19:28:00Z;171.2;171.2;171.2;171.2;39;
cf1c6158-a303-43ac-89eb-9b1db8f96043;2024-01-08T19:29:00Z;171.1;171.3;171.3;171.1;104;
cf1c6158-a303-43ac-89eb-9b1db8f96043;2024-01-08T19:31:00Z;171.2;171.3;171.3;171.2;17;
cf1c6158-a303-43ac-89eb-9b1db8f96043;2024-01-08T19:32:00Z;171.2;171.2;171.2;171.2;3;
cf1c6158-a303-43ac-89eb-9b1db8f96043;2024-01-08T19:33:00Z;171.3;171.3;171.3;171.3;2;
cf1c6158-a303-43ac-89eb-9b1db8f96043;2024-01-08T19:36:00Z;171.4;171.3;171.4;171.3;2;
cf1c6158-a303-43ac-89eb-9b1db8f96043;2024-01-08T19:37:00Z;171.3;171.3;171.3;171.3;4;
cf1c6158-a303-43ac-89eb-9b1db8f96043;2024-01-08T19:38:00Z;171.3;171.3;171.3;171.3;1;
cf1c6158-a303-43ac-89eb-9b1db8f96043;2024-01-08T19:39:00Z;171.4;171.4;171.4;171.4;20;
cf1c6158-a303-43ac-89eb-9b1db8f96043;2024-01-08T19:40:00Z;171.3;171.4;171.4;171.3;31;
cf1c6158-a303-43ac-89eb-9b1db8f96043;2024-01-08T19:42:00Z;171.4;171.4;171.4;171.4;2;
cf1c6158-a303-43ac-89eb-9b1db8f96043;2024-01-08T19:43:00Z;171.3;171.3;171.3;171.3;59;
cf1c6158-a303-43ac-89eb-9b1db8f96043;2024-01-08T19:44:00Z;171.3;171.3;171.3;171.3;4;
cf1c6158-a303-43ac-89eb-9b1db8f96043;2024-01-08T19:45:00Z;171.3;171.4;171.4;171.3;89;
cf1c6158-a303-43ac-89eb-9b1db8f96043;2024-01-08T19:46:00Z;171.4;171.4;171.4;171.4;10;
cf1c6158-a303-43ac-89eb-9b1db8f96043;2024-01-08T19:47:00Z;171.4;171.4;171.4;171.4;83;
cf1c6158-a303-43ac-89eb-9b1db8f96043;2024-01-08T19:48:00Z;171.3;171.4;171.4;171.3;39;
cf1c6158-a303-43ac-89eb-9b1db8f96043;2024-01-08T19:49:00Z;171.4;171.3;171.4;171.3;12;
cf1c6158-a303-43ac-89eb-9b1db8f96043;2024-01-08T19:50:00Z;171.3;171.3;171.3;171.3;10;
cf1c6158-a303-43ac-89eb-9b1db8f96043;2024-01-08T19:51:00Z;171.4;171.4;171.4;171.4;6;
cf1c6158-a303-43ac-89eb-9b1db8f96043;2024-01-08T19:52:00Z;171.3;171.4;171.4;171.3;15;
cf1c6158-a303-43ac-89eb-9b1db8f96043;2024-01-08T19:53:00Z;171.4;171.4;171.4;171.4;50;
cf1c6158-a303-43ac-89eb-9b1db8f96043;2024-01-08T19:56:00Z;171.4;171.5;171.5;171.4;11;
cf1c6158-a303-43ac-89eb-9b1db8f96043;2024-01-08T19:58:00Z;171.4;171.4;171.4;171.4;33;
cf1c6158-a303-43ac-89eb-9b1db8f96043;2024-01-08T19:59:00Z;171.5;171.4;171.5;171.4;8;
cf1c6158-a303-43ac-89eb-9b1db8f96043;2024-01-08T20:00:00Z;171.4;171.2;171.4;171.2;807;
cf1c6158-a303-43ac-89eb-9b1db8f96043;2024-01-08T20:01:00Z;171.2;171.2;171.2;171.2;7;
cf1c6158-a303-43ac-89eb-9b1db8f96043;2024-01-08T20:02:00Z;171.4;171.4;171.4;171.4;2;
cf1c6158-a303-43ac-89eb-9b1db8f96043;2024-01-08T20:04:00Z;171.4;171.4;171.4;171.4;1;
cf1c6158-a303-43ac-89eb-9b1db8f96043;2024-01-08T20:05:00Z;171.4;171.4;171.4;171.4;5;
cf1c6158-a303-43ac-89eb-9b1db8f96043;2024-01-08T20:06:00Z;171.4;171.4;171.4;171.4;1;
cf1c6158-a303-43ac-89eb-9b1db8f96043;2024-01-08T20:07:00Z;171.4;171.3;171.4;171.3;6;
cf1c6158-a303-43ac-89eb-9b1db8f96043;2024-01-08T20:08:00Z;171.3;171.4;171.4;171.3;2;
cf1c6158-a303-43ac-89eb-9b1db8f96043;2024-01-08T20:09:00Z;171.4;171.4;171.4;171.4;4;
cf1c6158-a303-43ac-89eb-9b1db8f96043;2024-01-08T20:10:00Z;171.3;171.2;171.3;171.2;18;
cf1c6158-a303-43ac-89eb-9b1db8f96043;2024-01-08T20:11:00Z;171.3;171.4;171.4;171.3;706;
cf1c6158-a303-43ac-89eb-9b1db8f96043;2024-01-08T20:14:00Z;171.4;171.4;171.4;171.4;372;
cf1c6158-a303-43ac-89eb-9b1db8f96043;2024-01-08T20:15:00Z;171.5;171.5;171.5;171.5;3;
cf1c6158-a303-43ac-89eb-9b1db8f96043;2024-01-08T20:16:00Z;171.5;171.5;171.5;171.5;15;
cf1c6158-a303-43ac-89eb-9b1db8f96043;2024-01-08T20:17:00Z;171.4;171.4;171.4;171.4;2;
cf1c6158-a303-43ac-89eb-9b1db8f96043;2024-01-08T20:20:00Z;171.2;171.2;171.2;171.2;326;
cf1c6158-a303-43ac-89eb-9b1db8f96043;2024-01-08T20:21:00Z;171.1;171.2;171.2;171.1;9;
cf1c6158-a303-43ac-89eb-9b1db8f96043;2024-01-08T20:23:00Z;171.2;171.2;171.2;171.2;598;
cf1c6158-a303-43ac-89eb-9b1db8f96043;2024-01-08T20:31:00Z;171.4;171.5;171.5;171.4;1000;
cf1c6158-a303-43ac-89eb-9b1db8f96043;2024-01-08T20:32:00Z;171.4;171.4;171.4;171.4;1;
cf1c6158-a303-43ac-89eb-9b1db8f96043;2024-01-08T20:35:00Z;171.2;171.3;171.3;171.2;32;
cf1c6158-a303-43ac-89eb-9b1db8f96043;2024-01-08T20:36:00Z;171.3;171.3;171.3;171.3;5;
cf1c6158-a303-43ac-89eb-9b1db8f96043;2024-01-08T20:37:00Z;171.2;171.3;171.3;171.2;50;
cf1c6158-a303-43ac-89eb-9b1db8f96043;2024-01-08T20:40:00Z;171.3;171.3;171.3;171.3;1;
cf1c6158-a303-43ac-89eb-9b1db8f96043;2024-01-08T20:41:00Z;171.3;171.3;171.3;171.3;1;
cf1c6158-a303-43ac-89eb-9b1db8f96043;2024-01-08T20:42:00Z;171.3;171.3;171.3;171.3;50;
cf1c6158-a303-43ac-89eb-9b1db8f96043;2024-01-08T20:43:00Z;171.2;171.3;171.3;171.2;7;
cf1c6158-a303-43ac-89eb-9b1db8f96043;2024-01-08T20:44:00Z;171.3;171.3;171.3;171.3;101;
cf1c6158-a303-43ac-89eb-9b1db8f96043;2024-01-08T20:45:00Z;171.3;171.3;171.3;171.3;75;
cf1c6158-a303-43ac-89eb-9b1db8f96043;2024-01-08T20:46:00Z;171.2;171.3;171.3;171.2;203;
cf1c6158-a303-43ac-89eb-9b1db8f96043;2024-01-08T20:47:00Z;171.3;171.3;171.3;171.3;8;
cf1c6158-a303-43ac-89eb-9b1db8f96043;2024-01-08T20:48:00Z;171.3;171.3;171.3;171.3;310;
cf1c6158-a303-43ac-89eb-9b1db8f96043;2024-01-08T20:49:00Z;171.4;171.4;171.4;171.4;5;
