88468f6c-c67a-4fb4-a006-53eed803883c;2024-08-13T06:59:00Z;605.7;605.7;605.7;605.7;2174;
88468f6c-c67a-4fb4-a006-53eed803883c;2024-08-13T07:00:00Z;605.8;606.2;606.8;605.8;9525;
88468f6c-c67a-4fb4-a006-53eed803883c;2024-08-13T07:01:00Z;606.3;605.8;606.4;605.7;5362;
88468f6c-c67a-4fb4-a006-53eed803883c;2024-08-13T07:02:00Z;605.8;606.2;606.2;605.5;7509;
88468f6c-c67a-4fb4-a006-53eed803883c;2024-08-13T07:03:00Z;606.2;607.3;607.3;606.2;8680;
88468f6c-c67a-4fb4-a006-53eed803883c;2024-08-13T07:04:00Z;607.3;607.6;608;606.7;10696;
88468f6c-c67a-4fb4-a006-53eed803883c;2024-08-13T07:05:00Z;607.6;607.4;608;607.3;8416;
88468f6c-c67a-4fb4-a006-53eed803883c;2024-08-13T07:06:00Z;607.4;607.4;607.7;607.3;8888;
88468f6c-c67a-4fb4-a006-53eed803883c;2024-08-13T07:07:00Z;607.4;608;608;607.4;7332;
88468f6c-c67a-4fb4-a006-53eed803883c;2024-08-13T07:08:00Z;607.9;607.9;608;607.8;4029;
88468f6c-c67a-4fb4-a006-53eed803883c;2024-08-13T07:09:00Z;608;608.2;608.2;607.9;5425;
88468f6c-c67a-4fb4-a006-53eed803883c;2024-08-13T07:10:00Z;608.2;607.7;608.2;607.1;6710;
88468f6c-c67a-4fb4-a006-53eed803883c;2024-08-13T07:11:00Z;607.6;607.5;607.6;607.2;3210;
88468f6c-c67a-4fb4-a006-53eed803883c;2024-08-13T07:12:00Z;607.4;607.6;607.6;607.4;1480;
88468f6c-c67a-4fb4-a006-53eed803883c;2024-08-13T07:13:00Z;607.7;607.8;607.9;607.6;1465;
88468f6c-c67a-4fb4-a006-53eed803883c;2024-08-13T07:14:00Z;607.8;607.5;608;607.4;2171;
88468f6c-c67a-4fb4-a006-53eed803883c;2024-08-13T07:15:00Z;607.4;607.4;607.8;607.4;2021;
88468f6c-c67a-4fb4-a006-53eed803883c;2024-08-13T07:16:00Z;607.4;608.1;608.1;607.3;17333;
88468f6c-c67a-4fb4-a006-53eed803883c;2024-08-13T07:17:00Z;608.1;608.1;608.5;608;12857;
88468f6c-c67a-4fb4-a006-53eed803883c;2024-08-13T07:18:00Z;608;607.9;608.1;607.9;5833;
88468f6c-c67a-4fb4-a006-53eed803883c;2024-08-13T07:19:00Z;608;608;608;607.9;3819;
88468f6c-c67a-4fb4-a006-53eed803883c;2024-08-13T07:20:00Z;608;608.1;608.3;607.9;1176;
88468f6c-c67a-4fb4-a006-53eed803883c;2024-08-13T07:21:00Z;608.2;608.5;608.5;608.2;1958;
88468f6c-c67a-4fb4-a006-53eed803883c;2024-08-13T07:22:00Z;608.5;608.8;608.8;608.5;3731;
88468f6c-c67a-4fb4-a006-53eed803883c;2024-08-13T07:23:00Z;608.8;609.8;609.8;608.7;16042;
88468f6c-c67a-4fb4-a006-53eed803883c;2024-08-13T07:24:00Z;609.5;609.7;609.8;609.5;4885;
88468f6c-c67a-4fb4-a006-53eed803883c;2024-08-13T07:25:00Z;609.7;608.1;609.7;608;5854;
88468f6c-c67a-4fb4-a006-53eed803883c;2024-08-13T07:26:00Z;608.2;608.5;608.7;608;2048;
88468f6c-c67a-4fb4-a006-53eed803883c;2024-08-13T07:27:00Z;608.5;608.8;608.9;608.4;2683;
88468f6c-c67a-4fb4-a006-53eed803883c;2024-08-13T07:28:00Z;608.9;608.9;609.1;608.9;1135;
88468f6c-c67a-4fb4-a006-53eed803883c;2024-08-13T07:29:00Z;609;608.4;609;608.4;1801;
88468f6c-c67a-4fb4-a006-53eed803883c;2024-08-13T07:30:00Z;608.6;608.9;609.1;608.6;475;
88468f6c-c67a-4fb4-a006-53eed803883c;2024-08-13T07:31:00Z;609.1;609.2;609.2;608.9;313;
88468f6c-c67a-4fb4-a006-53eed803883c;2024-08-13T07:32:00Z;609.2;609.1;609.2;609;2034;
88468f6c-c67a-4fb4-a006-53eed803883c;2024-08-13T07:33:00Z;609.1;609.2;609.2;608.8;5907;
88468f6c-c67a-4fb4-a006-53eed803883c;2024-08-13T07:34:00Z;609.1;609.1;609.2;609.1;1190;
88468f6c-c67a-4fb4-a006-53eed803883c;2024-08-13T07:35:00Z;609.2;609.3;609.3;609.1;2692;
88468f6c-c67a-4fb4-a006-53eed803883c;2024-08-13T07:36:00Z;609.3;609.3;609.4;609.2;1450;
88468f6c-c67a-4fb4-a006-53eed803883c;2024-08-13T07:37:00Z;609.4;609.3;609.4;609.3;1731;
88468f6c-c67a-4fb4-a006-53eed803883c;2024-08-13T07:38:00Z;609.3;608.9;609.3;608.6;2637;
88468f6c-c67a-4fb4-a006-53eed803883c;2024-08-13T07:39:00Z;608.9;610.1;610.1;608.8;39433;
88468f6c-c67a-4fb4-a006-53eed803883c;2024-08-13T07:40:00Z;610.1;610.1;610.1;610;7505;
88468f6c-c67a-4fb4-a006-53eed803883c;2024-08-13T07:41:00Z;610.1;610.1;610.1;610;8380;
88468f6c-c67a-4fb4-a006-53eed803883c;2024-08-13T07:42:00Z;610.1;610;610.1;610;11833;
88468f6c-c67a-4fb4-a006-53eed803883c;2024-08-13T07:43:00Z;610;610.1;610.2;609.9;9877;
88468f6c-c67a-4fb4-a006-53eed803883c;2024-08-13T07:44:00Z;610.1;610;610.2;610;916;
88468f6c-c67a-4fb4-a006-53eed803883c;2024-08-13T07:45:00Z;610;609.6;610;609.6;3097;
88468f6c-c67a-4fb4-a006-53eed803883c;2024-08-13T07:46:00Z;609.6;609.1;609.6;609;4617;
88468f6c-c67a-4fb4-a006-53eed803883c;2024-08-13T07:47:00Z;609.1;609.2;609.2;609;1035;
88468f6c-c67a-4fb4-a006-53eed803883c;2024-08-13T07:48:00Z;609.2;609.2;609.2;609.1;2563;
88468f6c-c67a-4fb4-a006-53eed803883c;2024-08-13T07:49:00Z;609.6;610.2;610.2;609.6;6305;
88468f6c-c67a-4fb4-a006-53eed803883c;2024-08-13T07:50:00Z;610.1;610.2;610.2;610;3755;
88468f6c-c67a-4fb4-a006-53eed803883c;2024-08-13T07:51:00Z;610.1;610;610.2;609.9;4259;
88468f6c-c67a-4fb4-a006-53eed803883c;2024-08-13T07:52:00Z;610;610.1;610.1;609.9;2180;
88468f6c-c67a-4fb4-a006-53eed803883c;2024-08-13T07:53:00Z;610.1;610;610.1;609.8;2645;
88468f6c-c67a-4fb4-a006-53eed803883c;2024-08-13T07:54:00Z;609.9;610.1;610.1;609.8;6265;
88468f6c-c67a-4fb4-a006-53eed803883c;2024-08-13T07:55:00Z;610.1;610.2;610.2;610;976;
88468f6c-c67a-4fb4-a006-53eed803883c;2024-08-13T07:56:00Z;610.2;610.2;610.2;610.1;691;
88468f6c-c67a-4fb4-a006-53eed803883c;2024-08-13T07:57:00Z;610.2;609.8;610.2;609.6;8031;
88468f6c-c67a-4fb4-a006-53eed803883c;2024-08-13T07:58:00Z;609.7;609.2;609.8;609.2;4733;
88468f6c-c67a-4fb4-a006-53eed803883c;2024-08-13T07:59:00Z;609.2;609.6;609.6;609;3384;
88468f6c-c67a-4fb4-a006-53eed803883c;2024-08-13T08:00:00Z;609.5;609.9;609.9;609.5;888;
88468f6c-c67a-4fb4-a006-53eed803883c;2024-08-13T08:01:00Z;609.8;609.3;609.8;609;4700;
88468f6c-c67a-4fb4-a006-53eed803883c;2024-08-13T08:02:00Z;609.1;609.2;609.2;609;3283;
88468f6c-c67a-4fb4-a006-53eed803883c;2024-08-13T08:03:00Z;609.1;609;609.4;609;5882;
88468f6c-c67a-4fb4-a006-53eed803883c;2024-08-13T08:04:00Z;609;608.4;609.1;608.2;6570;
88468f6c-c67a-4fb4-a006-53eed803883c;2024-08-13T08:05:00Z;608.4;608.4;608.5;608.2;2542;
88468f6c-c67a-4fb4-a006-53eed803883c;2024-08-13T08:06:00Z;608.4;608;608.7;608;7698;
88468f6c-c67a-4fb4-a006-53eed803883c;2024-08-13T08:07:00Z;608;608.7;608.7;607.7;4042;
88468f6c-c67a-4fb4-a006-53eed803883c;2024-08-13T08:08:00Z;608.7;608.4;608.7;608.2;499;
88468f6c-c67a-4fb4-a006-53eed803883c;2024-08-13T08:09:00Z;608.3;608.4;608.5;608.2;2389;
88468f6c-c67a-4fb4-a006-53eed803883c;2024-08-13T08:10:00Z;608.3;608.4;608.6;608.3;1077;
88468f6c-c67a-4fb4-a006-53eed803883c;2024-08-13T08:11:00Z;608.4;608.3;608.4;608.2;1840;
88468f6c-c67a-4fb4-a006-53eed803883c;2024-08-13T08:12:00Z;608.3;608.3;608.3;608.2;2133;
88468f6c-c67a-4fb4-a006-53eed803883c;2024-08-13T08:13:00Z;608.3;608.3;608.4;608.3;795;
88468f6c-c67a-4fb4-a006-53eed803883c;2024-08-13T08:14:00Z;608.3;608.3;608.4;608.2;1118;
88468f6c-c67a-4fb4-a006-53eed803883c;2024-08-13T08:15:00Z;608.4;608.3;608.4;608.2;128;
88468f6c-c67a-4fb4-a006-53eed803883c;2024-08-13T08:16:00Z;608.4;608.3;608.4;608.3;805;
88468f6c-c67a-4fb4-a006-53eed803883c;2024-08-13T08:17:00Z;608.4;608.8;608.8;608.3;915;
88468f6c-c67a-4fb4-a006-53eed803883c;2024-08-13T08:18:00Z;608.8;608.9;609;608.7;1088;
88468f6c-c67a-4fb4-a006-53eed803883c;2024-08-13T08:19:00Z;608.9;608.8;608.9;608.5;3682;
88468f6c-c67a-4fb4-a006-53eed803883c;2024-08-13T08:20:00Z;608.9;609;609;608.8;2932;
88468f6c-c67a-4fb4-a006-53eed803883c;2024-08-13T08:21:00Z;609;609.3;609.5;608.9;8721;
88468f6c-c67a-4fb4-a006-53eed803883c;2024-08-13T08:22:00Z;609.3;609.3;609.4;609.2;247;
88468f6c-c67a-4fb4-a006-53eed803883c;2024-08-13T08:23:00Z;609.2;609.2;609.3;609.2;287;
88468f6c-c67a-4fb4-a006-53eed803883c;2024-08-13T08:24:00Z;609.3;609.3;609.4;609.2;281;
88468f6c-c67a-4fb4-a006-53eed803883c;2024-08-13T08:25:00Z;609.3;609.4;609.4;609.3;306;
88468f6c-c67a-4fb4-a006-53eed803883c;2024-08-13T08:26:00Z;609.3;609.3;609.4;609.3;413;
88468f6c-c67a-4fb4-a006-53eed803883c;2024-08-13T08:27:00Z;609.4;608.7;609.4;608.4;8985;
88468f6c-c67a-4fb4-a006-53eed803883c;2024-08-13T08:28:00Z;608.6;608.7;608.7;608.5;4193;
88468f6c-c67a-4fb4-a006-53eed803883c;2024-08-13T08:29:00Z;608.7;609.1;609.4;608.6;2675;
88468f6c-c67a-4fb4-a006-53eed803883c;2024-08-13T08:30:00Z;609.3;609.2;609.3;608.8;1262;
88468f6c-c67a-4fb4-a006-53eed803883c;2024-08-13T08:31:00Z;609.2;609.3;609.3;609.2;777;
88468f6c-c67a-4fb4-a006-53eed803883c;2024-08-13T08:32:00Z;609.3;609.3;609.3;609.2;1575;
88468f6c-c67a-4fb4-a006-53eed803883c;2024-08-13T08:33:00Z;609.3;609.5;609.5;609.2;1853;
88468f6c-c67a-4fb4-a006-53eed803883c;2024-08-13T08:34:00Z;609.5;609.6;609.7;609.3;7268;
88468f6c-c67a-4fb4-a006-53eed803883c;2024-08-13T08:35:00Z;609.6;609.8;609.8;609.6;2410;
88468f6c-c67a-4fb4-a006-53eed803883c;2024-08-13T08:36:00Z;609.8;608.4;609.8;608.3;6515;
88468f6c-c67a-4fb4-a006-53eed803883c;2024-08-13T08:37:00Z;608.5;609.1;609.1;608.4;1446;
88468f6c-c67a-4fb4-a006-53eed803883c;2024-08-13T08:38:00Z;608.9;609;609;608.7;1693;
88468f6c-c67a-4fb4-a006-53eed803883c;2024-08-13T08:39:00Z;609;609.1;609.1;609;2216;
88468f6c-c67a-4fb4-a006-53eed803883c;2024-08-13T08:40:00Z;609.1;609.3;609.3;609;2139;
88468f6c-c67a-4fb4-a006-53eed803883c;2024-08-13T08:41:00Z;609.2;609.4;609.4;609.2;1585;
88468f6c-c67a-4fb4-a006-53eed803883c;2024-08-13T08:42:00Z;609.4;609.7;609.7;609.4;1542;
88468f6c-c67a-4fb4-a006-53eed803883c;2024-08-13T08:43:00Z;609.7;609.9;610;609.6;2069;
88468f6c-c67a-4fb4-a006-53eed803883c;2024-08-13T08:44:00Z;610;609.9;610;609.9;2018;
88468f6c-c67a-4fb4-a006-53eed803883c;2024-08-13T08:45:00Z;610;610;610;609.8;2256;
88468f6c-c67a-4fb4-a006-53eed803883c;2024-08-13T08:46:00Z;609.9;610.3;610.6;609.9;23373;
88468f6c-c67a-4fb4-a006-53eed803883c;2024-08-13T08:47:00Z;610.4;610.9;611;610.4;6159;
88468f6c-c67a-4fb4-a006-53eed803883c;2024-08-13T08:48:00Z;611;610.9;611;610.8;2586;
88468f6c-c67a-4fb4-a006-53eed803883c;2024-08-13T08:49:00Z;610.8;610.5;610.9;610.3;1004;
88468f6c-c67a-4fb4-a006-53eed803883c;2024-08-13T08:50:00Z;610.5;610.8;610.8;610.5;1543;
88468f6c-c67a-4fb4-a006-53eed803883c;2024-08-13T08:51:00Z;610.8;610.8;610.8;610.7;2270;
88468f6c-c67a-4fb4-a006-53eed803883c;2024-08-13T08:52:00Z;610.8;612.2;612.5;610.8;38370;
88468f6c-c67a-4fb4-a006-53eed803883c;2024-08-13T08:53:00Z;612.2;612.6;613.2;612;37160;
88468f6c-c67a-4fb4-a006-53eed803883c;2024-08-13T08:54:00Z;612.7;612.1;612.7;612;1908;
88468f6c-c67a-4fb4-a006-53eed803883c;2024-08-13T08:55:00Z;612;612.6;612.6;612;4508;
88468f6c-c67a-4fb4-a006-53eed803883c;2024-08-13T08:56:00Z;612.6;613;613;612.5;10948;
88468f6c-c67a-4fb4-a006-53eed803883c;2024-08-13T08:57:00Z;612.9;612.7;613.5;612.4;8432;
88468f6c-c67a-4fb4-a006-53eed803883c;2024-08-13T08:58:00Z;612.9;613.3;613.4;612.9;1908;
88468f6c-c67a-4fb4-a006-53eed803883c;2024-08-13T08:59:00Z;613.2;612.6;613.2;612.6;6516;
88468f6c-c67a-4fb4-a006-53eed803883c;2024-08-13T09:00:00Z;612.6;612.9;613;612.6;2771;
88468f6c-c67a-4fb4-a006-53eed803883c;2024-08-13T09:01:00Z;612.7;612.6;612.7;612.5;4783;
88468f6c-c67a-4fb4-a006-53eed803883c;2024-08-13T09:02:00Z;612.6;612.5;612.7;612.5;1066;
88468f6c-c67a-4fb4-a006-53eed803883c;2024-08-13T09:03:00Z;612.5;612.5;612.6;612.5;572;
88468f6c-c67a-4fb4-a006-53eed803883c;2024-08-13T09:04:00Z;612.6;612.6;612.7;612.5;342;
88468f6c-c67a-4fb4-a006-53eed803883c;2024-08-13T09:05:00Z;612.6;612.7;612.7;612.5;678;
88468f6c-c67a-4fb4-a006-53eed803883c;2024-08-13T09:06:00Z;612.6;612.8;612.8;612.6;1073;
88468f6c-c67a-4fb4-a006-53eed803883c;2024-08-13T09:07:00Z;612.9;613.1;613.1;612.7;5628;
88468f6c-c67a-4fb4-a006-53eed803883c;2024-08-13T09:08:00Z;613.1;613.2;613.2;613;953;
88468f6c-c67a-4fb4-a006-53eed803883c;2024-08-13T09:09:00Z;613.2;613;613.2;612.9;2024;
88468f6c-c67a-4fb4-a006-53eed803883c;2024-08-13T09:10:00Z;612.9;613.1;613.1;612.9;1477;
88468f6c-c67a-4fb4-a006-53eed803883c;2024-08-13T09:11:00Z;613.1;613.3;613.4;613;3172;
88468f6c-c67a-4fb4-a006-53eed803883c;2024-08-13T09:12:00Z;613.4;613.9;613.9;613.3;4867;
88468f6c-c67a-4fb4-a006-53eed803883c;2024-08-13T09:13:00Z;613.9;614.6;614.7;613.8;9171;
88468f6c-c67a-4fb4-a006-53eed803883c;2024-08-13T09:14:00Z;614.6;614.6;614.6;614.5;1266;
88468f6c-c67a-4fb4-a006-53eed803883c;2024-08-13T09:15:00Z;614.6;614.5;614.6;614.5;4860;
88468f6c-c67a-4fb4-a006-53eed803883c;2024-08-13T09:16:00Z;614.5;614.1;614.6;613.7;16314;
88468f6c-c67a-4fb4-a006-53eed803883c;2024-08-13T09:17:00Z;614;613.5;614.4;613.5;6171;
88468f6c-c67a-4fb4-a006-53eed803883c;2024-08-13T09:18:00Z;613.5;613.6;613.6;613.5;2305;
88468f6c-c67a-4fb4-a006-53eed803883c;2024-08-13T09:19:00Z;613.5;613.9;613.9;613.5;1586;
88468f6c-c67a-4fb4-a006-53eed803883c;2024-08-13T09:20:00Z;613.8;613.1;613.8;613.1;2484;
88468f6c-c67a-4fb4-a006-53eed803883c;2024-08-13T09:21:00Z;613.1;613.1;613.2;613;2010;
88468f6c-c67a-4fb4-a006-53eed803883c;2024-08-13T09:22:00Z;613;613.7;613.7;613;12638;
88468f6c-c67a-4fb4-a006-53eed803883c;2024-08-13T09:23:00Z;613.6;613.8;614.1;613.6;1923;
88468f6c-c67a-4fb4-a006-53eed803883c;2024-08-13T09:24:00Z;613.8;613.7;613.8;613.6;516;
88468f6c-c67a-4fb4-a006-53eed803883c;2024-08-13T09:25:00Z;613.7;614.3;614.5;613.6;4321;
88468f6c-c67a-4fb4-a006-53eed803883c;2024-08-13T09:26:00Z;614.3;614;614.3;614;1567;
88468f6c-c67a-4fb4-a006-53eed803883c;2024-08-13T09:27:00Z;614.1;613.7;614.1;613.6;2875;
88468f6c-c67a-4fb4-a006-53eed803883c;2024-08-13T09:28:00Z;613.7;614.1;614.1;613.5;3012;
88468f6c-c67a-4fb4-a006-53eed803883c;2024-08-13T09:29:00Z;614.1;614.1;614.2;613.9;4775;
88468f6c-c67a-4fb4-a006-53eed803883c;2024-08-13T09:30:00Z;614.2;613.7;614.2;613.6;1456;
88468f6c-c67a-4fb4-a006-53eed803883c;2024-08-13T09:31:00Z;613.6;613.2;613.6;613.2;2932;
88468f6c-c67a-4fb4-a006-53eed803883c;2024-08-13T09:32:00Z;613.2;613.2;613.3;613;1842;
88468f6c-c67a-4fb4-a006-53eed803883c;2024-08-13T09:33:00Z;613.2;613.1;613.2;613.1;718;
88468f6c-c67a-4fb4-a006-53eed803883c;2024-08-13T09:34:00Z;613.1;613.1;613.2;613;1612;
88468f6c-c67a-4fb4-a006-53eed803883c;2024-08-13T09:35:00Z;613.1;613;613.1;613;554;
88468f6c-c67a-4fb4-a006-53eed803883c;2024-08-13T09:36:00Z;613.1;613.6;613.6;613;1199;
88468f6c-c67a-4fb4-a006-53eed803883c;2024-08-13T09:37:00Z;613.5;613.5;613.6;613.5;6573;
88468f6c-c67a-4fb4-a006-53eed803883c;2024-08-13T09:38:00Z;613.6;613.5;613.6;613.5;1488;
88468f6c-c67a-4fb4-a006-53eed803883c;2024-08-13T09:39:00Z;613.4;613.3;613.4;613.2;1464;
88468f6c-c67a-4fb4-a006-53eed803883c;2024-08-13T09:40:00Z;613.2;613.5;613.5;613.2;1431;
88468f6c-c67a-4fb4-a006-53eed803883c;2024-08-13T09:41:00Z;613.5;613.9;614.1;613.5;1248;
88468f6c-c67a-4fb4-a006-53eed803883c;2024-08-13T09:42:00Z;613.9;613.9;614.1;613.8;5778;
88468f6c-c67a-4fb4-a006-53eed803883c;2024-08-13T09:43:00Z;613.6;613.7;613.8;613.6;435;
88468f6c-c67a-4fb4-a006-53eed803883c;2024-08-13T09:44:00Z;613.8;613.8;613.9;613.7;826;
88468f6c-c67a-4fb4-a006-53eed803883c;2024-08-13T09:45:00Z;613.9;614.2;614.2;613.7;5927;
88468f6c-c67a-4fb4-a006-53eed803883c;2024-08-13T09:46:00Z;614.1;613.8;614.2;613.7;184;
88468f6c-c67a-4fb4-a006-53eed803883c;2024-08-13T09:47:00Z;613.9;613.8;613.9;613.7;2138;
88468f6c-c67a-4fb4-a006-53eed803883c;2024-08-13T09:48:00Z;613.8;613.7;613.8;613.7;58;
88468f6c-c67a-4fb4-a006-53eed803883c;2024-08-13T09:49:00Z;613.8;613.8;613.9;613.8;147;
88468f6c-c67a-4fb4-a006-53eed803883c;2024-08-13T09:50:00Z;614;613.6;614;613.6;2676;
88468f6c-c67a-4fb4-a006-53eed803883c;2024-08-13T09:51:00Z;613.7;613.6;613.8;613.5;1036;
88468f6c-c67a-4fb4-a006-53eed803883c;2024-08-13T09:52:00Z;613.6;614;614;613.6;327;
88468f6c-c67a-4fb4-a006-53eed803883c;2024-08-13T09:53:00Z;613.8;613.5;614;613.5;2429;
88468f6c-c67a-4fb4-a006-53eed803883c;2024-08-13T09:54:00Z;613.6;613.6;613.6;613.4;805;
88468f6c-c67a-4fb4-a006-53eed803883c;2024-08-13T09:55:00Z;613.6;613.8;613.9;613.4;1151;
88468f6c-c67a-4fb4-a006-53eed803883c;2024-08-13T09:56:00Z;613.9;613.2;614;613.2;8293;
88468f6c-c67a-4fb4-a006-53eed803883c;2024-08-13T09:57:00Z;613.5;613.6;613.6;613.3;486;
88468f6c-c67a-4fb4-a006-53eed803883c;2024-08-13T09:58:00Z;613.5;613.7;613.8;613.5;489;
88468f6c-c67a-4fb4-a006-53eed803883c;2024-08-13T09:59:00Z;613.8;613.7;613.8;613.5;1218;
88468f6c-c67a-4fb4-a006-53eed803883c;2024-08-13T10:00:00Z;613.7;613.5;613.7;613.2;4360;
88468f6c-c67a-4fb4-a006-53eed803883c;2024-08-13T10:01:00Z;613.5;613.3;613.6;613.2;838;
88468f6c-c67a-4fb4-a006-53eed803883c;2024-08-13T10:02:00Z;613.3;612.4;613.3;612;7557;
88468f6c-c67a-4fb4-a006-53eed803883c;2024-08-13T10:03:00Z;612.4;612.6;612.6;612.1;1720;
88468f6c-c67a-4fb4-a006-53eed803883c;2024-08-13T10:04:00Z;612.6;612.9;613;612.5;804;
88468f6c-c67a-4fb4-a006-53eed803883c;2024-08-13T10:05:00Z;613;613.2;613.3;612.9;931;
88468f6c-c67a-4fb4-a006-53eed803883c;2024-08-13T10:06:00Z;613.2;613.5;613.5;613.2;1530;
88468f6c-c67a-4fb4-a006-53eed803883c;2024-08-13T10:07:00Z;613.5;613.5;613.5;613.4;267;
88468f6c-c67a-4fb4-a006-53eed803883c;2024-08-13T10:08:00Z;613.5;612.9;613.5;612.9;2286;
88468f6c-c67a-4fb4-a006-53eed803883c;2024-08-13T10:09:00Z;612.9;612.5;613;612.4;4739;
88468f6c-c67a-4fb4-a006-53eed803883c;2024-08-13T10:10:00Z;612.5;611.7;612.5;611.7;6960;
88468f6c-c67a-4fb4-a006-53eed803883c;2024-08-13T10:11:00Z;611.8;610.6;611.8;610;12461;
88468f6c-c67a-4fb4-a006-53eed803883c;2024-08-13T10:12:00Z;610.5;611;611.3;610.5;2871;
88468f6c-c67a-4fb4-a006-53eed803883c;2024-08-13T10:13:00Z;611.1;611.6;611.6;611;901;
88468f6c-c67a-4fb4-a006-53eed803883c;2024-08-13T10:14:00Z;611.7;611.7;611.8;611.6;348;
88468f6c-c67a-4fb4-a006-53eed803883c;2024-08-13T10:15:00Z;611.7;611;611.8;611;948;
88468f6c-c67a-4fb4-a006-53eed803883c;2024-08-13T10:16:00Z;611.1;610.6;611.1;610.6;2045;
88468f6c-c67a-4fb4-a006-53eed803883c;2024-08-13T10:17:00Z;610.6;610.3;610.6;610.1;3068;
88468f6c-c67a-4fb4-a006-53eed803883c;2024-08-13T10:18:00Z;610.3;610.2;610.3;610.1;1862;
88468f6c-c67a-4fb4-a006-53eed803883c;2024-08-13T10:19:00Z;610.2;610.8;610.8;610.1;939;
88468f6c-c67a-4fb4-a006-53eed803883c;2024-08-13T10:20:00Z;610.8;611.7;611.7;610.7;947;
88468f6c-c67a-4fb4-a006-53eed803883c;2024-08-13T10:21:00Z;611.7;612;612.5;611.7;3018;
88468f6c-c67a-4fb4-a006-53eed803883c;2024-08-13T10:22:00Z;612.1;612.1;612.1;612;514;
88468f6c-c67a-4fb4-a006-53eed803883c;2024-08-13T10:23:00Z;612.1;612;612.1;612;43;
88468f6c-c67a-4fb4-a006-53eed803883c;2024-08-13T10:24:00Z;612.1;612.1;612.1;612;2043;
88468f6c-c67a-4fb4-a006-53eed803883c;2024-08-13T10:25:00Z;612.1;612.7;612.7;612.1;4410;
88468f6c-c67a-4fb4-a006-53eed803883c;2024-08-13T10:26:00Z;612.7;612.9;613;612.7;303;
88468f6c-c67a-4fb4-a006-53eed803883c;2024-08-13T10:27:00Z;613;612.9;613;612.9;1015;
88468f6c-c67a-4fb4-a006-53eed803883c;2024-08-13T10:28:00Z;612.9;612.9;613;612.9;409;
88468f6c-c67a-4fb4-a006-53eed803883c;2024-08-13T10:29:00Z;612.9;612.8;613;612.7;553;
88468f6c-c67a-4fb4-a006-53eed803883c;2024-08-13T10:30:00Z;612.8;612.8;612.8;612.7;234;
88468f6c-c67a-4fb4-a006-53eed803883c;2024-08-13T10:31:00Z;612.8;612.8;612.8;612.7;91;
88468f6c-c67a-4fb4-a006-53eed803883c;2024-08-13T10:32:00Z;612.8;612.8;612.8;612.7;180;
88468f6c-c67a-4fb4-a006-53eed803883c;2024-08-13T10:33:00Z;612.8;612.6;612.8;612.5;3273;
88468f6c-c67a-4fb4-a006-53eed803883c;2024-08-13T10:34:00Z;612.6;612.7;612.8;612.5;1438;
88468f6c-c67a-4fb4-a006-53eed803883c;2024-08-13T10:35:00Z;612.8;612.3;612.8;612.3;493;
88468f6c-c67a-4fb4-a006-53eed803883c;2024-08-13T10:36:00Z;612.5;612.7;612.7;612.5;423;
88468f6c-c67a-4fb4-a006-53eed803883c;2024-08-13T10:37:00Z;612.6;612.7;612.7;612.6;114;
88468f6c-c67a-4fb4-a006-53eed803883c;2024-08-13T10:38:00Z;612.6;612;612.7;612;1099;
88468f6c-c67a-4fb4-a006-53eed803883c;2024-08-13T10:39:00Z;612.1;612.1;612.1;612;692;
88468f6c-c67a-4fb4-a006-53eed803883c;2024-08-13T10:40:00Z;612.3;612.3;612.4;612;1268;
88468f6c-c67a-4fb4-a006-53eed803883c;2024-08-13T10:41:00Z;612.4;612.5;612.5;612.3;95;
88468f6c-c67a-4fb4-a006-53eed803883c;2024-08-13T10:42:00Z;612.4;612;612.5;612;830;
88468f6c-c67a-4fb4-a006-53eed803883c;2024-08-13T10:43:00Z;612.1;611.5;612.1;611.5;1686;
88468f6c-c67a-4fb4-a006-53eed803883c;2024-08-13T10:44:00Z;611.8;612.5;612.6;611.8;2309;
88468f6c-c67a-4fb4-a006-53eed803883c;2024-08-13T10:45:00Z;612.4;612.4;612.6;612.4;116;
88468f6c-c67a-4fb4-a006-53eed803883c;2024-08-13T10:46:00Z;612.6;612.1;612.6;612.1;598;
88468f6c-c67a-4fb4-a006-53eed803883c;2024-08-13T10:47:00Z;612.2;612;612.2;612;700;
88468f6c-c67a-4fb4-a006-53eed803883c;2024-08-13T10:48:00Z;612;612;612;611.9;32;
88468f6c-c67a-4fb4-a006-53eed803883c;2024-08-13T10:49:00Z;612;611.9;612;611.7;3969;
88468f6c-c67a-4fb4-a006-53eed803883c;2024-08-13T10:50:00Z;612;612.3;612.3;612;3063;
88468f6c-c67a-4fb4-a006-53eed803883c;2024-08-13T10:51:00Z;612.3;612.4;612.7;612;5586;
88468f6c-c67a-4fb4-a006-53eed803883c;2024-08-13T10:52:00Z;612.4;612.7;612.7;612.3;265;
88468f6c-c67a-4fb4-a006-53eed803883c;2024-08-13T10:53:00Z;612.6;612.9;612.9;612.6;3812;
88468f6c-c67a-4fb4-a006-53eed803883c;2024-08-13T10:54:00Z;612.9;612.7;613;612.3;6106;
88468f6c-c67a-4fb4-a006-53eed803883c;2024-08-13T10:55:00Z;612.8;612.8;612.8;612.7;51;
88468f6c-c67a-4fb4-a006-53eed803883c;2024-08-13T10:56:00Z;612.8;612.9;613;612.8;744;
88468f6c-c67a-4fb4-a006-53eed803883c;2024-08-13T10:57:00Z;612.9;612.7;613;612.7;2186;
88468f6c-c67a-4fb4-a006-53eed803883c;2024-08-13T10:58:00Z;612.7;612.7;612.8;612.7;778;
88468f6c-c67a-4fb4-a006-53eed803883c;2024-08-13T10:59:00Z;612.9;613;613;612.7;2129;
88468f6c-c67a-4fb4-a006-53eed803883c;2024-08-13T11:00:00Z;612.8;612.8;613;612.7;635;
88468f6c-c67a-4fb4-a006-53eed803883c;2024-08-13T11:01:00Z;612.8;612.9;612.9;612.7;77;
88468f6c-c67a-4fb4-a006-53eed803883c;2024-08-13T11:02:00Z;612.9;612.9;612.9;612.8;48;
88468f6c-c67a-4fb4-a006-53eed803883c;2024-08-13T11:03:00Z;612.8;612.9;612.9;612.8;182;
88468f6c-c67a-4fb4-a006-53eed803883c;2024-08-13T11:04:00Z;612.9;612.9;612.9;612.8;101;
88468f6c-c67a-4fb4-a006-53eed803883c;2024-08-13T11:05:00Z;612.9;612.9;613.1;612.7;6155;
88468f6c-c67a-4fb4-a006-53eed803883c;2024-08-13T11:06:00Z;612.9;612.5;612.9;612.5;767;
88468f6c-c67a-4fb4-a006-53eed803883c;2024-08-13T11:07:00Z;612.5;611.7;612.5;611.7;2041;
88468f6c-c67a-4fb4-a006-53eed803883c;2024-08-13T11:08:00Z;611.9;611.7;611.9;611.6;401;
88468f6c-c67a-4fb4-a006-53eed803883c;2024-08-13T11:09:00Z;611.9;611.9;612;611.8;828;
88468f6c-c67a-4fb4-a006-53eed803883c;2024-08-13T11:10:00Z;611.9;612;612.1;611.9;478;
88468f6c-c67a-4fb4-a006-53eed803883c;2024-08-13T11:11:00Z;611.9;611.9;612;611.8;1126;
88468f6c-c67a-4fb4-a006-53eed803883c;2024-08-13T11:12:00Z;611.8;611.1;611.8;611.1;2888;
88468f6c-c67a-4fb4-a006-53eed803883c;2024-08-13T11:13:00Z;611.2;611.1;611.2;611.1;377;
88468f6c-c67a-4fb4-a006-53eed803883c;2024-08-13T11:14:00Z;611.1;611.1;611.2;611;1593;
88468f6c-c67a-4fb4-a006-53eed803883c;2024-08-13T11:15:00Z;611;611.5;611.5;611;2711;
88468f6c-c67a-4fb4-a006-53eed803883c;2024-08-13T11:16:00Z;611.5;611.8;612;611.5;864;
88468f6c-c67a-4fb4-a006-53eed803883c;2024-08-13T11:17:00Z;611.8;611.5;611.9;611.4;552;
88468f6c-c67a-4fb4-a006-53eed803883c;2024-08-13T11:18:00Z;611.5;611;611.5;610.9;4454;
88468f6c-c67a-4fb4-a006-53eed803883c;2024-08-13T11:19:00Z;611;611.1;611.2;610.9;2868;
88468f6c-c67a-4fb4-a006-53eed803883c;2024-08-13T11:20:00Z;611.3;611;611.4;610.9;1655;
88468f6c-c67a-4fb4-a006-53eed803883c;2024-08-13T11:21:00Z;610.9;610.4;611;610;46440;
88468f6c-c67a-4fb4-a006-53eed803883c;2024-08-13T11:22:00Z;610.2;610.3;610.3;610.2;31;
88468f6c-c67a-4fb4-a006-53eed803883c;2024-08-13T11:23:00Z;610.3;610;610.3;610;2078;
88468f6c-c67a-4fb4-a006-53eed803883c;2024-08-13T11:24:00Z;610;610;610.1;610;5481;
88468f6c-c67a-4fb4-a006-53eed803883c;2024-08-13T11:25:00Z;610;610.1;610.1;610;5374;
88468f6c-c67a-4fb4-a006-53eed803883c;2024-08-13T11:26:00Z;610;610.3;610.3;610;4887;
88468f6c-c67a-4fb4-a006-53eed803883c;2024-08-13T11:27:00Z;610.3;610.3;610.4;610;22762;
88468f6c-c67a-4fb4-a006-53eed803883c;2024-08-13T11:28:00Z;610.3;610.3;610.3;610.2;236;
88468f6c-c67a-4fb4-a006-53eed803883c;2024-08-13T11:29:00Z;610.2;610.1;610.2;610;6867;
88468f6c-c67a-4fb4-a006-53eed803883c;2024-08-13T11:30:00Z;610;610;610.1;610;183;
88468f6c-c67a-4fb4-a006-53eed803883c;2024-08-13T11:31:00Z;610;610;610.1;610;280;
88468f6c-c67a-4fb4-a006-53eed803883c;2024-08-13T11:32:00Z;610.1;610;610.1;610;205;
88468f6c-c67a-4fb4-a006-53eed803883c;2024-08-13T11:33:00Z;610.1;610.1;610.1;610;2911;
88468f6c-c67a-4fb4-a006-53eed803883c;2024-08-13T11:34:00Z;610;610.1;610.1;610;5298;
88468f6c-c67a-4fb4-a006-53eed803883c;2024-08-13T11:35:00Z;610.1;610.3;610.4;610.1;376;
88468f6c-c67a-4fb4-a006-53eed803883c;2024-08-13T11:36:00Z;610.4;610.3;610.5;610;10603;
88468f6c-c67a-4fb4-a006-53eed803883c;2024-08-13T11:37:00Z;610.3;610.6;610.6;610.2;1722;
88468f6c-c67a-4fb4-a006-53eed803883c;2024-08-13T11:38:00Z;610.5;610.6;610.6;610.5;1180;
88468f6c-c67a-4fb4-a006-53eed803883c;2024-08-13T11:39:00Z;610.6;610.6;610.6;610.5;507;
88468f6c-c67a-4fb4-a006-53eed803883c;2024-08-13T11:40:00Z;610.5;610.6;610.6;610.5;483;
88468f6c-c67a-4fb4-a006-53eed803883c;2024-08-13T11:41:00Z;610.6;610.3;610.6;610.3;544;
88468f6c-c67a-4fb4-a006-53eed803883c;2024-08-13T11:42:00Z;610.4;610.5;610.5;610.4;240;
88468f6c-c67a-4fb4-a006-53eed803883c;2024-08-13T11:43:00Z;610.4;610.5;610.6;610.3;965;
88468f6c-c67a-4fb4-a006-53eed803883c;2024-08-13T11:44:00Z;610.5;610.5;610.6;610.3;734;
88468f6c-c67a-4fb4-a006-53eed803883c;2024-08-13T11:45:00Z;610.5;610.5;610.6;610.5;43;
88468f6c-c67a-4fb4-a006-53eed803883c;2024-08-13T11:46:00Z;610.4;610.6;610.6;610.4;736;
88468f6c-c67a-4fb4-a006-53eed803883c;2024-08-13T11:47:00Z;610.6;612;612.1;610.5;20130;
88468f6c-c67a-4fb4-a006-53eed803883c;2024-08-13T11:48:00Z;612;610.7;612.1;610.6;7205;
88468f6c-c67a-4fb4-a006-53eed803883c;2024-08-13T11:49:00Z;610.7;610.8;610.8;610.7;36;
88468f6c-c67a-4fb4-a006-53eed803883c;2024-08-13T11:50:00Z;610.8;610.8;611;610.7;216;
88468f6c-c67a-4fb4-a006-53eed803883c;2024-08-13T11:51:00Z;611;611;611.1;610.9;213;
88468f6c-c67a-4fb4-a006-53eed803883c;2024-08-13T11:52:00Z;611;611;611;610.9;120;
88468f6c-c67a-4fb4-a006-53eed803883c;2024-08-13T11:53:00Z;610.9;610.7;611.1;610.7;4494;
88468f6c-c67a-4fb4-a006-53eed803883c;2024-08-13T11:54:00Z;610.9;611;611.1;610.9;817;
88468f6c-c67a-4fb4-a006-53eed803883c;2024-08-13T11:55:00Z;611;610.9;611;610.9;559;
88468f6c-c67a-4fb4-a006-53eed803883c;2024-08-13T11:56:00Z;610.9;611.2;611.3;610.9;1705;
88468f6c-c67a-4fb4-a006-53eed803883c;2024-08-13T11:57:00Z;611.2;611.2;611.3;611.2;1030;
88468f6c-c67a-4fb4-a006-53eed803883c;2024-08-13T11:58:00Z;611.3;611.5;611.6;611.3;1084;
88468f6c-c67a-4fb4-a006-53eed803883c;2024-08-13T11:59:00Z;611.5;611.5;611.5;611.3;413;
88468f6c-c67a-4fb4-a006-53eed803883c;2024-08-13T12:00:00Z;611.4;611.5;611.6;611.4;1065;
88468f6c-c67a-4fb4-a006-53eed803883c;2024-08-13T12:01:00Z;611.4;611.5;611.5;611.4;321;
88468f6c-c67a-4fb4-a006-53eed803883c;2024-08-13T12:02:00Z;611.5;611.6;611.6;611.4;682;
88468f6c-c67a-4fb4-a006-53eed803883c;2024-08-13T12:03:00Z;611.6;611.6;611.6;611.5;392;
88468f6c-c67a-4fb4-a006-53eed803883c;2024-08-13T12:04:00Z;611.6;611.8;611.8;611.6;847;
88468f6c-c67a-4fb4-a006-53eed803883c;2024-08-13T12:05:00Z;611.7;612.6;613.3;611.7;28064;
88468f6c-c67a-4fb4-a006-53eed803883c;2024-08-13T12:06:00Z;612.5;612.6;612.8;612.4;1479;
88468f6c-c67a-4fb4-a006-53eed803883c;2024-08-13T12:07:00Z;612.6;613.3;613.3;612.6;6045;
88468f6c-c67a-4fb4-a006-53eed803883c;2024-08-13T12:08:00Z;613.3;613;613.3;613;721;
88468f6c-c67a-4fb4-a006-53eed803883c;2024-08-13T12:09:00Z;613;612.7;613;612.7;460;
88468f6c-c67a-4fb4-a006-53eed803883c;2024-08-13T12:10:00Z;612.8;613.2;613.2;612.8;1325;
88468f6c-c67a-4fb4-a006-53eed803883c;2024-08-13T12:11:00Z;613.2;613.3;613.3;613;1534;
88468f6c-c67a-4fb4-a006-53eed803883c;2024-08-13T12:12:00Z;613.3;613.3;613.4;613.3;1459;
88468f6c-c67a-4fb4-a006-53eed803883c;2024-08-13T12:13:00Z;613.4;613.9;613.9;613.3;2549;
88468f6c-c67a-4fb4-a006-53eed803883c;2024-08-13T12:14:00Z;613.9;613.9;613.9;613.8;413;
88468f6c-c67a-4fb4-a006-53eed803883c;2024-08-13T12:15:00Z;613.9;613.9;613.9;613.8;1051;
88468f6c-c67a-4fb4-a006-53eed803883c;2024-08-13T12:16:00Z;613.9;613.9;613.9;613.8;23;
88468f6c-c67a-4fb4-a006-53eed803883c;2024-08-13T12:17:00Z;613.9;613.8;613.9;613.8;256;
88468f6c-c67a-4fb4-a006-53eed803883c;2024-08-13T12:18:00Z;613.8;613.7;613.8;613.6;267;
88468f6c-c67a-4fb4-a006-53eed803883c;2024-08-13T12:19:00Z;613.7;613.4;613.7;613.3;2035;
88468f6c-c67a-4fb4-a006-53eed803883c;2024-08-13T12:20:00Z;613.6;613.6;613.7;613.4;174;
88468f6c-c67a-4fb4-a006-53eed803883c;2024-08-13T12:21:00Z;613.6;613.4;613.6;613.3;425;
88468f6c-c67a-4fb4-a006-53eed803883c;2024-08-13T12:22:00Z;613.4;613.5;613.5;613.4;295;
88468f6c-c67a-4fb4-a006-53eed803883c;2024-08-13T12:23:00Z;613.5;613.5;613.5;613.4;307;
88468f6c-c67a-4fb4-a006-53eed803883c;2024-08-13T12:24:00Z;613.4;613.4;613.7;613.4;754;
88468f6c-c67a-4fb4-a006-53eed803883c;2024-08-13T12:25:00Z;613.6;613.6;613.6;613.4;233;
88468f6c-c67a-4fb4-a006-53eed803883c;2024-08-13T12:26:00Z;613.5;613.6;613.6;613.4;138;
88468f6c-c67a-4fb4-a006-53eed803883c;2024-08-13T12:27:00Z;613.5;613.6;613.6;613.2;919;
88468f6c-c67a-4fb4-a006-53eed803883c;2024-08-13T12:28:00Z;613.6;613.7;613.7;613.6;3530;
88468f6c-c67a-4fb4-a006-53eed803883c;2024-08-13T12:29:00Z;613.7;613.3;613.7;613.3;1633;
88468f6c-c67a-4fb4-a006-53eed803883c;2024-08-13T12:30:00Z;613.5;612.4;613.5;612.4;11101;
88468f6c-c67a-4fb4-a006-53eed803883c;2024-08-13T12:31:00Z;613;612.9;613.2;612.8;614;
88468f6c-c67a-4fb4-a006-53eed803883c;2024-08-13T12:32:00Z;613.1;612.8;613.1;612.8;417;
88468f6c-c67a-4fb4-a006-53eed803883c;2024-08-13T12:33:00Z;612.8;613;613.1;612.5;2534;
88468f6c-c67a-4fb4-a006-53eed803883c;2024-08-13T12:34:00Z;613;612.9;613.1;612.7;2222;
88468f6c-c67a-4fb4-a006-53eed803883c;2024-08-13T12:35:00Z;612.9;612.7;612.9;612.6;7475;
88468f6c-c67a-4fb4-a006-53eed803883c;2024-08-13T12:36:00Z;612.7;612.6;612.9;612.4;2945;
88468f6c-c67a-4fb4-a006-53eed803883c;2024-08-13T12:37:00Z;612.5;611.9;612.5;611.7;7677;
88468f6c-c67a-4fb4-a006-53eed803883c;2024-08-13T12:38:00Z;611.8;611.2;611.8;610.5;27230;
88468f6c-c67a-4fb4-a006-53eed803883c;2024-08-13T12:39:00Z;611.2;610.7;611.2;610.2;22212;
88468f6c-c67a-4fb4-a006-53eed803883c;2024-08-13T12:40:00Z;610.7;610.6;610.7;610.6;156;
88468f6c-c67a-4fb4-a006-53eed803883c;2024-08-13T12:41:00Z;610.7;610.5;610.7;610.5;1849;
88468f6c-c67a-4fb4-a006-53eed803883c;2024-08-13T12:42:00Z;610.5;610.2;610.5;610.2;1738;
88468f6c-c67a-4fb4-a006-53eed803883c;2024-08-13T12:43:00Z;610.3;610.2;610.3;610.2;527;
88468f6c-c67a-4fb4-a006-53eed803883c;2024-08-13T12:44:00Z;610.3;610.4;610.4;610.2;1974;
88468f6c-c67a-4fb4-a006-53eed803883c;2024-08-13T12:45:00Z;610.4;610.5;610.5;610.3;2117;
88468f6c-c67a-4fb4-a006-53eed803883c;2024-08-13T12:46:00Z;610.5;610.5;610.5;610.4;510;
88468f6c-c67a-4fb4-a006-53eed803883c;2024-08-13T12:47:00Z;610.4;610.7;610.7;610.4;948;
88468f6c-c67a-4fb4-a006-53eed803883c;2024-08-13T12:48:00Z;610.7;610.7;610.7;610.6;1118;
88468f6c-c67a-4fb4-a006-53eed803883c;2024-08-13T12:49:00Z;610.7;610.6;610.7;610.6;219;
88468f6c-c67a-4fb4-a006-53eed803883c;2024-08-13T12:50:00Z;610.7;610.5;610.8;610.4;3612;
88468f6c-c67a-4fb4-a006-53eed803883c;2024-08-13T12:51:00Z;610.5;610.5;610.5;610.4;617;
88468f6c-c67a-4fb4-a006-53eed803883c;2024-08-13T12:52:00Z;610.5;610.4;610.5;610.4;1154;
88468f6c-c67a-4fb4-a006-53eed803883c;2024-08-13T12:53:00Z;610.4;610.4;610.5;610.2;3688;
88468f6c-c67a-4fb4-a006-53eed803883c;2024-08-13T12:54:00Z;610.3;610.4;610.4;610.2;5185;
88468f6c-c67a-4fb4-a006-53eed803883c;2024-08-13T12:55:00Z;610.3;610.6;610.6;610.3;1179;
88468f6c-c67a-4fb4-a006-53eed803883c;2024-08-13T12:56:00Z;610.6;611.2;611.3;610.6;8063;
88468f6c-c67a-4fb4-a006-53eed803883c;2024-08-13T12:57:00Z;611.3;610.4;611.3;610.3;2444;
88468f6c-c67a-4fb4-a006-53eed803883c;2024-08-13T12:58:00Z;610.5;610.9;610.9;610.4;1739;
88468f6c-c67a-4fb4-a006-53eed803883c;2024-08-13T12:59:00Z;610.9;610.9;610.9;610.8;394;
88468f6c-c67a-4fb4-a006-53eed803883c;2024-08-13T13:00:00Z;610.9;610.6;610.9;610.5;666;
88468f6c-c67a-4fb4-a006-53eed803883c;2024-08-13T13:01:00Z;610.6;610.4;610.8;610.3;1005;
88468f6c-c67a-4fb4-a006-53eed803883c;2024-08-13T13:02:00Z;610.4;611.1;611.1;610.2;7233;
88468f6c-c67a-4fb4-a006-53eed803883c;2024-08-13T13:03:00Z;611.1;610.5;611.1;610.5;1068;
88468f6c-c67a-4fb4-a006-53eed803883c;2024-08-13T13:04:00Z;610.5;610.7;610.8;610.4;2479;
88468f6c-c67a-4fb4-a006-53eed803883c;2024-08-13T13:05:00Z;610.7;610.5;610.7;610.5;1026;
88468f6c-c67a-4fb4-a006-53eed803883c;2024-08-13T13:06:00Z;610.6;610.6;610.6;610.6;38;
88468f6c-c67a-4fb4-a006-53eed803883c;2024-08-13T13:07:00Z;610.6;610.4;610.6;610.1;2094;
88468f6c-c67a-4fb4-a006-53eed803883c;2024-08-13T13:08:00Z;610.4;610.1;610.5;610.1;495;
88468f6c-c67a-4fb4-a006-53eed803883c;2024-08-13T13:09:00Z;610.1;610.2;610.2;610;1474;
88468f6c-c67a-4fb4-a006-53eed803883c;2024-08-13T13:10:00Z;610.2;610.3;610.4;610.1;1438;
88468f6c-c67a-4fb4-a006-53eed803883c;2024-08-13T13:11:00Z;610.2;610;610.4;610;1349;
88468f6c-c67a-4fb4-a006-53eed803883c;2024-08-13T13:12:00Z;610.1;610.5;610.5;610.1;823;
88468f6c-c67a-4fb4-a006-53eed803883c;2024-08-13T13:13:00Z;610.5;610.6;610.6;610.5;673;
88468f6c-c67a-4fb4-a006-53eed803883c;2024-08-13T13:14:00Z;610.7;610.4;610.8;610.3;2076;
88468f6c-c67a-4fb4-a006-53eed803883c;2024-08-13T13:15:00Z;610.4;611;611;610.3;1558;
88468f6c-c67a-4fb4-a006-53eed803883c;2024-08-13T13:16:00Z;610.7;611.1;611.1;610.7;828;
88468f6c-c67a-4fb4-a006-53eed803883c;2024-08-13T13:17:00Z;611.1;611;611.2;611;279;
88468f6c-c67a-4fb4-a006-53eed803883c;2024-08-13T13:18:00Z;611.1;611.1;611.1;611;1272;
88468f6c-c67a-4fb4-a006-53eed803883c;2024-08-13T13:19:00Z;611.1;611.1;611.1;611;184;
88468f6c-c67a-4fb4-a006-53eed803883c;2024-08-13T13:20:00Z;611.1;611;611.2;610.8;1246;
88468f6c-c67a-4fb4-a006-53eed803883c;2024-08-13T13:21:00Z;610.9;610.5;610.9;610.5;1377;
88468f6c-c67a-4fb4-a006-53eed803883c;2024-08-13T13:22:00Z;610.5;610.4;610.8;610.3;2764;
88468f6c-c67a-4fb4-a006-53eed803883c;2024-08-13T13:23:00Z;610.3;610.4;610.4;610;14197;
88468f6c-c67a-4fb4-a006-53eed803883c;2024-08-13T13:24:00Z;610.6;610.5;610.6;610.4;68;
88468f6c-c67a-4fb4-a006-53eed803883c;2024-08-13T13:25:00Z;610.5;610.4;610.5;610.3;866;
88468f6c-c67a-4fb4-a006-53eed803883c;2024-08-13T13:26:00Z;610.4;610.4;610.4;610.3;107;
88468f6c-c67a-4fb4-a006-53eed803883c;2024-08-13T13:27:00Z;610.4;610.5;610.5;610.3;407;
88468f6c-c67a-4fb4-a006-53eed803883c;2024-08-13T13:28:00Z;610.5;610.5;610.5;610.4;110;
88468f6c-c67a-4fb4-a006-53eed803883c;2024-08-13T13:29:00Z;610.5;610.5;610.5;610.4;956;
88468f6c-c67a-4fb4-a006-53eed803883c;2024-08-13T13:30:00Z;610.5;610.4;610.5;610.3;1775;
88468f6c-c67a-4fb4-a006-53eed803883c;2024-08-13T13:31:00Z;610.4;610.5;610.5;610.4;760;
88468f6c-c67a-4fb4-a006-53eed803883c;2024-08-13T13:32:00Z;610.5;610.4;611;610;37073;
88468f6c-c67a-4fb4-a006-53eed803883c;2024-08-13T13:33:00Z;610.2;610.1;610.2;610;7151;
88468f6c-c67a-4fb4-a006-53eed803883c;2024-08-13T13:34:00Z;610.1;610.7;610.7;610;710;
88468f6c-c67a-4fb4-a006-53eed803883c;2024-08-13T13:35:00Z;610.6;610.8;610.9;610.6;2493;
88468f6c-c67a-4fb4-a006-53eed803883c;2024-08-13T13:36:00Z;610.9;610.9;611;610.8;656;
88468f6c-c67a-4fb4-a006-53eed803883c;2024-08-13T13:37:00Z;610.9;611;611;610.7;892;
88468f6c-c67a-4fb4-a006-53eed803883c;2024-08-13T13:38:00Z;610.8;610.7;610.8;610.6;1183;
88468f6c-c67a-4fb4-a006-53eed803883c;2024-08-13T13:39:00Z;610.7;610.3;610.7;610;4808;
88468f6c-c67a-4fb4-a006-53eed803883c;2024-08-13T13:40:00Z;610.1;609.8;610.5;609.8;22887;
88468f6c-c67a-4fb4-a006-53eed803883c;2024-08-13T13:41:00Z;609.9;609.7;609.9;609.5;4101;
88468f6c-c67a-4fb4-a006-53eed803883c;2024-08-13T13:42:00Z;609.6;609.8;609.8;609.6;2020;
88468f6c-c67a-4fb4-a006-53eed803883c;2024-08-13T13:43:00Z;609.8;610;610.1;609.7;324;
88468f6c-c67a-4fb4-a006-53eed803883c;2024-08-13T13:44:00Z;610.2;610.5;610.5;610;345;
88468f6c-c67a-4fb4-a006-53eed803883c;2024-08-13T13:45:00Z;610.6;610.7;610.8;610.5;768;
88468f6c-c67a-4fb4-a006-53eed803883c;2024-08-13T13:46:00Z;610.7;610.6;610.8;610.5;1640;
88468f6c-c67a-4fb4-a006-53eed803883c;2024-08-13T13:47:00Z;610.6;610.7;610.7;610.6;666;
88468f6c-c67a-4fb4-a006-53eed803883c;2024-08-13T13:48:00Z;610.7;610.4;610.7;610.4;925;
88468f6c-c67a-4fb4-a006-53eed803883c;2024-08-13T13:49:00Z;610.5;610.7;610.7;610.3;140;
88468f6c-c67a-4fb4-a006-53eed803883c;2024-08-13T13:50:00Z;610.5;610.6;610.7;610.5;1842;
88468f6c-c67a-4fb4-a006-53eed803883c;2024-08-13T13:51:00Z;610.6;610.6;610.7;610.5;2810;
88468f6c-c67a-4fb4-a006-53eed803883c;2024-08-13T13:52:00Z;610.6;610.6;610.6;610.5;355;
88468f6c-c67a-4fb4-a006-53eed803883c;2024-08-13T13:53:00Z;610.6;610.5;610.6;610.5;848;
88468f6c-c67a-4fb4-a006-53eed803883c;2024-08-13T13:54:00Z;610.6;610.7;610.7;610.5;5431;
88468f6c-c67a-4fb4-a006-53eed803883c;2024-08-13T13:55:00Z;610.6;610.6;610.7;610.6;77;
88468f6c-c67a-4fb4-a006-53eed803883c;2024-08-13T13:56:00Z;610.7;610.9;611;610.6;9950;
88468f6c-c67a-4fb4-a006-53eed803883c;2024-08-13T13:57:00Z;610.9;611.1;611.2;610.8;2088;
88468f6c-c67a-4fb4-a006-53eed803883c;2024-08-13T13:58:00Z;611.2;611.2;611.2;611.1;346;
88468f6c-c67a-4fb4-a006-53eed803883c;2024-08-13T13:59:00Z;611.2;610.7;611.2;610.7;3219;
88468f6c-c67a-4fb4-a006-53eed803883c;2024-08-13T14:00:00Z;610.7;611.1;611.3;610.7;1833;
88468f6c-c67a-4fb4-a006-53eed803883c;2024-08-13T14:01:00Z;611.2;611.1;611.2;611.1;242;
88468f6c-c67a-4fb4-a006-53eed803883c;2024-08-13T14:02:00Z;611.2;611.4;611.4;611.1;2753;
88468f6c-c67a-4fb4-a006-53eed803883c;2024-08-13T14:03:00Z;611.4;611.1;611.7;611.1;2082;
88468f6c-c67a-4fb4-a006-53eed803883c;2024-08-13T14:04:00Z;611;611.2;611.2;611;2278;
88468f6c-c67a-4fb4-a006-53eed803883c;2024-08-13T14:05:00Z;611.3;611.2;611.3;611.1;301;
88468f6c-c67a-4fb4-a006-53eed803883c;2024-08-13T14:06:00Z;611.2;610.7;611.3;610.7;2679;
88468f6c-c67a-4fb4-a006-53eed803883c;2024-08-13T14:07:00Z;610.7;609.9;610.7;609.8;6165;
88468f6c-c67a-4fb4-a006-53eed803883c;2024-08-13T14:08:00Z;610;610.4;610.4;610;87;
88468f6c-c67a-4fb4-a006-53eed803883c;2024-08-13T14:09:00Z;610.4;610.6;610.6;610.3;657;
88468f6c-c67a-4fb4-a006-53eed803883c;2024-08-13T14:10:00Z;610.5;610.5;610.6;610.5;60;
88468f6c-c67a-4fb4-a006-53eed803883c;2024-08-13T14:11:00Z;610.6;610.6;610.6;610.6;133;
88468f6c-c67a-4fb4-a006-53eed803883c;2024-08-13T14:12:00Z;610.6;610.6;610.6;610.5;142;
88468f6c-c67a-4fb4-a006-53eed803883c;2024-08-13T14:13:00Z;610.5;610.7;610.7;610.5;336;
88468f6c-c67a-4fb4-a006-53eed803883c;2024-08-13T14:14:00Z;610.7;610.6;610.7;610.5;144;
88468f6c-c67a-4fb4-a006-53eed803883c;2024-08-13T14:15:00Z;610.6;610.7;610.7;610.5;265;
88468f6c-c67a-4fb4-a006-53eed803883c;2024-08-13T14:16:00Z;610.7;610.7;610.7;610.6;121;
88468f6c-c67a-4fb4-a006-53eed803883c;2024-08-13T14:17:00Z;610.7;610.7;610.7;610.6;166;
88468f6c-c67a-4fb4-a006-53eed803883c;2024-08-13T14:18:00Z;610.7;610.6;610.7;610.6;2527;
88468f6c-c67a-4fb4-a006-53eed803883c;2024-08-13T14:19:00Z;610.6;610.7;610.7;610.6;785;
88468f6c-c67a-4fb4-a006-53eed803883c;2024-08-13T14:20:00Z;610.7;610.6;610.7;610.6;1095;
88468f6c-c67a-4fb4-a006-53eed803883c;2024-08-13T14:21:00Z;610.5;610.3;610.6;610.3;2709;
88468f6c-c67a-4fb4-a006-53eed803883c;2024-08-13T14:22:00Z;610.4;610.1;610.5;609.6;17944;
88468f6c-c67a-4fb4-a006-53eed803883c;2024-08-13T14:23:00Z;610.2;610;610.2;610;1151;
88468f6c-c67a-4fb4-a006-53eed803883c;2024-08-13T14:24:00Z;610.1;610.1;610.2;609.9;2336;
88468f6c-c67a-4fb4-a006-53eed803883c;2024-08-13T14:25:00Z;610.2;610.3;610.3;610.1;290;
88468f6c-c67a-4fb4-a006-53eed803883c;2024-08-13T14:26:00Z;610.3;610.3;610.4;610.3;565;
88468f6c-c67a-4fb4-a006-53eed803883c;2024-08-13T14:27:00Z;610.3;610.3;610.3;610.2;105;
88468f6c-c67a-4fb4-a006-53eed803883c;2024-08-13T14:28:00Z;610.3;610.2;610.3;610.1;1043;
88468f6c-c67a-4fb4-a006-53eed803883c;2024-08-13T14:29:00Z;610.2;610;610.2;609.9;1607;
88468f6c-c67a-4fb4-a006-53eed803883c;2024-08-13T14:30:00Z;610.1;610.1;610.1;610;328;
88468f6c-c67a-4fb4-a006-53eed803883c;2024-08-13T14:31:00Z;610.1;610;610.1;610;952;
88468f6c-c67a-4fb4-a006-53eed803883c;2024-08-13T14:32:00Z;610;610.1;610.1;610;310;
88468f6c-c67a-4fb4-a006-53eed803883c;2024-08-13T14:33:00Z;610.1;609.2;610.1;607.9;39583;
88468f6c-c67a-4fb4-a006-53eed803883c;2024-08-13T14:34:00Z;609.3;610.1;610.1;609.3;5810;
88468f6c-c67a-4fb4-a006-53eed803883c;2024-08-13T14:35:00Z;610;610;610.1;610;3920;
88468f6c-c67a-4fb4-a006-53eed803883c;2024-08-13T14:36:00Z;610.1;610.1;610.2;610;7563;
88468f6c-c67a-4fb4-a006-53eed803883c;2024-08-13T14:37:00Z;610.2;610.6;610.7;610.2;2256;
88468f6c-c67a-4fb4-a006-53eed803883c;2024-08-13T14:38:00Z;610.5;610.7;610.7;610.5;1591;
88468f6c-c67a-4fb4-a006-53eed803883c;2024-08-13T14:39:00Z;610.7;610.7;610.7;610.6;2931;
88468f6c-c67a-4fb4-a006-53eed803883c;2024-08-13T14:40:00Z;610.8;610.8;611;610.7;2341;
88468f6c-c67a-4fb4-a006-53eed803883c;2024-08-13T14:41:00Z;610.9;610.8;611;610.8;862;
88468f6c-c67a-4fb4-a006-53eed803883c;2024-08-13T14:42:00Z;610.9;611;611;610.9;3602;
88468f6c-c67a-4fb4-a006-53eed803883c;2024-08-13T14:43:00Z;610.9;611;611;610.9;786;
88468f6c-c67a-4fb4-a006-53eed803883c;2024-08-13T14:44:00Z;610.9;610.7;611;610.7;562;
88468f6c-c67a-4fb4-a006-53eed803883c;2024-08-13T14:45:00Z;610.7;610.9;610.9;610.7;341;
88468f6c-c67a-4fb4-a006-53eed803883c;2024-08-13T14:46:00Z;610.8;610.7;610.9;610.7;312;
88468f6c-c67a-4fb4-a006-53eed803883c;2024-08-13T14:47:00Z;610.8;610.8;610.8;610.7;32;
88468f6c-c67a-4fb4-a006-53eed803883c;2024-08-13T14:48:00Z;610.8;611.1;611.1;610.8;2693;
88468f6c-c67a-4fb4-a006-53eed803883c;2024-08-13T14:49:00Z;611.1;611.1;611.1;611;177;
88468f6c-c67a-4fb4-a006-53eed803883c;2024-08-13T14:50:00Z;611;611;611.1;610.9;721;
88468f6c-c67a-4fb4-a006-53eed803883c;2024-08-13T14:51:00Z;610.9;610.8;611;610.8;61;
88468f6c-c67a-4fb4-a006-53eed803883c;2024-08-13T14:52:00Z;610.9;611;611;610.9;900;
88468f6c-c67a-4fb4-a006-53eed803883c;2024-08-13T14:53:00Z;610.9;610.9;610.9;610.8;996;
88468f6c-c67a-4fb4-a006-53eed803883c;2024-08-13T14:54:00Z;611;610.7;611;610.7;779;
88468f6c-c67a-4fb4-a006-53eed803883c;2024-08-13T14:55:00Z;610.7;610.7;610.7;610.7;213;
88468f6c-c67a-4fb4-a006-53eed803883c;2024-08-13T14:56:00Z;610.7;610.8;610.8;610.6;800;
88468f6c-c67a-4fb4-a006-53eed803883c;2024-08-13T14:57:00Z;610.8;610.6;610.8;610.5;344;
88468f6c-c67a-4fb4-a006-53eed803883c;2024-08-13T14:58:00Z;610.6;610.3;610.6;610.3;1464;
88468f6c-c67a-4fb4-a006-53eed803883c;2024-08-13T14:59:00Z;610.3;610.2;610.4;610.1;1022;
88468f6c-c67a-4fb4-a006-53eed803883c;2024-08-13T15:00:00Z;610.1;610.2;610.2;610;992;
88468f6c-c67a-4fb4-a006-53eed803883c;2024-08-13T15:01:00Z;610.2;610;610.3;610;1246;
88468f6c-c67a-4fb4-a006-53eed803883c;2024-08-13T15:02:00Z;610.1;610.1;610.1;610;1525;
88468f6c-c67a-4fb4-a006-53eed803883c;2024-08-13T15:03:00Z;610;610.2;610.2;610;3080;
88468f6c-c67a-4fb4-a006-53eed803883c;2024-08-13T15:04:00Z;610.2;610.1;610.2;610.1;1243;
88468f6c-c67a-4fb4-a006-53eed803883c;2024-08-13T15:05:00Z;610.1;609.5;610.2;609.5;7496;
88468f6c-c67a-4fb4-a006-53eed803883c;2024-08-13T15:06:00Z;609.5;609.8;609.9;609.5;1326;
88468f6c-c67a-4fb4-a006-53eed803883c;2024-08-13T15:07:00Z;609.8;609.5;609.8;609.3;3753;
88468f6c-c67a-4fb4-a006-53eed803883c;2024-08-13T15:08:00Z;609.5;610;610.3;609.5;5390;
88468f6c-c67a-4fb4-a006-53eed803883c;2024-08-13T15:09:00Z;610;609.5;610.1;609.5;7657;
88468f6c-c67a-4fb4-a006-53eed803883c;2024-08-13T15:10:00Z;609.5;609.3;609.8;609.3;3470;
88468f6c-c67a-4fb4-a006-53eed803883c;2024-08-13T15:11:00Z;609.3;609.5;609.7;609.3;3323;
88468f6c-c67a-4fb4-a006-53eed803883c;2024-08-13T15:12:00Z;609.5;609.6;609.6;609.5;107;
88468f6c-c67a-4fb4-a006-53eed803883c;2024-08-13T15:13:00Z;609.5;609.5;609.7;609.5;797;
88468f6c-c67a-4fb4-a006-53eed803883c;2024-08-13T15:14:00Z;609.6;609.7;609.7;609.6;3287;
88468f6c-c67a-4fb4-a006-53eed803883c;2024-08-13T15:15:00Z;609.7;609.5;609.9;609.3;21935;
88468f6c-c67a-4fb4-a006-53eed803883c;2024-08-13T15:16:00Z;609.4;609.8;610.1;609.3;10795;
88468f6c-c67a-4fb4-a006-53eed803883c;2024-08-13T15:17:00Z;609.9;608;610.2;607.8;40209;
88468f6c-c67a-4fb4-a006-53eed803883c;2024-08-13T15:18:00Z;608;608;608;607.9;28024;
88468f6c-c67a-4fb4-a006-53eed803883c;2024-08-13T15:19:00Z;608;608;608;607.9;10258;
88468f6c-c67a-4fb4-a006-53eed803883c;2024-08-13T15:20:00Z;608;608;608;607.9;9648;
88468f6c-c67a-4fb4-a006-53eed803883c;2024-08-13T15:21:00Z;608;608;608;607.9;6034;
88468f6c-c67a-4fb4-a006-53eed803883c;2024-08-13T15:22:00Z;608;607.5;608;607.5;15607;
88468f6c-c67a-4fb4-a006-53eed803883c;2024-08-13T15:23:00Z;607.6;607.2;607.7;607.1;14740;
88468f6c-c67a-4fb4-a006-53eed803883c;2024-08-13T15:24:00Z;607.2;607.1;607.4;606.5;14553;
88468f6c-c67a-4fb4-a006-53eed803883c;2024-08-13T15:25:00Z;607.1;605.7;607.3;605.6;28303;
88468f6c-c67a-4fb4-a006-53eed803883c;2024-08-13T15:26:00Z;605.6;605.8;607;605.5;15136;
88468f6c-c67a-4fb4-a006-53eed803883c;2024-08-13T15:27:00Z;605.9;606.3;606.5;605.8;9497;
88468f6c-c67a-4fb4-a006-53eed803883c;2024-08-13T15:28:00Z;606.3;606.4;607.2;606.3;10926;
88468f6c-c67a-4fb4-a006-53eed803883c;2024-08-13T15:29:00Z;606.3;606.1;606.5;606;5711;
88468f6c-c67a-4fb4-a006-53eed803883c;2024-08-13T15:30:00Z;606.3;606.4;606.5;606;7884;
88468f6c-c67a-4fb4-a006-53eed803883c;2024-08-13T15:31:00Z;606.4;605.5;606.5;605.2;28291;
88468f6c-c67a-4fb4-a006-53eed803883c;2024-08-13T15:32:00Z;605.3;605.9;606.1;605;89453;
88468f6c-c67a-4fb4-a006-53eed803883c;2024-08-13T15:33:00Z;605.9;606;606.2;605.8;10819;
88468f6c-c67a-4fb4-a006-53eed803883c;2024-08-13T15:34:00Z;606;605.3;606;605;52000;
88468f6c-c67a-4fb4-a006-53eed803883c;2024-08-13T15:35:00Z;605.3;605.4;605.5;605;52070;
88468f6c-c67a-4fb4-a006-53eed803883c;2024-08-13T15:36:00Z;605.3;605.1;605.4;604.8;24263;
88468f6c-c67a-4fb4-a006-53eed803883c;2024-08-13T15:37:00Z;605;604.8;605.1;604.6;10743;
88468f6c-c67a-4fb4-a006-53eed803883c;2024-08-13T15:38:00Z;604.9;605.3;606;604.7;26822;
88468f6c-c67a-4fb4-a006-53eed803883c;2024-08-13T15:39:00Z;605.6;605.5;605.8;605.3;1701;
88468f6c-c67a-4fb4-a006-53eed803883c;2024-08-13T15:45:00Z;606.9;606.9;606.9;606.9;36718;
88468f6c-c67a-4fb4-a006-53eed803883c;2024-08-13T15:46:00Z;606.9;606.9;606.9;606.9;49;
88468f6c-c67a-4fb4-a006-53eed803883c;2024-08-13T15:47:00Z;606.9;606.9;606.9;606.9;396;
88468f6c-c67a-4fb4-a006-53eed803883c;2024-08-13T15:48:00Z;606.9;606.9;606.9;606.9;70;
88468f6c-c67a-4fb4-a006-53eed803883c;2024-08-13T15:49:00Z;606.9;606.9;606.9;606.9;1001;
88468f6c-c67a-4fb4-a006-53eed803883c;2024-08-13T16:04:00Z;606.8;606.8;606.8;606.8;3895;
88468f6c-c67a-4fb4-a006-53eed803883c;2024-08-13T16:05:00Z;606.7;606.2;606.7;606.2;1048;
88468f6c-c67a-4fb4-a006-53eed803883c;2024-08-13T16:06:00Z;606.2;606.5;606.5;606.1;2492;
88468f6c-c67a-4fb4-a006-53eed803883c;2024-08-13T16:07:00Z;606.4;606.2;606.4;606;1963;
88468f6c-c67a-4fb4-a006-53eed803883c;2024-08-13T16:08:00Z;606.1;606.1;606.2;605.9;982;
88468f6c-c67a-4fb4-a006-53eed803883c;2024-08-13T16:09:00Z;606.1;606;606.1;606;563;
88468f6c-c67a-4fb4-a006-53eed803883c;2024-08-13T16:10:00Z;606.1;606.4;606.4;606.1;772;
88468f6c-c67a-4fb4-a006-53eed803883c;2024-08-13T16:11:00Z;606.3;606.5;606.5;606.3;437;
88468f6c-c67a-4fb4-a006-53eed803883c;2024-08-13T16:12:00Z;606.5;606.7;606.7;606.4;2470;
88468f6c-c67a-4fb4-a006-53eed803883c;2024-08-13T16:13:00Z;606.7;606.7;606.7;606.6;3334;
88468f6c-c67a-4fb4-a006-53eed803883c;2024-08-13T16:14:00Z;606.7;606.6;606.8;606.6;3517;
88468f6c-c67a-4fb4-a006-53eed803883c;2024-08-13T16:15:00Z;606.6;606.6;606.6;606.5;259;
88468f6c-c67a-4fb4-a006-53eed803883c;2024-08-13T16:16:00Z;606.5;606.2;606.6;606.1;1439;
88468f6c-c67a-4fb4-a006-53eed803883c;2024-08-13T16:17:00Z;606.2;606.2;606.2;606.1;254;
88468f6c-c67a-4fb4-a006-53eed803883c;2024-08-13T16:18:00Z;606.1;606.3;606.3;606.1;311;
88468f6c-c67a-4fb4-a006-53eed803883c;2024-08-13T16:19:00Z;606.3;606.3;606.3;606.3;34;
88468f6c-c67a-4fb4-a006-53eed803883c;2024-08-13T16:20:00Z;606.3;606.2;606.3;606.2;142;
88468f6c-c67a-4fb4-a006-53eed803883c;2024-08-13T16:21:00Z;606.3;606;606.3;606;1700;
88468f6c-c67a-4fb4-a006-53eed803883c;2024-08-13T16:22:00Z;606.2;606.2;606.3;606.1;77;
88468f6c-c67a-4fb4-a006-53eed803883c;2024-08-13T16:23:00Z;606.1;606.3;606.3;606.1;469;
88468f6c-c67a-4fb4-a006-53eed803883c;2024-08-13T16:24:00Z;606.3;606.6;606.6;606.3;1800;
88468f6c-c67a-4fb4-a006-53eed803883c;2024-08-13T16:25:00Z;606.5;606;606.6;605.9;1263;
88468f6c-c67a-4fb4-a006-53eed803883c;2024-08-13T16:26:00Z;606;606.4;606.4;606;2654;
88468f6c-c67a-4fb4-a006-53eed803883c;2024-08-13T16:27:00Z;606.4;606.5;606.6;606.1;2717;
88468f6c-c67a-4fb4-a006-53eed803883c;2024-08-13T16:28:00Z;606.5;606.5;606.5;606.4;110;
88468f6c-c67a-4fb4-a006-53eed803883c;2024-08-13T16:29:00Z;606.5;606.1;606.5;605.9;5093;
88468f6c-c67a-4fb4-a006-53eed803883c;2024-08-13T16:30:00Z;606.1;605.6;606.1;605.3;10450;
88468f6c-c67a-4fb4-a006-53eed803883c;2024-08-13T16:31:00Z;605.6;605.7;605.7;605.5;232;
88468f6c-c67a-4fb4-a006-53eed803883c;2024-08-13T16:32:00Z;605.7;605;605.7;605;5863;
88468f6c-c67a-4fb4-a006-53eed803883c;2024-08-13T16:33:00Z;605.1;605.1;605.2;605;1499;
88468f6c-c67a-4fb4-a006-53eed803883c;2024-08-13T16:34:00Z;605.1;605.1;605.1;605;314;
88468f6c-c67a-4fb4-a006-53eed803883c;2024-08-13T16:35:00Z;605.1;605;605.1;604.7;11741;
88468f6c-c67a-4fb4-a006-53eed803883c;2024-08-13T16:36:00Z;605;605.1;605.1;605;368;
88468f6c-c67a-4fb4-a006-53eed803883c;2024-08-13T16:37:00Z;605.1;605;605.2;604.7;3378;
88468f6c-c67a-4fb4-a006-53eed803883c;2024-08-13T16:38:00Z;605;605.1;605.1;605;1045;
88468f6c-c67a-4fb4-a006-53eed803883c;2024-08-13T16:39:00Z;605.1;605.2;605.2;605;1267;
88468f6c-c67a-4fb4-a006-53eed803883c;2024-08-13T16:40:00Z;605.2;605.2;605.2;605.1;839;
88468f6c-c67a-4fb4-a006-53eed803883c;2024-08-13T16:41:00Z;605.2;605.7;605.7;605.2;6440;
88468f6c-c67a-4fb4-a006-53eed803883c;2024-08-13T16:42:00Z;605.7;605.8;605.8;605.6;427;
88468f6c-c67a-4fb4-a006-53eed803883c;2024-08-13T16:43:00Z;605.8;606;606;605.8;2877;
88468f6c-c67a-4fb4-a006-53eed803883c;2024-08-13T16:44:00Z;606;605.4;606;605.2;10654;
88468f6c-c67a-4fb4-a006-53eed803883c;2024-08-13T16:45:00Z;605.4;605.3;605.4;605.3;64;
88468f6c-c67a-4fb4-a006-53eed803883c;2024-08-13T16:46:00Z;605.4;605.2;605.4;604.9;2030;
88468f6c-c67a-4fb4-a006-53eed803883c;2024-08-13T16:47:00Z;605.2;604.5;605.2;604.5;7317;
88468f6c-c67a-4fb4-a006-53eed803883c;2024-08-13T16:48:00Z;604.5;604.8;604.9;604.5;1422;
88468f6c-c67a-4fb4-a006-53eed803883c;2024-08-13T16:49:00Z;604.8;604.5;604.8;604.1;9660;
88468f6c-c67a-4fb4-a006-53eed803883c;2024-08-13T16:50:00Z;604.5;604.4;604.5;604.3;408;
88468f6c-c67a-4fb4-a006-53eed803883c;2024-08-13T16:51:00Z;604.4;604.5;604.5;604.3;1920;
88468f6c-c67a-4fb4-a006-53eed803883c;2024-08-13T16:52:00Z;604.5;604.5;604.5;604.4;890;
88468f6c-c67a-4fb4-a006-53eed803883c;2024-08-13T16:53:00Z;604.8;604.9;604.9;604.5;163;
88468f6c-c67a-4fb4-a006-53eed803883c;2024-08-13T16:54:00Z;604.7;605.2;605.2;604.7;670;
88468f6c-c67a-4fb4-a006-53eed803883c;2024-08-13T16:55:00Z;605.2;605.1;605.2;605;167;
88468f6c-c67a-4fb4-a006-53eed803883c;2024-08-13T16:56:00Z;605.2;605.1;605.2;605;1944;
88468f6c-c67a-4fb4-a006-53eed803883c;2024-08-13T16:57:00Z;605.2;605.5;605.5;605.1;1168;
88468f6c-c67a-4fb4-a006-53eed803883c;2024-08-13T16:58:00Z;605.5;605.4;605.5;605.2;237;
88468f6c-c67a-4fb4-a006-53eed803883c;2024-08-13T16:59:00Z;605.2;604.9;605.2;604.8;4031;
88468f6c-c67a-4fb4-a006-53eed803883c;2024-08-13T17:00:00Z;604.9;604.9;604.9;604.3;2067;
88468f6c-c67a-4fb4-a006-53eed803883c;2024-08-13T17:01:00Z;604.7;604.9;605.1;604.7;299;
88468f6c-c67a-4fb4-a006-53eed803883c;2024-08-13T17:02:00Z;604.8;604.9;604.9;604.8;310;
88468f6c-c67a-4fb4-a006-53eed803883c;2024-08-13T17:03:00Z;604.9;604.9;604.9;604.8;1084;
88468f6c-c67a-4fb4-a006-53eed803883c;2024-08-13T17:04:00Z;604.9;604.8;604.9;604.8;148;
88468f6c-c67a-4fb4-a006-53eed803883c;2024-08-13T17:05:00Z;604.9;605.2;605.2;604.9;336;
88468f6c-c67a-4fb4-a006-53eed803883c;2024-08-13T17:06:00Z;605.2;604.6;605.2;604.6;1096;
88468f6c-c67a-4fb4-a006-53eed803883c;2024-08-13T17:07:00Z;605;605.3;605.3;604.9;1642;
88468f6c-c67a-4fb4-a006-53eed803883c;2024-08-13T17:08:00Z;605.2;605.2;605.3;605;55;
88468f6c-c67a-4fb4-a006-53eed803883c;2024-08-13T17:09:00Z;605.2;604.9;605.3;604.6;4218;
88468f6c-c67a-4fb4-a006-53eed803883c;2024-08-13T17:10:00Z;604.9;604.6;605.2;604.6;4159;
88468f6c-c67a-4fb4-a006-53eed803883c;2024-08-13T17:11:00Z;604.8;605.2;605.2;604.8;448;
88468f6c-c67a-4fb4-a006-53eed803883c;2024-08-13T17:12:00Z;605.1;605.3;605.3;605;400;
88468f6c-c67a-4fb4-a006-53eed803883c;2024-08-13T17:13:00Z;605.3;605.1;605.3;605.1;210;
88468f6c-c67a-4fb4-a006-53eed803883c;2024-08-13T17:14:00Z;605.3;604.8;605.4;604.8;1593;
88468f6c-c67a-4fb4-a006-53eed803883c;2024-08-13T17:15:00Z;604.8;604.6;604.8;604.5;3544;
88468f6c-c67a-4fb4-a006-53eed803883c;2024-08-13T17:16:00Z;604.6;604.7;604.8;604.5;2383;
88468f6c-c67a-4fb4-a006-53eed803883c;2024-08-13T17:17:00Z;604.8;605.2;605.2;604.7;2965;
88468f6c-c67a-4fb4-a006-53eed803883c;2024-08-13T17:18:00Z;605.2;605.1;605.2;605;79;
88468f6c-c67a-4fb4-a006-53eed803883c;2024-08-13T17:19:00Z;605.1;605.3;605.4;605.1;529;
88468f6c-c67a-4fb4-a006-53eed803883c;2024-08-13T17:20:00Z;605.3;604.9;605.3;604.7;4016;
88468f6c-c67a-4fb4-a006-53eed803883c;2024-08-13T17:21:00Z;604.9;605;605;604.9;127;
88468f6c-c67a-4fb4-a006-53eed803883c;2024-08-13T17:22:00Z;605;604.9;605;604.7;536;
88468f6c-c67a-4fb4-a006-53eed803883c;2024-08-13T17:23:00Z;604.9;605;605;604.9;1036;
88468f6c-c67a-4fb4-a006-53eed803883c;2024-08-13T17:24:00Z;605;605.2;605.2;605;214;
88468f6c-c67a-4fb4-a006-53eed803883c;2024-08-13T17:25:00Z;605.3;604.9;605.3;604.6;5176;
88468f6c-c67a-4fb4-a006-53eed803883c;2024-08-13T17:26:00Z;604.9;605;605;604.9;1006;
88468f6c-c67a-4fb4-a006-53eed803883c;2024-08-13T17:27:00Z;605;604.9;605;604.7;356;
88468f6c-c67a-4fb4-a006-53eed803883c;2024-08-13T17:28:00Z;604.9;605;605;604.9;61;
88468f6c-c67a-4fb4-a006-53eed803883c;2024-08-13T17:29:00Z;605;605.3;605.3;605;1621;
88468f6c-c67a-4fb4-a006-53eed803883c;2024-08-13T17:30:00Z;605.3;605.3;605.3;605.2;191;
88468f6c-c67a-4fb4-a006-53eed803883c;2024-08-13T17:31:00Z;605.2;605.3;605.3;605.2;749;
88468f6c-c67a-4fb4-a006-53eed803883c;2024-08-13T17:32:00Z;605.3;605.3;605.3;605.2;234;
88468f6c-c67a-4fb4-a006-53eed803883c;2024-08-13T17:33:00Z;605.3;605.9;605.9;605.3;13441;
88468f6c-c67a-4fb4-a006-53eed803883c;2024-08-13T17:34:00Z;605.9;605.2;606;605.1;6857;
88468f6c-c67a-4fb4-a006-53eed803883c;2024-08-13T17:35:00Z;605.2;605.3;605.3;605.2;512;
88468f6c-c67a-4fb4-a006-53eed803883c;2024-08-13T17:36:00Z;605.2;604.8;605.4;604.8;6743;
88468f6c-c67a-4fb4-a006-53eed803883c;2024-08-13T17:37:00Z;604.9;605.1;605.1;604.8;499;
88468f6c-c67a-4fb4-a006-53eed803883c;2024-08-13T17:38:00Z;605.1;605;605.1;605;60;
88468f6c-c67a-4fb4-a006-53eed803883c;2024-08-13T17:39:00Z;605;605.1;605.1;605;83;
88468f6c-c67a-4fb4-a006-53eed803883c;2024-08-13T17:40:00Z;605.1;605;605.1;605;116;
88468f6c-c67a-4fb4-a006-53eed803883c;2024-08-13T17:41:00Z;605.1;605.1;605.1;605.1;31;
88468f6c-c67a-4fb4-a006-53eed803883c;2024-08-13T17:42:00Z;605.2;605.2;605.2;605.1;10;
88468f6c-c67a-4fb4-a006-53eed803883c;2024-08-13T17:43:00Z;605.1;605.2;605.2;605.1;48;
88468f6c-c67a-4fb4-a006-53eed803883c;2024-08-13T17:44:00Z;605.2;604.8;605.2;604.6;4154;
88468f6c-c67a-4fb4-a006-53eed803883c;2024-08-13T17:45:00Z;604.8;605;605;604.8;73;
88468f6c-c67a-4fb4-a006-53eed803883c;2024-08-13T17:46:00Z;604.9;605;605;604.8;315;
88468f6c-c67a-4fb4-a006-53eed803883c;2024-08-13T17:47:00Z;605;605;605;604.8;133;
88468f6c-c67a-4fb4-a006-53eed803883c;2024-08-13T17:48:00Z;605;605;605;604.9;89;
88468f6c-c67a-4fb4-a006-53eed803883c;2024-08-13T17:49:00Z;604.9;604.7;604.9;604.4;6984;
88468f6c-c67a-4fb4-a006-53eed803883c;2024-08-13T17:50:00Z;604.5;604.7;604.7;604.4;1168;
88468f6c-c67a-4fb4-a006-53eed803883c;2024-08-13T17:51:00Z;604.7;605.8;605.8;604.7;7863;
88468f6c-c67a-4fb4-a006-53eed803883c;2024-08-13T17:52:00Z;605.7;606.2;606.2;605.7;6317;
88468f6c-c67a-4fb4-a006-53eed803883c;2024-08-13T17:53:00Z;606.2;606.1;606.2;606.1;564;
88468f6c-c67a-4fb4-a006-53eed803883c;2024-08-13T17:54:00Z;606.2;606.2;606.3;606.1;1829;
88468f6c-c67a-4fb4-a006-53eed803883c;2024-08-13T17:55:00Z;606.3;605.8;606.3;605.5;8719;
88468f6c-c67a-4fb4-a006-53eed803883c;2024-08-13T17:56:00Z;605.9;605.8;605.9;605.8;298;
88468f6c-c67a-4fb4-a006-53eed803883c;2024-08-13T17:57:00Z;605.9;606.2;606.2;605.8;2028;
88468f6c-c67a-4fb4-a006-53eed803883c;2024-08-13T17:58:00Z;606.1;606;606.1;605.6;10494;
88468f6c-c67a-4fb4-a006-53eed803883c;2024-08-13T17:59:00Z;606;606.2;606.2;605.9;4658;
88468f6c-c67a-4fb4-a006-53eed803883c;2024-08-13T18:00:00Z;606.2;606.6;606.6;606.1;4065;
88468f6c-c67a-4fb4-a006-53eed803883c;2024-08-13T18:01:00Z;606.7;607;607.2;606.7;8034;
88468f6c-c67a-4fb4-a006-53eed803883c;2024-08-13T18:02:00Z;607.1;607;607.3;606.8;5651;
88468f6c-c67a-4fb4-a006-53eed803883c;2024-08-13T18:03:00Z;607;607.3;607.3;606.9;2310;
88468f6c-c67a-4fb4-a006-53eed803883c;2024-08-13T18:04:00Z;607.3;607.3;607.4;607;2042;
88468f6c-c67a-4fb4-a006-53eed803883c;2024-08-13T18:05:00Z;607.4;607.2;607.4;606.8;4438;
88468f6c-c67a-4fb4-a006-53eed803883c;2024-08-13T18:06:00Z;607.2;607.1;607.3;606.8;1168;
88468f6c-c67a-4fb4-a006-53eed803883c;2024-08-13T18:07:00Z;607.1;607;607.2;606.7;2328;
88468f6c-c67a-4fb4-a006-53eed803883c;2024-08-13T18:08:00Z;607;606.6;607;606.6;1578;
88468f6c-c67a-4fb4-a006-53eed803883c;2024-08-13T18:09:00Z;606.6;607;607;606.5;440;
88468f6c-c67a-4fb4-a006-53eed803883c;2024-08-13T18:10:00Z;606.9;607;607;606.9;281;
88468f6c-c67a-4fb4-a006-53eed803883c;2024-08-13T18:11:00Z;607;607.1;607.1;606.9;206;
88468f6c-c67a-4fb4-a006-53eed803883c;2024-08-13T18:12:00Z;607;606.9;607.1;606.9;407;
88468f6c-c67a-4fb4-a006-53eed803883c;2024-08-13T18:13:00Z;606.8;606.4;606.9;606.2;2154;
88468f6c-c67a-4fb4-a006-53eed803883c;2024-08-13T18:14:00Z;606.4;606.5;606.8;606.2;886;
88468f6c-c67a-4fb4-a006-53eed803883c;2024-08-13T18:15:00Z;606.5;606.2;606.5;606.2;193;
88468f6c-c67a-4fb4-a006-53eed803883c;2024-08-13T18:16:00Z;606.3;606;606.3;605.8;836;
88468f6c-c67a-4fb4-a006-53eed803883c;2024-08-13T18:17:00Z;606;606.4;606.4;606;32;
88468f6c-c67a-4fb4-a006-53eed803883c;2024-08-13T18:18:00Z;606.4;606.4;606.4;606.4;102;
88468f6c-c67a-4fb4-a006-53eed803883c;2024-08-13T18:19:00Z;606.4;605.8;606.5;605.5;9289;
88468f6c-c67a-4fb4-a006-53eed803883c;2024-08-13T18:20:00Z;605.8;605.4;605.8;605.1;8203;
88468f6c-c67a-4fb4-a006-53eed803883c;2024-08-13T18:21:00Z;605.3;605.5;605.5;605.2;697;
88468f6c-c67a-4fb4-a006-53eed803883c;2024-08-13T18:22:00Z;605.5;604.9;605.5;604.7;8242;
88468f6c-c67a-4fb4-a006-53eed803883c;2024-08-13T18:23:00Z;604.9;604.9;604.9;604.9;266;
88468f6c-c67a-4fb4-a006-53eed803883c;2024-08-13T18:24:00Z;604.9;605.5;605.5;604.9;6029;
88468f6c-c67a-4fb4-a006-53eed803883c;2024-08-13T18:25:00Z;605.5;605.6;605.6;605.4;47;
88468f6c-c67a-4fb4-a006-53eed803883c;2024-08-13T18:26:00Z;605.6;605.6;605.6;605.6;23;
88468f6c-c67a-4fb4-a006-53eed803883c;2024-08-13T18:27:00Z;605.6;604.3;605.6;604.3;5983;
88468f6c-c67a-4fb4-a006-53eed803883c;2024-08-13T18:28:00Z;604.6;604.5;604.9;604;13254;
88468f6c-c67a-4fb4-a006-53eed803883c;2024-08-13T18:29:00Z;604.6;604.7;604.9;604.5;1260;
88468f6c-c67a-4fb4-a006-53eed803883c;2024-08-13T18:30:00Z;604.7;604.9;604.9;604.7;190;
88468f6c-c67a-4fb4-a006-53eed803883c;2024-08-13T18:31:00Z;604.9;605.1;605.1;604.9;564;
88468f6c-c67a-4fb4-a006-53eed803883c;2024-08-13T18:32:00Z;605.2;604.7;605.3;604.5;4966;
88468f6c-c67a-4fb4-a006-53eed803883c;2024-08-13T18:33:00Z;604.7;604.8;604.9;604.6;169;
88468f6c-c67a-4fb4-a006-53eed803883c;2024-08-13T18:34:00Z;604.8;604.5;604.8;604;4388;
88468f6c-c67a-4fb4-a006-53eed803883c;2024-08-13T18:35:00Z;604.4;604.5;604.5;604.3;222;
88468f6c-c67a-4fb4-a006-53eed803883c;2024-08-13T18:36:00Z;604.4;604.3;604.5;604.3;461;
88468f6c-c67a-4fb4-a006-53eed803883c;2024-08-13T18:37:00Z;604.4;604.7;604.7;604.3;2302;
88468f6c-c67a-4fb4-a006-53eed803883c;2024-08-13T18:38:00Z;604.7;604.5;604.8;604.5;1128;
88468f6c-c67a-4fb4-a006-53eed803883c;2024-08-13T18:39:00Z;604.8;604.8;604.9;604.7;469;
88468f6c-c67a-4fb4-a006-53eed803883c;2024-08-13T18:40:00Z;604.8;605;605;604.8;2238;
88468f6c-c67a-4fb4-a006-53eed803883c;2024-08-13T18:41:00Z;605;604.9;605;604.9;355;
88468f6c-c67a-4fb4-a006-53eed803883c;2024-08-13T18:42:00Z;604.8;604.6;605.1;604.4;4721;
88468f6c-c67a-4fb4-a006-53eed803883c;2024-08-13T18:43:00Z;604.8;604.8;604.8;604.8;418;
88468f6c-c67a-4fb4-a006-53eed803883c;2024-08-13T18:44:00Z;605;605;605;605;35;
88468f6c-c67a-4fb4-a006-53eed803883c;2024-08-13T18:45:00Z;605;605;605;604.9;38;
88468f6c-c67a-4fb4-a006-53eed803883c;2024-08-13T18:46:00Z;604.9;605;605;604.9;418;
88468f6c-c67a-4fb4-a006-53eed803883c;2024-08-13T18:47:00Z;605;605;605;605;33;
88468f6c-c67a-4fb4-a006-53eed803883c;2024-08-13T18:48:00Z;605;605;605;604.9;270;
88468f6c-c67a-4fb4-a006-53eed803883c;2024-08-13T18:49:00Z;605;605.1;605.1;605;760;
88468f6c-c67a-4fb4-a006-53eed803883c;2024-08-13T18:50:00Z;605.1;605.6;605.6;605;5378;
88468f6c-c67a-4fb4-a006-53eed803883c;2024-08-13T18:51:00Z;605.6;605.7;605.7;605.6;802;
88468f6c-c67a-4fb4-a006-53eed803883c;2024-08-13T18:52:00Z;605.7;605.1;605.7;605.1;11004;
88468f6c-c67a-4fb4-a006-53eed803883c;2024-08-13T18:53:00Z;605.1;605.1;605.4;605;1159;
88468f6c-c67a-4fb4-a006-53eed803883c;2024-08-13T18:54:00Z;605.4;605.4;605.4;605.3;28;
88468f6c-c67a-4fb4-a006-53eed803883c;2024-08-13T18:55:00Z;605.4;604.9;605.4;604.9;5384;
88468f6c-c67a-4fb4-a006-53eed803883c;2024-08-13T18:56:00Z;604.9;604.7;604.9;604.3;1326;
88468f6c-c67a-4fb4-a006-53eed803883c;2024-08-13T18:57:00Z;604.8;604.7;605;604.7;163;
88468f6c-c67a-4fb4-a006-53eed803883c;2024-08-13T18:58:00Z;604.6;604.6;604.6;604.6;23;
88468f6c-c67a-4fb4-a006-53eed803883c;2024-08-13T18:59:00Z;604.7;604.7;604.8;604.7;375;
88468f6c-c67a-4fb4-a006-53eed803883c;2024-08-13T19:00:00Z;604.8;605;605;604.8;173;
88468f6c-c67a-4fb4-a006-53eed803883c;2024-08-13T19:01:00Z;605;605;605;604.9;1240;
88468f6c-c67a-4fb4-a006-53eed803883c;2024-08-13T19:02:00Z;605;605;605.1;605;3036;
88468f6c-c67a-4fb4-a006-53eed803883c;2024-08-13T19:03:00Z;605.1;605.1;605.1;605.1;143;
88468f6c-c67a-4fb4-a006-53eed803883c;2024-08-13T19:04:00Z;605.1;605.1;605.1;605;1256;
88468f6c-c67a-4fb4-a006-53eed803883c;2024-08-13T19:05:00Z;605.1;605.1;605.1;605;81;
88468f6c-c67a-4fb4-a006-53eed803883c;2024-08-13T19:06:00Z;605;605.1;605.1;605;313;
88468f6c-c67a-4fb4-a006-53eed803883c;2024-08-13T19:07:00Z;605.1;605;605.1;604.9;361;
88468f6c-c67a-4fb4-a006-53eed803883c;2024-08-13T19:08:00Z;605;605;605.1;605;34;
88468f6c-c67a-4fb4-a006-53eed803883c;2024-08-13T19:09:00Z;605.1;604.8;605.4;604.8;5089;
88468f6c-c67a-4fb4-a006-53eed803883c;2024-08-13T19:10:00Z;604.9;605;605;604.9;38;
88468f6c-c67a-4fb4-a006-53eed803883c;2024-08-13T19:11:00Z;605;605;605;604.8;18;
88468f6c-c67a-4fb4-a006-53eed803883c;2024-08-13T19:12:00Z;604.8;605.1;605.1;604.8;507;
88468f6c-c67a-4fb4-a006-53eed803883c;2024-08-13T19:13:00Z;605.1;604.8;605.1;604.5;4167;
88468f6c-c67a-4fb4-a006-53eed803883c;2024-08-13T19:14:00Z;604.8;604.8;604.9;604.7;80;
88468f6c-c67a-4fb4-a006-53eed803883c;2024-08-13T19:15:00Z;604.9;604.7;604.9;604.1;12139;
88468f6c-c67a-4fb4-a006-53eed803883c;2024-08-13T19:16:00Z;604.7;605;605;604.7;1309;
88468f6c-c67a-4fb4-a006-53eed803883c;2024-08-13T19:17:00Z;605;604.8;605;604.8;7;
88468f6c-c67a-4fb4-a006-53eed803883c;2024-08-13T19:18:00Z;604.8;604.8;604.8;604.1;10958;
88468f6c-c67a-4fb4-a006-53eed803883c;2024-08-13T19:19:00Z;604.7;604.6;604.8;604.5;153;
88468f6c-c67a-4fb4-a006-53eed803883c;2024-08-13T19:20:00Z;604.6;604.5;604.6;604.5;657;
88468f6c-c67a-4fb4-a006-53eed803883c;2024-08-13T19:21:00Z;604.5;604.5;604.6;604.5;623;
88468f6c-c67a-4fb4-a006-53eed803883c;2024-08-13T19:22:00Z;604.5;604.5;604.5;604.4;193;
88468f6c-c67a-4fb4-a006-53eed803883c;2024-08-13T19:23:00Z;604.5;604.5;604.7;604.5;285;
88468f6c-c67a-4fb4-a006-53eed803883c;2024-08-13T19:24:00Z;604.6;604.7;604.7;604.3;801;
88468f6c-c67a-4fb4-a006-53eed803883c;2024-08-13T19:25:00Z;604.6;604.4;604.6;604;10162;
88468f6c-c67a-4fb4-a006-53eed803883c;2024-08-13T19:26:00Z;604.5;604.5;604.5;604.4;98;
88468f6c-c67a-4fb4-a006-53eed803883c;2024-08-13T19:27:00Z;604.5;604.6;604.6;604.5;403;
88468f6c-c67a-4fb4-a006-53eed803883c;2024-08-13T19:28:00Z;604.8;604.7;604.8;604.6;30;
88468f6c-c67a-4fb4-a006-53eed803883c;2024-08-13T19:29:00Z;604.6;604.8;604.8;604.6;61;
88468f6c-c67a-4fb4-a006-53eed803883c;2024-08-13T19:30:00Z;604.8;605;605;604.7;1564;
88468f6c-c67a-4fb4-a006-53eed803883c;2024-08-13T19:31:00Z;605;605;605;605;26;
88468f6c-c67a-4fb4-a006-53eed803883c;2024-08-13T19:32:00Z;605;605.2;605.4;605;3541;
88468f6c-c67a-4fb4-a006-53eed803883c;2024-08-13T19:33:00Z;605.2;605.1;605.4;605.1;2354;
88468f6c-c67a-4fb4-a006-53eed803883c;2024-08-13T19:34:00Z;605.2;605.5;605.6;605.2;3454;
88468f6c-c67a-4fb4-a006-53eed803883c;2024-08-13T19:35:00Z;605.5;605.2;605.5;605;2139;
88468f6c-c67a-4fb4-a006-53eed803883c;2024-08-13T19:36:00Z;605.2;605.3;605.3;605.2;302;
88468f6c-c67a-4fb4-a006-53eed803883c;2024-08-13T19:37:00Z;605.3;605.3;605.3;605.2;25;
88468f6c-c67a-4fb4-a006-53eed803883c;2024-08-13T19:38:00Z;605.3;605.4;605.5;605.2;83;
88468f6c-c67a-4fb4-a006-53eed803883c;2024-08-13T19:39:00Z;605.4;605.5;605.5;605.3;53;
88468f6c-c67a-4fb4-a006-53eed803883c;2024-08-13T19:40:00Z;605.3;605.3;605.5;605.3;1007;
88468f6c-c67a-4fb4-a006-53eed803883c;2024-08-13T19:41:00Z;605.5;604.9;605.5;604.8;1056;
88468f6c-c67a-4fb4-a006-53eed803883c;2024-08-13T19:42:00Z;604.7;604.8;604.9;604.7;135;
88468f6c-c67a-4fb4-a006-53eed803883c;2024-08-13T19:43:00Z;605;604.7;605;604.1;8584;
88468f6c-c67a-4fb4-a006-53eed803883c;2024-08-13T19:44:00Z;604.7;604.9;605;604.7;2993;
88468f6c-c67a-4fb4-a006-53eed803883c;2024-08-13T19:45:00Z;605;604.8;605;604.5;1630;
88468f6c-c67a-4fb4-a006-53eed803883c;2024-08-13T19:46:00Z;604.6;604.9;604.9;604.6;918;
88468f6c-c67a-4fb4-a006-53eed803883c;2024-08-13T19:47:00Z;604.9;604.9;604.9;604.7;233;
88468f6c-c67a-4fb4-a006-53eed803883c;2024-08-13T19:48:00Z;604.9;604.2;604.9;604.1;10385;
88468f6c-c67a-4fb4-a006-53eed803883c;2024-08-13T19:49:00Z;604.1;604.4;604.4;604.1;2190;
88468f6c-c67a-4fb4-a006-53eed803883c;2024-08-13T19:50:00Z;604.4;604.4;604.4;604.4;686;
88468f6c-c67a-4fb4-a006-53eed803883c;2024-08-13T19:51:00Z;604.3;604.4;604.5;604.3;239;
88468f6c-c67a-4fb4-a006-53eed803883c;2024-08-13T19:52:00Z;604.5;604.4;604.5;604.4;693;
88468f6c-c67a-4fb4-a006-53eed803883c;2024-08-13T19:53:00Z;604.5;604.5;604.5;604.4;292;
88468f6c-c67a-4fb4-a006-53eed803883c;2024-08-13T19:54:00Z;604.5;604.5;604.5;604.4;424;
88468f6c-c67a-4fb4-a006-53eed803883c;2024-08-13T19:55:00Z;604.5;604.2;604.5;604;2128;
88468f6c-c67a-4fb4-a006-53eed803883c;2024-08-13T19:56:00Z;604.2;604.2;604.2;604.1;129;
88468f6c-c67a-4fb4-a006-53eed803883c;2024-08-13T19:57:00Z;604.4;604.5;604.5;604.4;23;
88468f6c-c67a-4fb4-a006-53eed803883c;2024-08-13T19:58:00Z;604.5;604.4;604.5;604.4;690;
88468f6c-c67a-4fb4-a006-53eed803883c;2024-08-13T19:59:00Z;604.4;604.6;604.6;604.4;951;
88468f6c-c67a-4fb4-a006-53eed803883c;2024-08-13T20:00:00Z;604.6;604.6;604.6;604.5;94;
88468f6c-c67a-4fb4-a006-53eed803883c;2024-08-13T20:01:00Z;604.6;604.6;604.7;604.5;1303;
88468f6c-c67a-4fb4-a006-53eed803883c;2024-08-13T20:02:00Z;604.6;604.9;604.9;604.5;1024;
88468f6c-c67a-4fb4-a006-53eed803883c;2024-08-13T20:03:00Z;604.8;604.8;604.9;604.8;454;
88468f6c-c67a-4fb4-a006-53eed803883c;2024-08-13T20:04:00Z;604.8;604.8;604.8;604.7;33;
88468f6c-c67a-4fb4-a006-53eed803883c;2024-08-13T20:05:00Z;604.8;604.8;604.8;604.7;496;
88468f6c-c67a-4fb4-a006-53eed803883c;2024-08-13T20:06:00Z;604.8;604.7;604.8;604.7;747;
88468f6c-c67a-4fb4-a006-53eed803883c;2024-08-13T20:07:00Z;604.8;604.8;604.8;604.7;1132;
88468f6c-c67a-4fb4-a006-53eed803883c;2024-08-13T20:08:00Z;604.8;604.8;604.8;604.7;3414;
88468f6c-c67a-4fb4-a006-53eed803883c;2024-08-13T20:09:00Z;604.8;605;605;604.8;248;
88468f6c-c67a-4fb4-a006-53eed803883c;2024-08-13T20:10:00Z;605;605.1;605.1;605;401;
88468f6c-c67a-4fb4-a006-53eed803883c;2024-08-13T20:11:00Z;605.1;605.1;605.1;605;92;
88468f6c-c67a-4fb4-a006-53eed803883c;2024-08-13T20:12:00Z;605;605.3;605.3;605;1113;
88468f6c-c67a-4fb4-a006-53eed803883c;2024-08-13T20:13:00Z;605.3;605.3;605.4;605.3;47;
88468f6c-c67a-4fb4-a006-53eed803883c;2024-08-13T20:14:00Z;605.4;605.1;605.4;605.1;817;
88468f6c-c67a-4fb4-a006-53eed803883c;2024-08-13T20:15:00Z;605.1;605;605.1;604.5;2459;
88468f6c-c67a-4fb4-a006-53eed803883c;2024-08-13T20:16:00Z;605.1;606;606.1;605.1;11863;
88468f6c-c67a-4fb4-a006-53eed803883c;2024-08-13T20:17:00Z;605.9;605.8;605.9;605.8;178;
88468f6c-c67a-4fb4-a006-53eed803883c;2024-08-13T20:18:00Z;605.7;605.8;605.8;605.7;105;
88468f6c-c67a-4fb4-a006-53eed803883c;2024-08-13T20:19:00Z;605.8;605.7;605.8;605.7;152;
88468f6c-c67a-4fb4-a006-53eed803883c;2024-08-13T20:20:00Z;605.7;605.6;605.8;605.6;164;
88468f6c-c67a-4fb4-a006-53eed803883c;2024-08-13T20:21:00Z;605.5;605.6;605.6;605.4;1303;
88468f6c-c67a-4fb4-a006-53eed803883c;2024-08-13T20:22:00Z;605.6;605.4;605.6;605.2;532;
88468f6c-c67a-4fb4-a006-53eed803883c;2024-08-13T20:23:00Z;605.4;605.3;605.4;605.2;406;
88468f6c-c67a-4fb4-a006-53eed803883c;2024-08-13T20:24:00Z;605.6;605.6;605.8;605.6;1429;
88468f6c-c67a-4fb4-a006-53eed803883c;2024-08-13T20:25:00Z;605.6;605.1;605.6;605;5024;
88468f6c-c67a-4fb4-a006-53eed803883c;2024-08-13T20:26:00Z;605.1;605.2;605.2;605.1;705;
88468f6c-c67a-4fb4-a006-53eed803883c;2024-08-13T20:27:00Z;605.2;605.2;605.2;605.1;261;
88468f6c-c67a-4fb4-a006-53eed803883c;2024-08-13T20:28:00Z;605.2;605.2;605.2;605.2;89;
88468f6c-c67a-4fb4-a006-53eed803883c;2024-08-13T20:29:00Z;605.1;605.2;605.2;605;809;
88468f6c-c67a-4fb4-a006-53eed803883c;2024-08-13T20:30:00Z;605.2;605.2;605.2;605.2;95;
88468f6c-c67a-4fb4-a006-53eed803883c;2024-08-13T20:31:00Z;605.2;604.7;605.6;604.7;7418;
88468f6c-c67a-4fb4-a006-53eed803883c;2024-08-13T20:32:00Z;604.8;605;605;604.8;1180;
88468f6c-c67a-4fb4-a006-53eed803883c;2024-08-13T20:33:00Z;605;605;605;604.5;3312;
88468f6c-c67a-4fb4-a006-53eed803883c;2024-08-13T20:34:00Z;605;605.3;605.3;605;8;
88468f6c-c67a-4fb4-a006-53eed803883c;2024-08-13T20:35:00Z;605.3;605;605.4;604.9;313;
88468f6c-c67a-4fb4-a006-53eed803883c;2024-08-13T20:36:00Z;605;605.1;605.2;605;1471;
88468f6c-c67a-4fb4-a006-53eed803883c;2024-08-13T20:37:00Z;605.1;605.1;605.1;605;18;
88468f6c-c67a-4fb4-a006-53eed803883c;2024-08-13T20:38:00Z;605.1;605.1;605.2;605.1;1648;
88468f6c-c67a-4fb4-a006-53eed803883c;2024-08-13T20:39:00Z;605.1;605.1;605.2;605.1;150;
88468f6c-c67a-4fb4-a006-53eed803883c;2024-08-13T20:40:00Z;605.1;605.2;605.2;605.1;95;
88468f6c-c67a-4fb4-a006-53eed803883c;2024-08-13T20:41:00Z;605.2;605.1;605.2;605.1;14;
88468f6c-c67a-4fb4-a006-53eed803883c;2024-08-13T20:42:00Z;605.1;605.2;605.2;605.1;71;
88468f6c-c67a-4fb4-a006-53eed803883c;2024-08-13T20:43:00Z;605.2;606.2;606.5;605.1;8019;
88468f6c-c67a-4fb4-a006-53eed803883c;2024-08-13T20:44:00Z;606.2;606;606.2;606;1025;
88468f6c-c67a-4fb4-a006-53eed803883c;2024-08-13T20:45:00Z;605.7;605.8;605.8;605.4;827;
88468f6c-c67a-4fb4-a006-53eed803883c;2024-08-13T20:46:00Z;605.7;606.8;607.8;605.7;17955;
88468f6c-c67a-4fb4-a006-53eed803883c;2024-08-13T20:47:00Z;606.4;607.3;608.6;606.2;55762;
88468f6c-c67a-4fb4-a006-53eed803883c;2024-08-13T20:48:00Z;607.3;608.5;610;607.1;53390;
88468f6c-c67a-4fb4-a006-53eed803883c;2024-08-13T20:49:00Z;608.5;609.1;610.5;606.7;19403;
