9ba367af-dfbd-4d9c-8730-4b1d5a47756e;2024-09-28T04:04:00Z;711;711.35;711.35;711;27;
9ba367af-dfbd-4d9c-8730-4b1d5a47756e;2024-09-28T04:08:00Z;711.3;711.3;711.3;711.3;1;
9ba367af-dfbd-4d9c-8730-4b1d5a47756e;2024-09-28T04:09:00Z;708.45;708.45;708.45;708.45;3;
9ba367af-dfbd-4d9c-8730-4b1d5a47756e;2024-09-28T04:10:00Z;711.25;711.25;711.25;711.25;6;
9ba367af-dfbd-4d9c-8730-4b1d5a47756e;2024-09-28T04:12:00Z;708.5;708.5;708.5;708.5;1;
9ba367af-dfbd-4d9c-8730-4b1d5a47756e;2024-09-28T04:14:00Z;708.55;708.5;708.55;708.5;11;
9ba367af-dfbd-4d9c-8730-4b1d5a47756e;2024-09-28T04:15:00Z;708.35;708.35;708.35;708.35;1;
9ba367af-dfbd-4d9c-8730-4b1d5a47756e;2024-09-28T04:19:00Z;710.2;710.2;710.2;710.2;1;
9ba367af-dfbd-4d9c-8730-4b1d5a47756e;2024-09-28T04:20:00Z;710.2;710.2;710.2;710.2;5;
9ba367af-dfbd-4d9c-8730-4b1d5a47756e;2024-09-28T04:24:00Z;710.1;710.1;710.1;710.1;1;
9ba367af-dfbd-4d9c-8730-4b1d5a47756e;2024-09-28T04:28:00Z;708.5;708.5;708.5;708.5;5;
9ba367af-dfbd-4d9c-8730-4b1d5a47756e;2024-09-28T04:29:00Z;708.5;708.5;708.5;708.5;5;
9ba367af-dfbd-4d9c-8730-4b1d5a47756e;2024-09-28T04:30:00Z;708.5;708.5;708.5;708.5;5;
9ba367af-dfbd-4d9c-8730-4b1d5a47756e;2024-09-28T04:32:00Z;708.3;708.3;708.3;708.3;3;
9ba367af-dfbd-4d9c-8730-4b1d5a47756e;2024-09-28T04:33:00Z;708;707;708;707;11;
9ba367af-dfbd-4d9c-8730-4b1d5a47756e;2024-09-28T04:34:00Z;708.3;708.3;708.3;708.3;1;
9ba367af-dfbd-4d9c-8730-4b1d5a47756e;2024-09-28T04:35:00Z;708.3;707.6;708.3;707.6;8;
9ba367af-dfbd-4d9c-8730-4b1d5a47756e;2024-09-28T04:36:00Z;708.3;708.3;708.3;708.3;10;
9ba367af-dfbd-4d9c-8730-4b1d5a47756e;2024-09-28T04:37:00Z;707.7;707.65;707.7;707.65;2;
9ba367af-dfbd-4d9c-8730-4b1d5a47756e;2024-09-28T04:41:00Z;708.3;708.3;708.3;708.3;1;
9ba367af-dfbd-4d9c-8730-4b1d5a47756e;2024-09-28T04:42:00Z;708.3;708.3;708.3;708.3;4;
9ba367af-dfbd-4d9c-8730-4b1d5a47756e;2024-09-28T04:44:00Z;708.3;708.45;708.45;708.3;11;
9ba367af-dfbd-4d9c-8730-4b1d5a47756e;2024-09-28T04:46:00Z;708.5;708.5;708.5;708.5;1;
9ba367af-dfbd-4d9c-8730-4b1d5a47756e;2024-09-28T04:47:00Z;708.5;709.9;709.9;708.5;2;
9ba367af-dfbd-4d9c-8730-4b1d5a47756e;2024-09-28T04:49:00Z;707.85;707.65;707.85;707.65;13;
9ba367af-dfbd-4d9c-8730-4b1d5a47756e;2024-09-28T04:54:00Z;709.65;709.95;709.95;709.65;22;
9ba367af-dfbd-4d9c-8730-4b1d5a47756e;2024-09-28T04:55:00Z;709.9;709.95;709.95;709.9;6;
9ba367af-dfbd-4d9c-8730-4b1d5a47756e;2024-09-28T05:00:00Z;709.9;709.9;709.9;709.9;2;
9ba367af-dfbd-4d9c-8730-4b1d5a47756e;2024-09-28T05:08:00Z;709.85;709.85;709.85;709.85;1;
9ba367af-dfbd-4d9c-8730-4b1d5a47756e;2024-09-28T05:09:00Z;708.5;708.35;708.5;708.35;41;
9ba367af-dfbd-4d9c-8730-4b1d5a47756e;2024-09-28T05:11:00Z;709.8;709.9;709.9;709.8;71;
9ba367af-dfbd-4d9c-8730-4b1d5a47756e;2024-09-28T05:12:00Z;709.9;709.9;709.9;709.9;2;
9ba367af-dfbd-4d9c-8730-4b1d5a47756e;2024-09-28T05:13:00Z;709.9;709.9;709.9;709.9;6;
9ba367af-dfbd-4d9c-8730-4b1d5a47756e;2024-09-28T05:15:00Z;709.9;709.9;709.9;709.9;4;
9ba367af-dfbd-4d9c-8730-4b1d5a47756e;2024-09-28T05:16:00Z;709.9;710.1;710.1;709.9;51;
9ba367af-dfbd-4d9c-8730-4b1d5a47756e;2024-09-28T05:22:00Z;710;710.05;710.05;710;6;
9ba367af-dfbd-4d9c-8730-4b1d5a47756e;2024-09-28T05:23:00Z;710;710;710;710;15;
9ba367af-dfbd-4d9c-8730-4b1d5a47756e;2024-09-28T05:26:00Z;710;710;710;709.8;8;
9ba367af-dfbd-4d9c-8730-4b1d5a47756e;2024-09-28T05:27:00Z;708.75;708.75;710;708.75;52;
9ba367af-dfbd-4d9c-8730-4b1d5a47756e;2024-09-28T05:33:00Z;708.75;708.75;708.75;708.75;1;
9ba367af-dfbd-4d9c-8730-4b1d5a47756e;2024-09-28T05:34:00Z;708.75;708.75;708.75;708.75;2;
9ba367af-dfbd-4d9c-8730-4b1d5a47756e;2024-09-28T05:37:00Z;708.75;709.95;709.95;708.75;2;
9ba367af-dfbd-4d9c-8730-4b1d5a47756e;2024-09-28T05:39:00Z;709.95;709.95;709.95;709.95;10;
9ba367af-dfbd-4d9c-8730-4b1d5a47756e;2024-09-28T05:45:00Z;709;708.7;709;708.7;50;
9ba367af-dfbd-4d9c-8730-4b1d5a47756e;2024-09-28T05:48:00Z;709.85;709.9;709.9;709.85;56;
9ba367af-dfbd-4d9c-8730-4b1d5a47756e;2024-09-28T05:49:00Z;709.9;709.9;709.9;709.9;1;
9ba367af-dfbd-4d9c-8730-4b1d5a47756e;2024-09-28T05:51:00Z;709;709;709;709;2;
9ba367af-dfbd-4d9c-8730-4b1d5a47756e;2024-09-28T05:52:00Z;709.9;709.9;709.9;709.9;3;
9ba367af-dfbd-4d9c-8730-4b1d5a47756e;2024-09-28T05:54:00Z;709.9;709.9;709.9;709.9;7;
9ba367af-dfbd-4d9c-8730-4b1d5a47756e;2024-09-28T05:55:00Z;709.05;709.05;709.05;709.05;2;
9ba367af-dfbd-4d9c-8730-4b1d5a47756e;2024-09-28T05:56:00Z;709.05;709.05;709.05;709.05;2;
9ba367af-dfbd-4d9c-8730-4b1d5a47756e;2024-09-28T05:57:00Z;709.8;709.85;709.9;709.05;51;
9ba367af-dfbd-4d9c-8730-4b1d5a47756e;2024-09-28T05:58:00Z;709.85;709.85;709.85;709.85;10;
9ba367af-dfbd-4d9c-8730-4b1d5a47756e;2024-09-28T05:59:00Z;709.9;709.9;709.9;709.9;4;
9ba367af-dfbd-4d9c-8730-4b1d5a47756e;2024-09-28T06:01:00Z;709.8;709.8;709.8;709.8;4;
9ba367af-dfbd-4d9c-8730-4b1d5a47756e;2024-09-28T06:02:00Z;709.05;709.05;709.05;709.05;20;
9ba367af-dfbd-4d9c-8730-4b1d5a47756e;2024-09-28T06:03:00Z;709.05;709.05;709.05;709.05;5;
9ba367af-dfbd-4d9c-8730-4b1d5a47756e;2024-09-28T06:04:00Z;709.85;709.85;709.85;709.85;29;
9ba367af-dfbd-4d9c-8730-4b1d5a47756e;2024-09-28T06:07:00Z;709.85;709.85;709.85;709.85;6;
9ba367af-dfbd-4d9c-8730-4b1d5a47756e;2024-09-28T06:09:00Z;709.85;709.85;709.85;709.85;1;
9ba367af-dfbd-4d9c-8730-4b1d5a47756e;2024-09-28T06:11:00Z;709.85;709.85;709.85;709.85;30;
9ba367af-dfbd-4d9c-8730-4b1d5a47756e;2024-09-28T06:13:00Z;709.05;709.05;709.05;709.05;1;
9ba367af-dfbd-4d9c-8730-4b1d5a47756e;2024-09-28T06:16:00Z;709.05;709.05;709.05;709.05;1;
9ba367af-dfbd-4d9c-8730-4b1d5a47756e;2024-09-28T06:17:00Z;709.05;709.85;709.85;707.7;204;
9ba367af-dfbd-4d9c-8730-4b1d5a47756e;2024-09-28T06:19:00Z;709.85;709.85;709.85;709.85;1;
9ba367af-dfbd-4d9c-8730-4b1d5a47756e;2024-09-28T06:20:00Z;708.3;708.3;708.3;708.3;2;
9ba367af-dfbd-4d9c-8730-4b1d5a47756e;2024-09-28T06:21:00Z;709.8;709.8;709.8;709.8;1;
9ba367af-dfbd-4d9c-8730-4b1d5a47756e;2024-09-28T06:22:00Z;709.8;709.8;709.8;709.8;2;
9ba367af-dfbd-4d9c-8730-4b1d5a47756e;2024-09-28T06:23:00Z;709.8;709.8;709.8;709.8;1;
9ba367af-dfbd-4d9c-8730-4b1d5a47756e;2024-09-28T06:25:00Z;709.8;709.8;709.8;709.8;10;
9ba367af-dfbd-4d9c-8730-4b1d5a47756e;2024-09-28T06:26:00Z;709.8;709.8;709.8;709.8;1;
9ba367af-dfbd-4d9c-8730-4b1d5a47756e;2024-09-28T06:28:00Z;709.8;709.85;709.85;709.8;35;
9ba367af-dfbd-4d9c-8730-4b1d5a47756e;2024-09-28T06:29:00Z;709.85;709.85;709.85;709.85;100;
9ba367af-dfbd-4d9c-8730-4b1d5a47756e;2024-09-28T06:31:00Z;709.85;709.85;709.85;709.85;16;
9ba367af-dfbd-4d9c-8730-4b1d5a47756e;2024-09-28T06:33:00Z;709.85;709.85;709.85;709.85;1;
9ba367af-dfbd-4d9c-8730-4b1d5a47756e;2024-09-28T06:34:00Z;709.85;709.85;709.85;709.85;20;
9ba367af-dfbd-4d9c-8730-4b1d5a47756e;2024-09-28T06:35:00Z;709.85;709.85;709.85;709.85;1;
9ba367af-dfbd-4d9c-8730-4b1d5a47756e;2024-09-28T06:36:00Z;709.15;708.4;709.15;708.4;19;
9ba367af-dfbd-4d9c-8730-4b1d5a47756e;2024-09-28T06:39:00Z;709.4;709.4;709.4;709.4;2;
9ba367af-dfbd-4d9c-8730-4b1d5a47756e;2024-09-28T06:41:00Z;709.85;709.85;709.85;709.85;3;
9ba367af-dfbd-4d9c-8730-4b1d5a47756e;2024-09-28T06:42:00Z;709.4;709.4;709.4;709.4;5;
9ba367af-dfbd-4d9c-8730-4b1d5a47756e;2024-09-28T06:43:00Z;709.85;709.85;709.85;709.85;2;
9ba367af-dfbd-4d9c-8730-4b1d5a47756e;2024-09-28T06:44:00Z;709.85;709.4;709.85;709.4;2;
9ba367af-dfbd-4d9c-8730-4b1d5a47756e;2024-09-28T06:46:00Z;709.4;709.4;709.4;709.4;10;
9ba367af-dfbd-4d9c-8730-4b1d5a47756e;2024-09-28T06:49:00Z;709.85;709.85;709.85;709.85;5;
9ba367af-dfbd-4d9c-8730-4b1d5a47756e;2024-09-28T06:51:00Z;709.85;709.85;709.85;709.85;5;
9ba367af-dfbd-4d9c-8730-4b1d5a47756e;2024-09-28T06:52:00Z;709.85;709.9;709.9;709.85;46;
9ba367af-dfbd-4d9c-8730-4b1d5a47756e;2024-09-28T06:55:00Z;709.7;709.7;709.7;709.7;1;
9ba367af-dfbd-4d9c-8730-4b1d5a47756e;2024-09-28T06:56:00Z;709.9;709.9;709.9;709.9;4;
9ba367af-dfbd-4d9c-8730-4b1d5a47756e;2024-09-28T06:58:00Z;709.9;709.95;709.95;709.9;44;
9ba367af-dfbd-4d9c-8730-4b1d5a47756e;2024-09-28T06:59:00Z;709.9;709.9;709.9;709.9;8;
9ba367af-dfbd-4d9c-8730-4b1d5a47756e;2024-09-28T07:01:00Z;709.85;709.85;709.85;709.85;6;
9ba367af-dfbd-4d9c-8730-4b1d5a47756e;2024-09-28T07:02:00Z;709.85;709.85;709.85;709.85;1;
9ba367af-dfbd-4d9c-8730-4b1d5a47756e;2024-09-28T07:03:00Z;709.85;709.9;709.9;709.85;20;
9ba367af-dfbd-4d9c-8730-4b1d5a47756e;2024-09-28T07:05:00Z;709.85;709.85;709.85;709.85;1;
9ba367af-dfbd-4d9c-8730-4b1d5a47756e;2024-09-28T07:07:00Z;709.7;709.7;709.7;709.7;9;
9ba367af-dfbd-4d9c-8730-4b1d5a47756e;2024-09-28T07:09:00Z;709.85;709.85;709.85;709.85;5;
9ba367af-dfbd-4d9c-8730-4b1d5a47756e;2024-09-28T07:10:00Z;709.85;709.85;709.85;709.85;1;
9ba367af-dfbd-4d9c-8730-4b1d5a47756e;2024-09-28T07:11:00Z;709.85;709.85;709.85;709.85;5;
9ba367af-dfbd-4d9c-8730-4b1d5a47756e;2024-09-28T07:12:00Z;709.85;709.85;709.85;709.85;8;
9ba367af-dfbd-4d9c-8730-4b1d5a47756e;2024-09-28T07:13:00Z;709.85;709.9;709.9;709.85;10;
9ba367af-dfbd-4d9c-8730-4b1d5a47756e;2024-09-28T07:14:00Z;709.9;709.9;709.9;709.9;4;
9ba367af-dfbd-4d9c-8730-4b1d5a47756e;2024-09-28T07:15:00Z;709.45;709.95;709.95;709.45;16;
9ba367af-dfbd-4d9c-8730-4b1d5a47756e;2024-09-28T07:16:00Z;709.95;709.95;709.95;709.95;3;
9ba367af-dfbd-4d9c-8730-4b1d5a47756e;2024-09-28T07:18:00Z;709.95;709.95;709.95;709.95;2;
9ba367af-dfbd-4d9c-8730-4b1d5a47756e;2024-09-28T07:20:00Z;709.95;709.95;709.95;709.95;7;
9ba367af-dfbd-4d9c-8730-4b1d5a47756e;2024-09-28T07:21:00Z;709.9;709.45;710;709.45;678;
9ba367af-dfbd-4d9c-8730-4b1d5a47756e;2024-09-28T07:23:00Z;710;710;710;710;1;
9ba367af-dfbd-4d9c-8730-4b1d5a47756e;2024-09-28T07:25:00Z;709.45;709.45;709.45;709.45;1;
9ba367af-dfbd-4d9c-8730-4b1d5a47756e;2024-09-28T07:26:00Z;709.95;709.95;709.95;709.95;5;
9ba367af-dfbd-4d9c-8730-4b1d5a47756e;2024-09-28T07:28:00Z;709.95;709.95;709.95;709.95;3;
9ba367af-dfbd-4d9c-8730-4b1d5a47756e;2024-09-28T07:29:00Z;709.95;710;710;709.4;78;
9ba367af-dfbd-4d9c-8730-4b1d5a47756e;2024-09-28T07:30:00Z;710;710;710;710;3;
9ba367af-dfbd-4d9c-8730-4b1d5a47756e;2024-09-28T07:31:00Z;710;710;710;710;7;
9ba367af-dfbd-4d9c-8730-4b1d5a47756e;2024-09-28T07:33:00Z;709.4;709.4;709.4;709.4;1;
9ba367af-dfbd-4d9c-8730-4b1d5a47756e;2024-09-28T07:35:00Z;709.4;709.4;709.4;709.4;2;
9ba367af-dfbd-4d9c-8730-4b1d5a47756e;2024-09-28T07:36:00Z;709.4;709.95;709.95;709.4;76;
9ba367af-dfbd-4d9c-8730-4b1d5a47756e;2024-09-28T07:37:00Z;709.95;709.95;709.95;709.95;2;
9ba367af-dfbd-4d9c-8730-4b1d5a47756e;2024-09-28T07:38:00Z;709.95;709.95;709.95;709.95;2;
9ba367af-dfbd-4d9c-8730-4b1d5a47756e;2024-09-28T07:39:00Z;709.95;709.95;709.95;709.95;12;
9ba367af-dfbd-4d9c-8730-4b1d5a47756e;2024-09-28T07:41:00Z;710;710;710;710;4;
9ba367af-dfbd-4d9c-8730-4b1d5a47756e;2024-09-28T07:42:00Z;710;709.9;710;709.9;3;
9ba367af-dfbd-4d9c-8730-4b1d5a47756e;2024-09-28T07:44:00Z;709.9;709;709.9;709;14;
9ba367af-dfbd-4d9c-8730-4b1d5a47756e;2024-09-28T07:45:00Z;709.9;709.85;709.9;709.85;8;
9ba367af-dfbd-4d9c-8730-4b1d5a47756e;2024-09-28T07:46:00Z;709.85;708.55;709.85;708.55;2;
9ba367af-dfbd-4d9c-8730-4b1d5a47756e;2024-09-28T07:48:00Z;709.85;709.85;709.85;709.85;1;
9ba367af-dfbd-4d9c-8730-4b1d5a47756e;2024-09-28T07:49:00Z;709.85;709.85;709.85;709.85;2;
9ba367af-dfbd-4d9c-8730-4b1d5a47756e;2024-09-28T07:50:00Z;709.85;708.55;709.85;708.55;20;
9ba367af-dfbd-4d9c-8730-4b1d5a47756e;2024-09-28T07:51:00Z;708.55;708.55;708.55;708.55;6;
9ba367af-dfbd-4d9c-8730-4b1d5a47756e;2024-09-28T07:52:00Z;709.85;709.9;709.9;709.85;4;
9ba367af-dfbd-4d9c-8730-4b1d5a47756e;2024-09-28T07:55:00Z;708.6;709.9;709.9;708;146;
9ba367af-dfbd-4d9c-8730-4b1d5a47756e;2024-09-28T07:57:00Z;709.85;709.9;709.95;709.85;261;
9ba367af-dfbd-4d9c-8730-4b1d5a47756e;2024-09-28T07:58:00Z;709.9;709.9;709.9;709.9;13;
9ba367af-dfbd-4d9c-8730-4b1d5a47756e;2024-09-28T07:59:00Z;709.9;709.9;709.9;709.9;1;
9ba367af-dfbd-4d9c-8730-4b1d5a47756e;2024-09-28T08:00:00Z;709.9;709.9;709.9;709.9;4;
9ba367af-dfbd-4d9c-8730-4b1d5a47756e;2024-09-28T08:01:00Z;709.95;709.9;709.95;709.9;3;
9ba367af-dfbd-4d9c-8730-4b1d5a47756e;2024-09-28T08:03:00Z;709.95;709.95;709.95;709.95;3;
9ba367af-dfbd-4d9c-8730-4b1d5a47756e;2024-09-28T08:04:00Z;709.95;709.95;709.95;709.95;12;
9ba367af-dfbd-4d9c-8730-4b1d5a47756e;2024-09-28T08:05:00Z;709.05;709.05;709.05;709.05;3;
9ba367af-dfbd-4d9c-8730-4b1d5a47756e;2024-09-28T08:06:00Z;709.05;708;709.05;708;40;
9ba367af-dfbd-4d9c-8730-4b1d5a47756e;2024-09-28T08:09:00Z;708.05;708.05;708.05;708.05;2;
9ba367af-dfbd-4d9c-8730-4b1d5a47756e;2024-09-28T08:10:00Z;709;709.05;709.05;709;3;
9ba367af-dfbd-4d9c-8730-4b1d5a47756e;2024-09-28T08:11:00Z;709.05;709.05;709.05;709.05;1;
9ba367af-dfbd-4d9c-8730-4b1d5a47756e;2024-09-28T08:14:00Z;709.05;709.9;709.9;709.05;17;
9ba367af-dfbd-4d9c-8730-4b1d5a47756e;2024-09-28T08:15:00Z;709.05;709.9;709.9;709.05;4;
9ba367af-dfbd-4d9c-8730-4b1d5a47756e;2024-09-28T08:16:00Z;709.9;709.95;709.95;709.9;270;
9ba367af-dfbd-4d9c-8730-4b1d5a47756e;2024-09-28T08:17:00Z;709.9;709.95;709.95;709.9;14;
9ba367af-dfbd-4d9c-8730-4b1d5a47756e;2024-09-28T08:18:00Z;709.95;709.95;709.95;709.95;26;
9ba367af-dfbd-4d9c-8730-4b1d5a47756e;2024-09-28T08:20:00Z;710;710;710;710;6;
9ba367af-dfbd-4d9c-8730-4b1d5a47756e;2024-09-28T08:21:00Z;710;710;710;710;1072;
9ba367af-dfbd-4d9c-8730-4b1d5a47756e;2024-09-28T08:23:00Z;710.1;710.7;710.7;710.1;354;
9ba367af-dfbd-4d9c-8730-4b1d5a47756e;2024-09-28T08:24:00Z;710.8;711;711;710.75;446;
9ba367af-dfbd-4d9c-8730-4b1d5a47756e;2024-09-28T08:26:00Z;711;711;711;711;102;
9ba367af-dfbd-4d9c-8730-4b1d5a47756e;2024-09-28T08:27:00Z;711.05;711.05;711.05;711.05;1;
9ba367af-dfbd-4d9c-8730-4b1d5a47756e;2024-09-28T08:28:00Z;711.1;711.1;711.1;711.1;31;
9ba367af-dfbd-4d9c-8730-4b1d5a47756e;2024-09-28T08:29:00Z;711.15;711.15;711.15;711.15;10;
9ba367af-dfbd-4d9c-8730-4b1d5a47756e;2024-09-28T08:30:00Z;711.25;711.1;711.25;711.1;226;
9ba367af-dfbd-4d9c-8730-4b1d5a47756e;2024-09-28T08:31:00Z;711.1;711.1;711.1;711.1;60;
9ba367af-dfbd-4d9c-8730-4b1d5a47756e;2024-09-28T08:32:00Z;711.1;711.1;711.1;711.1;32;
9ba367af-dfbd-4d9c-8730-4b1d5a47756e;2024-09-28T08:33:00Z;711.1;711.1;711.1;711.1;121;
9ba367af-dfbd-4d9c-8730-4b1d5a47756e;2024-09-28T08:34:00Z;711.1;709.9;711.1;709.9;50;
9ba367af-dfbd-4d9c-8730-4b1d5a47756e;2024-09-28T08:35:00Z;711.15;711.15;711.15;711.15;5;
9ba367af-dfbd-4d9c-8730-4b1d5a47756e;2024-09-28T08:36:00Z;710;710;710;710;2;
9ba367af-dfbd-4d9c-8730-4b1d5a47756e;2024-09-28T08:37:00Z;711.1;711.1;711.1;711.1;1;
9ba367af-dfbd-4d9c-8730-4b1d5a47756e;2024-09-28T08:38:00Z;711.1;711.1;711.1;711.1;1;
9ba367af-dfbd-4d9c-8730-4b1d5a47756e;2024-09-28T08:39:00Z;710.95;710.95;710.95;710.95;2;
9ba367af-dfbd-4d9c-8730-4b1d5a47756e;2024-09-28T08:40:00Z;710;710;710;710;2;
9ba367af-dfbd-4d9c-8730-4b1d5a47756e;2024-09-28T08:41:00Z;710.85;710.85;710.85;710.85;1;
9ba367af-dfbd-4d9c-8730-4b1d5a47756e;2024-09-28T08:42:00Z;710.85;710;710.85;710;9;
9ba367af-dfbd-4d9c-8730-4b1d5a47756e;2024-09-28T08:43:00Z;710.9;710.9;710.9;710.9;1;
9ba367af-dfbd-4d9c-8730-4b1d5a47756e;2024-09-28T08:47:00Z;710;710;710;710;30;
9ba367af-dfbd-4d9c-8730-4b1d5a47756e;2024-09-28T08:48:00Z;710;710;710;710;40;
9ba367af-dfbd-4d9c-8730-4b1d5a47756e;2024-09-28T08:49:00Z;710;709.9;710;709.9;40;
9ba367af-dfbd-4d9c-8730-4b1d5a47756e;2024-09-28T08:50:00Z;710.85;710.85;710.85;710.85;1;
9ba367af-dfbd-4d9c-8730-4b1d5a47756e;2024-09-28T08:53:00Z;709.95;709.9;709.95;709.9;3;
9ba367af-dfbd-4d9c-8730-4b1d5a47756e;2024-09-28T08:54:00Z;709.9;709.9;709.9;709.9;4;
9ba367af-dfbd-4d9c-8730-4b1d5a47756e;2024-09-28T08:56:00Z;710.85;711.25;711.25;710.85;500;
9ba367af-dfbd-4d9c-8730-4b1d5a47756e;2024-09-28T08:57:00Z;711.25;711.25;711.25;711.25;300;
9ba367af-dfbd-4d9c-8730-4b1d5a47756e;2024-09-28T08:58:00Z;710.05;711.25;711.25;710;11;
9ba367af-dfbd-4d9c-8730-4b1d5a47756e;2024-09-28T09:01:00Z;711.2;709.95;711.25;709.95;322;
9ba367af-dfbd-4d9c-8730-4b1d5a47756e;2024-09-28T09:02:00Z;711.2;711.25;711.25;711.2;26;
9ba367af-dfbd-4d9c-8730-4b1d5a47756e;2024-09-28T09:03:00Z;711.25;710;711.25;710;4;
9ba367af-dfbd-4d9c-8730-4b1d5a47756e;2024-09-28T09:04:00Z;710;709.9;710;709.9;93;
9ba367af-dfbd-4d9c-8730-4b1d5a47756e;2024-09-28T09:09:00Z;711.05;711.05;711.05;711.05;2;
9ba367af-dfbd-4d9c-8730-4b1d5a47756e;2024-09-28T09:10:00Z;711.05;711.05;711.05;711.05;5;
9ba367af-dfbd-4d9c-8730-4b1d5a47756e;2024-09-28T09:14:00Z;711;709.9;711;709.9;13;
9ba367af-dfbd-4d9c-8730-4b1d5a47756e;2024-09-28T09:15:00Z;711;709.9;711;709.9;39;
9ba367af-dfbd-4d9c-8730-4b1d5a47756e;2024-09-28T09:16:00Z;711;711.2;711.25;711;114;
9ba367af-dfbd-4d9c-8730-4b1d5a47756e;2024-09-28T09:17:00Z;711.2;711.4;711.4;711.2;165;
9ba367af-dfbd-4d9c-8730-4b1d5a47756e;2024-09-28T09:18:00Z;711.4;711.4;711.4;711.4;4;
9ba367af-dfbd-4d9c-8730-4b1d5a47756e;2024-09-28T09:19:00Z;711.4;711.4;711.4;711.4;2;
9ba367af-dfbd-4d9c-8730-4b1d5a47756e;2024-09-28T09:21:00Z;711.4;711.4;711.4;711.4;4;
9ba367af-dfbd-4d9c-8730-4b1d5a47756e;2024-09-28T09:23:00Z;711.4;711.4;711.4;711.4;1;
9ba367af-dfbd-4d9c-8730-4b1d5a47756e;2024-09-28T09:24:00Z;711.4;710;711.4;710;5;
9ba367af-dfbd-4d9c-8730-4b1d5a47756e;2024-09-28T09:29:00Z;711;711;711;711;1;
9ba367af-dfbd-4d9c-8730-4b1d5a47756e;2024-09-28T09:30:00Z;711;711;711;711;1;
9ba367af-dfbd-4d9c-8730-4b1d5a47756e;2024-09-28T09:31:00Z;711.35;711.35;711.35;711.35;1;
9ba367af-dfbd-4d9c-8730-4b1d5a47756e;2024-09-28T09:38:00Z;711.35;711.35;711.35;711.35;5;
9ba367af-dfbd-4d9c-8730-4b1d5a47756e;2024-09-28T09:40:00Z;711.4;711.4;711.4;711.4;152;
9ba367af-dfbd-4d9c-8730-4b1d5a47756e;2024-09-28T09:42:00Z;710;710;710;710;19;
9ba367af-dfbd-4d9c-8730-4b1d5a47756e;2024-09-28T09:43:00Z;711.35;711.4;711.4;711.35;23;
9ba367af-dfbd-4d9c-8730-4b1d5a47756e;2024-09-28T09:44:00Z;711.35;711.35;711.35;711.35;1;
9ba367af-dfbd-4d9c-8730-4b1d5a47756e;2024-09-28T09:45:00Z;711.35;711.35;711.35;711.35;1;
9ba367af-dfbd-4d9c-8730-4b1d5a47756e;2024-09-28T09:47:00Z;710;711.35;711.35;709.9;113;
9ba367af-dfbd-4d9c-8730-4b1d5a47756e;2024-09-28T09:48:00Z;709.95;711.35;711.35;709.95;2;
9ba367af-dfbd-4d9c-8730-4b1d5a47756e;2024-09-28T09:49:00Z;709.95;711.35;711.35;709.95;2;
9ba367af-dfbd-4d9c-8730-4b1d5a47756e;2024-09-28T09:50:00Z;711.3;711.3;711.3;711.3;5;
9ba367af-dfbd-4d9c-8730-4b1d5a47756e;2024-09-28T09:51:00Z;711.3;711.3;711.3;711.3;9;
9ba367af-dfbd-4d9c-8730-4b1d5a47756e;2024-09-28T09:53:00Z;709.95;709.95;709.95;709.95;63;
9ba367af-dfbd-4d9c-8730-4b1d5a47756e;2024-09-28T09:54:00Z;709.9;709.9;709.9;709.9;130;
9ba367af-dfbd-4d9c-8730-4b1d5a47756e;2024-09-28T09:55:00Z;709.9;709.95;709.95;709.9;87;
9ba367af-dfbd-4d9c-8730-4b1d5a47756e;2024-09-28T09:56:00Z;709.95;709.95;709.95;709.95;1;
9ba367af-dfbd-4d9c-8730-4b1d5a47756e;2024-09-28T09:57:00Z;709.95;709.95;709.95;709.95;43;
9ba367af-dfbd-4d9c-8730-4b1d5a47756e;2024-09-28T10:00:00Z;709.95;709.95;709.95;709.95;7;
9ba367af-dfbd-4d9c-8730-4b1d5a47756e;2024-09-28T10:01:00Z;711.1;709.95;711.1;709.95;2;
9ba367af-dfbd-4d9c-8730-4b1d5a47756e;2024-09-28T10:02:00Z;711.1;711.1;711.1;711.1;1;
9ba367af-dfbd-4d9c-8730-4b1d5a47756e;2024-09-28T10:05:00Z;709.95;709.9;709.95;709.9;116;
9ba367af-dfbd-4d9c-8730-4b1d5a47756e;2024-09-28T10:06:00Z;710.95;709.95;711.15;709.95;36;
9ba367af-dfbd-4d9c-8730-4b1d5a47756e;2024-09-28T10:08:00Z;711.15;711.15;711.15;711.15;1;
9ba367af-dfbd-4d9c-8730-4b1d5a47756e;2024-09-28T10:09:00Z;711.15;711.15;711.15;711.15;2;
9ba367af-dfbd-4d9c-8730-4b1d5a47756e;2024-09-28T10:10:00Z;710;710;710;710;1;
9ba367af-dfbd-4d9c-8730-4b1d5a47756e;2024-09-28T10:14:00Z;711.1;710;711.1;710;4;
9ba367af-dfbd-4d9c-8730-4b1d5a47756e;2024-09-28T10:15:00Z;711.05;711.1;711.1;711.05;4;
9ba367af-dfbd-4d9c-8730-4b1d5a47756e;2024-09-28T10:18:00Z;710;711.1;711.1;710;6;
9ba367af-dfbd-4d9c-8730-4b1d5a47756e;2024-09-28T10:19:00Z;709.95;709.95;709.95;709.95;7;
9ba367af-dfbd-4d9c-8730-4b1d5a47756e;2024-09-28T10:21:00Z;709.95;711.05;711.05;709.95;5;
9ba367af-dfbd-4d9c-8730-4b1d5a47756e;2024-09-28T10:22:00Z;711.05;709.95;711.05;709.95;3;
9ba367af-dfbd-4d9c-8730-4b1d5a47756e;2024-09-28T10:26:00Z;710;710.8;710.8;709.9;817;
9ba367af-dfbd-4d9c-8730-4b1d5a47756e;2024-09-28T10:27:00Z;709.9;709.5;709.9;709.5;500;
9ba367af-dfbd-4d9c-8730-4b1d5a47756e;2024-09-28T10:28:00Z;710.8;710.8;710.8;710.8;2;
9ba367af-dfbd-4d9c-8730-4b1d5a47756e;2024-09-28T10:29:00Z;710.7;710.7;710.7;710.7;8;
9ba367af-dfbd-4d9c-8730-4b1d5a47756e;2024-09-28T10:31:00Z;709.5;710.7;710.7;709.5;26;
9ba367af-dfbd-4d9c-8730-4b1d5a47756e;2024-09-28T10:32:00Z;710.7;710.7;710.7;710.7;1;
9ba367af-dfbd-4d9c-8730-4b1d5a47756e;2024-09-28T10:39:00Z;710.7;710.7;710.7;710.7;1;
9ba367af-dfbd-4d9c-8730-4b1d5a47756e;2024-09-28T10:41:00Z;709.5;709.5;709.5;709.5;5;
9ba367af-dfbd-4d9c-8730-4b1d5a47756e;2024-09-28T10:42:00Z;710.7;710.7;710.7;710.7;2;
9ba367af-dfbd-4d9c-8730-4b1d5a47756e;2024-09-28T10:46:00Z;709.5;709.5;709.5;709.5;1;
9ba367af-dfbd-4d9c-8730-4b1d5a47756e;2024-09-28T10:47:00Z;709.5;709.5;709.5;709.5;1;
9ba367af-dfbd-4d9c-8730-4b1d5a47756e;2024-09-28T10:49:00Z;710.7;710.7;710.7;710.7;25;
9ba367af-dfbd-4d9c-8730-4b1d5a47756e;2024-09-28T10:51:00Z;710.7;709.5;710.7;709.5;53;
9ba367af-dfbd-4d9c-8730-4b1d5a47756e;2024-09-28T10:54:00Z;710.8;710.8;710.8;710.8;2;
9ba367af-dfbd-4d9c-8730-4b1d5a47756e;2024-09-28T10:57:00Z;710.75;710.75;710.75;710.75;13;
9ba367af-dfbd-4d9c-8730-4b1d5a47756e;2024-09-28T10:58:00Z;710.75;710.85;710.85;710.75;120;
9ba367af-dfbd-4d9c-8730-4b1d5a47756e;2024-09-28T11:01:00Z;710.8;710;710.85;710;3;
9ba367af-dfbd-4d9c-8730-4b1d5a47756e;2024-09-28T11:02:00Z;710.85;710.85;710.85;710.85;10;
9ba367af-dfbd-4d9c-8730-4b1d5a47756e;2024-09-28T11:03:00Z;710.85;710.85;710.85;710.85;5;
9ba367af-dfbd-4d9c-8730-4b1d5a47756e;2024-09-28T11:05:00Z;710.85;710.85;710.85;710.85;4;
9ba367af-dfbd-4d9c-8730-4b1d5a47756e;2024-09-28T11:09:00Z;710.85;710.85;710.85;710.85;1;
9ba367af-dfbd-4d9c-8730-4b1d5a47756e;2024-09-28T11:10:00Z;710.85;710.85;710.85;710.85;1;
9ba367af-dfbd-4d9c-8730-4b1d5a47756e;2024-09-28T11:11:00Z;710.85;710.85;710.85;710.85;1;
9ba367af-dfbd-4d9c-8730-4b1d5a47756e;2024-09-28T11:12:00Z;710.85;710.85;710.85;710.85;5;
9ba367af-dfbd-4d9c-8730-4b1d5a47756e;2024-09-28T11:13:00Z;710.85;710.85;710.85;710.85;2;
9ba367af-dfbd-4d9c-8730-4b1d5a47756e;2024-09-28T11:14:00Z;710.85;710.85;710.85;710.85;20;
9ba367af-dfbd-4d9c-8730-4b1d5a47756e;2024-09-28T11:15:00Z;710.85;710.85;710.85;710.85;50;
9ba367af-dfbd-4d9c-8730-4b1d5a47756e;2024-09-28T11:16:00Z;710;710;710;710;1;
9ba367af-dfbd-4d9c-8730-4b1d5a47756e;2024-09-28T11:17:00Z;710;710;710;710;1;
9ba367af-dfbd-4d9c-8730-4b1d5a47756e;2024-09-28T11:19:00Z;710.85;710.85;710.85;709.65;10;
9ba367af-dfbd-4d9c-8730-4b1d5a47756e;2024-09-28T11:20:00Z;710.85;709.7;710.85;709.7;20;
9ba367af-dfbd-4d9c-8730-4b1d5a47756e;2024-09-28T11:21:00Z;709.7;709.7;709.7;709.7;2;
9ba367af-dfbd-4d9c-8730-4b1d5a47756e;2024-09-28T11:22:00Z;710.8;710.8;710.8;710.8;3;
9ba367af-dfbd-4d9c-8730-4b1d5a47756e;2024-09-28T11:23:00Z;710.85;709.7;710.85;709.7;3;
9ba367af-dfbd-4d9c-8730-4b1d5a47756e;2024-09-28T11:24:00Z;710.8;710.8;710.8;710.8;1;
9ba367af-dfbd-4d9c-8730-4b1d5a47756e;2024-09-28T11:25:00Z;710.85;709.6;710.85;709.6;235;
9ba367af-dfbd-4d9c-8730-4b1d5a47756e;2024-09-28T11:26:00Z;709.55;709.5;709.55;709.5;40;
9ba367af-dfbd-4d9c-8730-4b1d5a47756e;2024-09-28T11:28:00Z;709;709.1;709.1;709;59;
9ba367af-dfbd-4d9c-8730-4b1d5a47756e;2024-09-28T11:30:00Z;710.6;710.6;710.6;710.6;1;
9ba367af-dfbd-4d9c-8730-4b1d5a47756e;2024-09-28T11:32:00Z;710.75;710.8;710.8;710.75;8;
9ba367af-dfbd-4d9c-8730-4b1d5a47756e;2024-09-28T11:33:00Z;709;709;709;709;8;
9ba367af-dfbd-4d9c-8730-4b1d5a47756e;2024-09-28T11:35:00Z;709;709;709;709;71;
9ba367af-dfbd-4d9c-8730-4b1d5a47756e;2024-09-28T11:36:00Z;708.95;709;709;708.95;8;
9ba367af-dfbd-4d9c-8730-4b1d5a47756e;2024-09-28T11:37:00Z;708.95;710.8;710.8;708.95;24;
9ba367af-dfbd-4d9c-8730-4b1d5a47756e;2024-09-28T11:38:00Z;709;708.9;709;708.9;20;
9ba367af-dfbd-4d9c-8730-4b1d5a47756e;2024-09-28T11:39:00Z;710.8;708.9;710.8;708.9;12;
9ba367af-dfbd-4d9c-8730-4b1d5a47756e;2024-09-28T11:41:00Z;710.75;710.75;710.75;708.5;53;
9ba367af-dfbd-4d9c-8730-4b1d5a47756e;2024-09-28T11:42:00Z;708.55;708.55;708.55;708.55;8;
9ba367af-dfbd-4d9c-8730-4b1d5a47756e;2024-09-28T11:43:00Z;710.7;710.65;710.7;710.65;5;
9ba367af-dfbd-4d9c-8730-4b1d5a47756e;2024-09-28T11:44:00Z;708.6;708.5;708.6;708.5;56;
9ba367af-dfbd-4d9c-8730-4b1d5a47756e;2024-09-28T11:46:00Z;710.7;708.6;710.7;708.6;2;
9ba367af-dfbd-4d9c-8730-4b1d5a47756e;2024-09-28T11:47:00Z;710.65;710.7;710.7;710.65;2;
9ba367af-dfbd-4d9c-8730-4b1d5a47756e;2024-09-28T11:49:00Z;710.7;710.7;710.7;710.7;1;
9ba367af-dfbd-4d9c-8730-4b1d5a47756e;2024-09-28T11:50:00Z;710.7;710.8;710.8;710.7;11;
9ba367af-dfbd-4d9c-8730-4b1d5a47756e;2024-09-28T11:51:00Z;710.8;710.8;710.8;710.8;10;
9ba367af-dfbd-4d9c-8730-4b1d5a47756e;2024-09-28T11:53:00Z;708.65;706.2;708.65;706.2;2027;
9ba367af-dfbd-4d9c-8730-4b1d5a47756e;2024-09-28T11:57:00Z;707.35;707.35;707.35;707.25;10;
9ba367af-dfbd-4d9c-8730-4b1d5a47756e;2024-09-28T12:01:00Z;709.4;706.1;709.4;706.1;879;
9ba367af-dfbd-4d9c-8730-4b1d5a47756e;2024-09-28T12:03:00Z;709.35;709.35;709.35;709.35;5;
9ba367af-dfbd-4d9c-8730-4b1d5a47756e;2024-09-28T12:05:00Z;708.85;708.85;708.85;708.85;10;
9ba367af-dfbd-4d9c-8730-4b1d5a47756e;2024-09-28T12:07:00Z;708.5;708.75;708.75;708.5;21;
9ba367af-dfbd-4d9c-8730-4b1d5a47756e;2024-09-28T12:08:00Z;708.05;708;708.05;708;20;
9ba367af-dfbd-4d9c-8730-4b1d5a47756e;2024-09-28T12:12:00Z;708;708;708;708;17;
9ba367af-dfbd-4d9c-8730-4b1d5a47756e;2024-09-28T12:14:00Z;708.45;706.65;708.45;706.65;3;
9ba367af-dfbd-4d9c-8730-4b1d5a47756e;2024-09-28T12:15:00Z;708.2;708.25;708.25;708.2;19;
9ba367af-dfbd-4d9c-8730-4b1d5a47756e;2024-09-28T12:16:00Z;708.25;706.65;708.25;706.65;15;
9ba367af-dfbd-4d9c-8730-4b1d5a47756e;2024-09-28T12:17:00Z;708.25;708.25;708.25;708.25;7;
9ba367af-dfbd-4d9c-8730-4b1d5a47756e;2024-09-28T12:19:00Z;706.8;706.8;706.8;706.8;1;
9ba367af-dfbd-4d9c-8730-4b1d5a47756e;2024-09-28T12:20:00Z;707.95;707.95;707.95;707.95;1;
9ba367af-dfbd-4d9c-8730-4b1d5a47756e;2024-09-28T12:27:00Z;707.7;707;707.7;707;8;
9ba367af-dfbd-4d9c-8730-4b1d5a47756e;2024-09-28T12:28:00Z;707.8;707.8;707.8;707.8;1;
9ba367af-dfbd-4d9c-8730-4b1d5a47756e;2024-09-28T12:29:00Z;707.8;707.95;707.95;707.8;100;
9ba367af-dfbd-4d9c-8730-4b1d5a47756e;2024-09-28T12:32:00Z;707.95;707.8;708;707.8;106;
9ba367af-dfbd-4d9c-8730-4b1d5a47756e;2024-09-28T12:33:00Z;707.8;708;708;707.8;79;
9ba367af-dfbd-4d9c-8730-4b1d5a47756e;2024-09-28T12:37:00Z;707;708;708;707;51;
9ba367af-dfbd-4d9c-8730-4b1d5a47756e;2024-09-28T12:38:00Z;708;708;708;708;55;
9ba367af-dfbd-4d9c-8730-4b1d5a47756e;2024-09-28T12:39:00Z;708.05;708.05;708.05;708.05;1;
9ba367af-dfbd-4d9c-8730-4b1d5a47756e;2024-09-28T12:41:00Z;708.25;708.25;708.25;708.25;10;
9ba367af-dfbd-4d9c-8730-4b1d5a47756e;2024-09-28T12:42:00Z;708.25;708.25;708.25;708.25;17;
9ba367af-dfbd-4d9c-8730-4b1d5a47756e;2024-09-28T12:44:00Z;708.25;709.55;709.55;708.25;782;
9ba367af-dfbd-4d9c-8730-4b1d5a47756e;2024-09-28T12:45:00Z;710.8;711.8;711.8;710.8;5001;
9ba367af-dfbd-4d9c-8730-4b1d5a47756e;2024-09-28T12:46:00Z;708.2;711.8;711.8;708.05;284;
9ba367af-dfbd-4d9c-8730-4b1d5a47756e;2024-09-28T12:47:00Z;708.4;711.45;711.45;708.4;543;
9ba367af-dfbd-4d9c-8730-4b1d5a47756e;2024-09-28T12:49:00Z;711.2;711.2;711.2;711.2;26;
9ba367af-dfbd-4d9c-8730-4b1d5a47756e;2024-09-28T12:51:00Z;711;709.8;711;709.8;11;
9ba367af-dfbd-4d9c-8730-4b1d5a47756e;2024-09-28T12:52:00Z;711;711;711;710.05;12;
9ba367af-dfbd-4d9c-8730-4b1d5a47756e;2024-09-28T12:53:00Z;711;710.1;711;710.05;21;
9ba367af-dfbd-4d9c-8730-4b1d5a47756e;2024-09-28T12:54:00Z;710.1;710.15;710.15;710.1;14;
9ba367af-dfbd-4d9c-8730-4b1d5a47756e;2024-09-28T12:55:00Z;710.15;710.15;710.15;710.15;10;
9ba367af-dfbd-4d9c-8730-4b1d5a47756e;2024-09-28T12:58:00Z;710.15;708.05;710.25;708.05;936;
9ba367af-dfbd-4d9c-8730-4b1d5a47756e;2024-09-28T12:59:00Z;710.7;706.45;710.7;706.45;1839;
9ba367af-dfbd-4d9c-8730-4b1d5a47756e;2024-09-28T13:00:00Z;706.8;706.75;706.8;706.75;3;
9ba367af-dfbd-4d9c-8730-4b1d5a47756e;2024-09-28T13:01:00Z;706.75;706.6;706.75;706.6;50;
9ba367af-dfbd-4d9c-8730-4b1d5a47756e;2024-09-28T13:02:00Z;708.4;706.8;708.4;706.8;2;
9ba367af-dfbd-4d9c-8730-4b1d5a47756e;2024-09-28T13:03:00Z;708.1;708.15;708.15;708.1;8;
9ba367af-dfbd-4d9c-8730-4b1d5a47756e;2024-09-28T13:05:00Z;707;706.8;707;706.8;11;
9ba367af-dfbd-4d9c-8730-4b1d5a47756e;2024-09-28T13:06:00Z;707.5;707.5;707.5;707.5;24;
9ba367af-dfbd-4d9c-8730-4b1d5a47756e;2024-09-28T13:07:00Z;708.15;708.25;708.25;708.15;3;
9ba367af-dfbd-4d9c-8730-4b1d5a47756e;2024-09-28T13:09:00Z;708.25;709.05;709.05;708.25;9;
9ba367af-dfbd-4d9c-8730-4b1d5a47756e;2024-09-28T13:10:00Z;708.5;708.5;708.5;708.5;1;
9ba367af-dfbd-4d9c-8730-4b1d5a47756e;2024-09-28T13:12:00Z;709.05;709.05;709.05;709.05;29;
9ba367af-dfbd-4d9c-8730-4b1d5a47756e;2024-09-28T13:13:00Z;709.25;709.25;709.25;709.25;1;
9ba367af-dfbd-4d9c-8730-4b1d5a47756e;2024-09-28T13:16:00Z;709;709;709;709;14;
9ba367af-dfbd-4d9c-8730-4b1d5a47756e;2024-09-28T13:18:00Z;708.75;709;709;708.75;13;
9ba367af-dfbd-4d9c-8730-4b1d5a47756e;2024-09-28T13:21:00Z;708.5;708.5;708.5;708.5;1;
9ba367af-dfbd-4d9c-8730-4b1d5a47756e;2024-09-28T13:24:00Z;708.6;708.6;708.6;708.6;1;
9ba367af-dfbd-4d9c-8730-4b1d5a47756e;2024-09-28T13:25:00Z;708.65;710.75;710.75;708.65;882;
9ba367af-dfbd-4d9c-8730-4b1d5a47756e;2024-09-28T13:26:00Z;708.7;708.7;708.7;708.7;2;
9ba367af-dfbd-4d9c-8730-4b1d5a47756e;2024-09-28T13:28:00Z;710.2;710.15;710.2;710.15;12;
9ba367af-dfbd-4d9c-8730-4b1d5a47756e;2024-09-28T13:29:00Z;710.15;708.65;710.15;708.65;3;
9ba367af-dfbd-4d9c-8730-4b1d5a47756e;2024-09-28T13:31:00Z;708.65;708.65;708.65;708.65;6;
9ba367af-dfbd-4d9c-8730-4b1d5a47756e;2024-09-28T13:32:00Z;708.65;708.65;708.65;708.65;2;
9ba367af-dfbd-4d9c-8730-4b1d5a47756e;2024-09-28T13:33:00Z;709.9;709.9;709.9;709.9;1;
9ba367af-dfbd-4d9c-8730-4b1d5a47756e;2024-09-28T13:34:00Z;708.65;708.65;708.65;708.65;3;
9ba367af-dfbd-4d9c-8730-4b1d5a47756e;2024-09-28T13:35:00Z;709.85;709.85;709.85;709.85;1;
9ba367af-dfbd-4d9c-8730-4b1d5a47756e;2024-09-28T13:36:00Z;708.65;708.65;708.65;708.65;9;
9ba367af-dfbd-4d9c-8730-4b1d5a47756e;2024-09-28T13:37:00Z;709.85;709.85;709.85;709.85;3;
9ba367af-dfbd-4d9c-8730-4b1d5a47756e;2024-09-28T13:38:00Z;709.85;709.85;709.85;709.85;6;
9ba367af-dfbd-4d9c-8730-4b1d5a47756e;2024-09-28T13:39:00Z;709.8;709.8;709.8;709.8;1;
9ba367af-dfbd-4d9c-8730-4b1d5a47756e;2024-09-28T13:40:00Z;709.8;709.8;709.8;709.8;13;
9ba367af-dfbd-4d9c-8730-4b1d5a47756e;2024-09-28T13:41:00Z;708.7;708.7;708.7;708.7;52;
9ba367af-dfbd-4d9c-8730-4b1d5a47756e;2024-09-28T13:42:00Z;708.7;708.7;708.7;708.7;15;
9ba367af-dfbd-4d9c-8730-4b1d5a47756e;2024-09-28T13:46:00Z;709.75;709.75;709.75;709.75;16;
9ba367af-dfbd-4d9c-8730-4b1d5a47756e;2024-09-28T13:47:00Z;709.7;709.7;709.7;709.7;1;
9ba367af-dfbd-4d9c-8730-4b1d5a47756e;2024-09-28T13:48:00Z;709.7;709.7;709.7;709.7;27;
9ba367af-dfbd-4d9c-8730-4b1d5a47756e;2024-09-28T13:52:00Z;709.45;709.45;709.45;709.45;1;
9ba367af-dfbd-4d9c-8730-4b1d5a47756e;2024-09-28T14:00:00Z;709.45;709.45;709.45;709.45;4;
9ba367af-dfbd-4d9c-8730-4b1d5a47756e;2024-09-28T14:01:00Z;709.45;709.45;709.45;709.45;1;
9ba367af-dfbd-4d9c-8730-4b1d5a47756e;2024-09-28T14:02:00Z;709.45;709.45;709.45;709.45;2;
9ba367af-dfbd-4d9c-8730-4b1d5a47756e;2024-09-28T14:04:00Z;709.45;709.45;709.45;709.45;3;
9ba367af-dfbd-4d9c-8730-4b1d5a47756e;2024-09-28T14:07:00Z;709.25;709.25;709.25;709.25;1;
9ba367af-dfbd-4d9c-8730-4b1d5a47756e;2024-09-28T14:11:00Z;708.05;709.2;709.2;708.05;18;
9ba367af-dfbd-4d9c-8730-4b1d5a47756e;2024-09-28T14:14:00Z;709.2;709.2;709.2;709.2;2;
9ba367af-dfbd-4d9c-8730-4b1d5a47756e;2024-09-28T14:15:00Z;709.2;709.2;709.2;709.2;2;
9ba367af-dfbd-4d9c-8730-4b1d5a47756e;2024-09-28T14:16:00Z;708.1;708.1;708.1;708.1;1;
9ba367af-dfbd-4d9c-8730-4b1d5a47756e;2024-09-28T14:17:00Z;709.15;709.2;709.2;709.15;21;
9ba367af-dfbd-4d9c-8730-4b1d5a47756e;2024-09-28T14:18:00Z;709.2;708.15;709.2;708.15;3;
9ba367af-dfbd-4d9c-8730-4b1d5a47756e;2024-09-28T14:19:00Z;709.2;709.2;709.2;709.2;1;
9ba367af-dfbd-4d9c-8730-4b1d5a47756e;2024-09-28T14:21:00Z;708.15;708.15;708.15;708.15;1;
9ba367af-dfbd-4d9c-8730-4b1d5a47756e;2024-09-28T14:22:00Z;709.2;709.2;709.2;709.2;2;
9ba367af-dfbd-4d9c-8730-4b1d5a47756e;2024-09-28T14:24:00Z;709.2;709.2;709.2;709.2;1;
9ba367af-dfbd-4d9c-8730-4b1d5a47756e;2024-09-28T14:25:00Z;709.2;709.2;709.2;709.2;5;
9ba367af-dfbd-4d9c-8730-4b1d5a47756e;2024-09-28T14:28:00Z;709.2;709.2;709.2;709.2;1;
9ba367af-dfbd-4d9c-8730-4b1d5a47756e;2024-09-28T14:29:00Z;709.2;709.2;709.2;709.2;30;
9ba367af-dfbd-4d9c-8730-4b1d5a47756e;2024-09-28T14:30:00Z;709.2;708.45;709.2;708.45;11;
9ba367af-dfbd-4d9c-8730-4b1d5a47756e;2024-09-28T14:31:00Z;708.5;708.5;708.5;708.5;1;
9ba367af-dfbd-4d9c-8730-4b1d5a47756e;2024-09-28T14:33:00Z;708.5;708.5;708.5;708.5;15;
9ba367af-dfbd-4d9c-8730-4b1d5a47756e;2024-09-28T14:34:00Z;709.2;709.2;709.2;709.2;1;
9ba367af-dfbd-4d9c-8730-4b1d5a47756e;2024-09-28T14:35:00Z;708.5;709.2;709.2;708.5;20;
9ba367af-dfbd-4d9c-8730-4b1d5a47756e;2024-09-28T14:36:00Z;709.2;709.2;709.2;709.2;5;
9ba367af-dfbd-4d9c-8730-4b1d5a47756e;2024-09-28T14:37:00Z;708.5;708.5;708.5;708.5;3;
9ba367af-dfbd-4d9c-8730-4b1d5a47756e;2024-09-28T14:38:00Z;709.2;708.5;709.2;708.5;3;
9ba367af-dfbd-4d9c-8730-4b1d5a47756e;2024-09-28T14:46:00Z;709.2;709.2;709.2;709.2;15;
9ba367af-dfbd-4d9c-8730-4b1d5a47756e;2024-09-28T14:49:00Z;709.2;709.2;709.2;709.2;1;
9ba367af-dfbd-4d9c-8730-4b1d5a47756e;2024-09-28T14:50:00Z;709.2;709.2;709.2;709.2;16;
9ba367af-dfbd-4d9c-8730-4b1d5a47756e;2024-09-28T14:54:00Z;709.2;709.2;709.2;709.2;10;
9ba367af-dfbd-4d9c-8730-4b1d5a47756e;2024-09-28T14:56:00Z;708.55;708.55;708.55;708.55;1;
9ba367af-dfbd-4d9c-8730-4b1d5a47756e;2024-09-28T14:58:00Z;709.2;709.2;709.2;709.2;1;
9ba367af-dfbd-4d9c-8730-4b1d5a47756e;2024-09-28T14:59:00Z;709.2;710;710;709.2;300;
9ba367af-dfbd-4d9c-8730-4b1d5a47756e;2024-09-28T15:01:00Z;708.55;708.55;708.55;708.55;1;
9ba367af-dfbd-4d9c-8730-4b1d5a47756e;2024-09-28T15:05:00Z;709.95;709.95;709.95;709.95;2;
9ba367af-dfbd-4d9c-8730-4b1d5a47756e;2024-09-28T15:08:00Z;709.95;710;710;709.95;60;
9ba367af-dfbd-4d9c-8730-4b1d5a47756e;2024-09-28T15:11:00Z;709.95;709.95;709.95;709.95;1;
9ba367af-dfbd-4d9c-8730-4b1d5a47756e;2024-09-28T15:13:00Z;708.7;708.65;708.7;708.65;15;
9ba367af-dfbd-4d9c-8730-4b1d5a47756e;2024-09-28T15:14:00Z;709.95;708.7;709.95;708.7;2;
9ba367af-dfbd-4d9c-8730-4b1d5a47756e;2024-09-28T15:21:00Z;708.65;708.6;708.65;708.6;70;
9ba367af-dfbd-4d9c-8730-4b1d5a47756e;2024-09-28T15:22:00Z;708.6;708.6;709.9;708.6;5;
9ba367af-dfbd-4d9c-8730-4b1d5a47756e;2024-09-28T15:23:00Z;709.85;709.85;709.85;709.85;60;
9ba367af-dfbd-4d9c-8730-4b1d5a47756e;2024-09-28T15:24:00Z;709.85;709.85;709.85;708.6;66;
9ba367af-dfbd-4d9c-8730-4b1d5a47756e;2024-09-28T15:25:00Z;709.8;709.8;709.8;709.8;2;
9ba367af-dfbd-4d9c-8730-4b1d5a47756e;2024-09-28T15:28:00Z;709.75;709.75;709.75;709.75;1;
9ba367af-dfbd-4d9c-8730-4b1d5a47756e;2024-09-28T15:30:00Z;708.65;708.65;708.65;708.65;11;
9ba367af-dfbd-4d9c-8730-4b1d5a47756e;2024-09-28T15:32:00Z;709.75;709.75;709.75;709.75;3;
9ba367af-dfbd-4d9c-8730-4b1d5a47756e;2024-09-28T15:35:00Z;709.75;709.75;709.75;709.75;3;
9ba367af-dfbd-4d9c-8730-4b1d5a47756e;2024-09-28T15:37:00Z;709.75;709.75;709.75;709.75;1;
9ba367af-dfbd-4d9c-8730-4b1d5a47756e;2024-09-28T15:38:00Z;709.8;709.8;709.8;709.8;6;
9ba367af-dfbd-4d9c-8730-4b1d5a47756e;2024-09-28T15:39:00Z;709.8;709.8;709.8;709.8;1;
9ba367af-dfbd-4d9c-8730-4b1d5a47756e;2024-09-28T15:41:00Z;709.5;709.85;709.85;708.75;5;
9ba367af-dfbd-4d9c-8730-4b1d5a47756e;2024-09-28T15:43:00Z;709.85;709.85;709.85;709.85;7;
9ba367af-dfbd-4d9c-8730-4b1d5a47756e;2024-09-28T15:47:00Z;709.75;709.8;709.8;709.75;2;
9ba367af-dfbd-4d9c-8730-4b1d5a47756e;2024-09-28T15:48:00Z;709.8;710;710;709.8;24;
9ba367af-dfbd-4d9c-8730-4b1d5a47756e;2024-09-28T15:49:00Z;710;708.65;710;708.65;4;
9ba367af-dfbd-4d9c-8730-4b1d5a47756e;2024-09-28T15:50:00Z;710;708.65;710;708.65;8;
9ba367af-dfbd-4d9c-8730-4b1d5a47756e;2024-09-28T15:52:00Z;710;710;710;710;3;
9ba367af-dfbd-4d9c-8730-4b1d5a47756e;2024-09-28T15:55:00Z;708.65;708.6;708.65;708.6;3;
9ba367af-dfbd-4d9c-8730-4b1d5a47756e;2024-09-28T15:59:00Z;709;709;709;709;2;
9ba367af-dfbd-4d9c-8730-4b1d5a47756e;2024-09-28T16:00:00Z;709;708.3;709;708.3;250;
9ba367af-dfbd-4d9c-8730-4b1d5a47756e;2024-09-28T16:01:00Z;708.3;708.3;708.3;708.3;24;
9ba367af-dfbd-4d9c-8730-4b1d5a47756e;2024-09-28T16:04:00Z;708.3;708.3;708.3;708.3;10;
9ba367af-dfbd-4d9c-8730-4b1d5a47756e;2024-09-28T16:05:00Z;708.3;708.3;708.3;708.3;10;
9ba367af-dfbd-4d9c-8730-4b1d5a47756e;2024-09-28T16:06:00Z;708.3;708.3;708.3;708.3;50;
9ba367af-dfbd-4d9c-8730-4b1d5a47756e;2024-09-28T16:08:00Z;708.25;708.25;708.25;708.25;20;
9ba367af-dfbd-4d9c-8730-4b1d5a47756e;2024-09-28T16:09:00Z;708.2;708.25;708.25;707.25;90;
9ba367af-dfbd-4d9c-8730-4b1d5a47756e;2024-09-28T16:10:00Z;708.25;708.25;708.25;708.25;1;
9ba367af-dfbd-4d9c-8730-4b1d5a47756e;2024-09-28T16:11:00Z;707.3;708.2;708.2;707.3;45;
9ba367af-dfbd-4d9c-8730-4b1d5a47756e;2024-09-28T16:13:00Z;708.2;708.2;708.2;708.2;1;
9ba367af-dfbd-4d9c-8730-4b1d5a47756e;2024-09-28T16:15:00Z;708.15;708.15;708.15;708.15;1;
9ba367af-dfbd-4d9c-8730-4b1d5a47756e;2024-09-28T16:17:00Z;707.3;707.3;707.3;707.3;1;
9ba367af-dfbd-4d9c-8730-4b1d5a47756e;2024-09-28T16:18:00Z;707.3;708.05;708.05;707.1;69;
9ba367af-dfbd-4d9c-8730-4b1d5a47756e;2024-09-28T16:23:00Z;708.05;707.1;708.05;707.1;90;
9ba367af-dfbd-4d9c-8730-4b1d5a47756e;2024-09-28T16:25:00Z;708.05;708.05;708.05;708.05;61;
9ba367af-dfbd-4d9c-8730-4b1d5a47756e;2024-09-28T16:27:00Z;708.05;708.05;708.05;708.05;43;
9ba367af-dfbd-4d9c-8730-4b1d5a47756e;2024-09-28T16:29:00Z;708.05;708.05;708.05;708.05;15;
9ba367af-dfbd-4d9c-8730-4b1d5a47756e;2024-09-28T16:30:00Z;707.1;707.05;707.1;707.05;143;
9ba367af-dfbd-4d9c-8730-4b1d5a47756e;2024-09-28T16:31:00Z;708.25;708.25;708.25;708.25;3;
9ba367af-dfbd-4d9c-8730-4b1d5a47756e;2024-09-28T16:33:00Z;707.1;707.1;707.1;707.1;2;
9ba367af-dfbd-4d9c-8730-4b1d5a47756e;2024-09-28T16:35:00Z;708.25;708.3;708.3;708.25;10;
9ba367af-dfbd-4d9c-8730-4b1d5a47756e;2024-09-28T16:37:00Z;707.1;707;707.1;707;3;
9ba367af-dfbd-4d9c-8730-4b1d5a47756e;2024-09-28T16:39:00Z;708.25;709.45;709.45;708.25;28;
9ba367af-dfbd-4d9c-8730-4b1d5a47756e;2024-09-28T16:41:00Z;709.4;709.4;709.4;709.4;20;
9ba367af-dfbd-4d9c-8730-4b1d5a47756e;2024-09-28T16:42:00Z;709;710.5;710.5;709;460;
9ba367af-dfbd-4d9c-8730-4b1d5a47756e;2024-09-28T16:43:00Z;710;709.75;710;709.75;11;
9ba367af-dfbd-4d9c-8730-4b1d5a47756e;2024-09-28T16:46:00Z;707.75;707.75;707.75;707.75;2;
9ba367af-dfbd-4d9c-8730-4b1d5a47756e;2024-09-28T16:47:00Z;708;708;708;708;1;
9ba367af-dfbd-4d9c-8730-4b1d5a47756e;2024-09-28T16:48:00Z;707.75;708;708;707.75;27;
9ba367af-dfbd-4d9c-8730-4b1d5a47756e;2024-09-28T16:49:00Z;708;708;708;708;1;
9ba367af-dfbd-4d9c-8730-4b1d5a47756e;2024-09-28T16:51:00Z;708.3;708.3;708.3;708.3;1;
9ba367af-dfbd-4d9c-8730-4b1d5a47756e;2024-09-28T16:52:00Z;708.3;708.3;708.3;708.3;7;
9ba367af-dfbd-4d9c-8730-4b1d5a47756e;2024-09-28T16:53:00Z;708;709.5;709.5;708;2;
9ba367af-dfbd-4d9c-8730-4b1d5a47756e;2024-09-28T16:54:00Z;709.5;709.5;709.5;709.5;1;
9ba367af-dfbd-4d9c-8730-4b1d5a47756e;2024-09-28T16:56:00Z;709;709;709;709;1;
9ba367af-dfbd-4d9c-8730-4b1d5a47756e;2024-09-28T16:58:00Z;707.85;707.85;707.85;707.85;2;
9ba367af-dfbd-4d9c-8730-4b1d5a47756e;2024-09-28T17:00:00Z;708.85;709;709;708.85;14;
9ba367af-dfbd-4d9c-8730-4b1d5a47756e;2024-09-28T17:02:00Z;709;709;709;709;31;
9ba367af-dfbd-4d9c-8730-4b1d5a47756e;2024-09-28T17:03:00Z;709;709;709;709;1;
9ba367af-dfbd-4d9c-8730-4b1d5a47756e;2024-09-28T17:09:00Z;708.2;708.2;708.2;708.2;30;
9ba367af-dfbd-4d9c-8730-4b1d5a47756e;2024-09-28T17:11:00Z;708.5;707.8;708.5;707.8;3;
9ba367af-dfbd-4d9c-8730-4b1d5a47756e;2024-09-28T17:20:00Z;708.95;708.95;708.95;708.95;2;
9ba367af-dfbd-4d9c-8730-4b1d5a47756e;2024-09-28T17:21:00Z;708.95;708.95;708.95;708.95;5;
9ba367af-dfbd-4d9c-8730-4b1d5a47756e;2024-09-28T17:22:00Z;707.5;707.25;707.5;707.25;42;
9ba367af-dfbd-4d9c-8730-4b1d5a47756e;2024-09-28T17:25:00Z;708.95;709;709;708.95;11;
9ba367af-dfbd-4d9c-8730-4b1d5a47756e;2024-09-28T17:26:00Z;707.4;708.95;708.95;707.25;19;
9ba367af-dfbd-4d9c-8730-4b1d5a47756e;2024-09-28T17:29:00Z;708.85;708.85;708.85;708.85;2;
9ba367af-dfbd-4d9c-8730-4b1d5a47756e;2024-09-28T17:32:00Z;708.85;707.3;708.85;707.3;5;
9ba367af-dfbd-4d9c-8730-4b1d5a47756e;2024-09-28T17:33:00Z;708.7;707.35;708.85;707.35;9;
9ba367af-dfbd-4d9c-8730-4b1d5a47756e;2024-09-28T17:35:00Z;708;708;708;708;15;
9ba367af-dfbd-4d9c-8730-4b1d5a47756e;2024-09-28T17:38:00Z;707.95;707.95;707.95;707.95;19;
9ba367af-dfbd-4d9c-8730-4b1d5a47756e;2024-09-28T17:44:00Z;707.95;707.95;707.95;707.95;6;
9ba367af-dfbd-4d9c-8730-4b1d5a47756e;2024-09-28T17:45:00Z;707.35;707.95;707.95;707.35;16;
9ba367af-dfbd-4d9c-8730-4b1d5a47756e;2024-09-28T17:47:00Z;707.35;707.35;707.35;707.35;1;
9ba367af-dfbd-4d9c-8730-4b1d5a47756e;2024-09-28T17:48:00Z;707.95;708;708;707.95;12;
9ba367af-dfbd-4d9c-8730-4b1d5a47756e;2024-09-28T17:49:00Z;708;707.35;708;707.35;26;
9ba367af-dfbd-4d9c-8730-4b1d5a47756e;2024-09-28T17:53:00Z;708;707.45;708;707.45;2;
9ba367af-dfbd-4d9c-8730-4b1d5a47756e;2024-09-28T17:54:00Z;708;708;708;708;1;
9ba367af-dfbd-4d9c-8730-4b1d5a47756e;2024-09-28T17:55:00Z;707.45;707.45;707.45;707.45;3;
9ba367af-dfbd-4d9c-8730-4b1d5a47756e;2024-09-28T17:56:00Z;707.45;707.45;707.45;707.45;1;
9ba367af-dfbd-4d9c-8730-4b1d5a47756e;2024-09-28T17:57:00Z;707.45;707.45;707.45;707.45;1;
9ba367af-dfbd-4d9c-8730-4b1d5a47756e;2024-09-28T17:59:00Z;707.45;707.35;707.45;707.35;58;
9ba367af-dfbd-4d9c-8730-4b1d5a47756e;2024-09-28T18:00:00Z;708;708;708;708;5;
9ba367af-dfbd-4d9c-8730-4b1d5a47756e;2024-09-28T18:01:00Z;708;708;708;708;10;
9ba367af-dfbd-4d9c-8730-4b1d5a47756e;2024-09-28T18:05:00Z;708.7;708.7;708.7;708.7;2;
9ba367af-dfbd-4d9c-8730-4b1d5a47756e;2024-09-28T18:06:00Z;708.05;708.05;708.05;708.05;5;
9ba367af-dfbd-4d9c-8730-4b1d5a47756e;2024-09-28T18:08:00Z;708.7;708.1;708.7;708.1;2;
9ba367af-dfbd-4d9c-8730-4b1d5a47756e;2024-09-28T18:11:00Z;708.1;708.7;708.7;708.1;6;
9ba367af-dfbd-4d9c-8730-4b1d5a47756e;2024-09-28T18:12:00Z;708.7;708.7;708.7;708.7;2;
9ba367af-dfbd-4d9c-8730-4b1d5a47756e;2024-09-28T18:13:00Z;708.75;710.9;710.9;708.75;1000;
9ba367af-dfbd-4d9c-8730-4b1d5a47756e;2024-09-28T18:15:00Z;710.85;710.85;710.85;710.85;1;
9ba367af-dfbd-4d9c-8730-4b1d5a47756e;2024-09-28T18:21:00Z;708.85;708.85;708.85;708.85;2;
9ba367af-dfbd-4d9c-8730-4b1d5a47756e;2024-09-28T18:23:00Z;710.7;710.7;710.7;710.7;2;
9ba367af-dfbd-4d9c-8730-4b1d5a47756e;2024-09-28T18:24:00Z;710;710;710;710;3;
9ba367af-dfbd-4d9c-8730-4b1d5a47756e;2024-09-28T18:26:00Z;709.5;709.5;709.5;709.5;4;
9ba367af-dfbd-4d9c-8730-4b1d5a47756e;2024-09-28T18:29:00Z;709.5;709.5;709.5;709.5;4;
9ba367af-dfbd-4d9c-8730-4b1d5a47756e;2024-09-28T18:31:00Z;709.5;709.5;709.5;709.5;7;
9ba367af-dfbd-4d9c-8730-4b1d5a47756e;2024-09-28T18:32:00Z;709.5;709.5;709.5;709.5;2;
9ba367af-dfbd-4d9c-8730-4b1d5a47756e;2024-09-28T18:33:00Z;710.65;710.65;710.65;710.65;1;
9ba367af-dfbd-4d9c-8730-4b1d5a47756e;2024-09-28T18:34:00Z;710.65;710.85;710.85;710.65;9;
9ba367af-dfbd-4d9c-8730-4b1d5a47756e;2024-09-28T18:38:00Z;710.85;710.85;710.85;710.85;1;
9ba367af-dfbd-4d9c-8730-4b1d5a47756e;2024-09-28T18:45:00Z;709.95;709.95;709.95;709.95;4;
9ba367af-dfbd-4d9c-8730-4b1d5a47756e;2024-09-28T18:46:00Z;709.95;709.95;709.95;709.95;1;
9ba367af-dfbd-4d9c-8730-4b1d5a47756e;2024-09-28T18:48:00Z;709.95;709.95;709.95;709.95;1;
9ba367af-dfbd-4d9c-8730-4b1d5a47756e;2024-09-28T18:49:00Z;709.95;709.95;709.95;709.95;1;
9ba367af-dfbd-4d9c-8730-4b1d5a47756e;2024-09-28T18:50:00Z;709.95;709.95;709.95;709.95;5;
9ba367af-dfbd-4d9c-8730-4b1d5a47756e;2024-09-28T18:52:00Z;709.95;709.95;709.95;709.9;221;
9ba367af-dfbd-4d9c-8730-4b1d5a47756e;2024-09-28T18:53:00Z;709.9;709.9;709.9;709.9;1;
9ba367af-dfbd-4d9c-8730-4b1d5a47756e;2024-09-28T18:54:00Z;709.9;709;709.9;709;142;
9ba367af-dfbd-4d9c-8730-4b1d5a47756e;2024-09-28T18:55:00Z;709;709;709;709;95;
9ba367af-dfbd-4d9c-8730-4b1d5a47756e;2024-09-28T19:05:00Z;709.85;709.85;709.85;709.85;3;
9ba367af-dfbd-4d9c-8730-4b1d5a47756e;2024-09-28T19:06:00Z;709.85;709.9;709.9;709.85;17;
9ba367af-dfbd-4d9c-8730-4b1d5a47756e;2024-09-28T19:09:00Z;709.2;709.2;709.2;709.2;1;
9ba367af-dfbd-4d9c-8730-4b1d5a47756e;2024-09-28T19:10:00Z;709.2;709.2;709.2;709.2;100;
9ba367af-dfbd-4d9c-8730-4b1d5a47756e;2024-09-28T19:11:00Z;709.9;709.9;709.9;709.9;4;
9ba367af-dfbd-4d9c-8730-4b1d5a47756e;2024-09-28T19:15:00Z;709.25;709.25;709.25;709.25;2;
9ba367af-dfbd-4d9c-8730-4b1d5a47756e;2024-09-28T19:16:00Z;709.9;709.9;709.9;709.9;7;
9ba367af-dfbd-4d9c-8730-4b1d5a47756e;2024-09-28T19:17:00Z;709.9;709.9;709.9;709.9;1;
9ba367af-dfbd-4d9c-8730-4b1d5a47756e;2024-09-28T19:20:00Z;709.9;709.9;709.9;709.9;31;
9ba367af-dfbd-4d9c-8730-4b1d5a47756e;2024-09-28T19:21:00Z;709.9;709.9;709.9;709.9;30;
9ba367af-dfbd-4d9c-8730-4b1d5a47756e;2024-09-28T19:22:00Z;709.95;709.95;709.95;709.95;2;
9ba367af-dfbd-4d9c-8730-4b1d5a47756e;2024-09-28T19:23:00Z;709.35;709.35;709.35;709.35;75;
9ba367af-dfbd-4d9c-8730-4b1d5a47756e;2024-09-28T19:24:00Z;709.35;709.35;709.35;709.35;1;
9ba367af-dfbd-4d9c-8730-4b1d5a47756e;2024-09-28T19:25:00Z;709.35;709.2;709.35;709.2;205;
9ba367af-dfbd-4d9c-8730-4b1d5a47756e;2024-09-28T19:29:00Z;709.9;709.9;709.9;709.9;4;
9ba367af-dfbd-4d9c-8730-4b1d5a47756e;2024-09-28T19:31:00Z;709.9;709.9;709.9;709.9;3;
9ba367af-dfbd-4d9c-8730-4b1d5a47756e;2024-09-28T19:33:00Z;709.9;709.9;709.9;709.9;10;
9ba367af-dfbd-4d9c-8730-4b1d5a47756e;2024-09-28T19:37:00Z;709.3;709.3;709.3;709.3;40;
9ba367af-dfbd-4d9c-8730-4b1d5a47756e;2024-09-28T19:38:00Z;709.2;709;709.2;709;84;
9ba367af-dfbd-4d9c-8730-4b1d5a47756e;2024-09-28T19:39:00Z;709.05;709.9;709.9;709.05;72;
9ba367af-dfbd-4d9c-8730-4b1d5a47756e;2024-09-28T19:40:00Z;709.9;709.9;709.9;709.9;1;
9ba367af-dfbd-4d9c-8730-4b1d5a47756e;2024-09-28T19:41:00Z;709.85;709.85;709.85;709.85;1;
9ba367af-dfbd-4d9c-8730-4b1d5a47756e;2024-09-28T19:42:00Z;709.85;709.85;709.85;709.85;6;
9ba367af-dfbd-4d9c-8730-4b1d5a47756e;2024-09-28T19:43:00Z;709.3;709.25;709.3;709.25;60;
9ba367af-dfbd-4d9c-8730-4b1d5a47756e;2024-09-28T19:44:00Z;709.25;709.2;709.25;709.2;100;
9ba367af-dfbd-4d9c-8730-4b1d5a47756e;2024-09-28T19:49:00Z;709.9;709.9;709.9;709.9;1;
9ba367af-dfbd-4d9c-8730-4b1d5a47756e;2024-09-28T19:52:00Z;709.9;709.9;709.9;709.9;131;
9ba367af-dfbd-4d9c-8730-4b1d5a47756e;2024-09-28T19:55:00Z;709.2;709.2;709.2;709.2;15;
9ba367af-dfbd-4d9c-8730-4b1d5a47756e;2024-09-28T19:56:00Z;709.2;709.2;709.2;709.2;100;
9ba367af-dfbd-4d9c-8730-4b1d5a47756e;2024-09-28T19:59:00Z;709;709;709;709;2;
9ba367af-dfbd-4d9c-8730-4b1d5a47756e;2024-09-28T20:07:00Z;709.9;709.9;709.9;709.9;20;
9ba367af-dfbd-4d9c-8730-4b1d5a47756e;2024-09-28T20:08:00Z;709.9;709.9;709.9;709.9;11;
9ba367af-dfbd-4d9c-8730-4b1d5a47756e;2024-09-28T20:17:00Z;709.95;709.95;709.95;709.95;1;
9ba367af-dfbd-4d9c-8730-4b1d5a47756e;2024-09-28T20:23:00Z;709.05;709;709.05;709;38;
9ba367af-dfbd-4d9c-8730-4b1d5a47756e;2024-09-28T20:26:00Z;709.1;709.1;709.1;709.1;1;
9ba367af-dfbd-4d9c-8730-4b1d5a47756e;2024-09-28T20:28:00Z;709.9;709.9;709.9;709.9;1;
9ba367af-dfbd-4d9c-8730-4b1d5a47756e;2024-09-28T20:29:00Z;709.9;709.95;709.95;709.9;11;
9ba367af-dfbd-4d9c-8730-4b1d5a47756e;2024-09-28T20:33:00Z;709.95;709.95;709.95;709.95;2;
9ba367af-dfbd-4d9c-8730-4b1d5a47756e;2024-09-28T20:34:00Z;709.95;709.95;709.95;709.95;65;
9ba367af-dfbd-4d9c-8730-4b1d5a47756e;2024-09-28T20:36:00Z;709.95;709.95;709.95;709.95;10;
9ba367af-dfbd-4d9c-8730-4b1d5a47756e;2024-09-28T20:39:00Z;709.95;709.2;709.95;709.2;5;
9ba367af-dfbd-4d9c-8730-4b1d5a47756e;2024-09-28T20:40:00Z;709.2;709.95;709.95;709;110;
9ba367af-dfbd-4d9c-8730-4b1d5a47756e;2024-09-28T20:42:00Z;709.95;709.95;709.95;709.95;1;
9ba367af-dfbd-4d9c-8730-4b1d5a47756e;2024-09-28T20:43:00Z;709.95;709.95;709.95;709.95;1;
9ba367af-dfbd-4d9c-8730-4b1d5a47756e;2024-09-28T20:47:00Z;709.95;709.95;709.95;709.95;2;
