9978b56f-782a-4a80-a4b1-a48cbecfd194;2024-02-14T06:59:00Z;6964;6964;6964;6964;166;
9978b56f-782a-4a80-a4b1-a48cbecfd194;2024-02-14T07:00:00Z;6964;6978;6988;6953;1516;
9978b56f-782a-4a80-a4b1-a48cbecfd194;2024-02-14T07:01:00Z;6978;6980;6983;6971;308;
9978b56f-782a-4a80-a4b1-a48cbecfd194;2024-02-14T07:02:00Z;6982;6983;6983;6981;339;
9978b56f-782a-4a80-a4b1-a48cbecfd194;2024-02-14T07:03:00Z;6983;6974;6983;6970;709;
9978b56f-782a-4a80-a4b1-a48cbecfd194;2024-02-14T07:04:00Z;6972;6971;6974;6969;210;
9978b56f-782a-4a80-a4b1-a48cbecfd194;2024-02-14T07:05:00Z;6972;6979;6980;6972;167;
9978b56f-782a-4a80-a4b1-a48cbecfd194;2024-02-14T07:06:00Z;6978;6979;6980;6976;81;
9978b56f-782a-4a80-a4b1-a48cbecfd194;2024-02-14T07:07:00Z;6980;6980;6980;6979;380;
9978b56f-782a-4a80-a4b1-a48cbecfd194;2024-02-14T07:08:00Z;6979;6969;6980;6969;1570;
9978b56f-782a-4a80-a4b1-a48cbecfd194;2024-02-14T07:09:00Z;6972;6972;6977;6969;729;
9978b56f-782a-4a80-a4b1-a48cbecfd194;2024-02-14T07:10:00Z;6969;6971;6975;6969;153;
9978b56f-782a-4a80-a4b1-a48cbecfd194;2024-02-14T07:11:00Z;6971;6969;6976;6969;178;
9978b56f-782a-4a80-a4b1-a48cbecfd194;2024-02-14T07:12:00Z;6969;6973;6973;6969;137;
9978b56f-782a-4a80-a4b1-a48cbecfd194;2024-02-14T07:13:00Z;6973;6972;6975;6972;139;
9978b56f-782a-4a80-a4b1-a48cbecfd194;2024-02-14T07:14:00Z;6973;6972;6974;6968;141;
9978b56f-782a-4a80-a4b1-a48cbecfd194;2024-02-14T07:15:00Z;6970;6964;6970;6960;319;
9978b56f-782a-4a80-a4b1-a48cbecfd194;2024-02-14T07:16:00Z;6961;6966;6970;6957;696;
9978b56f-782a-4a80-a4b1-a48cbecfd194;2024-02-14T07:17:00Z;6966;6969;6969;6965;10;
9978b56f-782a-4a80-a4b1-a48cbecfd194;2024-02-14T07:18:00Z;6966;6971;6975;6966;124;
9978b56f-782a-4a80-a4b1-a48cbecfd194;2024-02-14T07:19:00Z;6971;6979;6980;6970;468;
9978b56f-782a-4a80-a4b1-a48cbecfd194;2024-02-14T07:20:00Z;6978;6978;6978;6975;9;
9978b56f-782a-4a80-a4b1-a48cbecfd194;2024-02-14T07:21:00Z;6978;6978;6979;6977;50;
9978b56f-782a-4a80-a4b1-a48cbecfd194;2024-02-14T07:22:00Z;6977;6972;6985;6972;1561;
9978b56f-782a-4a80-a4b1-a48cbecfd194;2024-02-14T07:23:00Z;6980;6972;6980;6972;55;
9978b56f-782a-4a80-a4b1-a48cbecfd194;2024-02-14T07:24:00Z;6973;6974;6975;6971;38;
9978b56f-782a-4a80-a4b1-a48cbecfd194;2024-02-14T07:25:00Z;6972;6981;6985;6971;195;
9978b56f-782a-4a80-a4b1-a48cbecfd194;2024-02-14T07:26:00Z;6981;6983;6983;6975;197;
9978b56f-782a-4a80-a4b1-a48cbecfd194;2024-02-14T07:27:00Z;6983;6983;6984;6980;151;
9978b56f-782a-4a80-a4b1-a48cbecfd194;2024-02-14T07:28:00Z;6983;6985;6985;6982;197;
9978b56f-782a-4a80-a4b1-a48cbecfd194;2024-02-14T07:29:00Z;6983;6984;6985;6983;144;
9978b56f-782a-4a80-a4b1-a48cbecfd194;2024-02-14T07:30:00Z;6983;6985;6987;6983;405;
9978b56f-782a-4a80-a4b1-a48cbecfd194;2024-02-14T07:31:00Z;6985;6981;6990;6974;1465;
9978b56f-782a-4a80-a4b1-a48cbecfd194;2024-02-14T07:32:00Z;6978;6989;6990;6978;452;
9978b56f-782a-4a80-a4b1-a48cbecfd194;2024-02-14T07:33:00Z;6990;7012;7019;6988;6124;
9978b56f-782a-4a80-a4b1-a48cbecfd194;2024-02-14T07:34:00Z;7013;7021;7026;7007;1114;
9978b56f-782a-4a80-a4b1-a48cbecfd194;2024-02-14T07:35:00Z;7025;7020;7026;7016;1080;
9978b56f-782a-4a80-a4b1-a48cbecfd194;2024-02-14T08:35:00Z;7019;7014;7020;7014;1776;
9978b56f-782a-4a80-a4b1-a48cbecfd194;2024-02-14T08:36:00Z;7014;6998;7015;6994;1909;
9978b56f-782a-4a80-a4b1-a48cbecfd194;2024-02-14T08:37:00Z;6998;7000;7007;6994;420;
9978b56f-782a-4a80-a4b1-a48cbecfd194;2024-02-14T08:38:00Z;7001;7012;7012;7000;942;
9978b56f-782a-4a80-a4b1-a48cbecfd194;2024-02-14T08:39:00Z;7010;7003;7011;7002;202;
9978b56f-782a-4a80-a4b1-a48cbecfd194;2024-02-14T08:40:00Z;7003;6999;7005;6994;1358;
9978b56f-782a-4a80-a4b1-a48cbecfd194;2024-02-14T08:41:00Z;6995;7000;7000;6994;417;
9978b56f-782a-4a80-a4b1-a48cbecfd194;2024-02-14T08:42:00Z;6999;7009;7009;6999;313;
9978b56f-782a-4a80-a4b1-a48cbecfd194;2024-02-14T08:43:00Z;7009;7010;7010;7007;234;
9978b56f-782a-4a80-a4b1-a48cbecfd194;2024-02-14T08:44:00Z;7010;7020;7029;7010;1367;
9978b56f-782a-4a80-a4b1-a48cbecfd194;2024-02-14T08:45:00Z;7021;7018;7024;7018;392;
9978b56f-782a-4a80-a4b1-a48cbecfd194;2024-02-14T08:46:00Z;7018;7018;7021;7018;200;
9978b56f-782a-4a80-a4b1-a48cbecfd194;2024-02-14T08:47:00Z;7018;7020;7025;7018;375;
9978b56f-782a-4a80-a4b1-a48cbecfd194;2024-02-14T08:48:00Z;7020;7019;7022;7018;364;
9978b56f-782a-4a80-a4b1-a48cbecfd194;2024-02-14T08:49:00Z;7019;7016;7021;7014;465;
9978b56f-782a-4a80-a4b1-a48cbecfd194;2024-02-14T08:50:00Z;7018;7012;7019;7012;84;
9978b56f-782a-4a80-a4b1-a48cbecfd194;2024-02-14T08:51:00Z;7013;7012;7015;7011;96;
9978b56f-782a-4a80-a4b1-a48cbecfd194;2024-02-14T08:52:00Z;7011;7012;7013;7011;66;
9978b56f-782a-4a80-a4b1-a48cbecfd194;2024-02-14T08:53:00Z;7011;7018;7020;7011;227;
9978b56f-782a-4a80-a4b1-a48cbecfd194;2024-02-14T08:54:00Z;7015;7017;7019;7014;150;
9978b56f-782a-4a80-a4b1-a48cbecfd194;2024-02-14T08:55:00Z;7017;7017;7018;7016;131;
9978b56f-782a-4a80-a4b1-a48cbecfd194;2024-02-14T08:56:00Z;7017;7017;7018;7016;77;
9978b56f-782a-4a80-a4b1-a48cbecfd194;2024-02-14T08:57:00Z;7016;7017;7019;7016;195;
9978b56f-782a-4a80-a4b1-a48cbecfd194;2024-02-14T08:58:00Z;7017;7019;7021;7016;498;
9978b56f-782a-4a80-a4b1-a48cbecfd194;2024-02-14T08:59:00Z;7020;7022;7023;7018;72;
9978b56f-782a-4a80-a4b1-a48cbecfd194;2024-02-14T09:00:00Z;7022;7019;7023;7019;123;
9978b56f-782a-4a80-a4b1-a48cbecfd194;2024-02-14T09:01:00Z;7019;7021;7021;7019;68;
9978b56f-782a-4a80-a4b1-a48cbecfd194;2024-02-14T09:02:00Z;7019;7023;7025;7019;296;
9978b56f-782a-4a80-a4b1-a48cbecfd194;2024-02-14T09:03:00Z;7023;7023;7025;7023;240;
9978b56f-782a-4a80-a4b1-a48cbecfd194;2024-02-14T09:04:00Z;7024;7023;7026;7023;624;
9978b56f-782a-4a80-a4b1-a48cbecfd194;2024-02-14T09:05:00Z;7024;7023;7028;7023;405;
9978b56f-782a-4a80-a4b1-a48cbecfd194;2024-02-14T09:06:00Z;7024;7018;7024;7018;491;
9978b56f-782a-4a80-a4b1-a48cbecfd194;2024-02-14T09:07:00Z;7018;7019;7020;7018;98;
9978b56f-782a-4a80-a4b1-a48cbecfd194;2024-02-14T09:08:00Z;7019;7024;7025;7019;396;
9978b56f-782a-4a80-a4b1-a48cbecfd194;2024-02-14T09:09:00Z;7022;7022;7022;7019;72;
9978b56f-782a-4a80-a4b1-a48cbecfd194;2024-02-14T09:10:00Z;7020;7018;7022;7018;456;
9978b56f-782a-4a80-a4b1-a48cbecfd194;2024-02-14T09:11:00Z;7019;7015;7019;7015;135;
9978b56f-782a-4a80-a4b1-a48cbecfd194;2024-02-14T09:12:00Z;7016;7020;7020;7015;257;
9978b56f-782a-4a80-a4b1-a48cbecfd194;2024-02-14T09:13:00Z;7016;7011;7018;7011;117;
9978b56f-782a-4a80-a4b1-a48cbecfd194;2024-02-14T09:14:00Z;7011;7011;7013;7007;626;
9978b56f-782a-4a80-a4b1-a48cbecfd194;2024-02-14T09:15:00Z;7012;7010;7015;7010;104;
9978b56f-782a-4a80-a4b1-a48cbecfd194;2024-02-14T09:16:00Z;7013;7013;7015;7009;149;
9978b56f-782a-4a80-a4b1-a48cbecfd194;2024-02-14T09:17:00Z;7016;7013;7017;7012;76;
9978b56f-782a-4a80-a4b1-a48cbecfd194;2024-02-14T09:18:00Z;7013;7013;7015;7010;112;
9978b56f-782a-4a80-a4b1-a48cbecfd194;2024-02-14T09:19:00Z;7015;7012;7017;7010;209;
9978b56f-782a-4a80-a4b1-a48cbecfd194;2024-02-14T09:20:00Z;7011;7011;7011;7009;32;
9978b56f-782a-4a80-a4b1-a48cbecfd194;2024-02-14T09:21:00Z;7010;7009;7011;7008;154;
9978b56f-782a-4a80-a4b1-a48cbecfd194;2024-02-14T09:22:00Z;7009;6988;7009;6985;2774;
9978b56f-782a-4a80-a4b1-a48cbecfd194;2024-02-14T09:23:00Z;6989;6992;6993;6989;328;
9978b56f-782a-4a80-a4b1-a48cbecfd194;2024-02-14T09:24:00Z;6993;6992;6997;6991;520;
9978b56f-782a-4a80-a4b1-a48cbecfd194;2024-02-14T09:25:00Z;6991;6987;6992;6983;167;
9978b56f-782a-4a80-a4b1-a48cbecfd194;2024-02-14T09:26:00Z;6986;6987;6988;6986;75;
9978b56f-782a-4a80-a4b1-a48cbecfd194;2024-02-14T09:27:00Z;6987;6986;6989;6984;275;
9978b56f-782a-4a80-a4b1-a48cbecfd194;2024-02-14T09:28:00Z;6984;6983;6984;6978;425;
9978b56f-782a-4a80-a4b1-a48cbecfd194;2024-02-14T09:29:00Z;6983;6981;6983;6980;36;
9978b56f-782a-4a80-a4b1-a48cbecfd194;2024-02-14T09:30:00Z;6981;6986;6989;6981;120;
9978b56f-782a-4a80-a4b1-a48cbecfd194;2024-02-14T09:31:00Z;6987;6983;6989;6981;58;
9978b56f-782a-4a80-a4b1-a48cbecfd194;2024-02-14T09:32:00Z;6983;6980;6983;6980;78;
9978b56f-782a-4a80-a4b1-a48cbecfd194;2024-02-14T09:33:00Z;6980;6978;6981;6978;436;
9978b56f-782a-4a80-a4b1-a48cbecfd194;2024-02-14T09:34:00Z;6978;6982;6985;6978;97;
9978b56f-782a-4a80-a4b1-a48cbecfd194;2024-02-14T09:35:00Z;6980;6980;6984;6979;88;
9978b56f-782a-4a80-a4b1-a48cbecfd194;2024-02-14T09:36:00Z;6981;6980;6981;6980;29;
9978b56f-782a-4a80-a4b1-a48cbecfd194;2024-02-14T09:37:00Z;6982;6981;6982;6978;39;
9978b56f-782a-4a80-a4b1-a48cbecfd194;2024-02-14T09:38:00Z;6978;6975;6981;6972;203;
9978b56f-782a-4a80-a4b1-a48cbecfd194;2024-02-14T09:39:00Z;6974;6973;6976;6972;83;
9978b56f-782a-4a80-a4b1-a48cbecfd194;2024-02-14T09:40:00Z;6972;6972;6978;6972;53;
9978b56f-782a-4a80-a4b1-a48cbecfd194;2024-02-14T09:41:00Z;6974;6976;6977;6972;44;
9978b56f-782a-4a80-a4b1-a48cbecfd194;2024-02-14T09:42:00Z;6978;6978;6978;6975;38;
9978b56f-782a-4a80-a4b1-a48cbecfd194;2024-02-14T09:43:00Z;6975;6977;6979;6975;49;
9978b56f-782a-4a80-a4b1-a48cbecfd194;2024-02-14T09:44:00Z;6976;6972;6976;6972;36;
9978b56f-782a-4a80-a4b1-a48cbecfd194;2024-02-14T09:45:00Z;6972;6971;6972;6970;173;
9978b56f-782a-4a80-a4b1-a48cbecfd194;2024-02-14T09:46:00Z;6971;6971;6975;6971;45;
9978b56f-782a-4a80-a4b1-a48cbecfd194;2024-02-14T09:47:00Z;6971;6971;6973;6971;31;
9978b56f-782a-4a80-a4b1-a48cbecfd194;2024-02-14T09:48:00Z;6971;6979;6986;6971;265;
9978b56f-782a-4a80-a4b1-a48cbecfd194;2024-02-14T09:49:00Z;6982;6977;6982;6975;37;
9978b56f-782a-4a80-a4b1-a48cbecfd194;2024-02-14T09:50:00Z;6976;6973;6976;6973;27;
9978b56f-782a-4a80-a4b1-a48cbecfd194;2024-02-14T09:51:00Z;6973;6981;6981;6972;158;
9978b56f-782a-4a80-a4b1-a48cbecfd194;2024-02-14T09:52:00Z;6981;6983;6985;6980;140;
9978b56f-782a-4a80-a4b1-a48cbecfd194;2024-02-14T09:53:00Z;6985;6989;6990;6982;303;
9978b56f-782a-4a80-a4b1-a48cbecfd194;2024-02-14T09:54:00Z;6988;6990;6992;6987;256;
9978b56f-782a-4a80-a4b1-a48cbecfd194;2024-02-14T09:55:00Z;6990;6989;6991;6988;113;
9978b56f-782a-4a80-a4b1-a48cbecfd194;2024-02-14T09:56:00Z;6988;6983;6993;6983;189;
9978b56f-782a-4a80-a4b1-a48cbecfd194;2024-02-14T09:57:00Z;6983;6991;6991;6982;216;
9978b56f-782a-4a80-a4b1-a48cbecfd194;2024-02-14T09:58:00Z;6991;6990;6991;6990;25;
9978b56f-782a-4a80-a4b1-a48cbecfd194;2024-02-14T09:59:00Z;6990;6979;6991;6979;563;
9978b56f-782a-4a80-a4b1-a48cbecfd194;2024-02-14T10:00:00Z;6982;6979;6983;6979;51;
9978b56f-782a-4a80-a4b1-a48cbecfd194;2024-02-14T10:01:00Z;6979;6982;6989;6979;225;
9978b56f-782a-4a80-a4b1-a48cbecfd194;2024-02-14T10:02:00Z;6983;6984;6987;6981;51;
9978b56f-782a-4a80-a4b1-a48cbecfd194;2024-02-14T10:03:00Z;6985;6983;6987;6979;243;
9978b56f-782a-4a80-a4b1-a48cbecfd194;2024-02-14T10:04:00Z;6980;6979;6981;6979;44;
9978b56f-782a-4a80-a4b1-a48cbecfd194;2024-02-14T10:05:00Z;6980;6980;6980;6979;52;
9978b56f-782a-4a80-a4b1-a48cbecfd194;2024-02-14T10:06:00Z;6980;6981;6981;6979;39;
9978b56f-782a-4a80-a4b1-a48cbecfd194;2024-02-14T10:07:00Z;6979;6979;6981;6979;287;
9978b56f-782a-4a80-a4b1-a48cbecfd194;2024-02-14T10:08:00Z;6979;6979;6980;6979;57;
9978b56f-782a-4a80-a4b1-a48cbecfd194;2024-02-14T10:09:00Z;6979;6975;6980;6975;77;
9978b56f-782a-4a80-a4b1-a48cbecfd194;2024-02-14T10:10:00Z;6975;6975;6976;6975;38;
9978b56f-782a-4a80-a4b1-a48cbecfd194;2024-02-14T10:11:00Z;6975;6972;6975;6971;92;
9978b56f-782a-4a80-a4b1-a48cbecfd194;2024-02-14T10:12:00Z;6972;6971;6973;6971;63;
9978b56f-782a-4a80-a4b1-a48cbecfd194;2024-02-14T10:13:00Z;6971;6970;6971;6970;72;
9978b56f-782a-4a80-a4b1-a48cbecfd194;2024-02-14T10:14:00Z;6970;6972;6972;6970;33;
9978b56f-782a-4a80-a4b1-a48cbecfd194;2024-02-14T10:15:00Z;6972;6988;6994;6970;1192;
9978b56f-782a-4a80-a4b1-a48cbecfd194;2024-02-14T10:16:00Z;6984;6986;6987;6984;31;
9978b56f-782a-4a80-a4b1-a48cbecfd194;2024-02-14T10:17:00Z;6986;6985;6989;6985;42;
9978b56f-782a-4a80-a4b1-a48cbecfd194;2024-02-14T10:18:00Z;6984;6984;6987;6984;54;
9978b56f-782a-4a80-a4b1-a48cbecfd194;2024-02-14T10:19:00Z;6984;6984;6985;6984;22;
9978b56f-782a-4a80-a4b1-a48cbecfd194;2024-02-14T10:20:00Z;6984;6985;6985;6984;43;
9978b56f-782a-4a80-a4b1-a48cbecfd194;2024-02-14T10:21:00Z;6984;6984;6985;6984;79;
9978b56f-782a-4a80-a4b1-a48cbecfd194;2024-02-14T10:22:00Z;6984;6983;6985;6980;50;
9978b56f-782a-4a80-a4b1-a48cbecfd194;2024-02-14T10:23:00Z;6984;6982;6985;6980;71;
9978b56f-782a-4a80-a4b1-a48cbecfd194;2024-02-14T10:24:00Z;6985;6987;6988;6984;80;
9978b56f-782a-4a80-a4b1-a48cbecfd194;2024-02-14T10:25:00Z;6987;6986;6989;6984;124;
9978b56f-782a-4a80-a4b1-a48cbecfd194;2024-02-14T10:26:00Z;6986;6985;6989;6985;80;
9978b56f-782a-4a80-a4b1-a48cbecfd194;2024-02-14T10:27:00Z;6986;6984;6991;6984;82;
9978b56f-782a-4a80-a4b1-a48cbecfd194;2024-02-14T10:28:00Z;6983;6982;6984;6982;30;
9978b56f-782a-4a80-a4b1-a48cbecfd194;2024-02-14T10:29:00Z;6982;6980;6982;6970;561;
9978b56f-782a-4a80-a4b1-a48cbecfd194;2024-02-14T10:30:00Z;6976;6977;6979;6974;82;
9978b56f-782a-4a80-a4b1-a48cbecfd194;2024-02-14T10:31:00Z;6977;6976;6977;6974;63;
9978b56f-782a-4a80-a4b1-a48cbecfd194;2024-02-14T10:32:00Z;6975;6978;6979;6973;59;
9978b56f-782a-4a80-a4b1-a48cbecfd194;2024-02-14T10:33:00Z;6981;6982;6984;6978;89;
9978b56f-782a-4a80-a4b1-a48cbecfd194;2024-02-14T10:34:00Z;6984;6985;6985;6981;50;
9978b56f-782a-4a80-a4b1-a48cbecfd194;2024-02-14T10:35:00Z;6985;6986;6988;6985;39;
9978b56f-782a-4a80-a4b1-a48cbecfd194;2024-02-14T10:36:00Z;6986;6986;6989;6986;65;
9978b56f-782a-4a80-a4b1-a48cbecfd194;2024-02-14T10:37:00Z;6988;6985;6988;6985;93;
9978b56f-782a-4a80-a4b1-a48cbecfd194;2024-02-14T10:38:00Z;6985;6985;6987;6985;41;
9978b56f-782a-4a80-a4b1-a48cbecfd194;2024-02-14T10:39:00Z;6986;6985;6988;6985;54;
9978b56f-782a-4a80-a4b1-a48cbecfd194;2024-02-14T10:40:00Z;6985;6985;6986;6985;35;
9978b56f-782a-4a80-a4b1-a48cbecfd194;2024-02-14T10:41:00Z;6985;6985;6986;6985;57;
9978b56f-782a-4a80-a4b1-a48cbecfd194;2024-02-14T10:42:00Z;6985;6993;7000;6985;789;
9978b56f-782a-4a80-a4b1-a48cbecfd194;2024-02-14T10:43:00Z;6995;6990;6998;6990;100;
9978b56f-782a-4a80-a4b1-a48cbecfd194;2024-02-14T10:44:00Z;6992;6993;6995;6992;47;
9978b56f-782a-4a80-a4b1-a48cbecfd194;2024-02-14T10:45:00Z;6993;6998;6998;6993;58;
9978b56f-782a-4a80-a4b1-a48cbecfd194;2024-02-14T10:46:00Z;6995;7001;7002;6995;184;
9978b56f-782a-4a80-a4b1-a48cbecfd194;2024-02-14T10:47:00Z;6997;6995;7000;6995;31;
9978b56f-782a-4a80-a4b1-a48cbecfd194;2024-02-14T10:48:00Z;6994;6993;6997;6993;54;
9978b56f-782a-4a80-a4b1-a48cbecfd194;2024-02-14T10:49:00Z;6996;6990;6996;6990;133;
9978b56f-782a-4a80-a4b1-a48cbecfd194;2024-02-14T10:50:00Z;6990;6987;6991;6985;298;
9978b56f-782a-4a80-a4b1-a48cbecfd194;2024-02-14T10:51:00Z;6985;6986;6986;6985;26;
9978b56f-782a-4a80-a4b1-a48cbecfd194;2024-02-14T10:52:00Z;6986;6988;6989;6986;38;
9978b56f-782a-4a80-a4b1-a48cbecfd194;2024-02-14T10:53:00Z;6988;6988;6992;6987;140;
9978b56f-782a-4a80-a4b1-a48cbecfd194;2024-02-14T10:54:00Z;6990;6989;6991;6987;47;
9978b56f-782a-4a80-a4b1-a48cbecfd194;2024-02-14T10:55:00Z;6987;6991;6991;6986;43;
9978b56f-782a-4a80-a4b1-a48cbecfd194;2024-02-14T10:56:00Z;6988;6989;6989;6985;92;
9978b56f-782a-4a80-a4b1-a48cbecfd194;2024-02-14T10:57:00Z;6986;6987;6989;6985;34;
9978b56f-782a-4a80-a4b1-a48cbecfd194;2024-02-14T10:58:00Z;6987;6986;6987;6986;25;
9978b56f-782a-4a80-a4b1-a48cbecfd194;2024-02-14T10:59:00Z;6986;6985;6988;6985;44;
9978b56f-782a-4a80-a4b1-a48cbecfd194;2024-02-14T11:00:00Z;6985;6985;6986;6985;133;
9978b56f-782a-4a80-a4b1-a48cbecfd194;2024-02-14T11:01:00Z;6985;6985;6986;6985;33;
9978b56f-782a-4a80-a4b1-a48cbecfd194;2024-02-14T11:02:00Z;6985;6985;6987;6985;32;
9978b56f-782a-4a80-a4b1-a48cbecfd194;2024-02-14T11:03:00Z;6985;6985;6988;6985;35;
9978b56f-782a-4a80-a4b1-a48cbecfd194;2024-02-14T11:04:00Z;6985;6985;6987;6985;29;
9978b56f-782a-4a80-a4b1-a48cbecfd194;2024-02-14T11:05:00Z;6985;6983;6986;6982;101;
9978b56f-782a-4a80-a4b1-a48cbecfd194;2024-02-14T11:06:00Z;6982;6982;6983;6981;52;
9978b56f-782a-4a80-a4b1-a48cbecfd194;2024-02-14T11:07:00Z;6981;6979;6982;6979;44;
9978b56f-782a-4a80-a4b1-a48cbecfd194;2024-02-14T11:08:00Z;6980;6976;6983;6976;82;
9978b56f-782a-4a80-a4b1-a48cbecfd194;2024-02-14T11:09:00Z;6977;6976;6978;6976;29;
9978b56f-782a-4a80-a4b1-a48cbecfd194;2024-02-14T11:10:00Z;6978;6977;6979;6976;30;
9978b56f-782a-4a80-a4b1-a48cbecfd194;2024-02-14T11:11:00Z;6977;6975;6977;6975;116;
9978b56f-782a-4a80-a4b1-a48cbecfd194;2024-02-14T11:12:00Z;6975;6974;6978;6974;63;
9978b56f-782a-4a80-a4b1-a48cbecfd194;2024-02-14T11:13:00Z;6975;6973;6976;6973;32;
9978b56f-782a-4a80-a4b1-a48cbecfd194;2024-02-14T11:14:00Z;6975;6974;6975;6974;30;
9978b56f-782a-4a80-a4b1-a48cbecfd194;2024-02-14T11:15:00Z;6974;6974;6974;6974;25;
9978b56f-782a-4a80-a4b1-a48cbecfd194;2024-02-14T11:16:00Z;6974;6975;6975;6974;31;
9978b56f-782a-4a80-a4b1-a48cbecfd194;2024-02-14T11:17:00Z;6975;6974;6978;6974;34;
9978b56f-782a-4a80-a4b1-a48cbecfd194;2024-02-14T11:18:00Z;6974;6974;6976;6973;30;
9978b56f-782a-4a80-a4b1-a48cbecfd194;2024-02-14T11:19:00Z;6974;6973;6975;6973;44;
9978b56f-782a-4a80-a4b1-a48cbecfd194;2024-02-14T11:20:00Z;6973;6973;6975;6973;533;
9978b56f-782a-4a80-a4b1-a48cbecfd194;2024-02-14T11:21:00Z;6973;6973;6974;6973;50;
9978b56f-782a-4a80-a4b1-a48cbecfd194;2024-02-14T11:22:00Z;6973;6974;6975;6971;136;
9978b56f-782a-4a80-a4b1-a48cbecfd194;2024-02-14T11:23:00Z;6971;6971;6975;6971;55;
9978b56f-782a-4a80-a4b1-a48cbecfd194;2024-02-14T11:24:00Z;6971;6968;6975;6968;341;
9978b56f-782a-4a80-a4b1-a48cbecfd194;2024-02-14T11:25:00Z;6969;6968;6969;6968;52;
9978b56f-782a-4a80-a4b1-a48cbecfd194;2024-02-14T11:26:00Z;6969;6968;6969;6968;64;
9978b56f-782a-4a80-a4b1-a48cbecfd194;2024-02-14T11:27:00Z;6968;6968;6968;6967;33;
9978b56f-782a-4a80-a4b1-a48cbecfd194;2024-02-14T11:28:00Z;6967;6967;6969;6967;41;
9978b56f-782a-4a80-a4b1-a48cbecfd194;2024-02-14T11:29:00Z;6967;6961;6968;6961;419;
9978b56f-782a-4a80-a4b1-a48cbecfd194;2024-02-14T11:30:00Z;6961;6961;6963;6960;113;
9978b56f-782a-4a80-a4b1-a48cbecfd194;2024-02-14T11:31:00Z;6960;6959;6960;6959;128;
9978b56f-782a-4a80-a4b1-a48cbecfd194;2024-02-14T11:32:00Z;6959;6959;6961;6959;26;
9978b56f-782a-4a80-a4b1-a48cbecfd194;2024-02-14T11:33:00Z;6959;6943;6960;6943;1253;
9978b56f-782a-4a80-a4b1-a48cbecfd194;2024-02-14T11:34:00Z;6943;6946;6948;6943;259;
9978b56f-782a-4a80-a4b1-a48cbecfd194;2024-02-14T11:35:00Z;6945;6934;6946;6933;699;
9978b56f-782a-4a80-a4b1-a48cbecfd194;2024-02-14T11:36:00Z;6934;6940;6947;6930;492;
9978b56f-782a-4a80-a4b1-a48cbecfd194;2024-02-14T11:37:00Z;6944;6944;6950;6940;293;
9978b56f-782a-4a80-a4b1-a48cbecfd194;2024-02-14T11:38:00Z;6942;6937;6942;6937;67;
9978b56f-782a-4a80-a4b1-a48cbecfd194;2024-02-14T11:39:00Z;6939;6935;6940;6935;38;
9978b56f-782a-4a80-a4b1-a48cbecfd194;2024-02-14T11:40:00Z;6935;6936;6939;6934;50;
9978b56f-782a-4a80-a4b1-a48cbecfd194;2024-02-14T11:41:00Z;6936;6938;6941;6936;33;
9978b56f-782a-4a80-a4b1-a48cbecfd194;2024-02-14T11:42:00Z;6937;6937;6940;6937;91;
9978b56f-782a-4a80-a4b1-a48cbecfd194;2024-02-14T11:43:00Z;6937;6936;6938;6936;39;
9978b56f-782a-4a80-a4b1-a48cbecfd194;2024-02-14T11:44:00Z;6936;6926;6936;6924;1060;
9978b56f-782a-4a80-a4b1-a48cbecfd194;2024-02-14T11:45:00Z;6925;6924;6927;6924;155;
9978b56f-782a-4a80-a4b1-a48cbecfd194;2024-02-14T11:46:00Z;6925;6925;6926;6924;55;
9978b56f-782a-4a80-a4b1-a48cbecfd194;2024-02-14T11:47:00Z;6924;6925;6926;6924;23;
9978b56f-782a-4a80-a4b1-a48cbecfd194;2024-02-14T11:48:00Z;6924;6928;6928;6924;463;
9978b56f-782a-4a80-a4b1-a48cbecfd194;2024-02-14T11:49:00Z;6929;6926;6934;6921;340;
9978b56f-782a-4a80-a4b1-a48cbecfd194;2024-02-14T11:50:00Z;6924;6925;6928;6924;29;
9978b56f-782a-4a80-a4b1-a48cbecfd194;2024-02-14T11:51:00Z;6925;6935;6935;6925;118;
9978b56f-782a-4a80-a4b1-a48cbecfd194;2024-02-14T11:52:00Z;6935;6935;6936;6935;36;
9978b56f-782a-4a80-a4b1-a48cbecfd194;2024-02-14T11:53:00Z;6935;6933;6935;6930;90;
9978b56f-782a-4a80-a4b1-a48cbecfd194;2024-02-14T11:54:00Z;6931;6930;6931;6930;43;
9978b56f-782a-4a80-a4b1-a48cbecfd194;2024-02-14T11:55:00Z;6931;6930;6931;6930;27;
9978b56f-782a-4a80-a4b1-a48cbecfd194;2024-02-14T11:56:00Z;6930;6930;6933;6930;60;
9978b56f-782a-4a80-a4b1-a48cbecfd194;2024-02-14T11:57:00Z;6932;6932;6933;6930;53;
9978b56f-782a-4a80-a4b1-a48cbecfd194;2024-02-14T11:58:00Z;6930;6933;6934;6930;206;
9978b56f-782a-4a80-a4b1-a48cbecfd194;2024-02-14T11:59:00Z;6930;6931;6932;6930;71;
9978b56f-782a-4a80-a4b1-a48cbecfd194;2024-02-14T12:00:00Z;6930;6925;6930;6925;72;
9978b56f-782a-4a80-a4b1-a48cbecfd194;2024-02-14T12:01:00Z;6923;6927;6934;6923;112;
9978b56f-782a-4a80-a4b1-a48cbecfd194;2024-02-14T12:02:00Z;6927;6929;6930;6926;29;
9978b56f-782a-4a80-a4b1-a48cbecfd194;2024-02-14T12:03:00Z;6929;6934;6934;6929;58;
9978b56f-782a-4a80-a4b1-a48cbecfd194;2024-02-14T12:04:00Z;6931;6929;6932;6929;31;
9978b56f-782a-4a80-a4b1-a48cbecfd194;2024-02-14T12:05:00Z;6929;6930;6931;6929;53;
9978b56f-782a-4a80-a4b1-a48cbecfd194;2024-02-14T12:06:00Z;6929;6929;6930;6929;62;
9978b56f-782a-4a80-a4b1-a48cbecfd194;2024-02-14T12:07:00Z;6928;6927;6929;6927;61;
9978b56f-782a-4a80-a4b1-a48cbecfd194;2024-02-14T12:08:00Z;6927;6923;6928;6923;319;
9978b56f-782a-4a80-a4b1-a48cbecfd194;2024-02-14T12:09:00Z;6926;6926;6928;6924;40;
9978b56f-782a-4a80-a4b1-a48cbecfd194;2024-02-14T12:10:00Z;6926;6927;6928;6926;86;
9978b56f-782a-4a80-a4b1-a48cbecfd194;2024-02-14T12:11:00Z;6926;6926;6926;6926;52;
9978b56f-782a-4a80-a4b1-a48cbecfd194;2024-02-14T12:12:00Z;6926;6926;6927;6926;91;
9978b56f-782a-4a80-a4b1-a48cbecfd194;2024-02-14T12:13:00Z;6926;6925;6927;6925;95;
9978b56f-782a-4a80-a4b1-a48cbecfd194;2024-02-14T12:14:00Z;6926;6923;6926;6923;32;
9978b56f-782a-4a80-a4b1-a48cbecfd194;2024-02-14T12:15:00Z;6923;6923;6924;6922;76;
9978b56f-782a-4a80-a4b1-a48cbecfd194;2024-02-14T12:16:00Z;6923;6922;6924;6922;31;
9978b56f-782a-4a80-a4b1-a48cbecfd194;2024-02-14T12:17:00Z;6925;6925;6929;6924;104;
9978b56f-782a-4a80-a4b1-a48cbecfd194;2024-02-14T12:18:00Z;6925;6924;6931;6924;73;
9978b56f-782a-4a80-a4b1-a48cbecfd194;2024-02-14T12:19:00Z;6924;6926;6926;6924;37;
9978b56f-782a-4a80-a4b1-a48cbecfd194;2024-02-14T12:20:00Z;6924;6925;6925;6923;51;
9978b56f-782a-4a80-a4b1-a48cbecfd194;2024-02-14T12:21:00Z;6925;6924;6925;6924;46;
9978b56f-782a-4a80-a4b1-a48cbecfd194;2024-02-14T12:22:00Z;6924;6923;6925;6923;43;
9978b56f-782a-4a80-a4b1-a48cbecfd194;2024-02-14T12:23:00Z;6923;6913;6924;6913;808;
9978b56f-782a-4a80-a4b1-a48cbecfd194;2024-02-14T12:24:00Z;6913;6909;6914;6908;366;
9978b56f-782a-4a80-a4b1-a48cbecfd194;2024-02-14T12:25:00Z;6911;6904;6913;6903;422;
9978b56f-782a-4a80-a4b1-a48cbecfd194;2024-02-14T12:26:00Z;6906;6907;6910;6901;316;
9978b56f-782a-4a80-a4b1-a48cbecfd194;2024-02-14T12:27:00Z;6907;6909;6911;6907;32;
9978b56f-782a-4a80-a4b1-a48cbecfd194;2024-02-14T12:28:00Z;6909;6911;6911;6909;53;
9978b56f-782a-4a80-a4b1-a48cbecfd194;2024-02-14T12:29:00Z;6910;6914;6914;6910;57;
9978b56f-782a-4a80-a4b1-a48cbecfd194;2024-02-14T12:30:00Z;6914;6913;6918;6912;151;
9978b56f-782a-4a80-a4b1-a48cbecfd194;2024-02-14T12:31:00Z;6915;6915;6919;6914;138;
9978b56f-782a-4a80-a4b1-a48cbecfd194;2024-02-14T12:32:00Z;6918;6913;6918;6913;228;
9978b56f-782a-4a80-a4b1-a48cbecfd194;2024-02-14T12:33:00Z;6914;6914;6916;6914;36;
9978b56f-782a-4a80-a4b1-a48cbecfd194;2024-02-14T12:34:00Z;6914;6912;6915;6911;140;
9978b56f-782a-4a80-a4b1-a48cbecfd194;2024-02-14T12:35:00Z;6911;6912;6912;6910;293;
9978b56f-782a-4a80-a4b1-a48cbecfd194;2024-02-14T12:36:00Z;6912;6912;6912;6910;73;
9978b56f-782a-4a80-a4b1-a48cbecfd194;2024-02-14T12:37:00Z;6910;6912;6912;6910;55;
9978b56f-782a-4a80-a4b1-a48cbecfd194;2024-02-14T12:38:00Z;6911;6911;6912;6910;72;
9978b56f-782a-4a80-a4b1-a48cbecfd194;2024-02-14T12:39:00Z;6912;6912;6912;6911;32;
9978b56f-782a-4a80-a4b1-a48cbecfd194;2024-02-14T12:40:00Z;6910;6910;6912;6910;27;
9978b56f-782a-4a80-a4b1-a48cbecfd194;2024-02-14T12:41:00Z;6910;6910;6912;6910;46;
9978b56f-782a-4a80-a4b1-a48cbecfd194;2024-02-14T12:42:00Z;6910;6910;6912;6910;41;
9978b56f-782a-4a80-a4b1-a48cbecfd194;2024-02-14T12:43:00Z;6910;6911;6915;6910;55;
9978b56f-782a-4a80-a4b1-a48cbecfd194;2024-02-14T12:44:00Z;6911;6912;6915;6911;30;
9978b56f-782a-4a80-a4b1-a48cbecfd194;2024-02-14T12:45:00Z;6912;6924;6924;6912;333;
9978b56f-782a-4a80-a4b1-a48cbecfd194;2024-02-14T12:46:00Z;6919;6918;6920;6915;41;
9978b56f-782a-4a80-a4b1-a48cbecfd194;2024-02-14T12:47:00Z;6918;6913;6918;6912;77;
9978b56f-782a-4a80-a4b1-a48cbecfd194;2024-02-14T12:48:00Z;6913;6911;6914;6911;31;
9978b56f-782a-4a80-a4b1-a48cbecfd194;2024-02-14T12:49:00Z;6912;6912;6914;6912;32;
9978b56f-782a-4a80-a4b1-a48cbecfd194;2024-02-14T12:50:00Z;6914;6912;6914;6912;22;
9978b56f-782a-4a80-a4b1-a48cbecfd194;2024-02-14T12:51:00Z;6912;6912;6913;6912;53;
9978b56f-782a-4a80-a4b1-a48cbecfd194;2024-02-14T12:52:00Z;6912;6912;6913;6912;28;
9978b56f-782a-4a80-a4b1-a48cbecfd194;2024-02-14T12:53:00Z;6912;6913;6913;6912;27;
9978b56f-782a-4a80-a4b1-a48cbecfd194;2024-02-14T12:54:00Z;6914;6913;6915;6913;49;
9978b56f-782a-4a80-a4b1-a48cbecfd194;2024-02-14T12:55:00Z;6913;6914;6914;6913;31;
9978b56f-782a-4a80-a4b1-a48cbecfd194;2024-02-14T12:56:00Z;6913;6913;6914;6913;176;
9978b56f-782a-4a80-a4b1-a48cbecfd194;2024-02-14T12:57:00Z;6913;6914;6914;6913;40;
9978b56f-782a-4a80-a4b1-a48cbecfd194;2024-02-14T12:58:00Z;6913;6913;6913;6913;26;
9978b56f-782a-4a80-a4b1-a48cbecfd194;2024-02-14T12:59:00Z;6913;6914;6915;6913;41;
9978b56f-782a-4a80-a4b1-a48cbecfd194;2024-02-14T13:00:00Z;6914;6913;6915;6913;29;
9978b56f-782a-4a80-a4b1-a48cbecfd194;2024-02-14T13:01:00Z;6913;6914;6914;6913;26;
9978b56f-782a-4a80-a4b1-a48cbecfd194;2024-02-14T13:02:00Z;6913;6913;6914;6913;36;
9978b56f-782a-4a80-a4b1-a48cbecfd194;2024-02-14T13:03:00Z;6914;6913;6914;6913;45;
9978b56f-782a-4a80-a4b1-a48cbecfd194;2024-02-14T13:04:00Z;6914;6917;6920;6914;221;
9978b56f-782a-4a80-a4b1-a48cbecfd194;2024-02-14T13:05:00Z;6920;6917;6920;6916;31;
9978b56f-782a-4a80-a4b1-a48cbecfd194;2024-02-14T13:06:00Z;6917;6920;6920;6915;78;
9978b56f-782a-4a80-a4b1-a48cbecfd194;2024-02-14T13:07:00Z;6918;6921;6926;6917;132;
9978b56f-782a-4a80-a4b1-a48cbecfd194;2024-02-14T13:08:00Z;6923;6925;6933;6922;438;
9978b56f-782a-4a80-a4b1-a48cbecfd194;2024-02-14T13:09:00Z;6927;6920;6927;6920;30;
9978b56f-782a-4a80-a4b1-a48cbecfd194;2024-02-14T13:10:00Z;6919;6919;6923;6919;73;
9978b56f-782a-4a80-a4b1-a48cbecfd194;2024-02-14T13:11:00Z;6919;6917;6928;6917;84;
9978b56f-782a-4a80-a4b1-a48cbecfd194;2024-02-14T13:12:00Z;6917;6919;6928;6916;135;
9978b56f-782a-4a80-a4b1-a48cbecfd194;2024-02-14T13:13:00Z;6919;6923;6927;6918;72;
9978b56f-782a-4a80-a4b1-a48cbecfd194;2024-02-14T13:14:00Z;6921;6921;6924;6921;40;
9978b56f-782a-4a80-a4b1-a48cbecfd194;2024-02-14T13:15:00Z;6924;6929;6929;6923;114;
9978b56f-782a-4a80-a4b1-a48cbecfd194;2024-02-14T13:16:00Z;6926;6928;6931;6924;76;
9978b56f-782a-4a80-a4b1-a48cbecfd194;2024-02-14T13:17:00Z;6931;6931;6936;6929;103;
9978b56f-782a-4a80-a4b1-a48cbecfd194;2024-02-14T13:18:00Z;6933;6934;6936;6932;100;
9978b56f-782a-4a80-a4b1-a48cbecfd194;2024-02-14T13:19:00Z;6935;6938;6941;6935;127;
9978b56f-782a-4a80-a4b1-a48cbecfd194;2024-02-14T13:20:00Z;6941;6944;6946;6941;344;
9978b56f-782a-4a80-a4b1-a48cbecfd194;2024-02-14T13:21:00Z;6944;6930;6944;6930;115;
9978b56f-782a-4a80-a4b1-a48cbecfd194;2024-02-14T13:22:00Z;6930;6930;6931;6928;107;
9978b56f-782a-4a80-a4b1-a48cbecfd194;2024-02-14T13:23:00Z;6930;6926;6931;6925;95;
9978b56f-782a-4a80-a4b1-a48cbecfd194;2024-02-14T13:24:00Z;6926;6924;6927;6924;69;
9978b56f-782a-4a80-a4b1-a48cbecfd194;2024-02-14T13:25:00Z;6927;6925;6929;6925;56;
9978b56f-782a-4a80-a4b1-a48cbecfd194;2024-02-14T13:26:00Z;6925;6924;6925;6924;25;
9978b56f-782a-4a80-a4b1-a48cbecfd194;2024-02-14T13:27:00Z;6924;6924;6928;6924;44;
9978b56f-782a-4a80-a4b1-a48cbecfd194;2024-02-14T13:28:00Z;6924;6924;6927;6924;31;
9978b56f-782a-4a80-a4b1-a48cbecfd194;2024-02-14T13:29:00Z;6924;6924;6924;6924;29;
9978b56f-782a-4a80-a4b1-a48cbecfd194;2024-02-14T13:30:00Z;6927;6924;6928;6924;47;
9978b56f-782a-4a80-a4b1-a48cbecfd194;2024-02-14T13:31:00Z;6924;6924;6927;6924;26;
9978b56f-782a-4a80-a4b1-a48cbecfd194;2024-02-14T13:32:00Z;6924;6923;6924;6923;25;
9978b56f-782a-4a80-a4b1-a48cbecfd194;2024-02-14T13:33:00Z;6923;6923;6926;6923;43;
9978b56f-782a-4a80-a4b1-a48cbecfd194;2024-02-14T13:34:00Z;6923;6927;6930;6923;101;
9978b56f-782a-4a80-a4b1-a48cbecfd194;2024-02-14T13:35:00Z;6929;6928;6929;6928;25;
9978b56f-782a-4a80-a4b1-a48cbecfd194;2024-02-14T13:36:00Z;6928;6928;6928;6928;20;
9978b56f-782a-4a80-a4b1-a48cbecfd194;2024-02-14T13:37:00Z;6928;6927;6929;6927;33;
9978b56f-782a-4a80-a4b1-a48cbecfd194;2024-02-14T13:38:00Z;6928;6928;6931;6928;76;
9978b56f-782a-4a80-a4b1-a48cbecfd194;2024-02-14T13:39:00Z;6929;6927;6930;6927;132;
9978b56f-782a-4a80-a4b1-a48cbecfd194;2024-02-14T13:40:00Z;6925;6925;6927;6925;26;
9978b56f-782a-4a80-a4b1-a48cbecfd194;2024-02-14T13:41:00Z;6925;6926;6927;6924;23;
9978b56f-782a-4a80-a4b1-a48cbecfd194;2024-02-14T13:42:00Z;6925;6924;6927;6924;35;
9978b56f-782a-4a80-a4b1-a48cbecfd194;2024-02-14T13:43:00Z;6924;6924;6924;6924;30;
9978b56f-782a-4a80-a4b1-a48cbecfd194;2024-02-14T13:44:00Z;6926;6925;6930;6924;108;
9978b56f-782a-4a80-a4b1-a48cbecfd194;2024-02-14T13:45:00Z;6925;6925;6925;6924;34;
9978b56f-782a-4a80-a4b1-a48cbecfd194;2024-02-14T13:46:00Z;6924;6928;6928;6924;30;
9978b56f-782a-4a80-a4b1-a48cbecfd194;2024-02-14T13:47:00Z;6925;6924;6927;6924;27;
9978b56f-782a-4a80-a4b1-a48cbecfd194;2024-02-14T13:48:00Z;6924;6929;6929;6924;143;
9978b56f-782a-4a80-a4b1-a48cbecfd194;2024-02-14T13:49:00Z;6926;6926;6926;6925;41;
9978b56f-782a-4a80-a4b1-a48cbecfd194;2024-02-14T13:50:00Z;6925;6933;6937;6925;234;
9978b56f-782a-4a80-a4b1-a48cbecfd194;2024-02-14T13:51:00Z;6935;6935;6936;6932;77;
9978b56f-782a-4a80-a4b1-a48cbecfd194;2024-02-14T13:52:00Z;6931;6932;6934;6931;27;
9978b56f-782a-4a80-a4b1-a48cbecfd194;2024-02-14T13:53:00Z;6932;6932;6935;6932;29;
9978b56f-782a-4a80-a4b1-a48cbecfd194;2024-02-14T13:54:00Z;6932;6933;6936;6932;100;
9978b56f-782a-4a80-a4b1-a48cbecfd194;2024-02-14T13:55:00Z;6935;6939;6944;6935;262;
9978b56f-782a-4a80-a4b1-a48cbecfd194;2024-02-14T13:56:00Z;6940;6939;6942;6937;57;
9978b56f-782a-4a80-a4b1-a48cbecfd194;2024-02-14T13:57:00Z;6941;6935;6942;6935;49;
9978b56f-782a-4a80-a4b1-a48cbecfd194;2024-02-14T13:58:00Z;6936;6936;6940;6935;56;
9978b56f-782a-4a80-a4b1-a48cbecfd194;2024-02-14T13:59:00Z;6936;6935;6937;6935;29;
9978b56f-782a-4a80-a4b1-a48cbecfd194;2024-02-14T14:00:00Z;6935;6932;6935;6932;29;
9978b56f-782a-4a80-a4b1-a48cbecfd194;2024-02-14T14:01:00Z;6932;6932;6934;6932;26;
9978b56f-782a-4a80-a4b1-a48cbecfd194;2024-02-14T14:02:00Z;6933;6929;6933;6929;120;
9978b56f-782a-4a80-a4b1-a48cbecfd194;2024-02-14T14:03:00Z;6929;6927;6930;6927;35;
9978b56f-782a-4a80-a4b1-a48cbecfd194;2024-02-14T14:04:00Z;6926;6928;6928;6925;53;
9978b56f-782a-4a80-a4b1-a48cbecfd194;2024-02-14T14:05:00Z;6926;6925;6926;6925;26;
9978b56f-782a-4a80-a4b1-a48cbecfd194;2024-02-14T14:06:00Z;6925;6925;6928;6924;58;
9978b56f-782a-4a80-a4b1-a48cbecfd194;2024-02-14T14:07:00Z;6925;6928;6928;6924;30;
9978b56f-782a-4a80-a4b1-a48cbecfd194;2024-02-14T14:08:00Z;6927;6924;6927;6924;36;
9978b56f-782a-4a80-a4b1-a48cbecfd194;2024-02-14T14:09:00Z;6924;6925;6925;6924;40;
9978b56f-782a-4a80-a4b1-a48cbecfd194;2024-02-14T14:10:00Z;6924;6924;6925;6924;29;
9978b56f-782a-4a80-a4b1-a48cbecfd194;2024-02-14T14:11:00Z;6924;6924;6924;6924;25;
9978b56f-782a-4a80-a4b1-a48cbecfd194;2024-02-14T14:12:00Z;6924;6924;6925;6924;26;
9978b56f-782a-4a80-a4b1-a48cbecfd194;2024-02-14T14:13:00Z;6924;6924;6924;6924;25;
9978b56f-782a-4a80-a4b1-a48cbecfd194;2024-02-14T14:14:00Z;6925;6924;6925;6924;41;
9978b56f-782a-4a80-a4b1-a48cbecfd194;2024-02-14T14:15:00Z;6924;6924;6925;6924;84;
9978b56f-782a-4a80-a4b1-a48cbecfd194;2024-02-14T14:16:00Z;6924;6924;6925;6924;37;
9978b56f-782a-4a80-a4b1-a48cbecfd194;2024-02-14T14:17:00Z;6925;6925;6925;6924;229;
9978b56f-782a-4a80-a4b1-a48cbecfd194;2024-02-14T14:18:00Z;6924;6925;6925;6924;41;
9978b56f-782a-4a80-a4b1-a48cbecfd194;2024-02-14T14:19:00Z;6924;6924;6924;6924;27;
9978b56f-782a-4a80-a4b1-a48cbecfd194;2024-02-14T14:20:00Z;6924;6924;6925;6924;194;
9978b56f-782a-4a80-a4b1-a48cbecfd194;2024-02-14T14:21:00Z;6925;6925;6925;6924;71;
9978b56f-782a-4a80-a4b1-a48cbecfd194;2024-02-14T14:22:00Z;6925;6926;6929;6924;89;
9978b56f-782a-4a80-a4b1-a48cbecfd194;2024-02-14T14:23:00Z;6925;6926;6927;6925;33;
9978b56f-782a-4a80-a4b1-a48cbecfd194;2024-02-14T14:24:00Z;6926;6927;6928;6926;31;
9978b56f-782a-4a80-a4b1-a48cbecfd194;2024-02-14T14:25:00Z;6928;6927;6928;6925;42;
9978b56f-782a-4a80-a4b1-a48cbecfd194;2024-02-14T14:26:00Z;6925;6927;6927;6924;42;
9978b56f-782a-4a80-a4b1-a48cbecfd194;2024-02-14T14:27:00Z;6924;6924;6927;6924;31;
9978b56f-782a-4a80-a4b1-a48cbecfd194;2024-02-14T14:28:00Z;6924;6927;6927;6924;38;
9978b56f-782a-4a80-a4b1-a48cbecfd194;2024-02-14T14:29:00Z;6925;6924;6925;6924;36;
9978b56f-782a-4a80-a4b1-a48cbecfd194;2024-02-14T14:30:00Z;6924;6924;6926;6924;37;
9978b56f-782a-4a80-a4b1-a48cbecfd194;2024-02-14T14:31:00Z;6926;6924;6926;6924;46;
9978b56f-782a-4a80-a4b1-a48cbecfd194;2024-02-14T14:32:00Z;6924;6924;6926;6924;30;
9978b56f-782a-4a80-a4b1-a48cbecfd194;2024-02-14T14:33:00Z;6924;6924;6926;6924;23;
9978b56f-782a-4a80-a4b1-a48cbecfd194;2024-02-14T14:34:00Z;6924;6924;6927;6924;31;
9978b56f-782a-4a80-a4b1-a48cbecfd194;2024-02-14T14:35:00Z;6924;6926;6927;6924;29;
9978b56f-782a-4a80-a4b1-a48cbecfd194;2024-02-14T14:36:00Z;6924;6924;6924;6924;28;
9978b56f-782a-4a80-a4b1-a48cbecfd194;2024-02-14T14:37:00Z;6924;6924;6925;6924;28;
9978b56f-782a-4a80-a4b1-a48cbecfd194;2024-02-14T14:38:00Z;6924;6925;6925;6924;28;
9978b56f-782a-4a80-a4b1-a48cbecfd194;2024-02-14T14:39:00Z;6924;6925;6925;6924;29;
9978b56f-782a-4a80-a4b1-a48cbecfd194;2024-02-14T14:40:00Z;6925;6925;6926;6925;30;
9978b56f-782a-4a80-a4b1-a48cbecfd194;2024-02-14T14:41:00Z;6925;6925;6926;6925;27;
9978b56f-782a-4a80-a4b1-a48cbecfd194;2024-02-14T14:42:00Z;6925;6925;6927;6925;37;
9978b56f-782a-4a80-a4b1-a48cbecfd194;2024-02-14T14:43:00Z;6925;6927;6927;6925;24;
9978b56f-782a-4a80-a4b1-a48cbecfd194;2024-02-14T14:44:00Z;6925;6924;6929;6924;92;
9978b56f-782a-4a80-a4b1-a48cbecfd194;2024-02-14T14:45:00Z;6926;6924;6926;6924;91;
9978b56f-782a-4a80-a4b1-a48cbecfd194;2024-02-14T14:46:00Z;6925;6924;6926;6924;93;
9978b56f-782a-4a80-a4b1-a48cbecfd194;2024-02-14T14:47:00Z;6924;6924;6925;6924;27;
9978b56f-782a-4a80-a4b1-a48cbecfd194;2024-02-14T14:48:00Z;6925;6924;6927;6924;51;
9978b56f-782a-4a80-a4b1-a48cbecfd194;2024-02-14T14:49:00Z;6925;6925;6926;6924;27;
9978b56f-782a-4a80-a4b1-a48cbecfd194;2024-02-14T14:50:00Z;6925;6928;6929;6925;55;
9978b56f-782a-4a80-a4b1-a48cbecfd194;2024-02-14T14:51:00Z;6926;6931;6931;6925;126;
9978b56f-782a-4a80-a4b1-a48cbecfd194;2024-02-14T14:52:00Z;6931;6934;6937;6929;174;
9978b56f-782a-4a80-a4b1-a48cbecfd194;2024-02-14T14:53:00Z;6933;6931;6936;6931;59;
9978b56f-782a-4a80-a4b1-a48cbecfd194;2024-02-14T14:54:00Z;6934;6931;6934;6931;21;
9978b56f-782a-4a80-a4b1-a48cbecfd194;2024-02-14T14:55:00Z;6931;6930;6934;6930;58;
9978b56f-782a-4a80-a4b1-a48cbecfd194;2024-02-14T14:56:00Z;6930;6931;6933;6929;40;
9978b56f-782a-4a80-a4b1-a48cbecfd194;2024-02-14T14:57:00Z;6930;6931;6934;6930;43;
9978b56f-782a-4a80-a4b1-a48cbecfd194;2024-02-14T14:58:00Z;6930;6930;6933;6930;39;
9978b56f-782a-4a80-a4b1-a48cbecfd194;2024-02-14T14:59:00Z;6930;6932;6933;6930;40;
9978b56f-782a-4a80-a4b1-a48cbecfd194;2024-02-14T15:00:00Z;6930;6931;6933;6930;30;
9978b56f-782a-4a80-a4b1-a48cbecfd194;2024-02-14T15:01:00Z;6931;6929;6932;6929;44;
9978b56f-782a-4a80-a4b1-a48cbecfd194;2024-02-14T15:02:00Z;6929;6926;6929;6926;155;
9978b56f-782a-4a80-a4b1-a48cbecfd194;2024-02-14T15:03:00Z;6926;6926;6927;6926;26;
9978b56f-782a-4a80-a4b1-a48cbecfd194;2024-02-14T15:04:00Z;6926;6926;6931;6925;58;
9978b56f-782a-4a80-a4b1-a48cbecfd194;2024-02-14T15:05:00Z;6929;6925;6929;6925;41;
9978b56f-782a-4a80-a4b1-a48cbecfd194;2024-02-14T15:06:00Z;6925;6925;6928;6925;28;
9978b56f-782a-4a80-a4b1-a48cbecfd194;2024-02-14T15:07:00Z;6925;6925;6928;6925;35;
9978b56f-782a-4a80-a4b1-a48cbecfd194;2024-02-14T15:08:00Z;6926;6925;6928;6925;26;
9978b56f-782a-4a80-a4b1-a48cbecfd194;2024-02-14T15:09:00Z;6925;6927;6927;6925;22;
9978b56f-782a-4a80-a4b1-a48cbecfd194;2024-02-14T15:10:00Z;6925;6925;6927;6925;36;
9978b56f-782a-4a80-a4b1-a48cbecfd194;2024-02-14T15:11:00Z;6925;6925;6927;6925;39;
9978b56f-782a-4a80-a4b1-a48cbecfd194;2024-02-14T15:12:00Z;6925;6925;6927;6925;27;
9978b56f-782a-4a80-a4b1-a48cbecfd194;2024-02-14T15:13:00Z;6925;6927;6927;6924;47;
9978b56f-782a-4a80-a4b1-a48cbecfd194;2024-02-14T15:14:00Z;6924;6924;6926;6924;51;
9978b56f-782a-4a80-a4b1-a48cbecfd194;2024-02-14T15:15:00Z;6924;6926;6926;6924;33;
9978b56f-782a-4a80-a4b1-a48cbecfd194;2024-02-14T15:16:00Z;6924;6928;6928;6924;64;
9978b56f-782a-4a80-a4b1-a48cbecfd194;2024-02-14T15:17:00Z;6928;6925;6930;6925;40;
9978b56f-782a-4a80-a4b1-a48cbecfd194;2024-02-14T15:18:00Z;6925;6925;6928;6925;26;
9978b56f-782a-4a80-a4b1-a48cbecfd194;2024-02-14T15:19:00Z;6925;6925;6928;6925;30;
9978b56f-782a-4a80-a4b1-a48cbecfd194;2024-02-14T15:20:00Z;6925;6925;6925;6925;12;
9978b56f-782a-4a80-a4b1-a48cbecfd194;2024-02-14T15:21:00Z;6927;6926;6928;6926;37;
9978b56f-782a-4a80-a4b1-a48cbecfd194;2024-02-14T15:22:00Z;6926;6925;6926;6925;6;
9978b56f-782a-4a80-a4b1-a48cbecfd194;2024-02-14T15:23:00Z;6925;6926;6926;6925;32;
9978b56f-782a-4a80-a4b1-a48cbecfd194;2024-02-14T15:24:00Z;6927;6926;6927;6926;22;
9978b56f-782a-4a80-a4b1-a48cbecfd194;2024-02-14T15:25:00Z;6926;6927;6927;6926;16;
9978b56f-782a-4a80-a4b1-a48cbecfd194;2024-02-14T15:27:00Z;6926;6927;6927;6926;30;
9978b56f-782a-4a80-a4b1-a48cbecfd194;2024-02-14T15:28:00Z;6927;6926;6927;6926;51;
9978b56f-782a-4a80-a4b1-a48cbecfd194;2024-02-14T15:29:00Z;6927;6929;6930;6926;38;
9978b56f-782a-4a80-a4b1-a48cbecfd194;2024-02-14T15:30:00Z;6927;6926;6927;6926;16;
9978b56f-782a-4a80-a4b1-a48cbecfd194;2024-02-14T15:31:00Z;6926;6929;6929;6926;36;
9978b56f-782a-4a80-a4b1-a48cbecfd194;2024-02-14T15:32:00Z;6929;6927;6929;6927;32;
9978b56f-782a-4a80-a4b1-a48cbecfd194;2024-02-14T15:33:00Z;6927;6928;6930;6927;5;
9978b56f-782a-4a80-a4b1-a48cbecfd194;2024-02-14T15:34:00Z;6927;6927;6927;6926;30;
9978b56f-782a-4a80-a4b1-a48cbecfd194;2024-02-14T15:35:00Z;6927;6926;6928;6926;46;
9978b56f-782a-4a80-a4b1-a48cbecfd194;2024-02-14T15:36:00Z;6927;6927;6927;6927;1;
9978b56f-782a-4a80-a4b1-a48cbecfd194;2024-02-14T15:37:00Z;6927;6926;6929;6926;76;
9978b56f-782a-4a80-a4b1-a48cbecfd194;2024-02-14T15:38:00Z;6927;6927;6928;6926;36;
9978b56f-782a-4a80-a4b1-a48cbecfd194;2024-02-14T15:39:00Z;6926;6925;6926;6925;54;
9978b56f-782a-4a80-a4b1-a48cbecfd194;2024-02-14T15:45:00Z;6925;6925;6925;6925;191;
9978b56f-782a-4a80-a4b1-a48cbecfd194;2024-02-14T15:46:00Z;6925;6925;6925;6925;4;
9978b56f-782a-4a80-a4b1-a48cbecfd194;2024-02-14T15:47:00Z;6925;6925;6925;6925;1;
9978b56f-782a-4a80-a4b1-a48cbecfd194;2024-02-14T16:04:00Z;6920;6920;6920;6920;24;
9978b56f-782a-4a80-a4b1-a48cbecfd194;2024-02-14T16:05:00Z;6920;6899;6923;6884;1671;
9978b56f-782a-4a80-a4b1-a48cbecfd194;2024-02-14T16:06:00Z;6899;6912;6912;6899;320;
9978b56f-782a-4a80-a4b1-a48cbecfd194;2024-02-14T16:07:00Z;6911;6915;6915;6905;111;
9978b56f-782a-4a80-a4b1-a48cbecfd194;2024-02-14T16:08:00Z;6915;6914;6916;6910;20;
9978b56f-782a-4a80-a4b1-a48cbecfd194;2024-02-14T16:09:00Z;6914;6910;6914;6910;4;
9978b56f-782a-4a80-a4b1-a48cbecfd194;2024-02-14T16:10:00Z;6910;6915;6915;6910;22;
9978b56f-782a-4a80-a4b1-a48cbecfd194;2024-02-14T16:11:00Z;6915;6915;6917;6915;36;
9978b56f-782a-4a80-a4b1-a48cbecfd194;2024-02-14T16:12:00Z;6916;6915;6916;6911;42;
9978b56f-782a-4a80-a4b1-a48cbecfd194;2024-02-14T16:13:00Z;6915;6915;6915;6915;5;
9978b56f-782a-4a80-a4b1-a48cbecfd194;2024-02-14T16:14:00Z;6916;6916;6916;6916;1;
9978b56f-782a-4a80-a4b1-a48cbecfd194;2024-02-14T16:15:00Z;6915;6917;6917;6915;18;
9978b56f-782a-4a80-a4b1-a48cbecfd194;2024-02-14T16:16:00Z;6917;6917;6917;6916;52;
9978b56f-782a-4a80-a4b1-a48cbecfd194;2024-02-14T16:17:00Z;6916;6917;6917;6916;21;
9978b56f-782a-4a80-a4b1-a48cbecfd194;2024-02-14T16:18:00Z;6917;6917;6917;6917;27;
9978b56f-782a-4a80-a4b1-a48cbecfd194;2024-02-14T16:19:00Z;6917;6918;6921;6917;50;
9978b56f-782a-4a80-a4b1-a48cbecfd194;2024-02-14T16:20:00Z;6921;6920;6921;6919;5;
9978b56f-782a-4a80-a4b1-a48cbecfd194;2024-02-14T16:21:00Z;6920;6921;6921;6919;8;
9978b56f-782a-4a80-a4b1-a48cbecfd194;2024-02-14T16:22:00Z;6921;6921;6921;6921;17;
9978b56f-782a-4a80-a4b1-a48cbecfd194;2024-02-14T16:23:00Z;6921;6921;6921;6920;8;
9978b56f-782a-4a80-a4b1-a48cbecfd194;2024-02-14T16:24:00Z;6920;6919;6921;6919;38;
9978b56f-782a-4a80-a4b1-a48cbecfd194;2024-02-14T16:25:00Z;6921;6920;6923;6919;30;
9978b56f-782a-4a80-a4b1-a48cbecfd194;2024-02-14T16:26:00Z;6918;6918;6918;6918;1;
9978b56f-782a-4a80-a4b1-a48cbecfd194;2024-02-14T16:27:00Z;6918;6921;6921;6918;38;
9978b56f-782a-4a80-a4b1-a48cbecfd194;2024-02-14T16:28:00Z;6921;6921;6921;6921;5;
9978b56f-782a-4a80-a4b1-a48cbecfd194;2024-02-14T16:29:00Z;6921;6921;6921;6921;6;
9978b56f-782a-4a80-a4b1-a48cbecfd194;2024-02-14T16:30:00Z;6921;6920;6921;6917;14;
9978b56f-782a-4a80-a4b1-a48cbecfd194;2024-02-14T16:31:00Z;6920;6922;6922;6919;6;
9978b56f-782a-4a80-a4b1-a48cbecfd194;2024-02-14T16:32:00Z;6922;6924;6924;6922;105;
9978b56f-782a-4a80-a4b1-a48cbecfd194;2024-02-14T16:33:00Z;6920;6920;6920;6920;1;
9978b56f-782a-4a80-a4b1-a48cbecfd194;2024-02-14T16:35:00Z;6923;6923;6923;6920;10;
9978b56f-782a-4a80-a4b1-a48cbecfd194;2024-02-14T16:36:00Z;6923;6923;6923;6923;5;
9978b56f-782a-4a80-a4b1-a48cbecfd194;2024-02-14T16:37:00Z;6923;6923;6935;6923;306;
9978b56f-782a-4a80-a4b1-a48cbecfd194;2024-02-14T16:38:00Z;6923;6924;6924;6923;47;
9978b56f-782a-4a80-a4b1-a48cbecfd194;2024-02-14T16:39:00Z;6924;6924;6924;6924;1;
9978b56f-782a-4a80-a4b1-a48cbecfd194;2024-02-14T16:40:00Z;6923;6920;6923;6920;13;
9978b56f-782a-4a80-a4b1-a48cbecfd194;2024-02-14T16:41:00Z;6924;6921;6924;6920;16;
9978b56f-782a-4a80-a4b1-a48cbecfd194;2024-02-14T16:42:00Z;6922;6923;6924;6922;17;
9978b56f-782a-4a80-a4b1-a48cbecfd194;2024-02-14T16:43:00Z;6923;6922;6923;6917;75;
9978b56f-782a-4a80-a4b1-a48cbecfd194;2024-02-14T16:44:00Z;6921;6918;6923;6918;56;
9978b56f-782a-4a80-a4b1-a48cbecfd194;2024-02-14T16:45:00Z;6918;6920;6920;6918;2;
9978b56f-782a-4a80-a4b1-a48cbecfd194;2024-02-14T16:46:00Z;6918;6921;6921;6918;5;
9978b56f-782a-4a80-a4b1-a48cbecfd194;2024-02-14T16:47:00Z;6918;6921;6921;6918;2;
9978b56f-782a-4a80-a4b1-a48cbecfd194;2024-02-14T16:48:00Z;6922;6922;6922;6922;1;
9978b56f-782a-4a80-a4b1-a48cbecfd194;2024-02-14T16:49:00Z;6921;6919;6921;6919;10;
9978b56f-782a-4a80-a4b1-a48cbecfd194;2024-02-14T16:50:00Z;6918;6920;6920;6917;6;
9978b56f-782a-4a80-a4b1-a48cbecfd194;2024-02-14T16:51:00Z;6920;6918;6920;6918;7;
9978b56f-782a-4a80-a4b1-a48cbecfd194;2024-02-14T16:53:00Z;6920;6923;6923;6920;11;
9978b56f-782a-4a80-a4b1-a48cbecfd194;2024-02-14T16:54:00Z;6922;6922;6922;6922;3;
9978b56f-782a-4a80-a4b1-a48cbecfd194;2024-02-14T16:55:00Z;6922;6920;6922;6920;22;
9978b56f-782a-4a80-a4b1-a48cbecfd194;2024-02-14T16:56:00Z;6922;6920;6923;6920;8;
9978b56f-782a-4a80-a4b1-a48cbecfd194;2024-02-14T16:57:00Z;6923;6923;6923;6923;3;
9978b56f-782a-4a80-a4b1-a48cbecfd194;2024-02-14T16:58:00Z;6923;6923;6923;6923;16;
9978b56f-782a-4a80-a4b1-a48cbecfd194;2024-02-14T17:01:00Z;6923;6924;6924;6923;46;
9978b56f-782a-4a80-a4b1-a48cbecfd194;2024-02-14T17:02:00Z;6922;6922;6924;6921;4;
9978b56f-782a-4a80-a4b1-a48cbecfd194;2024-02-14T17:03:00Z;6922;6922;6922;6922;1;
9978b56f-782a-4a80-a4b1-a48cbecfd194;2024-02-14T17:04:00Z;6921;6921;6921;6921;2;
9978b56f-782a-4a80-a4b1-a48cbecfd194;2024-02-14T17:05:00Z;6921;6922;6922;6921;5;
9978b56f-782a-4a80-a4b1-a48cbecfd194;2024-02-14T17:06:00Z;6921;6922;6922;6921;4;
9978b56f-782a-4a80-a4b1-a48cbecfd194;2024-02-14T17:08:00Z;6921;6921;6921;6921;5;
9978b56f-782a-4a80-a4b1-a48cbecfd194;2024-02-14T17:09:00Z;6921;6922;6922;6921;25;
9978b56f-782a-4a80-a4b1-a48cbecfd194;2024-02-14T17:10:00Z;6923;6922;6924;6922;6;
9978b56f-782a-4a80-a4b1-a48cbecfd194;2024-02-14T17:12:00Z;6923;6923;6923;6923;3;
9978b56f-782a-4a80-a4b1-a48cbecfd194;2024-02-14T17:13:00Z;6922;6924;6924;6922;13;
9978b56f-782a-4a80-a4b1-a48cbecfd194;2024-02-14T17:14:00Z;6922;6922;6922;6922;9;
9978b56f-782a-4a80-a4b1-a48cbecfd194;2024-02-14T17:15:00Z;6924;6924;6924;6922;6;
9978b56f-782a-4a80-a4b1-a48cbecfd194;2024-02-14T17:16:00Z;6922;6924;6924;6922;10;
9978b56f-782a-4a80-a4b1-a48cbecfd194;2024-02-14T17:17:00Z;6923;6922;6923;6922;4;
9978b56f-782a-4a80-a4b1-a48cbecfd194;2024-02-14T17:18:00Z;6922;6922;6922;6922;2;
9978b56f-782a-4a80-a4b1-a48cbecfd194;2024-02-14T17:19:00Z;6923;6926;6926;6922;58;
9978b56f-782a-4a80-a4b1-a48cbecfd194;2024-02-14T17:20:00Z;6926;6926;6926;6926;7;
9978b56f-782a-4a80-a4b1-a48cbecfd194;2024-02-14T17:22:00Z;6926;6926;6926;6926;8;
9978b56f-782a-4a80-a4b1-a48cbecfd194;2024-02-14T17:23:00Z;6923;6923;6923;6923;1;
9978b56f-782a-4a80-a4b1-a48cbecfd194;2024-02-14T17:24:00Z;6926;6932;6932;6926;53;
9978b56f-782a-4a80-a4b1-a48cbecfd194;2024-02-14T17:25:00Z;6933;6933;6933;6933;10;
9978b56f-782a-4a80-a4b1-a48cbecfd194;2024-02-14T17:26:00Z;6932;6932;6932;6932;5;
9978b56f-782a-4a80-a4b1-a48cbecfd194;2024-02-14T17:27:00Z;6933;6932;6933;6932;21;
9978b56f-782a-4a80-a4b1-a48cbecfd194;2024-02-14T17:28:00Z;6933;6933;6933;6933;5;
9978b56f-782a-4a80-a4b1-a48cbecfd194;2024-02-14T17:30:00Z;6933;6933;6933;6933;5;
9978b56f-782a-4a80-a4b1-a48cbecfd194;2024-02-14T17:31:00Z;6932;6933;6933;6932;2;
9978b56f-782a-4a80-a4b1-a48cbecfd194;2024-02-14T17:32:00Z;6933;6933;6933;6933;10;
9978b56f-782a-4a80-a4b1-a48cbecfd194;2024-02-14T17:33:00Z;6932;6932;6933;6932;79;
9978b56f-782a-4a80-a4b1-a48cbecfd194;2024-02-14T17:34:00Z;6932;6937;6938;6932;35;
9978b56f-782a-4a80-a4b1-a48cbecfd194;2024-02-14T17:36:00Z;6936;6933;6936;6933;37;
9978b56f-782a-4a80-a4b1-a48cbecfd194;2024-02-14T17:37:00Z;6933;6936;6936;6933;9;
9978b56f-782a-4a80-a4b1-a48cbecfd194;2024-02-14T17:38:00Z;6936;6936;6936;6936;5;
9978b56f-782a-4a80-a4b1-a48cbecfd194;2024-02-14T17:40:00Z;6934;6934;6934;6934;1;
9978b56f-782a-4a80-a4b1-a48cbecfd194;2024-02-14T17:41:00Z;6934;6934;6934;6934;2;
9978b56f-782a-4a80-a4b1-a48cbecfd194;2024-02-14T17:42:00Z;6934;6934;6934;6934;11;
9978b56f-782a-4a80-a4b1-a48cbecfd194;2024-02-14T17:44:00Z;6936;6936;6936;6936;2;
9978b56f-782a-4a80-a4b1-a48cbecfd194;2024-02-14T17:45:00Z;6936;6942;6943;6936;102;
9978b56f-782a-4a80-a4b1-a48cbecfd194;2024-02-14T17:46:00Z;6939;6940;6940;6939;17;
9978b56f-782a-4a80-a4b1-a48cbecfd194;2024-02-14T17:47:00Z;6940;6937;6940;6937;9;
9978b56f-782a-4a80-a4b1-a48cbecfd194;2024-02-14T17:48:00Z;6939;6938;6939;6938;25;
9978b56f-782a-4a80-a4b1-a48cbecfd194;2024-02-14T17:49:00Z;6940;6940;6940;6940;3;
9978b56f-782a-4a80-a4b1-a48cbecfd194;2024-02-14T17:50:00Z;6938;6937;6938;6937;3;
9978b56f-782a-4a80-a4b1-a48cbecfd194;2024-02-14T17:51:00Z;6939;6939;6939;6937;6;
9978b56f-782a-4a80-a4b1-a48cbecfd194;2024-02-14T17:52:00Z;6938;6938;6938;6938;1;
9978b56f-782a-4a80-a4b1-a48cbecfd194;2024-02-14T17:53:00Z;6938;6938;6938;6938;7;
9978b56f-782a-4a80-a4b1-a48cbecfd194;2024-02-14T17:54:00Z;6939;6939;6941;6939;58;
9978b56f-782a-4a80-a4b1-a48cbecfd194;2024-02-14T17:55:00Z;6942;6939;6942;6939;12;
9978b56f-782a-4a80-a4b1-a48cbecfd194;2024-02-14T17:57:00Z;6942;6942;6942;6942;24;
9978b56f-782a-4a80-a4b1-a48cbecfd194;2024-02-14T17:58:00Z;6941;6942;6942;6941;2;
9978b56f-782a-4a80-a4b1-a48cbecfd194;2024-02-14T17:59:00Z;6942;6943;6943;6942;101;
9978b56f-782a-4a80-a4b1-a48cbecfd194;2024-02-14T18:00:00Z;6941;6943;6943;6941;18;
9978b56f-782a-4a80-a4b1-a48cbecfd194;2024-02-14T18:01:00Z;6941;6941;6942;6941;6;
9978b56f-782a-4a80-a4b1-a48cbecfd194;2024-02-14T18:02:00Z;6941;6941;6941;6941;2;
9978b56f-782a-4a80-a4b1-a48cbecfd194;2024-02-14T18:03:00Z;6942;6942;6942;6942;28;
9978b56f-782a-4a80-a4b1-a48cbecfd194;2024-02-14T18:04:00Z;6942;6943;6943;6942;45;
9978b56f-782a-4a80-a4b1-a48cbecfd194;2024-02-14T18:05:00Z;6941;6943;6943;6941;3;
9978b56f-782a-4a80-a4b1-a48cbecfd194;2024-02-14T18:06:00Z;6942;6944;6944;6942;51;
9978b56f-782a-4a80-a4b1-a48cbecfd194;2024-02-14T18:08:00Z;6944;6944;6944;6944;1;
9978b56f-782a-4a80-a4b1-a48cbecfd194;2024-02-14T18:09:00Z;6944;6944;6944;6944;3;
9978b56f-782a-4a80-a4b1-a48cbecfd194;2024-02-14T18:10:00Z;6943;6943;6943;6943;8;
9978b56f-782a-4a80-a4b1-a48cbecfd194;2024-02-14T18:11:00Z;6942;6943;6943;6942;23;
9978b56f-782a-4a80-a4b1-a48cbecfd194;2024-02-14T18:12:00Z;6942;6944;6944;6939;83;
9978b56f-782a-4a80-a4b1-a48cbecfd194;2024-02-14T18:13:00Z;6943;6938;6943;6938;52;
9978b56f-782a-4a80-a4b1-a48cbecfd194;2024-02-14T18:14:00Z;6938;6938;6938;6938;23;
9978b56f-782a-4a80-a4b1-a48cbecfd194;2024-02-14T18:15:00Z;6937;6938;6938;6936;106;
9978b56f-782a-4a80-a4b1-a48cbecfd194;2024-02-14T18:18:00Z;6938;6937;6938;6937;20;
9978b56f-782a-4a80-a4b1-a48cbecfd194;2024-02-14T18:19:00Z;6937;6938;6938;6937;7;
9978b56f-782a-4a80-a4b1-a48cbecfd194;2024-02-14T18:21:00Z;6938;6938;6938;6938;14;
9978b56f-782a-4a80-a4b1-a48cbecfd194;2024-02-14T18:22:00Z;6938;6938;6938;6938;1;
9978b56f-782a-4a80-a4b1-a48cbecfd194;2024-02-14T18:23:00Z;6938;6936;6938;6936;50;
9978b56f-782a-4a80-a4b1-a48cbecfd194;2024-02-14T18:25:00Z;6939;6939;6939;6939;4;
9978b56f-782a-4a80-a4b1-a48cbecfd194;2024-02-14T18:26:00Z;6939;6940;6940;6939;16;
9978b56f-782a-4a80-a4b1-a48cbecfd194;2024-02-14T18:27:00Z;6940;6939;6940;6939;7;
9978b56f-782a-4a80-a4b1-a48cbecfd194;2024-02-14T18:28:00Z;6940;6940;6940;6940;3;
9978b56f-782a-4a80-a4b1-a48cbecfd194;2024-02-14T18:29:00Z;6940;6940;6940;6940;85;
9978b56f-782a-4a80-a4b1-a48cbecfd194;2024-02-14T18:30:00Z;6940;6940;6940;6940;5;
9978b56f-782a-4a80-a4b1-a48cbecfd194;2024-02-14T18:31:00Z;6940;6941;6941;6940;2;
9978b56f-782a-4a80-a4b1-a48cbecfd194;2024-02-14T18:32:00Z;6941;6939;6941;6937;54;
9978b56f-782a-4a80-a4b1-a48cbecfd194;2024-02-14T18:33:00Z;6937;6937;6937;6937;1;
9978b56f-782a-4a80-a4b1-a48cbecfd194;2024-02-14T18:34:00Z;6937;6936;6937;6936;50;
9978b56f-782a-4a80-a4b1-a48cbecfd194;2024-02-14T18:35:00Z;6937;6940;6940;6937;25;
9978b56f-782a-4a80-a4b1-a48cbecfd194;2024-02-14T18:36:00Z;6939;6939;6940;6939;15;
9978b56f-782a-4a80-a4b1-a48cbecfd194;2024-02-14T18:37:00Z;6936;6936;6936;6936;2;
9978b56f-782a-4a80-a4b1-a48cbecfd194;2024-02-14T18:38:00Z;6939;6939;6939;6939;4;
9978b56f-782a-4a80-a4b1-a48cbecfd194;2024-02-14T18:39:00Z;6939;6939;6939;6939;2;
9978b56f-782a-4a80-a4b1-a48cbecfd194;2024-02-14T18:41:00Z;6939;6939;6939;6939;2;
9978b56f-782a-4a80-a4b1-a48cbecfd194;2024-02-14T18:42:00Z;6939;6939;6939;6939;1;
9978b56f-782a-4a80-a4b1-a48cbecfd194;2024-02-14T18:43:00Z;6937;6937;6937;6937;1;
9978b56f-782a-4a80-a4b1-a48cbecfd194;2024-02-14T18:44:00Z;6939;6938;6939;6938;4;
9978b56f-782a-4a80-a4b1-a48cbecfd194;2024-02-14T18:45:00Z;6937;6937;6937;6937;1;
9978b56f-782a-4a80-a4b1-a48cbecfd194;2024-02-14T18:47:00Z;6936;6932;6936;6932;273;
9978b56f-782a-4a80-a4b1-a48cbecfd194;2024-02-14T18:48:00Z;6932;6932;6932;6932;1;
9978b56f-782a-4a80-a4b1-a48cbecfd194;2024-02-14T18:49:00Z;6932;6933;6933;6932;15;
9978b56f-782a-4a80-a4b1-a48cbecfd194;2024-02-14T18:50:00Z;6933;6932;6933;6932;50;
9978b56f-782a-4a80-a4b1-a48cbecfd194;2024-02-14T18:51:00Z;6933;6933;6933;6933;57;
9978b56f-782a-4a80-a4b1-a48cbecfd194;2024-02-14T18:52:00Z;6932;6933;6933;6932;39;
9978b56f-782a-4a80-a4b1-a48cbecfd194;2024-02-14T18:53:00Z;6932;6932;6932;6932;51;
9978b56f-782a-4a80-a4b1-a48cbecfd194;2024-02-14T18:54:00Z;6932;6932;6932;6932;37;
9978b56f-782a-4a80-a4b1-a48cbecfd194;2024-02-14T18:55:00Z;6932;6930;6932;6930;7;
9978b56f-782a-4a80-a4b1-a48cbecfd194;2024-02-14T18:56:00Z;6931;6930;6932;6930;41;
9978b56f-782a-4a80-a4b1-a48cbecfd194;2024-02-14T18:57:00Z;6932;6932;6932;6932;1;
9978b56f-782a-4a80-a4b1-a48cbecfd194;2024-02-14T18:58:00Z;6931;6933;6933;6930;11;
9978b56f-782a-4a80-a4b1-a48cbecfd194;2024-02-14T18:59:00Z;6930;6930;6930;6930;5;
9978b56f-782a-4a80-a4b1-a48cbecfd194;2024-02-14T19:00:00Z;6933;6933;6933;6931;111;
9978b56f-782a-4a80-a4b1-a48cbecfd194;2024-02-14T19:01:00Z;6933;6932;6933;6932;81;
9978b56f-782a-4a80-a4b1-a48cbecfd194;2024-02-14T19:02:00Z;6930;6930;6930;6930;103;
9978b56f-782a-4a80-a4b1-a48cbecfd194;2024-02-14T19:03:00Z;6936;6936;6936;6936;1;
9978b56f-782a-4a80-a4b1-a48cbecfd194;2024-02-14T19:04:00Z;6930;6930;6931;6930;13;
9978b56f-782a-4a80-a4b1-a48cbecfd194;2024-02-14T19:05:00Z;6930;6930;6930;6930;6;
9978b56f-782a-4a80-a4b1-a48cbecfd194;2024-02-14T19:06:00Z;6930;6931;6931;6930;21;
9978b56f-782a-4a80-a4b1-a48cbecfd194;2024-02-14T19:07:00Z;6931;6931;6931;6931;1;
9978b56f-782a-4a80-a4b1-a48cbecfd194;2024-02-14T19:08:00Z;6931;6924;6931;6924;31;
9978b56f-782a-4a80-a4b1-a48cbecfd194;2024-02-14T19:09:00Z;6924;6922;6924;6922;33;
9978b56f-782a-4a80-a4b1-a48cbecfd194;2024-02-14T19:10:00Z;6922;6923;6926;6922;9;
9978b56f-782a-4a80-a4b1-a48cbecfd194;2024-02-14T19:12:00Z;6927;6927;6927;6927;2;
9978b56f-782a-4a80-a4b1-a48cbecfd194;2024-02-14T19:13:00Z;6924;6924;6924;6924;16;
9978b56f-782a-4a80-a4b1-a48cbecfd194;2024-02-14T19:14:00Z;6927;6927;6927;6927;1;
9978b56f-782a-4a80-a4b1-a48cbecfd194;2024-02-14T19:15:00Z;6924;6924;6924;6924;4;
9978b56f-782a-4a80-a4b1-a48cbecfd194;2024-02-14T19:17:00Z;6924;6923;6924;6923;2;
9978b56f-782a-4a80-a4b1-a48cbecfd194;2024-02-14T19:18:00Z;6925;6925;6925;6925;4;
9978b56f-782a-4a80-a4b1-a48cbecfd194;2024-02-14T19:19:00Z;6925;6927;6927;6924;38;
9978b56f-782a-4a80-a4b1-a48cbecfd194;2024-02-14T19:21:00Z;6927;6924;6927;6924;3;
9978b56f-782a-4a80-a4b1-a48cbecfd194;2024-02-14T19:23:00Z;6924;6924;6924;6924;1;
9978b56f-782a-4a80-a4b1-a48cbecfd194;2024-02-14T19:26:00Z;6927;6924;6927;6924;18;
9978b56f-782a-4a80-a4b1-a48cbecfd194;2024-02-14T19:27:00Z;6924;6924;6927;6924;5;
9978b56f-782a-4a80-a4b1-a48cbecfd194;2024-02-14T19:28:00Z;6927;6924;6927;6924;31;
9978b56f-782a-4a80-a4b1-a48cbecfd194;2024-02-14T19:29:00Z;6927;6928;6928;6927;80;
9978b56f-782a-4a80-a4b1-a48cbecfd194;2024-02-14T19:31:00Z;6925;6928;6928;6925;3;
9978b56f-782a-4a80-a4b1-a48cbecfd194;2024-02-14T19:32:00Z;6925;6916;6925;6916;200;
9978b56f-782a-4a80-a4b1-a48cbecfd194;2024-02-14T19:33:00Z;6917;6922;6922;6917;6;
9978b56f-782a-4a80-a4b1-a48cbecfd194;2024-02-14T19:34:00Z;6924;6924;6924;6920;3;
9978b56f-782a-4a80-a4b1-a48cbecfd194;2024-02-14T19:35:00Z;6920;6920;6920;6920;3;
9978b56f-782a-4a80-a4b1-a48cbecfd194;2024-02-14T19:36:00Z;6919;6919;6919;6919;15;
9978b56f-782a-4a80-a4b1-a48cbecfd194;2024-02-14T19:37:00Z;6920;6918;6920;6918;60;
9978b56f-782a-4a80-a4b1-a48cbecfd194;2024-02-14T19:38:00Z;6923;6924;6924;6922;9;
9978b56f-782a-4a80-a4b1-a48cbecfd194;2024-02-14T19:39:00Z;6924;6924;6924;6924;1;
9978b56f-782a-4a80-a4b1-a48cbecfd194;2024-02-14T19:41:00Z;6926;6926;6926;6926;1;
9978b56f-782a-4a80-a4b1-a48cbecfd194;2024-02-14T19:42:00Z;6924;6925;6926;6923;18;
9978b56f-782a-4a80-a4b1-a48cbecfd194;2024-02-14T19:43:00Z;6927;6927;6927;6927;4;
9978b56f-782a-4a80-a4b1-a48cbecfd194;2024-02-14T19:44:00Z;6928;6928;6928;6928;1;
9978b56f-782a-4a80-a4b1-a48cbecfd194;2024-02-14T19:45:00Z;6925;6925;6925;6925;4;
9978b56f-782a-4a80-a4b1-a48cbecfd194;2024-02-14T19:46:00Z;6925;6925;6925;6925;1;
9978b56f-782a-4a80-a4b1-a48cbecfd194;2024-02-14T19:47:00Z;6927;6928;6928;6927;2;
9978b56f-782a-4a80-a4b1-a48cbecfd194;2024-02-14T19:50:00Z;6928;6929;6929;6928;10;
9978b56f-782a-4a80-a4b1-a48cbecfd194;2024-02-14T19:51:00Z;6930;6930;6930;6926;20;
9978b56f-782a-4a80-a4b1-a48cbecfd194;2024-02-14T19:53:00Z;6926;6926;6926;6926;2;
9978b56f-782a-4a80-a4b1-a48cbecfd194;2024-02-14T19:55:00Z;6926;6926;6926;6926;14;
9978b56f-782a-4a80-a4b1-a48cbecfd194;2024-02-14T19:58:00Z;6926;6926;6926;6926;3;
9978b56f-782a-4a80-a4b1-a48cbecfd194;2024-02-14T19:59:00Z;6926;6926;6926;6926;12;
9978b56f-782a-4a80-a4b1-a48cbecfd194;2024-02-14T20:00:00Z;6926;6927;6927;6926;3;
9978b56f-782a-4a80-a4b1-a48cbecfd194;2024-02-14T20:01:00Z;6927;6927;6927;6927;2;
9978b56f-782a-4a80-a4b1-a48cbecfd194;2024-02-14T20:03:00Z;6927;6926;6927;6926;4;
9978b56f-782a-4a80-a4b1-a48cbecfd194;2024-02-14T20:04:00Z;6926;6926;6926;6926;1;
9978b56f-782a-4a80-a4b1-a48cbecfd194;2024-02-14T20:05:00Z;6926;6926;6926;6926;3;
9978b56f-782a-4a80-a4b1-a48cbecfd194;2024-02-14T20:06:00Z;6927;6928;6928;6927;106;
9978b56f-782a-4a80-a4b1-a48cbecfd194;2024-02-14T20:07:00Z;6928;6931;6931;6928;100;
9978b56f-782a-4a80-a4b1-a48cbecfd194;2024-02-14T20:08:00Z;6930;6926;6930;6926;4;
9978b56f-782a-4a80-a4b1-a48cbecfd194;2024-02-14T20:09:00Z;6928;6930;6930;6926;86;
9978b56f-782a-4a80-a4b1-a48cbecfd194;2024-02-14T20:10:00Z;6931;6930;6931;6930;30;
9978b56f-782a-4a80-a4b1-a48cbecfd194;2024-02-14T20:11:00Z;6926;6930;6930;6926;7;
9978b56f-782a-4a80-a4b1-a48cbecfd194;2024-02-14T20:14:00Z;6927;6926;6927;6926;7;
9978b56f-782a-4a80-a4b1-a48cbecfd194;2024-02-14T20:16:00Z;6926;6926;6926;6926;2;
9978b56f-782a-4a80-a4b1-a48cbecfd194;2024-02-14T20:17:00Z;6926;6926;6926;6926;5;
9978b56f-782a-4a80-a4b1-a48cbecfd194;2024-02-14T20:18:00Z;6926;6925;6926;6924;34;
9978b56f-782a-4a80-a4b1-a48cbecfd194;2024-02-14T20:20:00Z;6923;6923;6923;6923;1;
9978b56f-782a-4a80-a4b1-a48cbecfd194;2024-02-14T20:21:00Z;6924;6924;6924;6924;2;
9978b56f-782a-4a80-a4b1-a48cbecfd194;2024-02-14T20:22:00Z;6924;6923;6924;6923;4;
9978b56f-782a-4a80-a4b1-a48cbecfd194;2024-02-14T20:23:00Z;6923;6923;6923;6922;25;
9978b56f-782a-4a80-a4b1-a48cbecfd194;2024-02-14T20:24:00Z;6923;6918;6923;6917;212;
9978b56f-782a-4a80-a4b1-a48cbecfd194;2024-02-14T20:25:00Z;6918;6918;6918;6918;1;
9978b56f-782a-4a80-a4b1-a48cbecfd194;2024-02-14T20:26:00Z;6917;6923;6923;6917;103;
9978b56f-782a-4a80-a4b1-a48cbecfd194;2024-02-14T20:27:00Z;6923;6926;6926;6922;79;
9978b56f-782a-4a80-a4b1-a48cbecfd194;2024-02-14T20:28:00Z;6925;6921;6931;6921;130;
9978b56f-782a-4a80-a4b1-a48cbecfd194;2024-02-14T20:29:00Z;6924;6919;6924;6919;11;
9978b56f-782a-4a80-a4b1-a48cbecfd194;2024-02-14T20:30:00Z;6919;6922;6922;6919;52;
9978b56f-782a-4a80-a4b1-a48cbecfd194;2024-02-14T20:31:00Z;6922;6925;6925;6922;6;
9978b56f-782a-4a80-a4b1-a48cbecfd194;2024-02-14T20:32:00Z;6922;6927;6927;6922;51;
9978b56f-782a-4a80-a4b1-a48cbecfd194;2024-02-14T20:33:00Z;6927;6922;6928;6922;57;
9978b56f-782a-4a80-a4b1-a48cbecfd194;2024-02-14T20:34:00Z;6922;6921;6922;6921;8;
9978b56f-782a-4a80-a4b1-a48cbecfd194;2024-02-14T20:35:00Z;6925;6920;6925;6919;112;
9978b56f-782a-4a80-a4b1-a48cbecfd194;2024-02-14T20:36:00Z;6920;6920;6920;6918;170;
9978b56f-782a-4a80-a4b1-a48cbecfd194;2024-02-14T20:37:00Z;6920;6930;6931;6920;96;
9978b56f-782a-4a80-a4b1-a48cbecfd194;2024-02-14T20:38:00Z;6930;6931;6931;6930;23;
9978b56f-782a-4a80-a4b1-a48cbecfd194;2024-02-14T20:39:00Z;6930;6930;6930;6930;1;
9978b56f-782a-4a80-a4b1-a48cbecfd194;2024-02-14T20:40:00Z;6930;6930;6930;6930;10;
9978b56f-782a-4a80-a4b1-a48cbecfd194;2024-02-14T20:41:00Z;6930;6930;6930;6930;10;
9978b56f-782a-4a80-a4b1-a48cbecfd194;2024-02-14T20:42:00Z;6930;6919;6930;6919;34;
9978b56f-782a-4a80-a4b1-a48cbecfd194;2024-02-14T20:43:00Z;6920;6930;6930;6918;99;
9978b56f-782a-4a80-a4b1-a48cbecfd194;2024-02-14T20:44:00Z;6922;6920;6922;6920;3;
9978b56f-782a-4a80-a4b1-a48cbecfd194;2024-02-14T20:45:00Z;6920;6930;6931;6920;70;
9978b56f-782a-4a80-a4b1-a48cbecfd194;2024-02-14T20:46:00Z;6922;6922;6922;6922;3;
9978b56f-782a-4a80-a4b1-a48cbecfd194;2024-02-14T20:48:00Z;6925;6931;6931;6925;36;
9978b56f-782a-4a80-a4b1-a48cbecfd194;2024-02-14T20:49:00Z;6931;6932;6932;6931;11;
