1c69e020-f3b1-455c-affa-45f8b8049234;2024-07-04T06:59:00Z;60.7;60.7;60.7;60.7;536;
1c69e020-f3b1-455c-affa-45f8b8049234;2024-07-04T07:00:00Z;60.65;60.39;60.7;60.35;11976;
1c69e020-f3b1-455c-affa-45f8b8049234;2024-07-04T07:01:00Z;60.45;60.41;60.57;60.38;8522;
1c69e020-f3b1-455c-affa-45f8b8049234;2024-07-04T07:02:00Z;60.45;60.5;60.5;60.45;1689;
1c69e020-f3b1-455c-affa-45f8b8049234;2024-07-04T07:03:00Z;60.47;60.37;60.5;60.23;11487;
1c69e020-f3b1-455c-affa-45f8b8049234;2024-07-04T07:04:00Z;60.36;59.76;60.37;59.5;185473;
1c69e020-f3b1-455c-affa-45f8b8049234;2024-07-04T07:05:00Z;59.75;59.78;59.79;59.65;67270;
1c69e020-f3b1-455c-affa-45f8b8049234;2024-07-04T07:06:00Z;59.79;59.95;59.95;59.76;32551;
1c69e020-f3b1-455c-affa-45f8b8049234;2024-07-04T07:07:00Z;59.95;60.23;60.26;59.94;54340;
1c69e020-f3b1-455c-affa-45f8b8049234;2024-07-04T07:08:00Z;60.2;60.11;60.29;60.1;17726;
1c69e020-f3b1-455c-affa-45f8b8049234;2024-07-04T07:09:00Z;60.1;60.24;60.24;60.04;8247;
1c69e020-f3b1-455c-affa-45f8b8049234;2024-07-04T07:10:00Z;60.23;60.16;60.35;60.16;17918;
1c69e020-f3b1-455c-affa-45f8b8049234;2024-07-04T07:11:00Z;60.16;60.13;60.2;60.06;12126;
1c69e020-f3b1-455c-affa-45f8b8049234;2024-07-04T07:12:00Z;60.12;60.27;60.27;60.02;10481;
1c69e020-f3b1-455c-affa-45f8b8049234;2024-07-04T07:13:00Z;60.25;60.09;60.26;60.01;11806;
1c69e020-f3b1-455c-affa-45f8b8049234;2024-07-04T07:14:00Z;60.09;60.07;60.18;60.07;3559;
1c69e020-f3b1-455c-affa-45f8b8049234;2024-07-04T07:15:00Z;60.08;60.19;60.19;60.05;10188;
1c69e020-f3b1-455c-affa-45f8b8049234;2024-07-04T07:16:00Z;60.15;60.12;60.19;60.08;4067;
1c69e020-f3b1-455c-affa-45f8b8049234;2024-07-04T07:17:00Z;60.12;60.18;60.25;60.06;16113;
1c69e020-f3b1-455c-affa-45f8b8049234;2024-07-04T07:18:00Z;60.18;60.05;60.2;60.05;15532;
1c69e020-f3b1-455c-affa-45f8b8049234;2024-07-04T07:19:00Z;60.05;60.13;60.15;60.02;13558;
1c69e020-f3b1-455c-affa-45f8b8049234;2024-07-04T07:20:00Z;60.13;60.17;60.17;60.13;8363;
1c69e020-f3b1-455c-affa-45f8b8049234;2024-07-04T07:21:00Z;60.16;60.13;60.17;60.13;1384;
1c69e020-f3b1-455c-affa-45f8b8049234;2024-07-04T07:22:00Z;60.15;60.13;60.16;60.11;830;
1c69e020-f3b1-455c-affa-45f8b8049234;2024-07-04T07:23:00Z;60.13;60.12;60.15;60.11;4595;
1c69e020-f3b1-455c-affa-45f8b8049234;2024-07-04T07:24:00Z;60.12;60.11;60.15;60.1;1600;
1c69e020-f3b1-455c-affa-45f8b8049234;2024-07-04T07:25:00Z;60.13;60.17;60.17;60.12;3692;
1c69e020-f3b1-455c-affa-45f8b8049234;2024-07-04T07:26:00Z;60.17;60.17;60.17;60.13;6217;
1c69e020-f3b1-455c-affa-45f8b8049234;2024-07-04T07:27:00Z;60.15;60.12;60.17;60.12;2759;
1c69e020-f3b1-455c-affa-45f8b8049234;2024-07-04T07:28:00Z;60.12;60.17;60.17;60.12;5634;
1c69e020-f3b1-455c-affa-45f8b8049234;2024-07-04T07:29:00Z;60.15;60.13;60.17;60.12;1571;
1c69e020-f3b1-455c-affa-45f8b8049234;2024-07-04T07:30:00Z;60.13;59.98;60.15;59.95;30837;
1c69e020-f3b1-455c-affa-45f8b8049234;2024-07-04T07:31:00Z;59.98;60.04;60.07;59.94;11531;
1c69e020-f3b1-455c-affa-45f8b8049234;2024-07-04T07:32:00Z;60.01;60.06;60.08;60.01;1327;
1c69e020-f3b1-455c-affa-45f8b8049234;2024-07-04T07:33:00Z;60.06;60.13;60.13;60.03;3878;
1c69e020-f3b1-455c-affa-45f8b8049234;2024-07-04T07:34:00Z;60.11;60.15;60.16;60.07;6146;
1c69e020-f3b1-455c-affa-45f8b8049234;2024-07-04T07:35:00Z;60.16;60.16;60.16;60.08;15351;
1c69e020-f3b1-455c-affa-45f8b8049234;2024-07-04T07:36:00Z;60.16;60.46;60.47;60.15;27007;
1c69e020-f3b1-455c-affa-45f8b8049234;2024-07-04T07:37:00Z;60.45;60.4;60.46;60.39;2885;
1c69e020-f3b1-455c-affa-45f8b8049234;2024-07-04T07:38:00Z;60.4;60.24;60.42;60.24;2403;
1c69e020-f3b1-455c-affa-45f8b8049234;2024-07-04T07:39:00Z;60.23;60.26;60.26;60.2;1544;
1c69e020-f3b1-455c-affa-45f8b8049234;2024-07-04T07:40:00Z;60.24;60.34;60.34;60.24;1435;
1c69e020-f3b1-455c-affa-45f8b8049234;2024-07-04T07:41:00Z;60.34;60.47;60.47;60.31;1091;
1c69e020-f3b1-455c-affa-45f8b8049234;2024-07-04T07:42:00Z;60.44;60.45;60.45;60.38;2819;
1c69e020-f3b1-455c-affa-45f8b8049234;2024-07-04T07:43:00Z;60.45;60.47;60.5;60.45;3367;
1c69e020-f3b1-455c-affa-45f8b8049234;2024-07-04T07:44:00Z;60.48;60.49;60.5;60.48;782;
1c69e020-f3b1-455c-affa-45f8b8049234;2024-07-04T07:45:00Z;60.49;60.64;60.65;60.49;5055;
1c69e020-f3b1-455c-affa-45f8b8049234;2024-07-04T07:46:00Z;60.64;60.58;60.66;60.53;5985;
1c69e020-f3b1-455c-affa-45f8b8049234;2024-07-04T07:47:00Z;60.58;60.62;60.65;60.54;13611;
1c69e020-f3b1-455c-affa-45f8b8049234;2024-07-04T07:48:00Z;60.63;60.78;60.79;60.6;8298;
1c69e020-f3b1-455c-affa-45f8b8049234;2024-07-04T07:49:00Z;60.77;60.75;60.88;60.75;14306;
1c69e020-f3b1-455c-affa-45f8b8049234;2024-07-04T07:50:00Z;60.75;60.66;60.75;60.59;4041;
1c69e020-f3b1-455c-affa-45f8b8049234;2024-07-04T07:51:00Z;60.63;60.54;60.67;60.53;6713;
1c69e020-f3b1-455c-affa-45f8b8049234;2024-07-04T07:52:00Z;60.56;60.59;60.6;60.46;4818;
1c69e020-f3b1-455c-affa-45f8b8049234;2024-07-04T07:53:00Z;60.59;60.52;60.6;60.52;3164;
1c69e020-f3b1-455c-affa-45f8b8049234;2024-07-04T07:54:00Z;60.53;60.47;60.56;60.47;1785;
1c69e020-f3b1-455c-affa-45f8b8049234;2024-07-04T07:55:00Z;60.49;60.49;60.5;60.47;323;
1c69e020-f3b1-455c-affa-45f8b8049234;2024-07-04T07:56:00Z;60.5;60.45;60.5;60.45;1038;
1c69e020-f3b1-455c-affa-45f8b8049234;2024-07-04T07:57:00Z;60.46;60.43;60.46;60.37;5637;
1c69e020-f3b1-455c-affa-45f8b8049234;2024-07-04T07:58:00Z;60.44;60.45;60.45;60.43;380;
1c69e020-f3b1-455c-affa-45f8b8049234;2024-07-04T07:59:00Z;60.45;60.5;60.53;60.44;1337;
1c69e020-f3b1-455c-affa-45f8b8049234;2024-07-04T08:00:00Z;60.53;60.53;60.58;60.5;1636;
1c69e020-f3b1-455c-affa-45f8b8049234;2024-07-04T08:01:00Z;60.53;60.48;60.53;60.48;135;
1c69e020-f3b1-455c-affa-45f8b8049234;2024-07-04T08:02:00Z;60.48;60.55;60.56;60.48;2223;
1c69e020-f3b1-455c-affa-45f8b8049234;2024-07-04T08:03:00Z;60.57;60.69;60.69;60.57;3228;
1c69e020-f3b1-455c-affa-45f8b8049234;2024-07-04T08:04:00Z;60.69;60.7;60.85;60.67;6531;
1c69e020-f3b1-455c-affa-45f8b8049234;2024-07-04T08:05:00Z;60.71;60.65;60.71;60.65;2355;
1c69e020-f3b1-455c-affa-45f8b8049234;2024-07-04T08:06:00Z;60.64;60.69;60.69;60.62;949;
1c69e020-f3b1-455c-affa-45f8b8049234;2024-07-04T08:07:00Z;60.65;60.72;60.78;60.62;7823;
1c69e020-f3b1-455c-affa-45f8b8049234;2024-07-04T08:08:00Z;60.71;60.83;60.88;60.69;2669;
1c69e020-f3b1-455c-affa-45f8b8049234;2024-07-04T08:09:00Z;60.83;60.96;60.99;60.83;28799;
1c69e020-f3b1-455c-affa-45f8b8049234;2024-07-04T08:10:00Z;60.92;60.92;61;60.9;26044;
1c69e020-f3b1-455c-affa-45f8b8049234;2024-07-04T08:11:00Z;60.9;60.74;60.91;60.73;7146;
1c69e020-f3b1-455c-affa-45f8b8049234;2024-07-04T08:12:00Z;60.75;60.74;60.78;60.71;3079;
1c69e020-f3b1-455c-affa-45f8b8049234;2024-07-04T08:13:00Z;60.75;60.82;60.82;60.74;869;
1c69e020-f3b1-455c-affa-45f8b8049234;2024-07-04T08:14:00Z;60.82;60.77;60.86;60.76;1851;
1c69e020-f3b1-455c-affa-45f8b8049234;2024-07-04T08:15:00Z;60.78;60.82;60.85;60.76;2448;
1c69e020-f3b1-455c-affa-45f8b8049234;2024-07-04T08:16:00Z;60.82;60.74;60.86;60.74;2178;
1c69e020-f3b1-455c-affa-45f8b8049234;2024-07-04T08:17:00Z;60.75;60.7;60.75;60.65;2379;
1c69e020-f3b1-455c-affa-45f8b8049234;2024-07-04T08:18:00Z;60.7;60.71;60.71;60.65;2404;
1c69e020-f3b1-455c-affa-45f8b8049234;2024-07-04T08:19:00Z;60.68;60.73;60.82;60.67;4004;
1c69e020-f3b1-455c-affa-45f8b8049234;2024-07-04T08:20:00Z;60.73;60.72;60.73;60.7;61;
1c69e020-f3b1-455c-affa-45f8b8049234;2024-07-04T08:21:00Z;60.72;60.63;60.72;60.63;1742;
1c69e020-f3b1-455c-affa-45f8b8049234;2024-07-04T08:22:00Z;60.65;60.66;60.67;60.64;266;
1c69e020-f3b1-455c-affa-45f8b8049234;2024-07-04T08:23:00Z;60.66;60.67;60.67;60.65;1102;
1c69e020-f3b1-455c-affa-45f8b8049234;2024-07-04T08:24:00Z;60.67;60.67;60.7;60.65;1618;
1c69e020-f3b1-455c-affa-45f8b8049234;2024-07-04T08:25:00Z;60.67;60.74;60.74;60.67;415;
1c69e020-f3b1-455c-affa-45f8b8049234;2024-07-04T08:26:00Z;60.75;60.79;60.85;60.74;2501;
1c69e020-f3b1-455c-affa-45f8b8049234;2024-07-04T08:27:00Z;60.78;60.77;60.83;60.77;1598;
1c69e020-f3b1-455c-affa-45f8b8049234;2024-07-04T08:28:00Z;60.78;60.69;60.78;60.69;896;
1c69e020-f3b1-455c-affa-45f8b8049234;2024-07-04T08:29:00Z;60.69;60.72;60.74;60.67;1696;
1c69e020-f3b1-455c-affa-45f8b8049234;2024-07-04T08:30:00Z;60.71;60.65;60.71;60.65;2024;
1c69e020-f3b1-455c-affa-45f8b8049234;2024-07-04T08:31:00Z;60.66;60.64;60.66;60.64;841;
1c69e020-f3b1-455c-affa-45f8b8049234;2024-07-04T08:32:00Z;60.64;60.64;60.64;60.62;619;
1c69e020-f3b1-455c-affa-45f8b8049234;2024-07-04T08:33:00Z;60.68;60.61;60.68;60.6;2800;
1c69e020-f3b1-455c-affa-45f8b8049234;2024-07-04T08:34:00Z;60.6;60.56;60.6;60.53;2963;
1c69e020-f3b1-455c-affa-45f8b8049234;2024-07-04T08:35:00Z;60.56;60.5;60.58;60.45;5347;
1c69e020-f3b1-455c-affa-45f8b8049234;2024-07-04T08:36:00Z;60.5;60.53;60.59;60.5;3931;
1c69e020-f3b1-455c-affa-45f8b8049234;2024-07-04T08:37:00Z;60.52;60.52;60.53;60.47;802;
1c69e020-f3b1-455c-affa-45f8b8049234;2024-07-04T08:38:00Z;60.52;60.48;60.52;60.48;2052;
1c69e020-f3b1-455c-affa-45f8b8049234;2024-07-04T08:39:00Z;60.47;60.47;60.49;60.47;199;
1c69e020-f3b1-455c-affa-45f8b8049234;2024-07-04T08:40:00Z;60.47;60.45;60.49;60.45;473;
1c69e020-f3b1-455c-affa-45f8b8049234;2024-07-04T08:41:00Z;60.46;60.44;60.47;60.43;311;
1c69e020-f3b1-455c-affa-45f8b8049234;2024-07-04T08:42:00Z;60.43;60.44;60.48;60.41;2132;
1c69e020-f3b1-455c-affa-45f8b8049234;2024-07-04T08:43:00Z;60.44;60.43;60.47;60.43;488;
1c69e020-f3b1-455c-affa-45f8b8049234;2024-07-04T08:44:00Z;60.42;60.41;60.43;60.38;4768;
1c69e020-f3b1-455c-affa-45f8b8049234;2024-07-04T08:45:00Z;60.41;60.32;60.41;60.22;17441;
1c69e020-f3b1-455c-affa-45f8b8049234;2024-07-04T08:46:00Z;60.32;60.36;60.37;60.32;785;
1c69e020-f3b1-455c-affa-45f8b8049234;2024-07-04T08:47:00Z;60.34;60.32;60.35;60.29;1180;
1c69e020-f3b1-455c-affa-45f8b8049234;2024-07-04T08:48:00Z;60.32;60.35;60.35;60.29;262;
1c69e020-f3b1-455c-affa-45f8b8049234;2024-07-04T08:49:00Z;60.35;60.35;60.35;60.34;415;
1c69e020-f3b1-455c-affa-45f8b8049234;2024-07-04T08:50:00Z;60.34;60.3;60.34;60.29;586;
1c69e020-f3b1-455c-affa-45f8b8049234;2024-07-04T08:51:00Z;60.29;60.35;60.35;60.29;1721;
1c69e020-f3b1-455c-affa-45f8b8049234;2024-07-04T08:52:00Z;60.35;60.37;60.39;60.35;2121;
1c69e020-f3b1-455c-affa-45f8b8049234;2024-07-04T08:53:00Z;60.39;60.4;60.4;60.39;3043;
1c69e020-f3b1-455c-affa-45f8b8049234;2024-07-04T08:54:00Z;60.4;60.38;60.4;60.38;334;
1c69e020-f3b1-455c-affa-45f8b8049234;2024-07-04T08:55:00Z;60.38;60.38;60.39;60.36;724;
1c69e020-f3b1-455c-affa-45f8b8049234;2024-07-04T08:56:00Z;60.37;60.35;60.39;60.34;1392;
1c69e020-f3b1-455c-affa-45f8b8049234;2024-07-04T08:57:00Z;60.34;60.35;60.35;60.34;18;
1c69e020-f3b1-455c-affa-45f8b8049234;2024-07-04T08:58:00Z;60.34;60.38;60.38;60.34;179;
1c69e020-f3b1-455c-affa-45f8b8049234;2024-07-04T08:59:00Z;60.38;60.38;60.43;60.38;1683;
1c69e020-f3b1-455c-affa-45f8b8049234;2024-07-04T09:00:00Z;60.38;60.42;60.43;60.36;3443;
1c69e020-f3b1-455c-affa-45f8b8049234;2024-07-04T09:01:00Z;60.39;60.39;60.43;60.39;1103;
1c69e020-f3b1-455c-affa-45f8b8049234;2024-07-04T09:02:00Z;60.41;60.42;60.42;60.39;169;
1c69e020-f3b1-455c-affa-45f8b8049234;2024-07-04T09:03:00Z;60.41;60.43;60.43;60.41;265;
1c69e020-f3b1-455c-affa-45f8b8049234;2024-07-04T09:04:00Z;60.41;60.44;60.44;60.41;498;
1c69e020-f3b1-455c-affa-45f8b8049234;2024-07-04T09:05:00Z;60.43;60.46;60.49;60.43;1838;
1c69e020-f3b1-455c-affa-45f8b8049234;2024-07-04T09:06:00Z;60.44;60.42;60.46;60.42;347;
1c69e020-f3b1-455c-affa-45f8b8049234;2024-07-04T09:07:00Z;60.43;60.41;60.48;60.4;384;
1c69e020-f3b1-455c-affa-45f8b8049234;2024-07-04T09:08:00Z;60.41;60.41;60.41;60.4;944;
1c69e020-f3b1-455c-affa-45f8b8049234;2024-07-04T09:09:00Z;60.4;60.33;60.4;60.33;1257;
1c69e020-f3b1-455c-affa-45f8b8049234;2024-07-04T09:10:00Z;60.33;60.36;60.36;60.31;1300;
1c69e020-f3b1-455c-affa-45f8b8049234;2024-07-04T09:11:00Z;60.35;60.5;60.5;60.33;1129;
1c69e020-f3b1-455c-affa-45f8b8049234;2024-07-04T09:12:00Z;60.49;60.4;60.49;60.4;338;
1c69e020-f3b1-455c-affa-45f8b8049234;2024-07-04T09:13:00Z;60.39;60.48;60.48;60.36;1391;
1c69e020-f3b1-455c-affa-45f8b8049234;2024-07-04T09:14:00Z;60.49;60.43;60.49;60.37;449;
1c69e020-f3b1-455c-affa-45f8b8049234;2024-07-04T09:15:00Z;60.4;60.37;60.44;60.37;375;
1c69e020-f3b1-455c-affa-45f8b8049234;2024-07-04T09:16:00Z;60.37;60.43;60.47;60.37;215;
1c69e020-f3b1-455c-affa-45f8b8049234;2024-07-04T09:17:00Z;60.44;60.44;60.48;60.39;473;
1c69e020-f3b1-455c-affa-45f8b8049234;2024-07-04T09:18:00Z;60.43;60.44;60.44;60.38;159;
1c69e020-f3b1-455c-affa-45f8b8049234;2024-07-04T09:19:00Z;60.4;60.38;60.4;60.38;140;
1c69e020-f3b1-455c-affa-45f8b8049234;2024-07-04T09:20:00Z;60.44;60.4;60.45;60.39;200;
1c69e020-f3b1-455c-affa-45f8b8049234;2024-07-04T09:21:00Z;60.38;60.38;60.38;60.36;370;
1c69e020-f3b1-455c-affa-45f8b8049234;2024-07-04T09:22:00Z;60.38;60.33;60.44;60.33;2198;
1c69e020-f3b1-455c-affa-45f8b8049234;2024-07-04T09:23:00Z;60.32;60.28;60.32;60.28;2217;
1c69e020-f3b1-455c-affa-45f8b8049234;2024-07-04T09:24:00Z;60.28;60.29;60.29;60.25;1467;
1c69e020-f3b1-455c-affa-45f8b8049234;2024-07-04T09:25:00Z;60.29;60.29;60.29;60.27;132;
1c69e020-f3b1-455c-affa-45f8b8049234;2024-07-04T09:26:00Z;60.29;60.29;60.29;60.28;278;
1c69e020-f3b1-455c-affa-45f8b8049234;2024-07-04T09:27:00Z;60.29;60.25;60.29;60.25;719;
1c69e020-f3b1-455c-affa-45f8b8049234;2024-07-04T09:28:00Z;60.25;60.25;60.25;60.24;1335;
1c69e020-f3b1-455c-affa-45f8b8049234;2024-07-04T09:29:00Z;60.24;60.24;60.25;60.24;647;
1c69e020-f3b1-455c-affa-45f8b8049234;2024-07-04T09:30:00Z;60.24;60.25;60.25;60.24;287;
1c69e020-f3b1-455c-affa-45f8b8049234;2024-07-04T09:31:00Z;60.25;60.25;60.25;60.24;1021;
1c69e020-f3b1-455c-affa-45f8b8049234;2024-07-04T09:32:00Z;60.24;60.25;60.25;60.24;650;
1c69e020-f3b1-455c-affa-45f8b8049234;2024-07-04T09:33:00Z;60.24;60.26;60.26;60.24;104;
1c69e020-f3b1-455c-affa-45f8b8049234;2024-07-04T09:34:00Z;60.24;60.22;60.24;60.2;1718;
1c69e020-f3b1-455c-affa-45f8b8049234;2024-07-04T09:35:00Z;60.21;60.25;60.25;60.2;299;
1c69e020-f3b1-455c-affa-45f8b8049234;2024-07-04T09:36:00Z;60.24;60.23;60.29;60.22;869;
1c69e020-f3b1-455c-affa-45f8b8049234;2024-07-04T09:37:00Z;60.23;60.24;60.25;60.23;337;
1c69e020-f3b1-455c-affa-45f8b8049234;2024-07-04T09:38:00Z;60.25;60.23;60.25;60.23;377;
1c69e020-f3b1-455c-affa-45f8b8049234;2024-07-04T09:39:00Z;60.23;60.24;60.25;60.23;66;
1c69e020-f3b1-455c-affa-45f8b8049234;2024-07-04T09:40:00Z;60.25;60.24;60.25;60.24;455;
1c69e020-f3b1-455c-affa-45f8b8049234;2024-07-04T09:41:00Z;60.25;60.24;60.25;60.24;164;
1c69e020-f3b1-455c-affa-45f8b8049234;2024-07-04T09:42:00Z;60.25;60.26;60.27;60.24;1995;
1c69e020-f3b1-455c-affa-45f8b8049234;2024-07-04T09:43:00Z;60.25;60.26;60.26;60.23;2248;
1c69e020-f3b1-455c-affa-45f8b8049234;2024-07-04T09:44:00Z;60.23;60.25;60.25;60.2;812;
1c69e020-f3b1-455c-affa-45f8b8049234;2024-07-04T09:45:00Z;60.24;60.24;60.25;60.24;233;
1c69e020-f3b1-455c-affa-45f8b8049234;2024-07-04T09:46:00Z;60.25;60.2;60.25;60.2;366;
1c69e020-f3b1-455c-affa-45f8b8049234;2024-07-04T09:47:00Z;60.21;60.27;60.27;60.2;1818;
1c69e020-f3b1-455c-affa-45f8b8049234;2024-07-04T09:48:00Z;60.26;60.35;60.37;60.26;2106;
1c69e020-f3b1-455c-affa-45f8b8049234;2024-07-04T09:49:00Z;60.34;60.44;60.48;60.34;8394;
1c69e020-f3b1-455c-affa-45f8b8049234;2024-07-04T09:50:00Z;60.4;60.34;60.4;60.31;2530;
1c69e020-f3b1-455c-affa-45f8b8049234;2024-07-04T09:51:00Z;60.32;60.27;60.32;60.25;3193;
1c69e020-f3b1-455c-affa-45f8b8049234;2024-07-04T09:52:00Z;60.28;60.3;60.33;60.27;566;
1c69e020-f3b1-455c-affa-45f8b8049234;2024-07-04T09:53:00Z;60.33;60.27;60.33;60.27;47;
1c69e020-f3b1-455c-affa-45f8b8049234;2024-07-04T09:54:00Z;60.27;60.27;60.27;60.25;436;
1c69e020-f3b1-455c-affa-45f8b8049234;2024-07-04T09:55:00Z;60.27;60.26;60.28;60.26;39;
1c69e020-f3b1-455c-affa-45f8b8049234;2024-07-04T09:56:00Z;60.26;60.27;60.28;60.25;145;
1c69e020-f3b1-455c-affa-45f8b8049234;2024-07-04T09:57:00Z;60.27;60.28;60.29;60.27;964;
1c69e020-f3b1-455c-affa-45f8b8049234;2024-07-04T09:58:00Z;60.28;60.22;60.29;60.22;1677;
1c69e020-f3b1-455c-affa-45f8b8049234;2024-07-04T09:59:00Z;60.25;60.22;60.25;60.21;226;
1c69e020-f3b1-455c-affa-45f8b8049234;2024-07-04T10:00:00Z;60.24;60.24;60.25;60.23;505;
1c69e020-f3b1-455c-affa-45f8b8049234;2024-07-04T10:01:00Z;60.23;60.23;60.24;60.22;185;
1c69e020-f3b1-455c-affa-45f8b8049234;2024-07-04T10:02:00Z;60.24;60.28;60.28;60.19;1555;
1c69e020-f3b1-455c-affa-45f8b8049234;2024-07-04T10:03:00Z;60.26;60.29;60.29;60.26;174;
1c69e020-f3b1-455c-affa-45f8b8049234;2024-07-04T10:04:00Z;60.29;60.27;60.29;60.27;104;
1c69e020-f3b1-455c-affa-45f8b8049234;2024-07-04T10:05:00Z;60.27;60.24;60.27;60.24;575;
1c69e020-f3b1-455c-affa-45f8b8049234;2024-07-04T10:06:00Z;60.24;60.22;60.24;60.21;317;
1c69e020-f3b1-455c-affa-45f8b8049234;2024-07-04T10:07:00Z;60.21;60.2;60.21;60.19;953;
1c69e020-f3b1-455c-affa-45f8b8049234;2024-07-04T10:08:00Z;60.19;60.17;60.2;60.16;771;
1c69e020-f3b1-455c-affa-45f8b8049234;2024-07-04T10:09:00Z;60.18;60.18;60.18;60.17;967;
1c69e020-f3b1-455c-affa-45f8b8049234;2024-07-04T10:10:00Z;60.17;60.17;60.18;60.17;405;
1c69e020-f3b1-455c-affa-45f8b8049234;2024-07-04T10:11:00Z;60.18;60.15;60.19;60.15;4918;
1c69e020-f3b1-455c-affa-45f8b8049234;2024-07-04T10:12:00Z;60.15;60.11;60.16;60.1;4102;
1c69e020-f3b1-455c-affa-45f8b8049234;2024-07-04T10:13:00Z;60.11;60.14;60.14;60.11;187;
1c69e020-f3b1-455c-affa-45f8b8049234;2024-07-04T10:14:00Z;60.14;60.14;60.14;60.13;361;
1c69e020-f3b1-455c-affa-45f8b8049234;2024-07-04T10:15:00Z;60.13;60.1;60.13;60.07;5979;
1c69e020-f3b1-455c-affa-45f8b8049234;2024-07-04T10:16:00Z;60.1;60.11;60.11;60.08;126;
1c69e020-f3b1-455c-affa-45f8b8049234;2024-07-04T10:17:00Z;60.12;60.12;60.13;60.11;35;
1c69e020-f3b1-455c-affa-45f8b8049234;2024-07-04T10:18:00Z;60.11;60.1;60.11;60.09;145;
1c69e020-f3b1-455c-affa-45f8b8049234;2024-07-04T10:19:00Z;60.1;60.1;60.11;60.09;103;
1c69e020-f3b1-455c-affa-45f8b8049234;2024-07-04T10:20:00Z;60.1;60.12;60.12;60.1;48;
1c69e020-f3b1-455c-affa-45f8b8049234;2024-07-04T10:21:00Z;60.1;60.12;60.12;60.1;198;
1c69e020-f3b1-455c-affa-45f8b8049234;2024-07-04T10:22:00Z;60.12;60.12;60.12;60.09;1268;
1c69e020-f3b1-455c-affa-45f8b8049234;2024-07-04T10:23:00Z;60.14;59.9;60.14;59.85;66475;
1c69e020-f3b1-455c-affa-45f8b8049234;2024-07-04T10:24:00Z;59.91;59.95;59.96;59.9;3173;
1c69e020-f3b1-455c-affa-45f8b8049234;2024-07-04T10:25:00Z;59.95;60;60;59.95;2529;
1c69e020-f3b1-455c-affa-45f8b8049234;2024-07-04T10:26:00Z;60;60.01;60.02;59.99;3439;
1c69e020-f3b1-455c-affa-45f8b8049234;2024-07-04T10:27:00Z;60.02;60;60.03;60;3351;
1c69e020-f3b1-455c-affa-45f8b8049234;2024-07-04T10:28:00Z;60.01;60;60.02;60;5728;
1c69e020-f3b1-455c-affa-45f8b8049234;2024-07-04T10:29:00Z;60.01;59.9;60.01;59.9;9007;
1c69e020-f3b1-455c-affa-45f8b8049234;2024-07-04T10:30:00Z;59.9;59.9;59.91;59.81;6417;
1c69e020-f3b1-455c-affa-45f8b8049234;2024-07-04T10:31:00Z;59.91;59.95;60.02;59.91;11857;
1c69e020-f3b1-455c-affa-45f8b8049234;2024-07-04T10:32:00Z;59.94;59.98;60;59.94;3600;
1c69e020-f3b1-455c-affa-45f8b8049234;2024-07-04T10:33:00Z;59.98;59.99;60;59.98;3904;
1c69e020-f3b1-455c-affa-45f8b8049234;2024-07-04T10:34:00Z;59.99;60.02;60.02;59.98;5469;
1c69e020-f3b1-455c-affa-45f8b8049234;2024-07-04T10:35:00Z;60.02;60;60.03;59.98;2342;
1c69e020-f3b1-455c-affa-45f8b8049234;2024-07-04T10:36:00Z;60.01;60.01;60.07;60.01;1829;
1c69e020-f3b1-455c-affa-45f8b8049234;2024-07-04T10:37:00Z;60.05;60.04;60.07;60.04;2237;
1c69e020-f3b1-455c-affa-45f8b8049234;2024-07-04T10:38:00Z;60.04;60.02;60.05;60.02;726;
1c69e020-f3b1-455c-affa-45f8b8049234;2024-07-04T10:39:00Z;60.05;60.05;60.05;60;762;
1c69e020-f3b1-455c-affa-45f8b8049234;2024-07-04T10:40:00Z;60.05;60.09;60.09;60.04;299;
1c69e020-f3b1-455c-affa-45f8b8049234;2024-07-04T10:41:00Z;60.07;60.12;60.12;60.07;1989;
1c69e020-f3b1-455c-affa-45f8b8049234;2024-07-04T10:42:00Z;60.11;60.08;60.12;60.07;362;
1c69e020-f3b1-455c-affa-45f8b8049234;2024-07-04T10:43:00Z;60.08;60.08;60.1;60.07;1431;
1c69e020-f3b1-455c-affa-45f8b8049234;2024-07-04T10:44:00Z;60.1;60.1;60.11;60.09;655;
1c69e020-f3b1-455c-affa-45f8b8049234;2024-07-04T10:45:00Z;60.11;60.06;60.11;60;5455;
1c69e020-f3b1-455c-affa-45f8b8049234;2024-07-04T10:46:00Z;60.02;60.14;60.15;60.01;2952;
1c69e020-f3b1-455c-affa-45f8b8049234;2024-07-04T10:47:00Z;60.14;60.12;60.14;60.07;188;
1c69e020-f3b1-455c-affa-45f8b8049234;2024-07-04T10:48:00Z;60.09;60.08;60.11;60.08;416;
1c69e020-f3b1-455c-affa-45f8b8049234;2024-07-04T10:49:00Z;60.1;60.07;60.11;60.06;227;
1c69e020-f3b1-455c-affa-45f8b8049234;2024-07-04T10:50:00Z;60.06;60.1;60.13;60.05;884;
1c69e020-f3b1-455c-affa-45f8b8049234;2024-07-04T10:51:00Z;60.1;60.07;60.13;60.07;1710;
1c69e020-f3b1-455c-affa-45f8b8049234;2024-07-04T10:52:00Z;60.12;60.32;60.42;60.09;21317;
1c69e020-f3b1-455c-affa-45f8b8049234;2024-07-04T10:53:00Z;60.31;60.3;60.35;60.3;959;
1c69e020-f3b1-455c-affa-45f8b8049234;2024-07-04T10:54:00Z;60.3;60.38;60.39;60.3;2393;
1c69e020-f3b1-455c-affa-45f8b8049234;2024-07-04T10:55:00Z;60.35;60.22;60.38;60.21;4697;
1c69e020-f3b1-455c-affa-45f8b8049234;2024-07-04T10:56:00Z;60.21;60.23;60.25;60.21;800;
1c69e020-f3b1-455c-affa-45f8b8049234;2024-07-04T10:57:00Z;60.23;60.18;60.23;60.18;1558;
1c69e020-f3b1-455c-affa-45f8b8049234;2024-07-04T10:58:00Z;60.17;60.12;60.17;60.1;1551;
1c69e020-f3b1-455c-affa-45f8b8049234;2024-07-04T10:59:00Z;60.15;60.14;60.17;60.08;2002;
1c69e020-f3b1-455c-affa-45f8b8049234;2024-07-04T11:00:00Z;60.14;60.17;60.17;60.14;80;
1c69e020-f3b1-455c-affa-45f8b8049234;2024-07-04T11:01:00Z;60.17;60.17;60.18;60.17;261;
1c69e020-f3b1-455c-affa-45f8b8049234;2024-07-04T11:02:00Z;60.18;60.17;60.18;60.17;112;
1c69e020-f3b1-455c-affa-45f8b8049234;2024-07-04T11:03:00Z;60.16;60.14;60.16;60.14;291;
1c69e020-f3b1-455c-affa-45f8b8049234;2024-07-04T11:04:00Z;60.14;60.15;60.15;60.14;129;
1c69e020-f3b1-455c-affa-45f8b8049234;2024-07-04T11:05:00Z;60.15;60.15;60.18;60.15;1248;
1c69e020-f3b1-455c-affa-45f8b8049234;2024-07-04T11:06:00Z;60.16;60.18;60.18;60.16;435;
1c69e020-f3b1-455c-affa-45f8b8049234;2024-07-04T11:07:00Z;60.18;60.19;60.2;60.18;210;
1c69e020-f3b1-455c-affa-45f8b8049234;2024-07-04T11:08:00Z;60.19;60.2;60.2;60.17;1006;
1c69e020-f3b1-455c-affa-45f8b8049234;2024-07-04T11:09:00Z;60.17;60.17;60.19;60.17;216;
1c69e020-f3b1-455c-affa-45f8b8049234;2024-07-04T11:10:00Z;60.18;60.18;60.18;60.16;71;
1c69e020-f3b1-455c-affa-45f8b8049234;2024-07-04T11:11:00Z;60.15;60.15;60.18;60.15;136;
1c69e020-f3b1-455c-affa-45f8b8049234;2024-07-04T11:12:00Z;60.16;60.17;60.2;60.15;543;
1c69e020-f3b1-455c-affa-45f8b8049234;2024-07-04T11:13:00Z;60.16;60.19;60.19;60.16;543;
1c69e020-f3b1-455c-affa-45f8b8049234;2024-07-04T11:14:00Z;60.18;60.15;60.18;60.15;5;
1c69e020-f3b1-455c-affa-45f8b8049234;2024-07-04T11:15:00Z;60.15;60.15;60.15;60.15;74;
1c69e020-f3b1-455c-affa-45f8b8049234;2024-07-04T11:16:00Z;60.15;60.11;60.16;60.11;1182;
1c69e020-f3b1-455c-affa-45f8b8049234;2024-07-04T11:17:00Z;60.15;60.04;60.16;60.02;5246;
1c69e020-f3b1-455c-affa-45f8b8049234;2024-07-04T11:18:00Z;60.06;59.94;60.06;59.94;7103;
1c69e020-f3b1-455c-affa-45f8b8049234;2024-07-04T11:19:00Z;59.99;59.98;60;59.98;194;
1c69e020-f3b1-455c-affa-45f8b8049234;2024-07-04T11:20:00Z;59.98;60;60;59.97;270;
1c69e020-f3b1-455c-affa-45f8b8049234;2024-07-04T11:21:00Z;60;60.04;60.05;60;2558;
1c69e020-f3b1-455c-affa-45f8b8049234;2024-07-04T11:22:00Z;60.04;60.07;60.11;60.03;2410;
1c69e020-f3b1-455c-affa-45f8b8049234;2024-07-04T11:23:00Z;60.08;60.11;60.11;60.08;127;
1c69e020-f3b1-455c-affa-45f8b8049234;2024-07-04T11:24:00Z;60.09;60.1;60.11;60.07;160;
1c69e020-f3b1-455c-affa-45f8b8049234;2024-07-04T11:25:00Z;60.07;60.08;60.11;60.07;146;
1c69e020-f3b1-455c-affa-45f8b8049234;2024-07-04T11:26:00Z;60.1;60.08;60.1;60.05;2037;
1c69e020-f3b1-455c-affa-45f8b8049234;2024-07-04T11:27:00Z;60.08;60.11;60.11;60.08;2;
1c69e020-f3b1-455c-affa-45f8b8049234;2024-07-04T11:28:00Z;60.11;60.09;60.11;60.09;31;
1c69e020-f3b1-455c-affa-45f8b8049234;2024-07-04T11:29:00Z;60.09;60.07;60.1;60.07;210;
1c69e020-f3b1-455c-affa-45f8b8049234;2024-07-04T11:30:00Z;60.09;60.09;60.1;60.07;270;
1c69e020-f3b1-455c-affa-45f8b8049234;2024-07-04T11:31:00Z;60.1;60.08;60.1;60.08;725;
1c69e020-f3b1-455c-affa-45f8b8049234;2024-07-04T11:32:00Z;60.08;60.04;60.08;60.04;1241;
1c69e020-f3b1-455c-affa-45f8b8049234;2024-07-04T11:33:00Z;60.04;59.98;60.05;59.98;2446;
1c69e020-f3b1-455c-affa-45f8b8049234;2024-07-04T11:34:00Z;60;60;60.01;60;926;
1c69e020-f3b1-455c-affa-45f8b8049234;2024-07-04T11:35:00Z;60;60;60.01;60;1572;
1c69e020-f3b1-455c-affa-45f8b8049234;2024-07-04T11:36:00Z;60;59.99;60.01;59.98;874;
1c69e020-f3b1-455c-affa-45f8b8049234;2024-07-04T11:37:00Z;59.99;59.99;60;59.97;1486;
1c69e020-f3b1-455c-affa-45f8b8049234;2024-07-04T11:38:00Z;59.96;59.98;59.98;59.95;1427;
1c69e020-f3b1-455c-affa-45f8b8049234;2024-07-04T11:39:00Z;59.98;59.99;59.99;59.98;1000;
1c69e020-f3b1-455c-affa-45f8b8049234;2024-07-04T11:40:00Z;59.99;60;60;59.99;1071;
1c69e020-f3b1-455c-affa-45f8b8049234;2024-07-04T11:41:00Z;59.99;59.95;59.99;59.95;2256;
1c69e020-f3b1-455c-affa-45f8b8049234;2024-07-04T11:42:00Z;59.95;59.91;59.95;59.91;2361;
1c69e020-f3b1-455c-affa-45f8b8049234;2024-07-04T11:43:00Z;59.92;59.86;59.92;59.85;5774;
1c69e020-f3b1-455c-affa-45f8b8049234;2024-07-04T11:44:00Z;59.85;59.8;59.87;59.8;11197;
1c69e020-f3b1-455c-affa-45f8b8049234;2024-07-04T11:45:00Z;59.8;59.83;59.83;59.7;21511;
1c69e020-f3b1-455c-affa-45f8b8049234;2024-07-04T11:46:00Z;59.83;59.79;59.83;59.76;4035;
1c69e020-f3b1-455c-affa-45f8b8049234;2024-07-04T11:47:00Z;59.78;59.75;59.79;59.72;4047;
1c69e020-f3b1-455c-affa-45f8b8049234;2024-07-04T11:48:00Z;59.78;59.99;60;59.77;17226;
1c69e020-f3b1-455c-affa-45f8b8049234;2024-07-04T11:49:00Z;59.99;60;60;59.99;565;
1c69e020-f3b1-455c-affa-45f8b8049234;2024-07-04T11:50:00Z;60;59.99;60;59.99;100;
1c69e020-f3b1-455c-affa-45f8b8049234;2024-07-04T11:51:00Z;60;60;60;59.99;993;
1c69e020-f3b1-455c-affa-45f8b8049234;2024-07-04T11:52:00Z;59.99;60.01;60.01;59.99;2132;
1c69e020-f3b1-455c-affa-45f8b8049234;2024-07-04T11:53:00Z;60;60.05;60.05;59.99;1260;
1c69e020-f3b1-455c-affa-45f8b8049234;2024-07-04T11:54:00Z;60.06;60.08;60.08;60.06;970;
1c69e020-f3b1-455c-affa-45f8b8049234;2024-07-04T11:55:00Z;60.08;60.06;60.08;60.03;658;
1c69e020-f3b1-455c-affa-45f8b8049234;2024-07-04T11:56:00Z;60.06;60.06;60.07;60.05;711;
1c69e020-f3b1-455c-affa-45f8b8049234;2024-07-04T11:57:00Z;60.06;60.04;60.06;60.03;310;
1c69e020-f3b1-455c-affa-45f8b8049234;2024-07-04T11:58:00Z;60.03;59.93;60.03;59.93;2651;
1c69e020-f3b1-455c-affa-45f8b8049234;2024-07-04T11:59:00Z;59.93;59.93;59.96;59.9;1124;
1c69e020-f3b1-455c-affa-45f8b8049234;2024-07-04T12:00:00Z;59.9;59.95;59.98;59.9;195;
1c69e020-f3b1-455c-affa-45f8b8049234;2024-07-04T12:01:00Z;59.94;59.94;59.95;59.93;515;
1c69e020-f3b1-455c-affa-45f8b8049234;2024-07-04T12:02:00Z;59.94;59.94;59.95;59.94;904;
1c69e020-f3b1-455c-affa-45f8b8049234;2024-07-04T12:03:00Z;59.95;60.03;60.05;59.93;3066;
1c69e020-f3b1-455c-affa-45f8b8049234;2024-07-04T12:04:00Z;60.05;59.97;60.06;59.94;995;
1c69e020-f3b1-455c-affa-45f8b8049234;2024-07-04T12:05:00Z;59.97;59.94;59.98;59.94;1157;
1c69e020-f3b1-455c-affa-45f8b8049234;2024-07-04T12:06:00Z;59.97;60.03;60.05;59.96;887;
1c69e020-f3b1-455c-affa-45f8b8049234;2024-07-04T12:07:00Z;60.05;60.05;60.07;60.05;199;
1c69e020-f3b1-455c-affa-45f8b8049234;2024-07-04T12:08:00Z;60.07;60.08;60.09;60.05;372;
1c69e020-f3b1-455c-affa-45f8b8049234;2024-07-04T12:09:00Z;60.08;60.1;60.1;60.08;1031;
1c69e020-f3b1-455c-affa-45f8b8049234;2024-07-04T12:10:00Z;60.1;60.07;60.1;60.07;1129;
1c69e020-f3b1-455c-affa-45f8b8049234;2024-07-04T12:11:00Z;60.06;59.99;60.1;59.99;3258;
1c69e020-f3b1-455c-affa-45f8b8049234;2024-07-04T12:12:00Z;59.99;59.97;59.99;59.95;216;
1c69e020-f3b1-455c-affa-45f8b8049234;2024-07-04T12:13:00Z;59.96;59.96;59.96;59.95;199;
1c69e020-f3b1-455c-affa-45f8b8049234;2024-07-04T12:14:00Z;59.97;59.96;59.99;59.96;589;
1c69e020-f3b1-455c-affa-45f8b8049234;2024-07-04T12:15:00Z;59.96;59.97;59.97;59.96;907;
1c69e020-f3b1-455c-affa-45f8b8049234;2024-07-04T12:16:00Z;59.97;60.09;60.09;59.97;4402;
1c69e020-f3b1-455c-affa-45f8b8049234;2024-07-04T12:17:00Z;60.05;60.08;60.09;60.04;1034;
1c69e020-f3b1-455c-affa-45f8b8049234;2024-07-04T12:18:00Z;60.08;60.05;60.09;60.05;906;
1c69e020-f3b1-455c-affa-45f8b8049234;2024-07-04T12:19:00Z;60.05;60;60.07;60;824;
1c69e020-f3b1-455c-affa-45f8b8049234;2024-07-04T12:20:00Z;60.01;60.01;60.05;60;639;
1c69e020-f3b1-455c-affa-45f8b8049234;2024-07-04T12:21:00Z;60.01;60.01;60.01;60;322;
1c69e020-f3b1-455c-affa-45f8b8049234;2024-07-04T12:22:00Z;60.05;60.05;60.05;60.05;3;
1c69e020-f3b1-455c-affa-45f8b8049234;2024-07-04T12:23:00Z;60.04;59.98;60.04;59.94;3486;
1c69e020-f3b1-455c-affa-45f8b8049234;2024-07-04T12:24:00Z;59.97;60.01;60.01;59.97;155;
1c69e020-f3b1-455c-affa-45f8b8049234;2024-07-04T12:25:00Z;60;60;60.02;60;398;
1c69e020-f3b1-455c-affa-45f8b8049234;2024-07-04T12:26:00Z;59.97;59.97;59.99;59.97;49;
1c69e020-f3b1-455c-affa-45f8b8049234;2024-07-04T12:27:00Z;59.97;60;60;59.97;250;
1c69e020-f3b1-455c-affa-45f8b8049234;2024-07-04T12:28:00Z;60;60.02;60.03;60;171;
1c69e020-f3b1-455c-affa-45f8b8049234;2024-07-04T12:29:00Z;60.04;60.01;60.06;60.01;1033;
1c69e020-f3b1-455c-affa-45f8b8049234;2024-07-04T12:30:00Z;60;59.98;60;59.98;281;
1c69e020-f3b1-455c-affa-45f8b8049234;2024-07-04T12:31:00Z;59.97;59.96;59.98;59.95;674;
1c69e020-f3b1-455c-affa-45f8b8049234;2024-07-04T12:32:00Z;59.97;59.97;59.97;59.96;121;
1c69e020-f3b1-455c-affa-45f8b8049234;2024-07-04T12:33:00Z;59.97;59.94;59.97;59.94;1086;
1c69e020-f3b1-455c-affa-45f8b8049234;2024-07-04T12:34:00Z;59.94;59.93;59.94;59.93;502;
1c69e020-f3b1-455c-affa-45f8b8049234;2024-07-04T12:35:00Z;59.92;59.87;59.92;59.81;2007;
1c69e020-f3b1-455c-affa-45f8b8049234;2024-07-04T12:36:00Z;59.87;59.9;59.95;59.86;1380;
1c69e020-f3b1-455c-affa-45f8b8049234;2024-07-04T12:37:00Z;59.9;59.84;59.95;59.8;8097;
1c69e020-f3b1-455c-affa-45f8b8049234;2024-07-04T12:38:00Z;59.83;59.87;59.95;59.8;9335;
1c69e020-f3b1-455c-affa-45f8b8049234;2024-07-04T12:39:00Z;59.84;59.93;59.93;59.8;14191;
1c69e020-f3b1-455c-affa-45f8b8049234;2024-07-04T12:40:00Z;59.92;59.93;59.94;59.92;2519;
1c69e020-f3b1-455c-affa-45f8b8049234;2024-07-04T12:41:00Z;59.94;59.92;59.94;59.89;513;
1c69e020-f3b1-455c-affa-45f8b8049234;2024-07-04T12:42:00Z;59.92;59.92;59.92;59.9;105;
1c69e020-f3b1-455c-affa-45f8b8049234;2024-07-04T12:43:00Z;59.92;59.93;59.95;59.92;206;
1c69e020-f3b1-455c-affa-45f8b8049234;2024-07-04T12:44:00Z;59.94;59.94;59.99;59.93;3743;
1c69e020-f3b1-455c-affa-45f8b8049234;2024-07-04T12:45:00Z;59.98;59.98;59.98;59.88;2903;
1c69e020-f3b1-455c-affa-45f8b8049234;2024-07-04T12:46:00Z;59.98;59.99;59.99;59.95;887;
1c69e020-f3b1-455c-affa-45f8b8049234;2024-07-04T12:47:00Z;59.99;59.98;59.99;59.97;346;
1c69e020-f3b1-455c-affa-45f8b8049234;2024-07-04T12:48:00Z;59.98;59.98;59.99;59.96;609;
1c69e020-f3b1-455c-affa-45f8b8049234;2024-07-04T12:49:00Z;59.99;59.99;59.99;59.96;24;
1c69e020-f3b1-455c-affa-45f8b8049234;2024-07-04T12:50:00Z;59.99;59.95;59.99;59.95;9;
1c69e020-f3b1-455c-affa-45f8b8049234;2024-07-04T12:51:00Z;59.98;59.98;59.99;59.95;517;
1c69e020-f3b1-455c-affa-45f8b8049234;2024-07-04T12:52:00Z;59.95;59.95;59.95;59.95;21;
1c69e020-f3b1-455c-affa-45f8b8049234;2024-07-04T12:53:00Z;59.97;59.99;59.99;59.97;61;
1c69e020-f3b1-455c-affa-45f8b8049234;2024-07-04T12:54:00Z;59.99;59.98;59.99;59.97;34;
1c69e020-f3b1-455c-affa-45f8b8049234;2024-07-04T12:55:00Z;59.98;59.99;59.99;59.96;495;
1c69e020-f3b1-455c-affa-45f8b8049234;2024-07-04T12:56:00Z;59.99;59.96;59.99;59.96;672;
1c69e020-f3b1-455c-affa-45f8b8049234;2024-07-04T12:57:00Z;59.97;59.98;59.98;59.97;18;
1c69e020-f3b1-455c-affa-45f8b8049234;2024-07-04T12:58:00Z;59.98;59.97;59.98;59.97;26;
1c69e020-f3b1-455c-affa-45f8b8049234;2024-07-04T12:59:00Z;59.97;59.97;59.98;59.97;260;
1c69e020-f3b1-455c-affa-45f8b8049234;2024-07-04T13:00:00Z;59.98;59.97;59.99;59.97;395;
1c69e020-f3b1-455c-affa-45f8b8049234;2024-07-04T13:01:00Z;59.99;59.96;59.99;59.96;1075;
1c69e020-f3b1-455c-affa-45f8b8049234;2024-07-04T13:02:00Z;59.96;59.92;59.96;59.9;2819;
1c69e020-f3b1-455c-affa-45f8b8049234;2024-07-04T13:03:00Z;59.92;59.89;59.92;59.89;1117;
1c69e020-f3b1-455c-affa-45f8b8049234;2024-07-04T13:04:00Z;59.9;59.89;59.91;59.88;1196;
1c69e020-f3b1-455c-affa-45f8b8049234;2024-07-04T13:05:00Z;59.89;59.9;59.9;59.89;747;
1c69e020-f3b1-455c-affa-45f8b8049234;2024-07-04T13:06:00Z;59.89;59.88;59.9;59.88;612;
1c69e020-f3b1-455c-affa-45f8b8049234;2024-07-04T13:07:00Z;59.88;59.88;59.89;59.88;521;
1c69e020-f3b1-455c-affa-45f8b8049234;2024-07-04T13:08:00Z;59.89;59.88;59.89;59.88;2356;
1c69e020-f3b1-455c-affa-45f8b8049234;2024-07-04T13:09:00Z;59.88;59.89;59.89;59.88;413;
1c69e020-f3b1-455c-affa-45f8b8049234;2024-07-04T13:10:00Z;59.88;59.79;59.88;59.77;12284;
1c69e020-f3b1-455c-affa-45f8b8049234;2024-07-04T13:11:00Z;59.79;59.79;59.8;59.76;7192;
1c69e020-f3b1-455c-affa-45f8b8049234;2024-07-04T13:12:00Z;59.8;59.85;59.85;59.79;6726;
1c69e020-f3b1-455c-affa-45f8b8049234;2024-07-04T13:13:00Z;59.84;59.79;59.85;59.78;1521;
1c69e020-f3b1-455c-affa-45f8b8049234;2024-07-04T13:14:00Z;59.78;59.81;59.82;59.78;2404;
1c69e020-f3b1-455c-affa-45f8b8049234;2024-07-04T13:15:00Z;59.81;59.78;59.82;59.78;1353;
1c69e020-f3b1-455c-affa-45f8b8049234;2024-07-04T13:16:00Z;59.79;59.76;59.8;59.76;1702;
1c69e020-f3b1-455c-affa-45f8b8049234;2024-07-04T13:17:00Z;59.79;59.76;59.79;59.75;850;
1c69e020-f3b1-455c-affa-45f8b8049234;2024-07-04T13:18:00Z;59.78;59.73;59.78;59.73;6280;
1c69e020-f3b1-455c-affa-45f8b8049234;2024-07-04T13:19:00Z;59.76;59.77;59.78;59.74;805;
1c69e020-f3b1-455c-affa-45f8b8049234;2024-07-04T13:20:00Z;59.77;59.75;59.77;59.73;2006;
1c69e020-f3b1-455c-affa-45f8b8049234;2024-07-04T13:21:00Z;59.74;59.74;59.78;59.73;4209;
1c69e020-f3b1-455c-affa-45f8b8049234;2024-07-04T13:22:00Z;59.76;59.78;59.78;59.76;349;
1c69e020-f3b1-455c-affa-45f8b8049234;2024-07-04T13:23:00Z;59.78;59.74;59.78;59.74;677;
1c69e020-f3b1-455c-affa-45f8b8049234;2024-07-04T13:24:00Z;59.77;59.76;59.78;59.74;487;
1c69e020-f3b1-455c-affa-45f8b8049234;2024-07-04T13:25:00Z;59.77;59.82;59.82;59.74;2893;
1c69e020-f3b1-455c-affa-45f8b8049234;2024-07-04T13:26:00Z;59.82;59.85;59.86;59.82;3953;
1c69e020-f3b1-455c-affa-45f8b8049234;2024-07-04T13:27:00Z;59.85;59.85;59.86;59.85;2348;
1c69e020-f3b1-455c-affa-45f8b8049234;2024-07-04T13:28:00Z;59.86;59.84;59.86;59.83;1580;
1c69e020-f3b1-455c-affa-45f8b8049234;2024-07-04T13:29:00Z;59.83;59.86;59.86;59.83;1658;
1c69e020-f3b1-455c-affa-45f8b8049234;2024-07-04T13:30:00Z;59.85;59.87;59.87;59.84;850;
1c69e020-f3b1-455c-affa-45f8b8049234;2024-07-04T13:31:00Z;59.87;59.84;59.87;59.84;91;
1c69e020-f3b1-455c-affa-45f8b8049234;2024-07-04T13:32:00Z;59.84;59.83;59.84;59.83;3408;
1c69e020-f3b1-455c-affa-45f8b8049234;2024-07-04T13:33:00Z;59.83;59.84;59.84;59.78;994;
1c69e020-f3b1-455c-affa-45f8b8049234;2024-07-04T13:34:00Z;59.81;59.78;59.82;59.78;1110;
1c69e020-f3b1-455c-affa-45f8b8049234;2024-07-04T13:35:00Z;59.78;59.75;59.78;59.73;1107;
1c69e020-f3b1-455c-affa-45f8b8049234;2024-07-04T13:36:00Z;59.73;59.75;59.75;59.73;2130;
1c69e020-f3b1-455c-affa-45f8b8049234;2024-07-04T13:37:00Z;59.75;59.74;59.75;59.73;1065;
1c69e020-f3b1-455c-affa-45f8b8049234;2024-07-04T13:38:00Z;59.74;59.81;59.81;59.74;3114;
1c69e020-f3b1-455c-affa-45f8b8049234;2024-07-04T13:39:00Z;59.82;59.9;59.9;59.82;1642;
1c69e020-f3b1-455c-affa-45f8b8049234;2024-07-04T13:40:00Z;59.88;59.77;59.9;59.75;10208;
1c69e020-f3b1-455c-affa-45f8b8049234;2024-07-04T13:41:00Z;59.83;59.79;59.86;59.78;3978;
1c69e020-f3b1-455c-affa-45f8b8049234;2024-07-04T13:42:00Z;59.78;59.8;59.85;59.78;3384;
1c69e020-f3b1-455c-affa-45f8b8049234;2024-07-04T13:43:00Z;59.8;59.82;59.84;59.78;836;
1c69e020-f3b1-455c-affa-45f8b8049234;2024-07-04T13:44:00Z;59.81;59.86;59.86;59.8;1136;
1c69e020-f3b1-455c-affa-45f8b8049234;2024-07-04T13:45:00Z;59.85;59.82;59.85;59.82;833;
1c69e020-f3b1-455c-affa-45f8b8049234;2024-07-04T13:46:00Z;59.79;59.7;59.79;59.7;4631;
1c69e020-f3b1-455c-affa-45f8b8049234;2024-07-04T13:47:00Z;59.7;59.66;59.72;59.66;8405;
1c69e020-f3b1-455c-affa-45f8b8049234;2024-07-04T13:48:00Z;59.66;59.67;59.68;59.65;14580;
1c69e020-f3b1-455c-affa-45f8b8049234;2024-07-04T13:49:00Z;59.66;59.72;59.73;59.65;4970;
1c69e020-f3b1-455c-affa-45f8b8049234;2024-07-04T13:50:00Z;59.73;59.84;59.84;59.73;3869;
1c69e020-f3b1-455c-affa-45f8b8049234;2024-07-04T13:51:00Z;59.84;59.66;59.84;59.66;9230;
1c69e020-f3b1-455c-affa-45f8b8049234;2024-07-04T13:52:00Z;59.66;59.64;59.67;59.64;8645;
1c69e020-f3b1-455c-affa-45f8b8049234;2024-07-04T13:53:00Z;59.63;59.61;59.65;59.6;29489;
1c69e020-f3b1-455c-affa-45f8b8049234;2024-07-04T13:54:00Z;59.61;59.66;59.69;59.61;6886;
1c69e020-f3b1-455c-affa-45f8b8049234;2024-07-04T13:55:00Z;59.66;59.75;59.75;59.66;20891;
1c69e020-f3b1-455c-affa-45f8b8049234;2024-07-04T13:56:00Z;59.76;59.73;59.77;59.71;2280;
1c69e020-f3b1-455c-affa-45f8b8049234;2024-07-04T13:57:00Z;59.72;59.63;59.72;59.63;2562;
1c69e020-f3b1-455c-affa-45f8b8049234;2024-07-04T13:58:00Z;59.65;59.69;59.72;59.64;1717;
1c69e020-f3b1-455c-affa-45f8b8049234;2024-07-04T13:59:00Z;59.67;59.72;59.72;59.65;2774;
1c69e020-f3b1-455c-affa-45f8b8049234;2024-07-04T14:00:00Z;59.68;59.6;59.73;59.6;6807;
1c69e020-f3b1-455c-affa-45f8b8049234;2024-07-04T14:01:00Z;59.61;59.6;59.68;59.6;9788;
1c69e020-f3b1-455c-affa-45f8b8049234;2024-07-04T14:02:00Z;59.62;59.6;59.63;59.6;4576;
1c69e020-f3b1-455c-affa-45f8b8049234;2024-07-04T14:03:00Z;59.6;59.5;59.6;59.5;31192;
1c69e020-f3b1-455c-affa-45f8b8049234;2024-07-04T14:04:00Z;59.5;59.24;59.5;59.21;69572;
1c69e020-f3b1-455c-affa-45f8b8049234;2024-07-04T14:05:00Z;59.23;59.25;59.33;59.22;9605;
1c69e020-f3b1-455c-affa-45f8b8049234;2024-07-04T14:06:00Z;59.27;59.37;59.38;59.2;38811;
1c69e020-f3b1-455c-affa-45f8b8049234;2024-07-04T14:07:00Z;59.34;59.44;59.45;59.32;14965;
1c69e020-f3b1-455c-affa-45f8b8049234;2024-07-04T14:08:00Z;59.45;59.36;59.45;59.36;2436;
1c69e020-f3b1-455c-affa-45f8b8049234;2024-07-04T14:09:00Z;59.36;59.45;59.45;59.26;9634;
1c69e020-f3b1-455c-affa-45f8b8049234;2024-07-04T14:10:00Z;59.45;59.41;59.45;59.23;12812;
1c69e020-f3b1-455c-affa-45f8b8049234;2024-07-04T14:11:00Z;59.42;59.45;59.45;59.31;3147;
1c69e020-f3b1-455c-affa-45f8b8049234;2024-07-04T14:12:00Z;59.45;59.41;59.45;59.41;752;
1c69e020-f3b1-455c-affa-45f8b8049234;2024-07-04T14:13:00Z;59.41;59.42;59.44;59.4;3642;
1c69e020-f3b1-455c-affa-45f8b8049234;2024-07-04T14:14:00Z;59.43;59.44;59.45;59.43;1524;
1c69e020-f3b1-455c-affa-45f8b8049234;2024-07-04T14:15:00Z;59.44;59.42;59.45;59.42;1561;
1c69e020-f3b1-455c-affa-45f8b8049234;2024-07-04T14:16:00Z;59.42;59.38;59.43;59.38;4043;
1c69e020-f3b1-455c-affa-45f8b8049234;2024-07-04T14:17:00Z;59.39;59.46;59.46;59.38;1479;
1c69e020-f3b1-455c-affa-45f8b8049234;2024-07-04T14:18:00Z;59.46;59.54;59.58;59.38;16481;
1c69e020-f3b1-455c-affa-45f8b8049234;2024-07-04T14:19:00Z;59.53;59.52;59.57;59.51;3044;
1c69e020-f3b1-455c-affa-45f8b8049234;2024-07-04T14:20:00Z;59.54;59.56;59.58;59.54;1759;
1c69e020-f3b1-455c-affa-45f8b8049234;2024-07-04T14:21:00Z;59.57;59.56;59.58;59.54;1852;
1c69e020-f3b1-455c-affa-45f8b8049234;2024-07-04T14:22:00Z;59.56;59.48;59.57;59.48;974;
1c69e020-f3b1-455c-affa-45f8b8049234;2024-07-04T14:23:00Z;59.47;59.41;59.47;59.35;3000;
1c69e020-f3b1-455c-affa-45f8b8049234;2024-07-04T14:24:00Z;59.4;59.46;59.46;59.38;1688;
1c69e020-f3b1-455c-affa-45f8b8049234;2024-07-04T14:25:00Z;59.45;59.57;59.57;59.45;995;
1c69e020-f3b1-455c-affa-45f8b8049234;2024-07-04T14:26:00Z;59.57;59.58;59.58;59.56;692;
1c69e020-f3b1-455c-affa-45f8b8049234;2024-07-04T14:27:00Z;59.57;59.59;59.65;59.57;2562;
1c69e020-f3b1-455c-affa-45f8b8049234;2024-07-04T14:28:00Z;59.62;59.66;59.66;59.6;1561;
1c69e020-f3b1-455c-affa-45f8b8049234;2024-07-04T14:29:00Z;59.67;59.63;59.8;59.62;9224;
1c69e020-f3b1-455c-affa-45f8b8049234;2024-07-04T14:30:00Z;59.68;59.86;59.86;59.66;9461;
1c69e020-f3b1-455c-affa-45f8b8049234;2024-07-04T14:31:00Z;59.86;59.9;59.92;59.83;11540;
1c69e020-f3b1-455c-affa-45f8b8049234;2024-07-04T14:32:00Z;59.9;59.68;59.91;59.68;10873;
1c69e020-f3b1-455c-affa-45f8b8049234;2024-07-04T14:33:00Z;59.69;59.63;59.75;59.62;9865;
1c69e020-f3b1-455c-affa-45f8b8049234;2024-07-04T14:34:00Z;59.63;59.63;59.63;59.6;11063;
1c69e020-f3b1-455c-affa-45f8b8049234;2024-07-04T14:35:00Z;59.63;59.62;59.63;59.62;3700;
1c69e020-f3b1-455c-affa-45f8b8049234;2024-07-04T14:36:00Z;59.62;59.63;59.63;59.61;6049;
1c69e020-f3b1-455c-affa-45f8b8049234;2024-07-04T14:37:00Z;59.62;59.61;59.63;59.61;2539;
1c69e020-f3b1-455c-affa-45f8b8049234;2024-07-04T14:38:00Z;59.62;59.62;59.62;59.61;440;
1c69e020-f3b1-455c-affa-45f8b8049234;2024-07-04T14:39:00Z;59.62;59.6;59.62;59.6;2173;
1c69e020-f3b1-455c-affa-45f8b8049234;2024-07-04T14:40:00Z;59.62;59.6;59.62;59.57;5963;
1c69e020-f3b1-455c-affa-45f8b8049234;2024-07-04T14:41:00Z;59.6;59.54;59.6;59.54;3940;
1c69e020-f3b1-455c-affa-45f8b8049234;2024-07-04T14:42:00Z;59.54;59.53;59.57;59.51;946;
1c69e020-f3b1-455c-affa-45f8b8049234;2024-07-04T14:43:00Z;59.54;59.55;59.56;59.5;2511;
1c69e020-f3b1-455c-affa-45f8b8049234;2024-07-04T14:44:00Z;59.55;59.5;59.58;59.5;3227;
1c69e020-f3b1-455c-affa-45f8b8049234;2024-07-04T14:45:00Z;59.5;59.46;59.51;59.45;759;
1c69e020-f3b1-455c-affa-45f8b8049234;2024-07-04T14:46:00Z;59.45;59.34;59.45;59.3;4495;
1c69e020-f3b1-455c-affa-45f8b8049234;2024-07-04T14:47:00Z;59.35;59.44;59.44;59.35;2553;
1c69e020-f3b1-455c-affa-45f8b8049234;2024-07-04T14:48:00Z;59.42;59.43;59.43;59.38;69;
1c69e020-f3b1-455c-affa-45f8b8049234;2024-07-04T14:49:00Z;59.4;59.39;59.42;59.37;4496;
1c69e020-f3b1-455c-affa-45f8b8049234;2024-07-04T14:50:00Z;59.42;59.4;59.48;59.4;1257;
1c69e020-f3b1-455c-affa-45f8b8049234;2024-07-04T14:51:00Z;59.4;59.38;59.4;59.36;314;
1c69e020-f3b1-455c-affa-45f8b8049234;2024-07-04T14:52:00Z;59.39;59.4;59.41;59.38;5243;
1c69e020-f3b1-455c-affa-45f8b8049234;2024-07-04T14:53:00Z;59.42;59.39;59.48;59.38;738;
1c69e020-f3b1-455c-affa-45f8b8049234;2024-07-04T14:54:00Z;59.4;59.4;59.44;59.4;1808;
1c69e020-f3b1-455c-affa-45f8b8049234;2024-07-04T14:55:00Z;59.39;59.39;59.39;59.35;3873;
1c69e020-f3b1-455c-affa-45f8b8049234;2024-07-04T14:56:00Z;59.37;59.3;59.45;59.3;12372;
1c69e020-f3b1-455c-affa-45f8b8049234;2024-07-04T14:57:00Z;59.31;59.36;59.38;59.31;220;
1c69e020-f3b1-455c-affa-45f8b8049234;2024-07-04T14:58:00Z;59.33;59.39;59.39;59.31;857;
1c69e020-f3b1-455c-affa-45f8b8049234;2024-07-04T14:59:00Z;59.41;59.39;59.46;59.39;1210;
1c69e020-f3b1-455c-affa-45f8b8049234;2024-07-04T15:00:00Z;59.4;59.4;59.42;59.39;4223;
1c69e020-f3b1-455c-affa-45f8b8049234;2024-07-04T15:01:00Z;59.41;59.41;59.41;59.4;403;
1c69e020-f3b1-455c-affa-45f8b8049234;2024-07-04T15:02:00Z;59.41;59.39;59.41;59.39;642;
1c69e020-f3b1-455c-affa-45f8b8049234;2024-07-04T15:03:00Z;59.4;59.39;59.4;59.39;900;
1c69e020-f3b1-455c-affa-45f8b8049234;2024-07-04T15:04:00Z;59.39;59.32;59.4;59.32;17225;
1c69e020-f3b1-455c-affa-45f8b8049234;2024-07-04T15:05:00Z;59.33;59.29;59.33;59.27;7174;
1c69e020-f3b1-455c-affa-45f8b8049234;2024-07-04T15:06:00Z;59.29;59.3;59.3;59.28;2297;
1c69e020-f3b1-455c-affa-45f8b8049234;2024-07-04T15:07:00Z;59.3;59.31;59.34;59.29;2963;
1c69e020-f3b1-455c-affa-45f8b8049234;2024-07-04T15:08:00Z;59.31;59.33;59.37;59.31;1748;
1c69e020-f3b1-455c-affa-45f8b8049234;2024-07-04T15:09:00Z;59.33;59.36;59.36;59.33;393;
1c69e020-f3b1-455c-affa-45f8b8049234;2024-07-04T15:10:00Z;59.36;59.34;59.38;59.33;1060;
1c69e020-f3b1-455c-affa-45f8b8049234;2024-07-04T15:11:00Z;59.34;59.29;59.34;59.28;2090;
1c69e020-f3b1-455c-affa-45f8b8049234;2024-07-04T15:12:00Z;59.29;59.27;59.3;59.27;1192;
1c69e020-f3b1-455c-affa-45f8b8049234;2024-07-04T15:13:00Z;59.3;59.28;59.3;59.28;5388;
1c69e020-f3b1-455c-affa-45f8b8049234;2024-07-04T15:14:00Z;59.29;59.29;59.3;59.29;912;
1c69e020-f3b1-455c-affa-45f8b8049234;2024-07-04T15:15:00Z;59.3;59.3;59.3;59.29;1610;
1c69e020-f3b1-455c-affa-45f8b8049234;2024-07-04T15:16:00Z;59.29;59.29;59.3;59.29;1530;
1c69e020-f3b1-455c-affa-45f8b8049234;2024-07-04T15:17:00Z;59.3;59.35;59.36;59.3;346;
1c69e020-f3b1-455c-affa-45f8b8049234;2024-07-04T15:18:00Z;59.35;59.35;59.37;59.35;490;
1c69e020-f3b1-455c-affa-45f8b8049234;2024-07-04T15:19:00Z;59.35;59.35;59.36;59.35;292;
1c69e020-f3b1-455c-affa-45f8b8049234;2024-07-04T15:20:00Z;59.36;59.35;59.36;59.35;413;
1c69e020-f3b1-455c-affa-45f8b8049234;2024-07-04T15:21:00Z;59.36;59.33;59.36;59.33;1278;
1c69e020-f3b1-455c-affa-45f8b8049234;2024-07-04T15:22:00Z;59.32;59.26;59.32;59.25;13238;
1c69e020-f3b1-455c-affa-45f8b8049234;2024-07-04T15:23:00Z;59.28;59.28;59.29;59.26;349;
1c69e020-f3b1-455c-affa-45f8b8049234;2024-07-04T15:24:00Z;59.28;59.27;59.28;59.27;491;
1c69e020-f3b1-455c-affa-45f8b8049234;2024-07-04T15:25:00Z;59.26;59.3;59.3;59.26;293;
1c69e020-f3b1-455c-affa-45f8b8049234;2024-07-04T15:26:00Z;59.3;59.27;59.3;59.26;1934;
1c69e020-f3b1-455c-affa-45f8b8049234;2024-07-04T15:27:00Z;59.26;59.26;59.27;59.26;425;
1c69e020-f3b1-455c-affa-45f8b8049234;2024-07-04T15:28:00Z;59.27;59.25;59.28;59.25;2379;
1c69e020-f3b1-455c-affa-45f8b8049234;2024-07-04T15:29:00Z;59.26;59.28;59.28;59.25;213;
1c69e020-f3b1-455c-affa-45f8b8049234;2024-07-04T15:30:00Z;59.26;59.22;59.27;59.22;1825;
1c69e020-f3b1-455c-affa-45f8b8049234;2024-07-04T15:31:00Z;59.21;59.22;59.23;59.21;1238;
1c69e020-f3b1-455c-affa-45f8b8049234;2024-07-04T15:32:00Z;59.23;59.24;59.24;59.22;1720;
1c69e020-f3b1-455c-affa-45f8b8049234;2024-07-04T15:33:00Z;59.23;59.3;59.3;59.23;4564;
1c69e020-f3b1-455c-affa-45f8b8049234;2024-07-04T15:34:00Z;59.29;59.23;59.29;59.23;863;
1c69e020-f3b1-455c-affa-45f8b8049234;2024-07-04T15:35:00Z;59.23;59.25;59.26;59.23;347;
1c69e020-f3b1-455c-affa-45f8b8049234;2024-07-04T15:36:00Z;59.23;59.24;59.24;59.23;903;
1c69e020-f3b1-455c-affa-45f8b8049234;2024-07-04T15:37:00Z;59.23;59.21;59.23;59.2;4555;
1c69e020-f3b1-455c-affa-45f8b8049234;2024-07-04T15:38:00Z;59.21;59.22;59.23;59.21;1461;
1c69e020-f3b1-455c-affa-45f8b8049234;2024-07-04T15:39:00Z;59.22;59.22;59.25;59.22;811;
1c69e020-f3b1-455c-affa-45f8b8049234;2024-07-04T15:45:00Z;59.3;59.3;59.3;59.3;2881;
1c69e020-f3b1-455c-affa-45f8b8049234;2024-07-04T15:46:00Z;59.3;59.3;59.3;59.3;3;
1c69e020-f3b1-455c-affa-45f8b8049234;2024-07-04T15:47:00Z;59.3;59.3;59.3;59.3;20;
1c69e020-f3b1-455c-affa-45f8b8049234;2024-07-04T15:48:00Z;59.3;59.3;59.3;59.3;1007;
1c69e020-f3b1-455c-affa-45f8b8049234;2024-07-04T15:49:00Z;59.3;59.3;59.3;59.3;200;
1c69e020-f3b1-455c-affa-45f8b8049234;2024-07-04T16:04:00Z;59.2;59.2;59.2;59.2;4094;
1c69e020-f3b1-455c-affa-45f8b8049234;2024-07-04T16:05:00Z;59.2;59.29;59.37;59.19;4114;
1c69e020-f3b1-455c-affa-45f8b8049234;2024-07-04T16:06:00Z;59.27;59.29;59.29;59.24;90;
1c69e020-f3b1-455c-affa-45f8b8049234;2024-07-04T16:07:00Z;59.3;59.34;59.35;59.3;3391;
1c69e020-f3b1-455c-affa-45f8b8049234;2024-07-04T16:08:00Z;59.34;59.33;59.35;59.32;418;
1c69e020-f3b1-455c-affa-45f8b8049234;2024-07-04T16:09:00Z;59.33;59.32;59.37;59.32;1434;
1c69e020-f3b1-455c-affa-45f8b8049234;2024-07-04T16:10:00Z;59.32;59.32;59.34;59.32;259;
1c69e020-f3b1-455c-affa-45f8b8049234;2024-07-04T16:11:00Z;59.32;59.26;59.32;59.26;665;
1c69e020-f3b1-455c-affa-45f8b8049234;2024-07-04T16:12:00Z;59.28;59.26;59.31;59.26;213;
1c69e020-f3b1-455c-affa-45f8b8049234;2024-07-04T16:13:00Z;59.26;59.24;59.26;59.24;280;
1c69e020-f3b1-455c-affa-45f8b8049234;2024-07-04T16:14:00Z;59.25;59.32;59.33;59.25;2448;
1c69e020-f3b1-455c-affa-45f8b8049234;2024-07-04T16:15:00Z;59.3;59.31;59.32;59.29;63;
1c69e020-f3b1-455c-affa-45f8b8049234;2024-07-04T16:16:00Z;59.31;59.36;59.36;59.31;730;
1c69e020-f3b1-455c-affa-45f8b8049234;2024-07-04T16:17:00Z;59.35;59.36;59.36;59.35;381;
1c69e020-f3b1-455c-affa-45f8b8049234;2024-07-04T16:18:00Z;59.36;59.27;59.36;59.24;1022;
1c69e020-f3b1-455c-affa-45f8b8049234;2024-07-04T16:19:00Z;59.33;59.28;59.33;59.25;1455;
1c69e020-f3b1-455c-affa-45f8b8049234;2024-07-04T16:20:00Z;59.32;59.36;59.36;59.32;124;
1c69e020-f3b1-455c-affa-45f8b8049234;2024-07-04T16:21:00Z;59.36;59.31;59.36;59.31;2;
1c69e020-f3b1-455c-affa-45f8b8049234;2024-07-04T16:22:00Z;59.31;59.31;59.31;59.31;2;
1c69e020-f3b1-455c-affa-45f8b8049234;2024-07-04T16:23:00Z;59.33;59.34;59.34;59.33;51;
1c69e020-f3b1-455c-affa-45f8b8049234;2024-07-04T16:24:00Z;59.35;59.35;59.35;59.34;38;
1c69e020-f3b1-455c-affa-45f8b8049234;2024-07-04T16:25:00Z;59.35;59.34;59.35;59.34;439;
1c69e020-f3b1-455c-affa-45f8b8049234;2024-07-04T16:26:00Z;59.35;59.35;59.35;59.35;109;
1c69e020-f3b1-455c-affa-45f8b8049234;2024-07-04T16:27:00Z;59.35;59.37;59.37;59.35;1452;
1c69e020-f3b1-455c-affa-45f8b8049234;2024-07-04T16:28:00Z;59.36;59.37;59.38;59.36;403;
1c69e020-f3b1-455c-affa-45f8b8049234;2024-07-04T16:29:00Z;59.37;59.34;59.37;59.34;73;
1c69e020-f3b1-455c-affa-45f8b8049234;2024-07-04T16:30:00Z;59.33;59.33;59.33;59.29;559;
1c69e020-f3b1-455c-affa-45f8b8049234;2024-07-04T16:31:00Z;59.3;59.33;59.33;59.28;1219;
1c69e020-f3b1-455c-affa-45f8b8049234;2024-07-04T16:32:00Z;59.33;59.3;59.33;59.28;83;
1c69e020-f3b1-455c-affa-45f8b8049234;2024-07-04T16:33:00Z;59.3;59.3;59.31;59.3;6;
1c69e020-f3b1-455c-affa-45f8b8049234;2024-07-04T16:34:00Z;59.29;59.28;59.3;59.26;503;
1c69e020-f3b1-455c-affa-45f8b8049234;2024-07-04T16:35:00Z;59.3;59.3;59.3;59.29;398;
1c69e020-f3b1-455c-affa-45f8b8049234;2024-07-04T16:36:00Z;59.3;59.29;59.3;59.29;29;
1c69e020-f3b1-455c-affa-45f8b8049234;2024-07-04T16:37:00Z;59.27;59.27;59.29;59.27;670;
1c69e020-f3b1-455c-affa-45f8b8049234;2024-07-04T16:38:00Z;59.27;59.28;59.3;59.26;6734;
1c69e020-f3b1-455c-affa-45f8b8049234;2024-07-04T16:39:00Z;59.3;59.4;59.4;59.3;5577;
1c69e020-f3b1-455c-affa-45f8b8049234;2024-07-04T16:40:00Z;59.36;59.43;59.49;59.35;2844;
1c69e020-f3b1-455c-affa-45f8b8049234;2024-07-04T16:41:00Z;59.44;59.41;59.46;59.38;418;
1c69e020-f3b1-455c-affa-45f8b8049234;2024-07-04T16:42:00Z;59.41;59.41;59.42;59.36;289;
1c69e020-f3b1-455c-affa-45f8b8049234;2024-07-04T16:43:00Z;59.44;59.5;59.53;59.39;2795;
1c69e020-f3b1-455c-affa-45f8b8049234;2024-07-04T16:44:00Z;59.46;59.55;59.56;59.46;2358;
1c69e020-f3b1-455c-affa-45f8b8049234;2024-07-04T16:45:00Z;59.55;59.53;59.55;59.51;148;
1c69e020-f3b1-455c-affa-45f8b8049234;2024-07-04T16:46:00Z;59.53;59.53;59.54;59.53;206;
1c69e020-f3b1-455c-affa-45f8b8049234;2024-07-04T16:47:00Z;59.53;59.51;59.54;59.51;431;
1c69e020-f3b1-455c-affa-45f8b8049234;2024-07-04T16:48:00Z;59.53;59.47;59.53;59.43;904;
1c69e020-f3b1-455c-affa-45f8b8049234;2024-07-04T16:49:00Z;59.47;59.47;59.47;59.47;46;
1c69e020-f3b1-455c-affa-45f8b8049234;2024-07-04T16:50:00Z;59.46;59.43;59.48;59.43;75;
1c69e020-f3b1-455c-affa-45f8b8049234;2024-07-04T16:51:00Z;59.43;59.43;59.47;59.42;212;
1c69e020-f3b1-455c-affa-45f8b8049234;2024-07-04T16:52:00Z;59.42;59.38;59.42;59.38;189;
1c69e020-f3b1-455c-affa-45f8b8049234;2024-07-04T16:53:00Z;59.38;59.4;59.4;59.37;334;
1c69e020-f3b1-455c-affa-45f8b8049234;2024-07-04T16:54:00Z;59.39;59.4;59.41;59.37;75;
1c69e020-f3b1-455c-affa-45f8b8049234;2024-07-04T16:55:00Z;59.4;59.33;59.4;59.28;3776;
1c69e020-f3b1-455c-affa-45f8b8049234;2024-07-04T16:56:00Z;59.35;59.3;59.35;59.26;1911;
1c69e020-f3b1-455c-affa-45f8b8049234;2024-07-04T16:57:00Z;59.3;59.29;59.32;59.27;1984;
1c69e020-f3b1-455c-affa-45f8b8049234;2024-07-04T16:58:00Z;59.29;59.26;59.29;59.26;1023;
1c69e020-f3b1-455c-affa-45f8b8049234;2024-07-04T16:59:00Z;59.27;59.35;59.35;59.26;504;
1c69e020-f3b1-455c-affa-45f8b8049234;2024-07-04T17:00:00Z;59.35;59.34;59.35;59.32;158;
1c69e020-f3b1-455c-affa-45f8b8049234;2024-07-04T17:01:00Z;59.32;59.32;59.35;59.32;129;
1c69e020-f3b1-455c-affa-45f8b8049234;2024-07-04T17:02:00Z;59.32;59.34;59.35;59.32;240;
1c69e020-f3b1-455c-affa-45f8b8049234;2024-07-04T17:03:00Z;59.34;59.29;59.35;59.29;208;
1c69e020-f3b1-455c-affa-45f8b8049234;2024-07-04T17:04:00Z;59.29;59.29;59.29;59.26;1502;
1c69e020-f3b1-455c-affa-45f8b8049234;2024-07-04T17:05:00Z;59.32;59.29;59.32;59.22;2549;
1c69e020-f3b1-455c-affa-45f8b8049234;2024-07-04T17:06:00Z;59.25;59.27;59.27;59.24;687;
1c69e020-f3b1-455c-affa-45f8b8049234;2024-07-04T17:07:00Z;59.25;59.28;59.28;59.25;5;
1c69e020-f3b1-455c-affa-45f8b8049234;2024-07-04T17:08:00Z;59.32;59.25;59.33;59.25;50;
1c69e020-f3b1-455c-affa-45f8b8049234;2024-07-04T17:09:00Z;59.25;59.29;59.34;59.24;1157;
1c69e020-f3b1-455c-affa-45f8b8049234;2024-07-04T17:10:00Z;59.32;59.35;59.35;59.32;608;
1c69e020-f3b1-455c-affa-45f8b8049234;2024-07-04T17:11:00Z;59.36;59.36;59.37;59.35;469;
1c69e020-f3b1-455c-affa-45f8b8049234;2024-07-04T17:12:00Z;59.36;59.35;59.36;59.35;121;
1c69e020-f3b1-455c-affa-45f8b8049234;2024-07-04T17:13:00Z;59.35;59.36;59.37;59.35;410;
1c69e020-f3b1-455c-affa-45f8b8049234;2024-07-04T17:14:00Z;59.36;59.36;59.36;59.36;13;
1c69e020-f3b1-455c-affa-45f8b8049234;2024-07-04T17:15:00Z;59.35;59.3;59.35;59.22;5286;
1c69e020-f3b1-455c-affa-45f8b8049234;2024-07-04T17:16:00Z;59.3;59.3;59.3;59.23;1247;
1c69e020-f3b1-455c-affa-45f8b8049234;2024-07-04T17:17:00Z;59.29;59.28;59.29;59.2;4572;
1c69e020-f3b1-455c-affa-45f8b8049234;2024-07-04T17:18:00Z;59.3;59.28;59.3;59.2;4163;
1c69e020-f3b1-455c-affa-45f8b8049234;2024-07-04T17:19:00Z;59.28;59.28;59.28;59.28;2;
1c69e020-f3b1-455c-affa-45f8b8049234;2024-07-04T17:20:00Z;59.27;59.25;59.29;59.25;1052;
1c69e020-f3b1-455c-affa-45f8b8049234;2024-07-04T17:21:00Z;59.29;59.29;59.29;59.29;5;
1c69e020-f3b1-455c-affa-45f8b8049234;2024-07-04T17:22:00Z;59.29;59.25;59.31;59.21;1420;
1c69e020-f3b1-455c-affa-45f8b8049234;2024-07-04T17:23:00Z;59.25;59.23;59.25;59.23;223;
1c69e020-f3b1-455c-affa-45f8b8049234;2024-07-04T17:24:00Z;59.23;59.23;59.29;59.23;773;
1c69e020-f3b1-455c-affa-45f8b8049234;2024-07-04T17:25:00Z;59.23;59.28;59.29;59.23;239;
1c69e020-f3b1-455c-affa-45f8b8049234;2024-07-04T17:26:00Z;59.28;59.24;59.29;59.24;27;
1c69e020-f3b1-455c-affa-45f8b8049234;2024-07-04T17:27:00Z;59.28;59.29;59.29;59.25;259;
1c69e020-f3b1-455c-affa-45f8b8049234;2024-07-04T17:28:00Z;59.29;59.29;59.29;59.25;75;
1c69e020-f3b1-455c-affa-45f8b8049234;2024-07-04T17:29:00Z;59.29;59.28;59.29;59.28;5;
1c69e020-f3b1-455c-affa-45f8b8049234;2024-07-04T17:30:00Z;59.29;59.29;59.29;59.28;5;
1c69e020-f3b1-455c-affa-45f8b8049234;2024-07-04T17:31:00Z;59.29;59.29;59.29;59.28;208;
1c69e020-f3b1-455c-affa-45f8b8049234;2024-07-04T17:32:00Z;59.29;59.28;59.29;59.26;41;
1c69e020-f3b1-455c-affa-45f8b8049234;2024-07-04T17:33:00Z;59.28;59.28;59.28;59.27;449;
1c69e020-f3b1-455c-affa-45f8b8049234;2024-07-04T17:34:00Z;59.28;59.28;59.28;59.28;536;
1c69e020-f3b1-455c-affa-45f8b8049234;2024-07-04T17:35:00Z;59.28;59.3;59.3;59.28;757;
1c69e020-f3b1-455c-affa-45f8b8049234;2024-07-04T17:36:00Z;59.3;59.34;59.36;59.29;727;
1c69e020-f3b1-455c-affa-45f8b8049234;2024-07-04T17:37:00Z;59.36;59.36;59.37;59.34;411;
1c69e020-f3b1-455c-affa-45f8b8049234;2024-07-04T17:38:00Z;59.36;59.35;59.37;59.35;717;
1c69e020-f3b1-455c-affa-45f8b8049234;2024-07-04T17:39:00Z;59.35;59.37;59.37;59.34;805;
1c69e020-f3b1-455c-affa-45f8b8049234;2024-07-04T17:40:00Z;59.36;59.36;59.38;59.36;518;
1c69e020-f3b1-455c-affa-45f8b8049234;2024-07-04T17:41:00Z;59.36;59.36;59.36;59.34;200;
1c69e020-f3b1-455c-affa-45f8b8049234;2024-07-04T17:42:00Z;59.34;59.34;59.34;59.34;200;
1c69e020-f3b1-455c-affa-45f8b8049234;2024-07-04T17:43:00Z;59.35;59.38;59.38;59.35;168;
1c69e020-f3b1-455c-affa-45f8b8049234;2024-07-04T17:44:00Z;59.38;59.38;59.38;59.37;96;
1c69e020-f3b1-455c-affa-45f8b8049234;2024-07-04T17:45:00Z;59.37;59.37;59.37;59.36;277;
1c69e020-f3b1-455c-affa-45f8b8049234;2024-07-04T17:46:00Z;59.37;59.52;59.52;59.37;12007;
1c69e020-f3b1-455c-affa-45f8b8049234;2024-07-04T17:47:00Z;59.48;59.48;59.54;59.44;1576;
1c69e020-f3b1-455c-affa-45f8b8049234;2024-07-04T17:48:00Z;59.51;59.5;59.53;59.5;152;
1c69e020-f3b1-455c-affa-45f8b8049234;2024-07-04T17:49:00Z;59.51;59.5;59.51;59.5;285;
1c69e020-f3b1-455c-affa-45f8b8049234;2024-07-04T17:50:00Z;59.51;59.41;59.51;59.41;2543;
1c69e020-f3b1-455c-affa-45f8b8049234;2024-07-04T17:51:00Z;59.46;59.44;59.46;59.41;314;
1c69e020-f3b1-455c-affa-45f8b8049234;2024-07-04T17:52:00Z;59.45;59.47;59.47;59.44;219;
1c69e020-f3b1-455c-affa-45f8b8049234;2024-07-04T17:53:00Z;59.44;59.47;59.47;59.44;310;
1c69e020-f3b1-455c-affa-45f8b8049234;2024-07-04T17:54:00Z;59.47;59.44;59.47;59.44;48;
1c69e020-f3b1-455c-affa-45f8b8049234;2024-07-04T17:55:00Z;59.44;59.47;59.47;59.44;211;
1c69e020-f3b1-455c-affa-45f8b8049234;2024-07-04T17:56:00Z;59.45;59.45;59.48;59.44;204;
1c69e020-f3b1-455c-affa-45f8b8049234;2024-07-04T17:57:00Z;59.47;59.47;59.47;59.46;125;
1c69e020-f3b1-455c-affa-45f8b8049234;2024-07-04T17:58:00Z;59.46;59.46;59.46;59.43;218;
1c69e020-f3b1-455c-affa-45f8b8049234;2024-07-04T17:59:00Z;59.46;59.49;59.49;59.46;250;
1c69e020-f3b1-455c-affa-45f8b8049234;2024-07-04T18:00:00Z;59.48;59.48;59.48;59.48;112;
1c69e020-f3b1-455c-affa-45f8b8049234;2024-07-04T18:01:00Z;59.49;59.49;59.49;59.48;6;
1c69e020-f3b1-455c-affa-45f8b8049234;2024-07-04T18:02:00Z;59.48;59.49;59.49;59.48;358;
1c69e020-f3b1-455c-affa-45f8b8049234;2024-07-04T18:03:00Z;59.49;59.49;59.49;59.47;613;
1c69e020-f3b1-455c-affa-45f8b8049234;2024-07-04T18:04:00Z;59.46;59.46;59.46;59.46;2;
1c69e020-f3b1-455c-affa-45f8b8049234;2024-07-04T18:05:00Z;59.48;59.48;59.49;59.48;56;
1c69e020-f3b1-455c-affa-45f8b8049234;2024-07-04T18:06:00Z;59.49;59.5;59.5;59.47;69;
1c69e020-f3b1-455c-affa-45f8b8049234;2024-07-04T18:07:00Z;59.5;59.51;59.51;59.5;205;
1c69e020-f3b1-455c-affa-45f8b8049234;2024-07-04T18:08:00Z;59.51;59.5;59.51;59.5;376;
1c69e020-f3b1-455c-affa-45f8b8049234;2024-07-04T18:09:00Z;59.5;59.5;59.5;59.5;211;
1c69e020-f3b1-455c-affa-45f8b8049234;2024-07-04T18:10:00Z;59.48;59.43;59.48;59.41;718;
1c69e020-f3b1-455c-affa-45f8b8049234;2024-07-04T18:11:00Z;59.44;59.47;59.47;59.43;60;
1c69e020-f3b1-455c-affa-45f8b8049234;2024-07-04T18:12:00Z;59.47;59.5;59.51;59.47;300;
1c69e020-f3b1-455c-affa-45f8b8049234;2024-07-04T18:13:00Z;59.5;59.4;59.5;59.4;2111;
1c69e020-f3b1-455c-affa-45f8b8049234;2024-07-04T18:14:00Z;59.46;59.41;59.46;59.41;146;
1c69e020-f3b1-455c-affa-45f8b8049234;2024-07-04T18:15:00Z;59.41;59.41;59.41;59.41;71;
1c69e020-f3b1-455c-affa-45f8b8049234;2024-07-04T18:16:00Z;59.44;59.37;59.44;59.37;1005;
1c69e020-f3b1-455c-affa-45f8b8049234;2024-07-04T18:17:00Z;59.38;59.37;59.38;59.37;67;
1c69e020-f3b1-455c-affa-45f8b8049234;2024-07-04T18:18:00Z;59.38;59.4;59.4;59.38;602;
1c69e020-f3b1-455c-affa-45f8b8049234;2024-07-04T18:19:00Z;59.4;59.42;59.42;59.38;516;
1c69e020-f3b1-455c-affa-45f8b8049234;2024-07-04T18:20:00Z;59.44;59.44;59.44;59.43;4;
1c69e020-f3b1-455c-affa-45f8b8049234;2024-07-04T18:21:00Z;59.38;59.43;59.43;59.38;104;
1c69e020-f3b1-455c-affa-45f8b8049234;2024-07-04T18:22:00Z;59.43;59.36;59.45;59.36;4459;
1c69e020-f3b1-455c-affa-45f8b8049234;2024-07-04T18:23:00Z;59.42;59.37;59.42;59.37;40;
1c69e020-f3b1-455c-affa-45f8b8049234;2024-07-04T18:24:00Z;59.38;59.36;59.38;59.36;423;
1c69e020-f3b1-455c-affa-45f8b8049234;2024-07-04T18:25:00Z;59.37;59.37;59.37;59.36;376;
1c69e020-f3b1-455c-affa-45f8b8049234;2024-07-04T18:26:00Z;59.38;59.4;59.4;59.38;6;
1c69e020-f3b1-455c-affa-45f8b8049234;2024-07-04T18:27:00Z;59.36;59.36;59.41;59.36;18;
1c69e020-f3b1-455c-affa-45f8b8049234;2024-07-04T18:28:00Z;59.36;59.39;59.39;59.36;102;
1c69e020-f3b1-455c-affa-45f8b8049234;2024-07-04T18:29:00Z;59.37;59.3;59.37;59.3;2003;
1c69e020-f3b1-455c-affa-45f8b8049234;2024-07-04T18:30:00Z;59.32;59.38;59.38;59.32;2002;
1c69e020-f3b1-455c-affa-45f8b8049234;2024-07-04T18:31:00Z;59.37;59.47;59.57;59.37;5410;
1c69e020-f3b1-455c-affa-45f8b8049234;2024-07-04T18:32:00Z;59.49;59.5;59.57;59.49;1017;
1c69e020-f3b1-455c-affa-45f8b8049234;2024-07-04T18:33:00Z;59.49;59.48;59.5;59.48;416;
1c69e020-f3b1-455c-affa-45f8b8049234;2024-07-04T18:34:00Z;59.48;59.48;59.48;59.48;1;
1c69e020-f3b1-455c-affa-45f8b8049234;2024-07-04T18:35:00Z;59.48;59.48;59.49;59.48;68;
1c69e020-f3b1-455c-affa-45f8b8049234;2024-07-04T18:36:00Z;59.49;59.48;59.49;59.48;122;
1c69e020-f3b1-455c-affa-45f8b8049234;2024-07-04T18:37:00Z;59.48;59.49;59.49;59.48;41;
1c69e020-f3b1-455c-affa-45f8b8049234;2024-07-04T18:38:00Z;59.49;59.48;59.49;59.48;55;
1c69e020-f3b1-455c-affa-45f8b8049234;2024-07-04T18:39:00Z;59.49;59.5;59.5;59.49;2150;
1c69e020-f3b1-455c-affa-45f8b8049234;2024-07-04T18:40:00Z;59.48;59.49;59.49;59.48;75;
1c69e020-f3b1-455c-affa-45f8b8049234;2024-07-04T18:41:00Z;59.48;59.48;59.48;59.48;1;
1c69e020-f3b1-455c-affa-45f8b8049234;2024-07-04T18:42:00Z;59.49;59.46;59.49;59.44;183;
1c69e020-f3b1-455c-affa-45f8b8049234;2024-07-04T18:43:00Z;59.44;59.37;59.44;59.37;528;
1c69e020-f3b1-455c-affa-45f8b8049234;2024-07-04T18:44:00Z;59.38;59.37;59.38;59.37;721;
1c69e020-f3b1-455c-affa-45f8b8049234;2024-07-04T18:45:00Z;59.37;59.37;59.37;59.36;193;
1c69e020-f3b1-455c-affa-45f8b8049234;2024-07-04T18:46:00Z;59.37;59.4;59.4;59.35;1568;
1c69e020-f3b1-455c-affa-45f8b8049234;2024-07-04T18:47:00Z;59.37;59.4;59.4;59.37;405;
1c69e020-f3b1-455c-affa-45f8b8049234;2024-07-04T18:48:00Z;59.36;59.4;59.4;59.36;724;
1c69e020-f3b1-455c-affa-45f8b8049234;2024-07-04T18:49:00Z;59.4;59.5;59.5;59.4;1652;
1c69e020-f3b1-455c-affa-45f8b8049234;2024-07-04T18:50:00Z;59.49;59.45;59.5;59.45;1001;
1c69e020-f3b1-455c-affa-45f8b8049234;2024-07-04T18:51:00Z;59.5;59.48;59.5;59.45;281;
1c69e020-f3b1-455c-affa-45f8b8049234;2024-07-04T18:52:00Z;59.48;59.45;59.5;59.45;639;
1c69e020-f3b1-455c-affa-45f8b8049234;2024-07-04T18:54:00Z;59.49;59.49;59.49;59.49;2;
1c69e020-f3b1-455c-affa-45f8b8049234;2024-07-04T18:55:00Z;59.45;59.45;59.47;59.42;611;
1c69e020-f3b1-455c-affa-45f8b8049234;2024-07-04T18:56:00Z;59.47;59.47;59.47;59.42;233;
1c69e020-f3b1-455c-affa-45f8b8049234;2024-07-04T18:57:00Z;59.47;59.49;59.49;59.45;189;
1c69e020-f3b1-455c-affa-45f8b8049234;2024-07-04T18:59:00Z;59.41;59.4;59.41;59.4;153;
1c69e020-f3b1-455c-affa-45f8b8049234;2024-07-04T19:00:00Z;59.42;59.45;59.45;59.4;26;
1c69e020-f3b1-455c-affa-45f8b8049234;2024-07-04T19:01:00Z;59.45;59.45;59.45;59.45;3;
1c69e020-f3b1-455c-affa-45f8b8049234;2024-07-04T19:02:00Z;59.42;59.29;59.42;59.27;40806;
1c69e020-f3b1-455c-affa-45f8b8049234;2024-07-04T19:03:00Z;59.3;59.33;59.33;59.29;828;
1c69e020-f3b1-455c-affa-45f8b8049234;2024-07-04T19:04:00Z;59.33;59.33;59.33;59.31;1258;
1c69e020-f3b1-455c-affa-45f8b8049234;2024-07-04T19:05:00Z;59.32;59.42;59.42;59.29;4494;
1c69e020-f3b1-455c-affa-45f8b8049234;2024-07-04T19:06:00Z;59.42;59.39;59.43;59.39;947;
1c69e020-f3b1-455c-affa-45f8b8049234;2024-07-04T19:07:00Z;59.38;59.41;59.41;59.38;72;
1c69e020-f3b1-455c-affa-45f8b8049234;2024-07-04T19:08:00Z;59.4;59.4;59.4;59.38;115;
1c69e020-f3b1-455c-affa-45f8b8049234;2024-07-04T19:09:00Z;59.4;59.38;59.4;59.38;51;
1c69e020-f3b1-455c-affa-45f8b8049234;2024-07-04T19:10:00Z;59.37;59.38;59.38;59.36;98;
1c69e020-f3b1-455c-affa-45f8b8049234;2024-07-04T19:11:00Z;59.38;59.38;59.38;59.38;36;
1c69e020-f3b1-455c-affa-45f8b8049234;2024-07-04T19:12:00Z;59.38;59.38;59.38;59.37;22;
1c69e020-f3b1-455c-affa-45f8b8049234;2024-07-04T19:13:00Z;59.37;59.4;59.42;59.37;1805;
1c69e020-f3b1-455c-affa-45f8b8049234;2024-07-04T19:14:00Z;59.42;59.42;59.42;59.42;2;
1c69e020-f3b1-455c-affa-45f8b8049234;2024-07-04T19:15:00Z;59.4;59.4;59.4;59.4;210;
1c69e020-f3b1-455c-affa-45f8b8049234;2024-07-04T19:16:00Z;59.41;59.46;59.48;59.4;4893;
1c69e020-f3b1-455c-affa-45f8b8049234;2024-07-04T19:17:00Z;59.45;59.45;59.45;59.45;1;
1c69e020-f3b1-455c-affa-45f8b8049234;2024-07-04T19:18:00Z;59.43;59.43;59.43;59.43;19;
1c69e020-f3b1-455c-affa-45f8b8049234;2024-07-04T19:19:00Z;59.42;59.41;59.42;59.41;17;
1c69e020-f3b1-455c-affa-45f8b8049234;2024-07-04T19:20:00Z;59.4;59.4;59.4;59.4;79;
1c69e020-f3b1-455c-affa-45f8b8049234;2024-07-04T19:21:00Z;59.4;59.39;59.4;59.39;419;
1c69e020-f3b1-455c-affa-45f8b8049234;2024-07-04T19:22:00Z;59.39;59.37;59.39;59.36;405;
1c69e020-f3b1-455c-affa-45f8b8049234;2024-07-04T19:23:00Z;59.37;59.38;59.41;59.37;1922;
1c69e020-f3b1-455c-affa-45f8b8049234;2024-07-04T19:24:00Z;59.41;59.41;59.41;59.41;1;
1c69e020-f3b1-455c-affa-45f8b8049234;2024-07-04T19:25:00Z;59.41;59.39;59.41;59.38;61;
1c69e020-f3b1-455c-affa-45f8b8049234;2024-07-04T19:26:00Z;59.38;59.38;59.39;59.38;162;
1c69e020-f3b1-455c-affa-45f8b8049234;2024-07-04T19:27:00Z;59.4;59.38;59.4;59.38;65;
1c69e020-f3b1-455c-affa-45f8b8049234;2024-07-04T19:28:00Z;59.4;59.23;59.4;59.2;42187;
1c69e020-f3b1-455c-affa-45f8b8049234;2024-07-04T19:29:00Z;59.24;59.25;59.25;59.21;2703;
1c69e020-f3b1-455c-affa-45f8b8049234;2024-07-04T19:30:00Z;59.25;59.25;59.25;59.25;13;
1c69e020-f3b1-455c-affa-45f8b8049234;2024-07-04T19:31:00Z;59.26;59.26;59.26;59.25;48;
1c69e020-f3b1-455c-affa-45f8b8049234;2024-07-04T19:32:00Z;59.26;59.25;59.26;59.23;461;
1c69e020-f3b1-455c-affa-45f8b8049234;2024-07-04T19:33:00Z;59.26;59.23;59.27;59.23;5290;
1c69e020-f3b1-455c-affa-45f8b8049234;2024-07-04T19:34:00Z;59.23;59.24;59.24;59.22;1681;
1c69e020-f3b1-455c-affa-45f8b8049234;2024-07-04T19:35:00Z;59.24;59.23;59.24;59.23;6;
1c69e020-f3b1-455c-affa-45f8b8049234;2024-07-04T19:36:00Z;59.24;59.24;59.24;59.22;305;
1c69e020-f3b1-455c-affa-45f8b8049234;2024-07-04T19:37:00Z;59.23;59.24;59.24;59.23;11;
1c69e020-f3b1-455c-affa-45f8b8049234;2024-07-04T19:38:00Z;59.24;59.21;59.24;59.21;515;
1c69e020-f3b1-455c-affa-45f8b8049234;2024-07-04T19:39:00Z;59.21;59.23;59.24;59.21;6102;
1c69e020-f3b1-455c-affa-45f8b8049234;2024-07-04T19:40:00Z;59.23;59.24;59.24;59.23;505;
1c69e020-f3b1-455c-affa-45f8b8049234;2024-07-04T19:41:00Z;59.23;59.23;59.24;59.23;157;
1c69e020-f3b1-455c-affa-45f8b8049234;2024-07-04T19:42:00Z;59.24;59.24;59.24;59.23;716;
1c69e020-f3b1-455c-affa-45f8b8049234;2024-07-04T19:43:00Z;59.24;59.23;59.24;59.23;330;
1c69e020-f3b1-455c-affa-45f8b8049234;2024-07-04T19:44:00Z;59.23;59.23;59.24;59.23;194;
1c69e020-f3b1-455c-affa-45f8b8049234;2024-07-04T19:45:00Z;59.24;59.23;59.24;59.23;146;
1c69e020-f3b1-455c-affa-45f8b8049234;2024-07-04T19:46:00Z;59.24;59.24;59.24;59.23;511;
1c69e020-f3b1-455c-affa-45f8b8049234;2024-07-04T19:47:00Z;59.23;59.24;59.24;59.23;720;
1c69e020-f3b1-455c-affa-45f8b8049234;2024-07-04T19:48:00Z;59.24;59.24;59.24;59.24;182;
1c69e020-f3b1-455c-affa-45f8b8049234;2024-07-04T19:49:00Z;59.24;59.22;59.24;59.22;1125;
1c69e020-f3b1-455c-affa-45f8b8049234;2024-07-04T19:50:00Z;59.23;59.15;59.23;59.15;19927;
1c69e020-f3b1-455c-affa-45f8b8049234;2024-07-04T19:51:00Z;59.15;59.16;59.16;59.15;3020;
1c69e020-f3b1-455c-affa-45f8b8049234;2024-07-04T19:52:00Z;59.15;59.16;59.16;59.15;585;
1c69e020-f3b1-455c-affa-45f8b8049234;2024-07-04T19:53:00Z;59.15;59.13;59.16;59.12;5107;
1c69e020-f3b1-455c-affa-45f8b8049234;2024-07-04T19:54:00Z;59.12;59.1;59.13;59.1;3501;
1c69e020-f3b1-455c-affa-45f8b8049234;2024-07-04T19:55:00Z;59.1;59.13;59.13;59.1;3050;
1c69e020-f3b1-455c-affa-45f8b8049234;2024-07-04T19:56:00Z;59.13;59.13;59.13;59.11;1364;
1c69e020-f3b1-455c-affa-45f8b8049234;2024-07-04T19:57:00Z;59.15;59.16;59.17;59.13;102;
1c69e020-f3b1-455c-affa-45f8b8049234;2024-07-04T19:58:00Z;59.16;59.13;59.16;59.13;184;
1c69e020-f3b1-455c-affa-45f8b8049234;2024-07-04T19:59:00Z;59.15;59.12;59.15;59.12;262;
1c69e020-f3b1-455c-affa-45f8b8049234;2024-07-04T20:00:00Z;59.12;59.13;59.13;59.12;169;
1c69e020-f3b1-455c-affa-45f8b8049234;2024-07-04T20:01:00Z;59.13;59.17;59.19;59.13;4048;
1c69e020-f3b1-455c-affa-45f8b8049234;2024-07-04T20:02:00Z;59.17;59.12;59.17;59.1;2623;
1c69e020-f3b1-455c-affa-45f8b8049234;2024-07-04T20:03:00Z;59.15;59.16;59.16;59.15;66;
1c69e020-f3b1-455c-affa-45f8b8049234;2024-07-04T20:04:00Z;59.14;59.15;59.15;59.14;3;
1c69e020-f3b1-455c-affa-45f8b8049234;2024-07-04T20:05:00Z;59.15;59.15;59.15;59.13;288;
1c69e020-f3b1-455c-affa-45f8b8049234;2024-07-04T20:06:00Z;59.15;59.13;59.15;59.12;1992;
1c69e020-f3b1-455c-affa-45f8b8049234;2024-07-04T20:07:00Z;59.13;59.15;59.15;59.13;47;
1c69e020-f3b1-455c-affa-45f8b8049234;2024-07-04T20:08:00Z;59.13;59.15;59.15;59.13;137;
1c69e020-f3b1-455c-affa-45f8b8049234;2024-07-04T20:09:00Z;59.15;59.16;59.16;59.15;342;
1c69e020-f3b1-455c-affa-45f8b8049234;2024-07-04T20:10:00Z;59.15;59.22;59.22;59.15;5831;
1c69e020-f3b1-455c-affa-45f8b8049234;2024-07-04T20:11:00Z;59.17;59.15;59.24;59.15;3625;
1c69e020-f3b1-455c-affa-45f8b8049234;2024-07-04T20:12:00Z;59.16;59.2;59.2;59.15;223;
1c69e020-f3b1-455c-affa-45f8b8049234;2024-07-04T20:13:00Z;59.2;59.19;59.2;59.19;68;
1c69e020-f3b1-455c-affa-45f8b8049234;2024-07-04T20:14:00Z;59.18;59.18;59.18;59.17;262;
1c69e020-f3b1-455c-affa-45f8b8049234;2024-07-04T20:15:00Z;59.18;59.17;59.18;59.17;69;
1c69e020-f3b1-455c-affa-45f8b8049234;2024-07-04T20:16:00Z;59.17;59.17;59.17;59.17;17;
1c69e020-f3b1-455c-affa-45f8b8049234;2024-07-04T20:17:00Z;59.17;59.17;59.18;59.16;484;
1c69e020-f3b1-455c-affa-45f8b8049234;2024-07-04T20:18:00Z;59.17;59.17;59.17;59.17;355;
1c69e020-f3b1-455c-affa-45f8b8049234;2024-07-04T20:19:00Z;59.16;59.15;59.16;59.15;229;
1c69e020-f3b1-455c-affa-45f8b8049234;2024-07-04T20:20:00Z;59.15;59.15;59.16;59.15;212;
1c69e020-f3b1-455c-affa-45f8b8049234;2024-07-04T20:21:00Z;59.15;59.18;59.18;59.15;699;
1c69e020-f3b1-455c-affa-45f8b8049234;2024-07-04T20:22:00Z;59.17;59.18;59.2;59.17;700;
1c69e020-f3b1-455c-affa-45f8b8049234;2024-07-04T20:23:00Z;59.18;59.18;59.2;59.18;413;
1c69e020-f3b1-455c-affa-45f8b8049234;2024-07-04T20:24:00Z;59.19;59.19;59.19;59.18;229;
1c69e020-f3b1-455c-affa-45f8b8049234;2024-07-04T20:25:00Z;59.19;59.21;59.21;59.19;266;
1c69e020-f3b1-455c-affa-45f8b8049234;2024-07-04T20:26:00Z;59.2;59.19;59.21;59.19;318;
1c69e020-f3b1-455c-affa-45f8b8049234;2024-07-04T20:27:00Z;59.2;59.2;59.2;59.2;75;
1c69e020-f3b1-455c-affa-45f8b8049234;2024-07-04T20:28:00Z;59.2;59.18;59.2;59.18;371;
1c69e020-f3b1-455c-affa-45f8b8049234;2024-07-04T20:29:00Z;59.18;59.18;59.23;59.18;1601;
1c69e020-f3b1-455c-affa-45f8b8049234;2024-07-04T20:30:00Z;59.19;59.24;59.24;59.19;3502;
1c69e020-f3b1-455c-affa-45f8b8049234;2024-07-04T20:31:00Z;59.2;59.2;59.21;59.16;3699;
1c69e020-f3b1-455c-affa-45f8b8049234;2024-07-04T20:32:00Z;59.2;59.17;59.2;59.17;85;
1c69e020-f3b1-455c-affa-45f8b8049234;2024-07-04T20:33:00Z;59.19;59.17;59.19;59.17;56;
1c69e020-f3b1-455c-affa-45f8b8049234;2024-07-04T20:34:00Z;59.17;59.16;59.18;59.15;602;
1c69e020-f3b1-455c-affa-45f8b8049234;2024-07-04T20:35:00Z;59.16;59.24;59.24;59.15;5344;
1c69e020-f3b1-455c-affa-45f8b8049234;2024-07-04T20:36:00Z;59.2;59.19;59.21;59.19;585;
1c69e020-f3b1-455c-affa-45f8b8049234;2024-07-04T20:37:00Z;59.21;59.18;59.22;59.18;221;
1c69e020-f3b1-455c-affa-45f8b8049234;2024-07-04T20:38:00Z;59.19;59.18;59.19;59.18;134;
1c69e020-f3b1-455c-affa-45f8b8049234;2024-07-04T20:39:00Z;59.17;59.17;59.18;59.16;1614;
1c69e020-f3b1-455c-affa-45f8b8049234;2024-07-04T20:40:00Z;59.16;59.1;59.16;59.1;11789;
1c69e020-f3b1-455c-affa-45f8b8049234;2024-07-04T20:41:00Z;59.13;58.99;59.13;58.85;73816;
1c69e020-f3b1-455c-affa-45f8b8049234;2024-07-04T20:42:00Z;59;59.05;59.05;58.99;641;
1c69e020-f3b1-455c-affa-45f8b8049234;2024-07-04T20:43:00Z;59.09;59.07;59.1;59.05;236;
1c69e020-f3b1-455c-affa-45f8b8049234;2024-07-04T20:44:00Z;59.07;59.09;59.1;59.07;610;
1c69e020-f3b1-455c-affa-45f8b8049234;2024-07-04T20:45:00Z;59.1;59.1;59.11;59.04;3892;
1c69e020-f3b1-455c-affa-45f8b8049234;2024-07-04T20:46:00Z;59.1;59.07;59.1;59.03;3569;
1c69e020-f3b1-455c-affa-45f8b8049234;2024-07-04T20:47:00Z;59.04;59.04;59.07;59.04;174;
1c69e020-f3b1-455c-affa-45f8b8049234;2024-07-04T20:48:00Z;59.04;59.04;59.07;59.04;610;
1c69e020-f3b1-455c-affa-45f8b8049234;2024-07-04T20:49:00Z;59.06;59.04;59.07;59.04;1210;
